production_candidate_id,batch_number,sample_index,class_id,target_label,generation_seed,demonstration_seed,prompt_version,prompting_strategy,demonstration_source,demonstration_pool_size,demo_1,demo_2,demo_3,demo_4,generated_text,generation_round,source_batch_file
class2_batch007_sample011222,7,11222,2,Religious Hate,212222,216222,v3_original_demo_boundary_prompt,4-shot random authentic same-class,Shortlisted authentic RUHSOLD Religious Hate examples,118,well said.lanati hain ye qadyani kafir,yahoodi kabhi hamara dost nhi ho sakta,uff pakiza muslim randi 😉😍,jaa bhen k lory tum harrami ki nasal ho.. dewband maslak pe kutty ki tareh bhoonkty ho..,rt : tum logon ko bhejny do ghusy mn tu nahin karty ga 😡,2,religious_hate_batch_007.csv
class2_batch001_sample010111,1,10111,2,Religious Hate,211111,215111,v3_original_demo_boundary_prompt,4-shot random authentic same-class,Shortlisted authentic RUHSOLD Religious Hate examples,118,"tum vahi karo jo aata hai ,namaz or bakri chudai",abe halala ki paidaish..  tumhara to wajood hi 800 years purana hai..  jab bhagwan ram ko kagaj dikhane ki jarurat par gayi to tum kaun ho.. kagaj to dikhana hi parega.. #nrc_caa_npr,or mujhe un ladkiyo se utni hi nafrat hai jo mullo se shadi karti hai jitni kisi normal hindu ko😡 or mujhe hindu ladko se bhi itni hi nafrat hai jo muslim ladkiyo se shadi karte hai... dharam me koi milawat mujhe pasand nahi,sale halala molvi se tum karvao apni oorto ka or apni ma bahan ka bol heme rhe ho molvi kamre m apni bahan ko bej kar sina choda hota hoga tumhara,rt : i am ashamed of my country for being ruled by such idiots,1,religious_hate_batch_001.csv
class2_batch003_sample010554,3,10554,2,Religious Hate,211554,215554,v3_original_demo_boundary_prompt,4-shot random authentic same-class,Shortlisted authentic RUHSOLD Religious Hate examples,118,yahoodi ko hitler ne chora or general ne in jaajoon ko chor k dhkya k ye kai hain.😂,ahmedi mirziee qadiyani hargiz kuleedi uhdu pe nhee janay chahien warna hmari agencies pe swalia nishan hey,aor hamary hkmran in k sath mily huy en ....yahudi aor hindun hmary sb sy bry dushman en,"surprise!  surprise!  majority of the muslims are at just in different levels of ""usman khan"" ranging from mild to extreme (except ahmadiya may be, but they are not ""real muslims"")  that's from a person living in a country with 95% muslim    https://t.co/hq35u2xrrk,2009-05-25 17:25:26,sydney, new south wales",ahmedis ki pics dekhna hy,1,religious_hate_batch_003.csv
class2_batch003_sample010526,3,10526,2,Religious Hate,211526,215526,v3_original_demo_boundary_prompt,4-shot random authentic same-class,Shortlisted authentic RUHSOLD Religious Hate examples,118,teri maa ka halala kra rha tha koi problem madarjat bhosdike mulle,"rt : q. woh kaun si qome he,jis ne such bhi bola phr bhi jahnum mein jayegi? ans: yahoodi or nasara qome. shahid sindh",abe halala ki paidaish..  tumhara to wajood hi 800 years purana hai..  jab bhagwan ram ko kagaj dikhane ki jarurat par gayi to tum kaun ho.. kagaj to dikhana hi parega.. #nrc_caa_npr,plz sir hamy in say koi khtra nahi hamy is imran khan yahodi our kadiyanion say bachny pay gor karen pak army tayri azmat ko salam,rt : bhenchod jaise larkianon ko gandu aurat march ke liye support karnay walay bharwe india mein rakhne chaye,1,religious_hate_batch_003.csv
class2_batch007_sample011310,7,11310,2,Religious Hate,212310,216310,v3_original_demo_boundary_prompt,4-shot random authentic same-class,Shortlisted authentic RUHSOLD Religious Hate examples,118,yahodi agent qadyani chamcha,shia kaafir hai aur hum naam k musalmaan.,tmri taraj animals ki potty n khate... tm jaake  bomb fodo jaake.......halala ke masala.  niklo.. yaha tm atankiyo k liy jagah ni h bhai. yaha atank n failaooo,wow halala's product on fire as usual porkistaniðÿ˜‚ðÿ˜‚ðÿ˜‚,abbey tareeqa mat le lo na kafi ho gaya hy,2,religious_hate_batch_007.csv
class2_batch006_sample011100,6,11100,2,Religious Hate,212100,216100,v3_original_demo_boundary_prompt,4-shot random authentic same-class,Shortlisted authentic RUHSOLD Religious Hate examples,118,teri maa ka halala kra rha tha koi problem madarjat bhosdike mulle,"not surprised comment came from ahmedi. tbh, i won't be surprised when some christians will argue that they r included in muslim category too. just bcoz they believe there is only one god.",pehle apni aurto ko halala se bachao ye bhi modi kar raha hai. agar sahi tum logo ka dna kiya jaye to pata nhi baap kon niklega,abe bharwe tum hindu hi duniya k sub se bara atankwaz ho haramiyon bt krte ho hamare age tumhari country me hindu k elawa koi safe nhi he  tumhari country ka name isi liye  lynchistan he  isi king all the world,teri ammi ko chodunga 😂,2,religious_hate_batch_006.csv
class2_batch001_sample010070,1,10070,2,Religious Hate,211070,215070,v3_original_demo_boundary_prompt,4-shot random authentic same-class,Shortlisted authentic RUHSOLD Religious Hate examples,118,sali muslims randi. jihadi sali,plz sir hamy in say koi khtra nahi hamy is imran khan yahodi our kadiyanion say bachny pay gor karen pak army tayri azmat ko salam,uff pakiza muslim randi 😉😍,"afghanio ne tme hindu se bachaya,randi k aulaad tareekh paro tm wo ganda khoon ho,jo siko aour hindu ki rape se paida woe ho,tme kalima tho sikaya afghano ne,magar tmari gandi dna wai ranjeet sing wali a,randi k aulaad tm ne kah pana di,am pashtono ne di,apnay bio ko hera mandi",apnay janab per mohabbat nhi ati???,1,religious_hate_batch_001.csv
class2_batch002_sample010251,2,10251,2,Religious Hate,211251,215251,v3_original_demo_boundary_prompt,4-shot random authentic same-class,Shortlisted authentic RUHSOLD Religious Hate examples,118,"pta nhi kon si uni se graduate hote ho aap log jnha aesi wahiyat education di jati hðÿ˜‚ðÿ˜‚ðÿ˜‚ halala, gazwa-e-hind, camel urine or pta nhi kya kyaðÿ˜‚ðÿ˜‚ðÿ˜‚ðÿ¤£ðÿ¤£ðÿ¤£ðÿ¤£ðÿ‘ðÿ»",phir in yahodi khanzeer logo ko pata chalaiga kai kia ta aur kia nahen ye sirf dajjal kai liye aisa kar rahai hain kyunkai ye yahodi log khazeer log dajjal ko apna leader samjhtai hain aur tumhara pura bollywood bollyminati ban chuka hain tumharai dimagh ko programming ki ja rah,kitane maulviyon ne tumhari ammi jaan ka halala kiya hoga tab jakar tum jaisa suar nikla hoga .. ye bhi to bta re mulle..,plz sir hamy in say koi khtra nahi hamy is imran khan yahodi our kadiyanion say bachny pay gor karen pak army tayri azmat ko salam,abey jaaton ke sath kuch hi ni bolte... inke baare mein agar koi mujhe puchte hue to mujhe bola to hum logon ki zuban dekho usne....,1,religious_hate_batch_002.csv
class2_batch007_sample011314,7,11314,2,Religious Hate,212314,216314,v3_original_demo_boundary_prompt,4-shot random authentic same-class,Shortlisted authentic RUHSOLD Religious Hate examples,118,ye pagliya gyi h saali... kuttiya ye ab bhul gyi h jisne #halala or #teentlaaq se aazadi dilwayi usko bhul gyi h ye mullli....,well said.lanati hain ye qadyani kafir,abe jaana mullle sale bhikari !! halala k maje krwa apni maa ko,"just the ten thousandth ""isolated"" instance of christian /jewish/hindu/ahmedi places of worship being attacked by crybabies who themselves can't handle some nutcase burning a book full of fiction stories.",yeh tere baap ki shakl ha na tu. tum logon ne apna bajwa ka ghar phukaya ha aur unke paisey le liye ha,2,religious_hate_batch_007.csv
class2_batch006_sample011029,6,11029,2,Religious Hate,212029,216029,v3_original_demo_boundary_prompt,4-shot random authentic same-class,Shortlisted authentic RUHSOLD Religious Hate examples,118,sali muslims randi. jihadi sali,"huh wut you say u imbecile, i shat on you...toh toh toh kaafir",jisko bhi hindu ki chudai par shak hai to ek baar mujh se chudwa kar dekho sab bhram dur ho jayega,yahoodi ko hitler ne chora or general ne in jaajoon ko chor k dhkya k ye kai hain.😂,yeh gandu hi qadiyani,2,religious_hate_batch_006.csv
class2_batch009_sample011732,9,11732,2,Religious Hate,212732,216732,v3_original_demo_boundary_prompt,4-shot random authentic same-class,Shortlisted authentic RUHSOLD Religious Hate examples,118,"insaniyat ko bache rahne do, jis mazhab me janwar ka gala ret ke khushi banti hai, jis mazhab me soorma logo ko 72 virgin ladkiya baati jaati, jo duniya pe kabze ke sapne dekhta ho us mazhab se duuri banane me hi insaniyat ki bhalayi hai.",tumri ma buhat hanzir hy jis ne tum jaise  yahodi kafir rhandi hanzir aurat ko paida kiya,ahmedi mirziee qadiyani hargiz kuleedi uhdu pe nhee janay chahien warna hmari agencies pe swalia nishan hey,please all muslims come one page and unite  insha allah   yahoodi isreal finished all,"khan kashmir frosh, khan wajir frosh , pakistan army chief frosh, imran khan frosh, imran khan family frosh, khan pakistan frosh",2,religious_hate_batch_009.csv
class2_batch008_sample011563,8,11563,2,Religious Hate,212563,216563,v3_original_demo_boundary_prompt,4-shot random authentic same-class,Shortlisted authentic RUHSOLD Religious Hate examples,118,dekh le madarch*d islam ka nanga naach..babri par fate hue bawaseer ki tarah bhaunk raha tha na..us par bhi ab apne manhoos muh se kuch hag de..blood cousins ke incest ki paidaish,madarchod muslaman ki kaum madarchod saalo ka imaan nahi hai bheno ko chod te hai bhen ke lode harmazaade uskiye apni  maa ki chut bhi chodta hoga aur chuswata hoga logo se saare musalamaan raand ki olad islam ki maa ki chut,another endian hijra coward hindu terrorist army soldier dispatched to shamshangarh by pakistan army i want more endian hindu terrorist dead so keep it up pakistan,"not surprised comment came from ahmedi. tbh, i won't be surprised when some christians will argue that they r included in muslim category too. just bcoz they believe there is only one god.",randi ronay ko koi kashmir ki zindagi mein samjhe nahi saktey,2,religious_hate_batch_008.csv
class2_batch002_sample010324,2,10324,2,Religious Hate,211324,215324,v3_original_demo_boundary_prompt,4-shot random authentic same-class,Shortlisted authentic RUHSOLD Religious Hate examples,118,benchod randi  islam,pehle apni aurto ko halala se bachao ye bhi modi kar raha hai. agar sahi tum logo ka dna kiya jaye to pata nhi baap kon niklega,sali muslims randi. jihadi sali,tumhri maa kk chodu sale apni maa ko chod ke paida hone wale randi ki aulad sale apni behan ko biwi bana ke rkhne wale muhammad ki nazayaj aulad,abe tu ja gandu chodiye na randi,1,religious_hate_batch_002.csv
class2_batch001_sample010128,1,10128,2,Religious Hate,211128,215128,v3_original_demo_boundary_prompt,4-shot random authentic same-class,Shortlisted authentic RUHSOLD Religious Hate examples,118,dekh le madarch*d islam ka nanga naach..babri par fate hue bawaseer ki tarah bhaunk raha tha na..us par bhi ab apne manhoos muh se kuch hag de..blood cousins ke incest ki paidaish,"not surprised comment came from ahmedi. tbh, i won't be surprised when some christians will argue that they r included in muslim category too. just bcoz they believe there is only one god.",abe halala ki paidaish..  tumhara to wajood hi 800 years purana hai..  jab bhagwan ram ko kagaj dikhane ki jarurat par gayi to tum kaun ho.. kagaj to dikhana hi parega.. #nrc_caa_npr,yahoodi kabhi hamara dost nhi ho sakta,agr ye logon ne shamil krna tha to pata nhi wo kya huwa,1,religious_hate_batch_001.csv
class2_batch001_sample010196,1,10196,2,Religious Hate,211196,215196,v3_original_demo_boundary_prompt,4-shot random authentic same-class,Shortlisted authentic RUHSOLD Religious Hate examples,118,kisi randi maa ki olad ap ki hindu aurtain jab pooja karti hn tab wo bagwan ka lund mounh me b leti hn?,abe bharwe tum hindu hi duniya k sub se bara atankwaz ho haramiyon bt krte ho hamare age tumhari country me hindu k elawa koi safe nhi he  tumhari country ka name isi liye  lynchistan he  isi king all the world,pehle america jaiga ue begairaat musliman kehlwane kai laiq nh pehle he logh kehty h eske bary me ye yahoodi hai,"afghanio ne tme hindu se bachaya,randi k aulaad tareekh paro tm wo ganda khoon ho,jo siko aour hindu ki rape se paida woe ho,tme kalima tho sikaya afghano ne,magar tmari gandi dna wai ranjeet sing wali a,randi k aulaad tm ne kah pana di,am pashtono ne di,apnay bio ko hera mandi",i know its not halala but still it shows how much respect we have towards women. if she wants to marry again she can't. she has to remain with husband.,1,religious_hate_batch_001.csv
class2_batch010_sample011832,10,11832,2,Religious Hate,212832,216832,v3_original_demo_boundary_prompt,4-shot random authentic same-class,Shortlisted authentic RUHSOLD Religious Hate examples,118,oeyy randdii k bachay ganddu hindu.. kyun jhoott baq raha hai gashti maa k ganndduu bachay. peshaab p k palnay wali qoum.,please sell up you yahoodi bastards,"bilkul,itny lecture milny hain jese christmas or new year pe milty hain ,kya apko pata bhi hai k kaafir janwaro k haqq main dua bhi nahi krni chahye",pehle america jaiga ue begairaat musliman kehlwane kai laiq nh pehle he logh kehty h eske bary me ye yahoodi hai,imran chore zakat khore yahodi agent india ka agent,2,religious_hate_batch_010.csv
class2_batch006_sample011047,6,11047,2,Religious Hate,212047,216047,v3_original_demo_boundary_prompt,4-shot random authentic same-class,Shortlisted authentic RUHSOLD Religious Hate examples,118,tmri taraj animals ki potty n khate... tm jaake  bomb fodo jaake.......halala ke masala.  niklo.. yaha tm atankiyo k liy jagah ni h bhai. yaha atank n failaooo,halala ki padayish ho aap aur kya expect karenge hum aapse,"afghanio ne tme hindu se bachaya,randi k aulaad tareekh paro tm wo ganda khoon ho,jo siko aour hindu ki rape se paida woe ho,tme kalima tho sikaya afghano ne,magar tmari gandi dna wai ranjeet sing wali a,randi k aulaad tm ne kah pana di,am pashtono ne di,apnay bio ko hera mandi",another endian hijra coward hindu terrorist army soldier dispatched to shamshangarh by pakistan army i want more endian hindu terrorist dead so keep it up pakistan,randi k aulad tmne muslims ko zinda rkha hein,2,religious_hate_batch_006.csv
class2_batch007_sample011287,7,11287,2,Religious Hate,212287,216287,v3_original_demo_boundary_prompt,4-shot random authentic same-class,Shortlisted authentic RUHSOLD Religious Hate examples,118,oy ahmdi kuty. tum log smjhty ho k is trah kr k hm awam ko pagl bnao gy?? beta bajwa ne tere jeso ko nanga nachana he sbr kr. kahi ni ja rha hmara army chief. tum logo ne agly 3 sal me ye duniya hi chor jani bajwa k dar se. ye army chief nahi pakistan ka muhafiz he.,that nigga was yahoodi he probably lied to all the employees,o madadarchod: tum tu farigh ho aur yeh gashti tu waisay he sari raat jagti hay. o dallay o kanjar hum tu iran jatay hotay hain tu bata apni behan kitni baar mbs aur us kay wahabi sheikhon ko bhaijta hay.,uff pakiza muslim randi 😉😍,o oooooh yar apny qadyani ki maa bhi chodu. tumhary ghar k lye dekh lo. ye pmln k mulk ke sath ha aur ab kuch bhe nae kr sakte.,2,religious_hate_batch_007.csv
class2_batch003_sample010438,3,10438,2,Religious Hate,211438,215438,v3_original_demo_boundary_prompt,4-shot random authentic same-class,Shortlisted authentic RUHSOLD Religious Hate examples,118,please all muslims come one page and unite  insha allah   yahoodi isreal finished all,ye insan ik chaaal haaa dostoo .........zra smj k chliye gaa...sb jaanty hn qadyaani kaafir hn ......ye sb k sentiments gain kr rhaa haa......bad me ye apna chehra dikhiye gaaa fasad kii shkal me.....in chaaalo sy hosyar rhy baseerat paida kry sb apny andr.. shukria...,"tum vahi karo jo aata hai ,namaz or bakri chudai",iran shia mulk ha or ye munafik log han,nawaz sharif jb london ki visit karte thay tab bhe nafrat ni thi israel k bad,1,religious_hate_batch_003.csv
class2_batch007_sample011324,7,11324,2,Religious Hate,212324,216324,v3_original_demo_boundary_prompt,4-shot random authentic same-class,Shortlisted authentic RUHSOLD Religious Hate examples,118,wise halala ki paidaish tumse yhi ummid ki ja sakti hai madarsa chhhap suarðÿ˜‚ðÿ¤£ðÿ¤£ðÿ¤£ðÿ¤£,hindu sirf gooli ki zuban smjta ha,iran shia mulk ha or ye munafik log han,halala ki padayish ho aap aur kya expect karenge hum aapse,apne halala ki tarah waisay karwa rha ha,2,religious_hate_batch_007.csv
class2_batch007_sample011271,7,11271,2,Religious Hate,212271,216271,v3_original_demo_boundary_prompt,4-shot random authentic same-class,Shortlisted authentic RUHSOLD Religious Hate examples,118,tum log yahoodi ho kisi ko shuck nahi hona chaheye bus kafi hogae musalmanon ko aur dhoka na dou👹,please sell up you yahoodi bastards,tw kaafir tera peo kaafir tera pura khandaan kaafir ooo churry trump🐱🐱,chhor bhen chod hrami hindu chhor esko😠😠😠,gandhi nein yahodi hai...,2,religious_hate_batch_007.csv
class2_batch002_sample010331,2,10331,2,Religious Hate,211331,215331,v3_original_demo_boundary_prompt,4-shot random authentic same-class,Shortlisted authentic RUHSOLD Religious Hate examples,118,please sell up you yahoodi bastards,uff pakiza muslim randi 😉😍,q teri bhen ko chuda hy dewbandion ny ..harami ki nasal,but we have a firm belief now that qadiyani and ahmedi neither want muslims nor pakistanis to live in a harmony,ghar ka jism hai yaar..tujhe jism mein se na doobna,1,religious_hate_batch_002.csv
class2_batch009_sample011671,9,11671,2,Religious Hate,212671,216671,v3_original_demo_boundary_prompt,4-shot random authentic same-class,Shortlisted authentic RUHSOLD Religious Hate examples,118,"just the ten thousandth ""isolated"" instance of christian /jewish/hindu/ahmedi places of worship being attacked by crybabies who themselves can't handle some nutcase burning a book full of fiction stories.",abe halala ki paidaish..  tumhara to wajood hi 800 years purana hai..  jab bhagwan ram ko kagaj dikhane ki jarurat par gayi to tum kaun ho.. kagaj to dikhana hi parega.. #nrc_caa_npr,wehshi darandy easai yahodi hindo islam amanka ka mazhab,ye bat tum yahoodi ko bolo atankwadi tum ho jo musalman se nafrat ki aag me insaniyat ke sabse bade dushman yahoodi ko support karte ho ye log to face to face mara hai unlog chote bache ka upar bom feka kisi aurat ya admi bacha ko goli mar diya wi bhi waha ke civilian hi hai,sachaa pakistan dekhna tha,2,religious_hate_batch_009.csv
class2_batch003_sample010532,3,10532,2,Religious Hate,211532,215532,v3_original_demo_boundary_prompt,4-shot random authentic same-class,Shortlisted authentic RUHSOLD Religious Hate examples,118,or mujhe un ladkiyo se utni hi nafrat hai jo mullo se shadi karti hai jitni kisi normal hindu ko😡 or mujhe hindu ladko se bhi itni hi nafrat hai jo muslim ladkiyo se shadi karte hai... dharam me koi milawat mujhe pasand nahi,but we have a firm belief now that qadiyani and ahmedi neither want muslims nor pakistanis to live in a harmony,dekh le madarch*d islam ka nanga naach..babri par fate hue bawaseer ki tarah bhaunk raha tha na..us par bhi ab apne manhoos muh se kuch hag de..blood cousins ke incest ki paidaish,ho gaye hy aur han aj jo ye sekhon k liye kar raha hy ye whoi sekh hy jub pakistan azad howa tha aur muslmano ne jub india sa hijrat ki tub sub zada qatal muslim ko in sekhon ne kiya tha par afsos ap jesy log is yahodi e agent ko ek islami leader mante ho phir kasm khao k allah,ajeeb tere baap ko batana chahta hy. kya charsi hai tu?,1,religious_hate_batch_003.csv
class2_batch010_sample011854,10,11854,2,Religious Hate,212854,216854,v3_original_demo_boundary_prompt,4-shot random authentic same-class,Shortlisted authentic RUHSOLD Religious Hate examples,118,pehle america jaiga ue begairaat musliman kehlwane kai laiq nh pehle he logh kehty h eske bary me ye yahoodi hai,is cult  mein kisi boht hi pyare ko kho dene k baad uski qaber pe phool rakhna b jurm hai west mein qaberisat se phool chura k un ko sale kr k ahmdi chanda dia karte hain takey ragister se naam na kut jaye,wow halala's product on fire as usual porkistaniðÿ˜‚ðÿ˜‚ðÿ˜‚,typical muslim randi-rona taqia.,bharwe mullo ka gurumukhi nahi samjta baki teri maa ki choot marunga,2,religious_hate_batch_010.csv
class2_batch003_sample010471,3,10471,2,Religious Hate,211471,215471,v3_original_demo_boundary_prompt,4-shot random authentic same-class,Shortlisted authentic RUHSOLD Religious Hate examples,118,"huh wut you say u imbecile, i shat on you...toh toh toh kaafir",pehle apni aurto ko halala se bachao ye bhi modi kar raha hai. agar sahi tum logo ka dna kiya jaye to pata nhi baap kon niklega,kafir yahodi kafir hindo same thinking,halala ki padayish ho aap aur kya expect karenge hum aapse,chutiye jaisa bhenchod koi hal nahi,1,religious_hate_batch_003.csv
class2_batch001_sample010135,1,10135,2,Religious Hate,211135,215135,v3_original_demo_boundary_prompt,4-shot random authentic same-class,Shortlisted authentic RUHSOLD Religious Hate examples,118,chal fosdi ke mohammad kabile wale ki halala ki aulad,please all muslims come one page and unite  insha allah   yahoodi isreal finished all,please sell up you yahoodi bastards,tumhri maa kk chodu sale apni maa ko chod ke paida hone wale randi ki aulad sale apni behan ko biwi bana ke rkhne wale muhammad ki nazayaj aulad,teri gand mein lga dunga teri maa ka yaar,1,religious_hate_batch_001.csv
class2_batch008_sample011460,8,11460,2,Religious Hate,212460,216460,v3_original_demo_boundary_prompt,4-shot random authentic same-class,Shortlisted authentic RUHSOLD Religious Hate examples,118,1 balatkari muslim 3 balatkari tera baap hindu h uske bare m kuch bol  be,phir in yahodi khanzeer logo ko pata chalaiga kai kia ta aur kia nahen ye sirf dajjal kai liye aisa kar rahai hain kyunkai ye yahodi log khazeer log dajjal ko apna leader samjhtai hain aur tumhara pura bollywood bollyminati ban chuka hain tumharai dimagh ko programming ki ja rah,hey are fighting amongst each other. #bajwa is compromise candidate. thats only reason why he a ahmadiya is a coas.,imran qadyani yahoodi agent hy pti ki 18 bank account hy jis may qadyani yahoodi hondo ny funding ki hy . gold smith jimaima aneel musrst . atif miaan sub qadyani yahoodi hy,i know yahoodi agent kashmir frosh ka nhi ha tu samjha,2,religious_hate_batch_008.csv
class2_batch009_sample011694,9,11694,2,Religious Hate,212694,216694,v3_original_demo_boundary_prompt,4-shot random authentic same-class,Shortlisted authentic RUHSOLD Religious Hate examples,118,halala ki padayish ho aap aur kya expect karenge hum aapse,wise halala ki paidaish tumse yhi ummid ki ja sakti hai madarsa chhhap suarðÿ˜‚ðÿ¤£ðÿ¤£ðÿ¤£ðÿ¤£,please all muslims come one page and unite  insha allah   yahoodi isreal finished all,ye bat tum yahoodi ko bolo atankwadi tum ho jo musalman se nafrat ki aag me insaniyat ke sabse bade dushman yahoodi ko support karte ho ye log to face to face mara hai unlog chote bache ka upar bom feka kisi aurat ya admi bacha ko goli mar diya wi bhi waha ke civilian hi hai,imran chore zakat nawaz sharif zardari pmln 60000 people are on jail in pakistan,2,religious_hate_batch_009.csv
class2_batch006_sample011061,6,11061,2,Religious Hate,212061,216061,v3_original_demo_boundary_prompt,4-shot random authentic same-class,Shortlisted authentic RUHSOLD Religious Hate examples,118,ye bat tum yahoodi ko bolo atankwadi tum ho jo musalman se nafrat ki aag me insaniyat ke sabse bade dushman yahoodi ko support karte ho ye log to face to face mara hai unlog chote bache ka upar bom feka kisi aurat ya admi bacha ko goli mar diya wi bhi waha ke civilian hi hai,jahil k bachy kahan likha h k gair mazhb sy nikaah jaiz ha... tmari gand me jo keera ha wo nhi merna... khoty khany waly... yahoodi kahan sy hogaey ahle kitaab ....tm.b yahoodi to nhi,pislam me media ka estemal kerna haram hai  halala ki paidais,aor hamary hkmran in k sath mily huy en ....yahudi aor hindun hmary sb sy bry dushman en,rt : tum yahoodi ho,2,religious_hate_batch_006.csv
class2_batch007_sample011235,7,11235,2,Religious Hate,212235,216235,v3_original_demo_boundary_prompt,4-shot random authentic same-class,Shortlisted authentic RUHSOLD Religious Hate examples,118,kisi randi maa ki olad ap ki hindu aurtain jab pooja karti hn tab wo bagwan ka lund mounh me b leti hn?,jahil k bachy kahan likha h k gair mazhb sy nikaah jaiz ha... tmari gand me jo keera ha wo nhi merna... khoty khany waly... yahoodi kahan sy hogaey ahle kitaab ....tm.b yahoodi to nhi,or mujhe un ladkiyo se utni hi nafrat hai jo mullo se shadi karti hai jitni kisi normal hindu ko😡 or mujhe hindu ladko se bhi itni hi nafrat hai jo muslim ladkiyo se shadi karte hai... dharam me koi milawat mujhe pasand nahi,aye yahudiyo jitna zulm karna hai kar lo in sha allah woh din bhi zaroor aayega ke tumhe chun chun ke maara jayega yahan tak ke tum darakht ya pattharoñ ke piche chhup jaoge to bejan chizen bhi kahengi yahan yahoodi chhupa hai.hadees ka farman hai ho kar rahega #israeliterrorism,or jisko apne baare me soch raha hai wo smajh le ke maut kya ha.,2,religious_hate_batch_007.csv
class2_batch009_sample011766,9,11766,2,Religious Hate,212766,216766,v3_original_demo_boundary_prompt,4-shot random authentic same-class,Shortlisted authentic RUHSOLD Religious Hate examples,118,"obviously we muslims hate ahmedi's . 😡 we don't care whatever happens to them ! we just hate them. if their is oppression over other minorities in pakistan which is not usual alhamdolillah, then i condemn that.","path of cruelty , path of violence, path of halala , path of tripe talaq, path of marrying 6 years old aisha,path to discipline their wives by beating them,path of hurun,path of apostasy,path of punishable apostasy, path of beheading. what a pissful religion izlam is ðÿ‘",ye lode teri maa or bahan ke shohar hai or jyada bolega to de denge teri maa or bahan ko hum denge talaq or fir halala wow kya baat hai mullo wow lund chuss lo ðÿ˜œðÿ˜œðÿ˜œðÿ˜œ,kisi randi maa ki olad ap ki hindu aurtain jab pooja karti hn tab wo bagwan ka lund mounh me b leti hn?,#pmln #shukria_khan #bajwa_forlife #march09 #islamabad #london #dubai #amman #beirut #riots #protest #revolt #corruption #opposition #politics #,2,religious_hate_batch_009.csv
class2_batch009_sample011652,9,11652,2,Religious Hate,212652,216652,v3_original_demo_boundary_prompt,4-shot random authentic same-class,Shortlisted authentic RUHSOLD Religious Hate examples,118,chal fosdi ke mohammad kabile wale ki halala ki aulad,well said.lanati hain ye qadyani kafir,qadiani ahmedi mirziee kaafir jo hen,ho gaye hy aur han aj jo ye sekhon k liye kar raha hy ye whoi sekh hy jub pakistan azad howa tha aur muslmano ne jub india sa hijrat ki tub sub zada qatal muslim ko in sekhon ne kiya tha par afsos ap jesy log is yahodi e agent ko ek islami leader mante ho phir kasm khao k allah,rt : lanat tery jaisy yahodi agent k khandan per,2,religious_hate_batch_009.csv
class2_batch008_sample011405,8,11405,2,Religious Hate,212405,216405,v3_original_demo_boundary_prompt,4-shot random authentic same-class,Shortlisted authentic RUHSOLD Religious Hate examples,118,please sell up you yahoodi bastards,pehle apni aurto ko halala se bachao ye bhi modi kar raha hai. agar sahi tum logo ka dna kiya jaye to pata nhi baap kon niklega,or mujhe un ladkiyo se utni hi nafrat hai jo mullo se shadi karti hai jitni kisi normal hindu ko😡 or mujhe hindu ladko se bhi itni hi nafrat hai jo muslim ladkiyo se shadi karte hai... dharam me koi milawat mujhe pasand nahi,wise halala ki paidaish tumse yhi ummid ki ja sakti hai madarsa chhhap suarðÿ˜‚ðÿ¤£ðÿ¤£ðÿ¤£ðÿ¤£,tu tere jaise logon ne imran ko yeh dikhaya tha,2,religious_hate_batch_008.csv
class2_batch009_sample011706,9,11706,2,Religious Hate,212706,216706,v3_original_demo_boundary_prompt,4-shot random authentic same-class,Shortlisted authentic RUHSOLD Religious Hate examples,118,kitane maulviyon ne tumhari ammi jaan ka halala kiya hoga tab jakar tum jaisa suar nikla hoga .. ye bhi to bta re mulle..,iran shia mulk ha or ye munafik log han,aye yahudiyo jitna zulm karna hai kar lo in sha allah woh din bhi zaroor aayega ke tumhe chun chun ke maara jayega yahan tak ke tum darakht ya pattharoñ ke piche chhup jaoge to bejan chizen bhi kahengi yahan yahoodi chhupa hai.hadees ka farman hai ho kar rahega #israeliterrorism,in beghairto israel yahodi khanzeer kai bacho nai kia kuch nahen kia hain lekhin alhamdulillah islam wahid deen jo mohabbat sikhati hain nakai nafrat aur ye sab sai tezi sai phelta huwa deen hain is liye inko jalan ho rahi hain aur har koshish kar bhe chukai hain aur kar bhe,ye to haramzada yahodi kanjar hain,2,religious_hate_batch_009.csv
class2_batch007_sample011216,7,11216,2,Religious Hate,212216,216216,v3_original_demo_boundary_prompt,4-shot random authentic same-class,Shortlisted authentic RUHSOLD Religious Hate examples,118,#stopisraeliterror   yahoodi mulk jisey israel ka naam diya gaya najaiz hai yahoodi sabse bada dahshatgard,get lost you kaafir.,kabi bi nai jo sakta ya shia log pora ka pora yahodi hn,phir kehty hum bhot badry #muslim hn aur #ashaq_e_rasool sawm hain lanat hai un sab #haramio py jinho ny bibi fatima zahra ko shahheed kia aur #haq khaya 🖐🏻😡🐕 aur lanat un sab py jo un #haramio ky hamdard hain,ye yahoodi ka mera name likhy ga to maa baap ne dekh liya tha kya 😭,2,religious_hate_batch_007.csv
class2_batch006_sample011113,6,11113,2,Religious Hate,212113,216113,v3_original_demo_boundary_prompt,4-shot random authentic same-class,Shortlisted authentic RUHSOLD Religious Hate examples,118,jisko bhi hindu ki chudai par shak hai to ek baar mujh se chudwa kar dekho sab bhram dur ho jayega,sirf momin aya to yahoodi kum nasal marny laggaye agr sawa crore momin agaye to sochen kya hoga?hamen jagna hoga,is cult  mein kisi boht hi pyare ko kho dene k baad uski qaber pe phool rakhna b jurm hai west mein qaberisat se phool chura k un ko sale kr k ahmdi chanda dia karte hain takey ragister se naam na kut jaye,hindu dharm ka matlab samajh pehle puppet khali bhaunk aur bhaunk iam enjoying ur bark 😂😂😂😂,ye kya bol raha hai islam k sath tumhein pata hai jo saari zindagi tumhara bhi ghar wala he hai,2,religious_hate_batch_006.csv
class2_batch005_sample010985,5,10985,2,Religious Hate,211985,215985,v3_original_demo_boundary_prompt,4-shot random authentic same-class,Shortlisted authentic RUHSOLD Religious Hate examples,118,poocho hamarai imam sai kai quran mein kaha likha huwa hain aisai ye sirf yahodi khanzeer logo ki chaal hainmuslims ko badnaam karkai liye  zara socho na tumharai hinduism ko badnaam kyun nahen kartai islam kai peechai kyun parai huwai hain zara dimagh ko khol kai socho,yahodi agent qadyani chamcha,bus ya aur tafseel bataao  ahmdi aurtain beach pe bikini b pehnti hain  jalse aur ijlaas pe burqa b boht hai 🤫,ho gaye hy aur han aj jo ye sekhon k liye kar raha hy ye whoi sekh hy jub pakistan azad howa tha aur muslmano ne jub india sa hijrat ki tub sub zada qatal muslim ko in sekhon ne kiya tha par afsos ap jesy log is yahodi e agent ko ek islami leader mante ho phir kasm khao k allah,yeh teri maa ka bacha he tum logon ko 😂😂,1,religious_hate_batch_005.csv
class2_batch003_sample010530,3,10530,2,Religious Hate,211530,215530,v3_original_demo_boundary_prompt,4-shot random authentic same-class,Shortlisted authentic RUHSOLD Religious Hate examples,118,kabi bi nai jo sakta ya shia log pora ka pora yahodi hn,"tum vahi karo jo aata hai ,namaz or bakri chudai",wise halala ki paidaish tumse yhi ummid ki ja sakti hai madarsa chhhap suarðÿ˜‚ðÿ¤£ðÿ¤£ðÿ¤£ðÿ¤£,madarchod muslaman ki kaum madarchod saalo ka imaan nahi hai bheno ko chod te hai bhen ke lode harmazaade uskiye apni  maa ki chut bhi chodta hoga aur chuswata hoga logo se saare musalamaan raand ki olad islam ki maa ki chut,allah teri maa beti ko ghastiyon pe aqal de,1,religious_hate_batch_003.csv
class2_batch002_sample010256,2,10256,2,Religious Hate,211256,215256,v3_original_demo_boundary_prompt,4-shot random authentic same-class,Shortlisted authentic RUHSOLD Religious Hate examples,118,pehle apni aurto ko halala se bachao ye bhi modi kar raha hai. agar sahi tum logo ka dna kiya jaye to pata nhi baap kon niklega,chal na randi ! we have spiritual connection with supreme leader imam khamnae !  we have our hearts and souls for holy cities of najaf and karbala !  dont give a fck to wahabi chutiyas,abe jaana mullle sale bhikari !! halala k maje krwa apni maa ko,typical muslim randi-rona taqia.,charsi haramkhor tera baap nikl gaya hai,1,religious_hate_batch_002.csv
class2_batch005_sample010940,5,10940,2,Religious Hate,211940,215940,v3_original_demo_boundary_prompt,4-shot random authentic same-class,Shortlisted authentic RUHSOLD Religious Hate examples,118,hindu dharm ka matlab samajh pehle puppet khali bhaunk aur bhaunk iam enjoying ur bark 😂😂😂😂,"not surprised comment came from ahmedi. tbh, i won't be surprised when some christians will argue that they r included in muslim category too. just bcoz they believe there is only one god.",pehle apni aurto ko halala se bachao ye bhi modi kar raha hai. agar sahi tum logo ka dna kiya jaye to pata nhi baap kon niklega,tw kaafir tera peo kaafir tera pura khandaan kaafir ooo churry trump🐱🐱,bhenchod shukla kaise chutia hai. kisi ka kuch bola nahin hai toh tu soch le.,1,religious_hate_batch_005.csv
class2_batch005_sample010916,5,10916,2,Religious Hate,211916,215916,v3_original_demo_boundary_prompt,4-shot random authentic same-class,Shortlisted authentic RUHSOLD Religious Hate examples,118,"waise madarso mein bahut achhi taaleem di jaati hai tum jihadi hijdo ko, asar dikh rha hai yahan, khud toh khud ki bhen chodte hi ho aur dusro ko bhi bhenchod samajhte ho.",hindoo wo qom ha jinper koi nabi koi kitaab nazil nahi hoi. ye to yahoodi se bhi bad tar hen,"path of cruelty , path of violence, path of halala , path of tripe talaq, path of marrying 6 years old aisha,path to discipline their wives by beating them,path of hurun,path of apostasy,path of punishable apostasy, path of beheading. what a pissful religion izlam is ðÿ‘",ye lode teri maa or bahan ke shohar hai or jyada bolega to de denge teri maa or bahan ko hum denge talaq or fir halala wow kya baat hai mullo wow lund chuss lo ðÿ˜œðÿ˜œðÿ˜œðÿ˜œ,rt :   yeh bhi bat kar rahe hotay hein jb pakistan ne imran ka ghar kuch acha kia tha tab bhi pakistan ka mazhab mein tuhdees kaam karne waali baatein kr,1,religious_hate_batch_005.csv
class2_batch003_sample010544,3,10544,2,Religious Hate,211544,215544,v3_original_demo_boundary_prompt,4-shot random authentic same-class,Shortlisted authentic RUHSOLD Religious Hate examples,118,yahoodi kabhi hamara dost nhi ho sakta,iran shia mulk ha or ye munafik log han,yahoodi ko hitler ne chora or general ne in jaajoon ko chor k dhkya k ye kai hain.😂,dekh le madarch*d islam ka nanga naach..babri par fate hue bawaseer ki tarah bhaunk raha tha na..us par bhi ab apne manhoos muh se kuch hag de..blood cousins ke incest ki paidaish,pti zinda nahi hongey aur ppp zindabad reh gaye hn or pmln k mn hmari jang hai ..in se bhi koi bhi chup krty or jitni hui soch tk bhi,1,religious_hate_batch_003.csv
class2_batch007_sample011211,7,11211,2,Religious Hate,212211,216211,v3_original_demo_boundary_prompt,4-shot random authentic same-class,Shortlisted authentic RUHSOLD Religious Hate examples,118,is cult  mein kisi boht hi pyare ko kho dene k baad uski qaber pe phool rakhna b jurm hai west mein qaberisat se phool chura k un ko sale kr k ahmdi chanda dia karte hain takey ragister se naam na kut jaye,tm jeso ki jb g**nd mari jaye na fir tm log thek rehty ho bc k bachy jb wo yahoodi lanti marty hn na wo muslim dekhty hn air kuch ni dekhty baki tm na toh apni pesh krni hoti ha unhy.,apne profile mein whats app me fb twitter mein is bahadur nojawaan ki pic lga kr islam se or nabi ke din se mhbt ka izhaar kren or itna share kren ek yahoodi apne na pak iradoon se baaz ajaye is shakhs ne quraan pak ki hifazahat mein ek bhtareen mhbt ka jita jagta sabot dia hai,or wahan tumhara jahanumi ahmedi jo naaowz billah nabi hona ka dawa dar tha wo wo case hara tha or court sa bhag gya tha.nabi pak p.b.u.h allah ka akhri nabi han or on ka bad koi nabi nahi ae ga.ya ak haqeqat ha jo quran ma bhi ha.or 1947 ma pak islam ka name par bana tha.,ye ahmedi zani gandu insan,2,religious_hate_batch_007.csv
class2_batch008_sample011575,8,11575,2,Religious Hate,212575,216575,v3_original_demo_boundary_prompt,4-shot random authentic same-class,Shortlisted authentic RUHSOLD Religious Hate examples,118,pislam me media ka estemal kerna haram hai  halala ki paidais,qadiyani pe lanat mirza khinzeer harami pe lanat.,lul bukhari ye tum nahe tumaray yahoodi or hindu thuku bol rahay hain jin ko army sey bahot hi zeda takleef hai...🖕,chhor bhen chod hrami hindu chhor esko😠😠😠,israeli pe lanat,2,religious_hate_batch_008.csv
class2_batch006_sample011164,6,11164,2,Religious Hate,212164,216164,v3_original_demo_boundary_prompt,4-shot random authentic same-class,Shortlisted authentic RUHSOLD Religious Hate examples,118,chhor bhen chod hrami hindu chhor esko😠😠😠,is cult  mein kisi boht hi pyare ko kho dene k baad uski qaber pe phool rakhna b jurm hai west mein qaberisat se phool chura k un ko sale kr k ahmdi chanda dia karte hain takey ragister se naam na kut jaye,iran shia mulk ha or ye munafik log han,yes they are involved in bomb blast... halala and bakrigiri,yar tumhari maa ka yaar yeh abhi tak ghar jata hai aur apni behn ki bacho ko aasman pahuchane ke liye paise de rahe ho.,2,religious_hate_batch_006.csv
class2_batch003_sample010411,3,10411,2,Religious Hate,211411,215411,v3_original_demo_boundary_prompt,4-shot random authentic same-class,Shortlisted authentic RUHSOLD Religious Hate examples,118,oeyy randdii k bachay ganddu hindu.. kyun jhoott baq raha hai gashti maa k ganndduu bachay. peshaab p k palnay wali qoum.,"path of cruelty , path of violence, path of halala , path of tripe talaq, path of marrying 6 years old aisha,path to discipline their wives by beating them,path of hurun,path of apostasy,path of punishable apostasy, path of beheading. what a pissful religion izlam is ðÿ‘",get lost you kaafir.,pislam me media ka estemal kerna haram hai  halala ki paidais,saalaa yahodi agent,1,religious_hate_batch_003.csv
class2_batch007_sample011206,7,11206,2,Religious Hate,212206,216206,v3_original_demo_boundary_prompt,4-shot random authentic same-class,Shortlisted authentic RUHSOLD Religious Hate examples,118,sali muslims randi. jihadi sali,"just the ten thousandth ""isolated"" instance of christian /jewish/hindu/ahmedi places of worship being attacked by crybabies who themselves can't handle some nutcase burning a book full of fiction stories.",sirf momin aya to yahoodi kum nasal marny laggaye agr sawa crore momin agaye to sochen kya hoga?hamen jagna hoga,bosdk yeh tumhare ghar me hota hai. saari k blouse me mote mote doodh dikhati firti hain tumhare dharam ki orate or hindu orat ko musalman ka l#nd aachaa lagta hai. yeh baat puri dunia janti hai,sali bajwa sali yahodi agent,2,religious_hate_batch_007.csv
class2_batch001_sample010099,1,10099,2,Religious Hate,211099,215099,v3_original_demo_boundary_prompt,4-shot random authentic same-class,Shortlisted authentic RUHSOLD Religious Hate examples,118,kisi randi maa ki olad ap ki hindu aurtain jab pooja karti hn tab wo bagwan ka lund mounh me b leti hn?,aye yahudiyo jitna zulm karna hai kar lo in sha allah woh din bhi zaroor aayega ke tumhe chun chun ke maara jayega yahan tak ke tum darakht ya pattharoñ ke piche chhup jaoge to bejan chizen bhi kahengi yahan yahoodi chhupa hai.hadees ka farman hai ho kar rahega #israeliterrorism,sale halala molvi se tum karvao apni oorto ka or apni ma bahan ka bol heme rhe ho molvi kamre m apni bahan ko bej kar sina choda hota hoga tumhara,teri maa ka halala kra rha tha koi problem madarjat bhosdike mulle,teri maa ki phudi mein ye gand se akhrot nikla,1,religious_hate_batch_001.csv
class2_batch008_sample011470,8,11470,2,Religious Hate,212470,216470,v3_original_demo_boundary_prompt,4-shot random authentic same-class,Shortlisted authentic RUHSOLD Religious Hate examples,118,madarchod muslaman ki kaum madarchod saalo ka imaan nahi hai bheno ko chod te hai bhen ke lode harmazaade uskiye apni  maa ki chut bhi chodta hoga aur chuswata hoga logo se saare musalamaan raand ki olad islam ki maa ki chut,q teri bhen ko chuda hy dewbandion ny ..harami ki nasal,please all muslims come one page and unite  insha allah   yahoodi isreal finished all,ye pagliya gyi h saali... kuttiya ye ab bhul gyi h jisne #halala or #teentlaaq se aazadi dilwayi usko bhul gyi h ye mullli....,pakistan mein waisay mian sb janta tha islamabad mein koi bajwa ni raha ga..😜,2,religious_hate_batch_008.csv
class2_batch007_sample011223,7,11223,2,Religious Hate,212223,216223,v3_original_demo_boundary_prompt,4-shot random authentic same-class,Shortlisted authentic RUHSOLD Religious Hate examples,118,pehle america jaiga ue begairaat musliman kehlwane kai laiq nh pehle he logh kehty h eske bary me ye yahoodi hai,"pta nhi kon si uni se graduate hote ho aap log jnha aesi wahiyat education di jati hðÿ˜‚ðÿ˜‚ðÿ˜‚ halala, gazwa-e-hind, camel urine or pta nhi kya kyaðÿ˜‚ðÿ˜‚ðÿ˜‚ðÿ¤£ðÿ¤£ðÿ¤£ðÿ¤£ðÿ‘ðÿ»","waise madarso mein bahut achhi taaleem di jaati hai tum jihadi hijdo ko, asar dikh rha hai yahan, khud toh khud ki bhen chodte hi ho aur dusro ko bhi bhenchod samajhte ho.",or wahan tumhara jahanumi ahmedi jo naaowz billah nabi hona ka dawa dar tha wo wo case hara tha or court sa bhag gya tha.nabi pak p.b.u.h allah ka akhri nabi han or on ka bad koi nabi nahi ae ga.ya ak haqeqat ha jo quran ma bhi ha.or 1947 ma pak islam ka name par bana tha.,sher bhai teri amma k sath hua naa...teri amma apne baap sy zada harami hai..,2,religious_hate_batch_007.csv
class2_batch004_sample010637,4,10637,2,Religious Hate,211637,215637,v3_original_demo_boundary_prompt,4-shot random authentic same-class,Shortlisted authentic RUHSOLD Religious Hate examples,118,meri tarbiyat yehi hai k jo amreca ko apna baap manta hai na wo muslman hai or na us s koi hanra taloq hai tum nasl e yazeedi ho masl e yahodi or yahoodio ki olad ho,jisko bhi hindu ki chudai par shak hai to ek baar mujh se chudwa kar dekho sab bhram dur ho jayega,ahmdi is a non muslim biggest cheap religion ahmdi.,but we have a firm belief now that qadiyani and ahmedi neither want muslims nor pakistanis to live in a harmony,ya allah ka naam per nawaz sharif aur imran chore zakat khore yahodi agent kanjar ka naam lein ge,1,religious_hate_batch_004.csv
class2_batch005_sample010988,5,10988,2,Religious Hate,211988,215988,v3_original_demo_boundary_prompt,4-shot random authentic same-class,Shortlisted authentic RUHSOLD Religious Hate examples,118,lant hy teri aagli pecchli tweet pe or tum pe or qadyanion pe or kuch ?,yahoodi ko hitler ne chora or general ne in jaajoon ko chor k dhkya k ye kai hain.😂,sale halala molvi se tum karvao apni oorto ka or apni ma bahan ka bol heme rhe ho molvi kamre m apni bahan ko bej kar sina choda hota hoga tumhara,o madadarchod: tum tu farigh ho aur yeh gashti tu waisay he sari raat jagti hay. o dallay o kanjar hum tu iran jatay hotay hain tu bata apni behan kitni baar mbs aur us kay wahabi sheikhon ko bhaijta hay.,sali kya lag raha hay abhi tak wo bethnay walay tum ny pakistan ki khud ki tasveer dekh lein,1,religious_hate_batch_005.csv
class2_batch006_sample011063,6,11063,2,Religious Hate,212063,216063,v3_original_demo_boundary_prompt,4-shot random authentic same-class,Shortlisted authentic RUHSOLD Religious Hate examples,118,lant hy teri aagli pecchli tweet pe or tum pe or qadyanion pe or kuch ?,yahoodi ko hitler ne chora or general ne in jaajoon ko chor k dhkya k ye kai hain.😂,tumri ma buhat hanzir hy jis ne tum jaise  yahodi kafir rhandi hanzir aurat ko paida kiya,"gau mutr peeyo tum log lodu awkat bna phir aake muh lag, randwa saala",or mjy pata nahin hota wo qadyani kya hoga,2,religious_hate_batch_006.csv
class2_batch003_sample010552,3,10552,2,Religious Hate,211552,215552,v3_original_demo_boundary_prompt,4-shot random authentic same-class,Shortlisted authentic RUHSOLD Religious Hate examples,118,benchod randi  islam,kaafir tujhe kuch nai malum,o madadarchod: tum tu farigh ho aur yeh gashti tu waisay he sari raat jagti hay. o dallay o kanjar hum tu iran jatay hotay hain tu bata apni behan kitni baar mbs aur us kay wahabi sheikhon ko bhaijta hay.,wow halala's product on fire as usual porkistaniðÿ˜‚ðÿ˜‚ðÿ˜‚,yaha chutiya teri maa ki phudi mein teri kuttey ka jaamdaar gandu saali hindoo,1,religious_hate_batch_003.csv
class2_batch006_sample011079,6,11079,2,Religious Hate,212079,216079,v3_original_demo_boundary_prompt,4-shot random authentic same-class,Shortlisted authentic RUHSOLD Religious Hate examples,118,ye insan ik chaaal haaa dostoo .........zra smj k chliye gaa...sb jaanty hn qadyaani kaafir hn ......ye sb k sentiments gain kr rhaa haa......bad me ye apna chehra dikhiye gaaa fasad kii shkal me.....in chaaalo sy hosyar rhy baseerat paida kry sb apny andr.. shukria...,kadiyani kafir thay hain aur hamesha harain gay. ye dajjali fitnay ki ek kari hain. aur inkay supporters hum main bhe jo chupay howay hain wo bhe khanzeer kafir he hain. lannat beshomar kadiyanio pr.,get lost you kaafir.,"rt : q. woh kaun si qome he,jis ne such bhi bola phr bhi jahnum mein jayegi? ans: yahoodi or nasara qome. shahid sindh",teri maa ki phudi ma kisi kaafir ko kuch na doo pakistan mai,2,religious_hate_batch_006.csv
class2_batch003_sample010519,3,10519,2,Religious Hate,211519,215519,v3_original_demo_boundary_prompt,4-shot random authentic same-class,Shortlisted authentic RUHSOLD Religious Hate examples,118,jisko bhi hindu ki chudai par shak hai to ek baar mujh se chudwa kar dekho sab bhram dur ho jayega,typical muslim randi-rona taqia.,dekh le madarch*d islam ka nanga naach..babri par fate hue bawaseer ki tarah bhaunk raha tha na..us par bhi ab apne manhoos muh se kuch hag de..blood cousins ke incest ki paidaish,phir in yahodi khanzeer logo ko pata chalaiga kai kia ta aur kia nahen ye sirf dajjal kai liye aisa kar rahai hain kyunkai ye yahodi log khazeer log dajjal ko apna leader samjhtai hain aur tumhara pura bollywood bollyminati ban chuka hain tumharai dimagh ko programming ki ja rah,yaar tumhari gand mein bhogi hai... 😐,1,religious_hate_batch_003.csv
class2_batch006_sample011022,6,11022,2,Religious Hate,212022,216022,v3_original_demo_boundary_prompt,4-shot random authentic same-class,Shortlisted authentic RUHSOLD Religious Hate examples,118,get lost you kaafir.,jisko bhi hindu ki chudai par shak hai to ek baar mujh se chudwa kar dekho sab bhram dur ho jayega,sale halala molvi se tum karvao apni oorto ka or apni ma bahan ka bol heme rhe ho molvi kamre m apni bahan ko bej kar sina choda hota hoga tumhara,"hogai izzat? mera jism meri marzi jc ghaleez or ghatiya terminologies hamare muslim muashrey me dene ki koshish me aapki so-called,vahiyat or ikhlaq se giri support ko khud ne hi reject kardiya.  apne yahoodi gods ko khush krne k liey kuch or karien",nawaz sharif's wife was hindu. she had converted to islam. imran khan's mother was christian. imran khan himself is ahmedi.,2,religious_hate_batch_006.csv
class2_batch002_sample010218,2,10218,2,Religious Hate,211218,215218,v3_original_demo_boundary_prompt,4-shot random authentic same-class,Shortlisted authentic RUHSOLD Religious Hate examples,118,chutiya azam ny kia kia ha ab tk sawa saal mein sirf 11600 arab ka izfa qarzoun mein kia or kuch nhi badlo apni soch ko yahodi na bano or ek muslim ki tarh socho,dekh le madarch*d islam ka nanga naach..babri par fate hue bawaseer ki tarah bhaunk raha tha na..us par bhi ab apne manhoos muh se kuch hag de..blood cousins ke incest ki paidaish,kutto ki tarah america maar raha hai tumhari kaum ko...aasmani kitab walo...israel roj filistin may maa chod raha hai tumhari.... pahle unse nipto....dare hue log😂😂,ahmdi is a non muslim biggest cheap religion ahmdi.,ham jaisey hinduon ko bhee yaad krwa do,1,religious_hate_batch_002.csv
class2_batch007_sample011356,7,11356,2,Religious Hate,212356,216356,v3_original_demo_boundary_prompt,4-shot random authentic same-class,Shortlisted authentic RUHSOLD Religious Hate examples,118,abe mc mein bheju teri maa cow ka photo kat te hue bc. chod teri tarah andhbhakt nhi hu aur nhi illiterate.. go and drink cow piss.,please don't share his obnoxious face to me. below is the image of the book rohani khzain from ahmedi's official website see what your evil messiah has declared god but you had said you have read the books of mirza and accepted him mehdi may god give you hidyath,jisko bhi hindu ki chudai par shak hai to ek baar mujh se chudwa kar dekho sab bhram dur ho jayega,is cult  mein kisi boht hi pyare ko kho dene k baad uski qaber pe phool rakhna b jurm hai west mein qaberisat se phool chura k un ko sale kr k ahmdi chanda dia karte hain takey ragister se naam na kut jaye,randi ke bache ye kya pata nahi jaise bhokti hai,2,religious_hate_batch_007.csv
class2_batch008_sample011595,8,11595,2,Religious Hate,212595,216595,v3_original_demo_boundary_prompt,4-shot random authentic same-class,Shortlisted authentic RUHSOLD Religious Hate examples,118,oeyy randdii k bachay ganddu hindu.. kyun jhoott baq raha hai gashti maa k ganndduu bachay. peshaab p k palnay wali qoum.,"surprise!  surprise!  majority of the muslims are at just in different levels of ""usman khan"" ranging from mild to extreme (except ahmadiya may be, but they are not ""real muslims"")  that's from a person living in a country with 95% muslim    https://t.co/hq35u2xrrk,2009-05-25 17:25:26,sydney, new south wales",#stopisraeliterror   yahoodi mulk jisey israel ka naam diya gaya najaiz hai yahoodi sabse bada dahshatgard,phir in yahodi khanzeer logo ko pata chalaiga kai kia ta aur kia nahen ye sirf dajjal kai liye aisa kar rahai hain kyunkai ye yahodi log khazeer log dajjal ko apna leader samjhtai hain aur tumhara pura bollywood bollyminati ban chuka hain tumharai dimagh ko programming ki ja rah,yeh harami muslman hai...,2,religious_hate_batch_008.csv
class2_batch006_sample011106,6,11106,2,Religious Hate,212106,216106,v3_original_demo_boundary_prompt,4-shot random authentic same-class,Shortlisted authentic RUHSOLD Religious Hate examples,118,"bilkul,itny lecture milny hain jese christmas or new year pe milty hain ,kya apko pata bhi hai k kaafir janwaro k haqq main dua bhi nahi krni chahye",jahil k bachy kahan likha h k gair mazhb sy nikaah jaiz ha... tmari gand me jo keera ha wo nhi merna... khoty khany waly... yahoodi kahan sy hogaey ahle kitaab ....tm.b yahoodi to nhi,pehle apni aurto ko halala se bachao ye bhi modi kar raha hai. agar sahi tum logo ka dna kiya jaye to pata nhi baap kon niklega,"ye manhoos hinduon ki diwali k chakkar mai har jaga ki aur quality kharab hogai, bharwe",abi to tm logon ny munafiqat nikalny ka zrurat nhi kia?,2,religious_hate_batch_006.csv
class2_batch002_sample010382,2,10382,2,Religious Hate,211382,215382,v3_original_demo_boundary_prompt,4-shot random authentic same-class,Shortlisted authentic RUHSOLD Religious Hate examples,118,pislam me media ka estemal kerna haram hai  halala ki paidais,quaid azam was right ky hindu muslim kabhi sth nhi rhy sgty aaj hindu apni hasli shakl dekha rhy hn. agar kisi muslim ny aisa kia hota to india media ki maa mar gi hoti pr ab nhi boly gy. aagy ka ky yehi bol dn gy ky mentally disturb tha or case khtm .#jamia,#khuda ki qasam agar mey hota tu zinda nahe bach sakta ta muj sey ye beghairat kafir yahoodi.,"abbey halala ki paidaish, 5 baap ki aulaad. patthar baazi ke alawa kuchh kaam kara kabhi teri kaum ne ?",hmm... i have heard that she got married to another muslim.. she is divorced now but still called 'halala' wife,1,religious_hate_batch_002.csv
class2_batch007_sample011319,7,11319,2,Religious Hate,212319,216319,v3_original_demo_boundary_prompt,4-shot random authentic same-class,Shortlisted authentic RUHSOLD Religious Hate examples,118,chhor bhen chod hrami hindu chhor esko😠😠😠,"malala the product of halala pehle burke se, halala se, bacche paida kerne se or gulami ki jindgi se to azadi lelo hindustaan se azadi to tumhare kukarm tumhe dilwa hi denge. kyuki terrorism failaoge to lat mar ke desh se bhagae jaoge. i am with my country and support caa, nrcðÿ˜‰.",typical muslim randi-rona taqia.,another endian hijra coward hindu terrorist army soldier dispatched to shamshangarh by pakistan army i want more endian hindu terrorist dead so keep it up pakistan,mullo kya kaam ha apni maa ko rona dyon aur dushman ko apnay baap kehty ho,2,religious_hate_batch_007.csv
class2_batch002_sample010203,2,10203,2,Religious Hate,211203,215203,v3_original_demo_boundary_prompt,4-shot random authentic same-class,Shortlisted authentic RUHSOLD Religious Hate examples,118,ye pagliya gyi h saali... kuttiya ye ab bhul gyi h jisne #halala or #teentlaaq se aazadi dilwayi usko bhul gyi h ye mullli....,yahoodi kabhi hamara dost nhi ho sakta,dekh le madarch*d islam ka nanga naach..babri par fate hue bawaseer ki tarah bhaunk raha tha na..us par bhi ab apne manhoos muh se kuch hag de..blood cousins ke incest ki paidaish,abe bharwe tum hindu hi duniya k sub se bara atankwaz ho haramiyon bt krte ho hamare age tumhari country me hindu k elawa koi safe nhi he  tumhari country ka name isi liye  lynchistan he  isi king all the world,mera jism meri marzi chutiye,1,religious_hate_batch_002.csv
class2_batch004_sample010706,4,10706,2,Religious Hate,211706,215706,v3_original_demo_boundary_prompt,4-shot random authentic same-class,Shortlisted authentic RUHSOLD Religious Hate examples,118,"rt : q. woh kaun si qome he,jis ne such bhi bola phr bhi jahnum mein jayegi? ans: yahoodi or nasara qome. shahid sindh",chutiya azam ny kia kia ha ab tk sawa saal mein sirf 11600 arab ka izfa qarzoun mein kia or kuch nhi badlo apni soch ko yahodi na bano or ek muslim ki tarh socho,lul bukhari ye tum nahe tumaray yahoodi or hindu thuku bol rahay hain jin ko army sey bahot hi zeda takleef hai...🖕,"pta nhi kon si uni se graduate hote ho aap log jnha aesi wahiyat education di jati hðÿ˜‚ðÿ˜‚ðÿ˜‚ halala, gazwa-e-hind, camel urine or pta nhi kya kyaðÿ˜‚ðÿ˜‚ðÿ˜‚ðÿ¤£ðÿ¤£ðÿ¤£ðÿ¤£ðÿ‘ðÿ»",kutte ki paidaish hai yeh imran chore zakat khore yahodi agent,1,religious_hate_batch_004.csv
class2_batch009_sample011777,9,11777,2,Religious Hate,212777,216777,v3_original_demo_boundary_prompt,4-shot random authentic same-class,Shortlisted authentic RUHSOLD Religious Hate examples,118,oy ahmdi kuty. tum log smjhty ho k is trah kr k hm awam ko pagl bnao gy?? beta bajwa ne tere jeso ko nanga nachana he sbr kr. kahi ni ja rha hmara army chief. tum logo ne agly 3 sal me ye duniya hi chor jani bajwa k dar se. ye army chief nahi pakistan ka muhafiz he.,please don't share his obnoxious face to me. below is the image of the book rohani khzain from ahmedi's official website see what your evil messiah has declared god but you had said you have read the books of mirza and accepted him mehdi may god give you hidyath,another endian hijra coward hindu terrorist army soldier dispatched to shamshangarh by pakistan army i want more endian hindu terrorist dead so keep it up pakistan,that nigga was yahoodi he probably lied to all the employees,ohhhh apny baap ki gand mara tha tu bacha,2,religious_hate_batch_009.csv
class2_batch004_sample010678,4,10678,2,Religious Hate,211678,215678,v3_original_demo_boundary_prompt,4-shot random authentic same-class,Shortlisted authentic RUHSOLD Religious Hate examples,118,get lost you kaafir.,tumhri maa kk chodu sale apni maa ko chod ke paida hone wale randi ki aulad sale apni behan ko biwi bana ke rkhne wale muhammad ki nazayaj aulad,qadiani ahmedi mirziee kaafir jo hen,chal fosdi ke mohammad kabile wale ki halala ki aulad,yeh jahil aurat hai bibi zainab sey pata nhi uss waqt tumhein pta tha kya haal atankwadi ney tere jaisy muslimon per karty hain?,1,religious_hate_batch_004.csv
class2_batch006_sample011175,6,11175,2,Religious Hate,212175,216175,v3_original_demo_boundary_prompt,4-shot random authentic same-class,Shortlisted authentic RUHSOLD Religious Hate examples,118,kutto ki tarah america maar raha hai tumhari kaum ko...aasmani kitab walo...israel roj filistin may maa chod raha hai tumhari.... pahle unse nipto....dare hue log😂😂,o madadarchod: tum tu farigh ho aur yeh gashti tu waisay he sari raat jagti hay. o dallay o kanjar hum tu iran jatay hotay hain tu bata apni behan kitni baar mbs aur us kay wahabi sheikhon ko bhaijta hay.,abe jaana mullle sale bhikari !! halala k maje krwa apni maa ko,q teri bhen ko chuda hy dewbandion ny ..harami ki nasal,sharm nahi atyegi tera najaiz koi chutiya larkian sy,2,religious_hate_batch_006.csv
class2_batch010_sample011891,10,11891,2,Religious Hate,212891,216891,v3_original_demo_boundary_prompt,4-shot random authentic same-class,Shortlisted authentic RUHSOLD Religious Hate examples,118,meri tarbiyat yehi hai k jo amreca ko apna baap manta hai na wo muslman hai or na us s koi hanra taloq hai tum nasl e yazeedi ho masl e yahodi or yahoodio ki olad ho,haha jaat dikha di bsdk antankbadi halala ki aulaad teri ammi ka halala hua tha phir to randi ke bacheðÿ¤£ðÿ¤£ðÿ˜…,"waise madarso mein bahut achhi taaleem di jaati hai tum jihadi hijdo ko, asar dikh rha hai yahan, khud toh khud ki bhen chodte hi ho aur dusro ko bhi bhenchod samajhte ho.","afghanio ne tme hindu se bachaya,randi k aulaad tareekh paro tm wo ganda khoon ho,jo siko aour hindu ki rape se paida woe ho,tme kalima tho sikaya afghano ne,magar tmari gandi dna wai ranjeet sing wali a,randi k aulaad tm ne kah pana di,am pashtono ne di,apnay bio ko hera mandi",hahahaha ye yahodi ho,2,religious_hate_batch_010.csv
class2_batch009_sample011657,9,11657,2,Religious Hate,212657,216657,v3_original_demo_boundary_prompt,4-shot random authentic same-class,Shortlisted authentic RUHSOLD Religious Hate examples,118,poocho hamarai imam sai kai quran mein kaha likha huwa hain aisai ye sirf yahodi khanzeer logo ki chaal hainmuslims ko badnaam karkai liye  zara socho na tumharai hinduism ko badnaam kyun nahen kartai islam kai peechai kyun parai huwai hain zara dimagh ko khol kai socho,imran qadyani yahoodi agent hy pti ki 18 bank account hy jis may qadyani yahoodi hondo ny funding ki hy . gold smith jimaima aneel musrst . atif miaan sub qadyani yahoodi hy,kaafir tujhe kuch nai malum,apne profile mein whats app me fb twitter mein is bahadur nojawaan ki pic lga kr islam se or nabi ke din se mhbt ka izhaar kren or itna share kren ek yahoodi apne na pak iradoon se baaz ajaye is shakhs ne quraan pak ki hifazahat mein ek bhtareen mhbt ka jita jagta sabot dia hai,i don't know why they call him yahoodi khan. he doesn't look like a jewish person..!!,2,religious_hate_batch_009.csv
class2_batch009_sample011767,9,11767,2,Religious Hate,212767,216767,v3_original_demo_boundary_prompt,4-shot random authentic same-class,Shortlisted authentic RUHSOLD Religious Hate examples,118,wow halala's product on fire as usual porkistaniðÿ˜‚ðÿ˜‚ðÿ˜‚,hindu dharm ka matlab samajh pehle puppet khali bhaunk aur bhaunk iam enjoying ur bark 😂😂😂😂,imran qadyani yahoodi agent hy pti ki 18 bank account hy jis may qadyani yahoodi hondo ny funding ki hy . gold smith jimaima aneel musrst . atif miaan sub qadyani yahoodi hy,"pta nhi kon si uni se graduate hote ho aap log jnha aesi wahiyat education di jati hðÿ˜‚ðÿ˜‚ðÿ˜‚ halala, gazwa-e-hind, camel urine or pta nhi kya kyaðÿ˜‚ðÿ˜‚ðÿ˜‚ðÿ¤£ðÿ¤£ðÿ¤£ðÿ¤£ðÿ‘ðÿ»",abe gandu jihadi tere baap ko ye goli mar de ga wo tumhara hi shakal hai ye kutte,2,religious_hate_batch_009.csv
class2_batch002_sample010237,2,10237,2,Religious Hate,211237,215237,v3_original_demo_boundary_prompt,4-shot random authentic same-class,Shortlisted authentic RUHSOLD Religious Hate examples,118,"malala the product of halala pehle burke se, halala se, bacche paida kerne se or gulami ki jindgi se to azadi lelo hindustaan se azadi to tumhare kukarm tumhe dilwa hi denge. kyuki terrorism failaoge to lat mar ke desh se bhagae jaoge. i am with my country and support caa, nrcðÿ˜‰.",plz sir hamy in say koi khtra nahi hamy is imran khan yahodi our kadiyanion say bachny pay gor karen pak army tayri azmat ko salam,pehle apni aurto ko halala se bachao ye bhi modi kar raha hai. agar sahi tum logo ka dna kiya jaye to pata nhi baap kon niklega,sirf momin aya to yahoodi kum nasal marny laggaye agr sawa crore momin agaye to sochen kya hoga?hamen jagna hoga,abe charsi tu pagal hai..yeh baat kabhi samajta tha,1,religious_hate_batch_002.csv
class2_batch001_sample010065,1,10065,2,Religious Hate,211065,215065,v3_original_demo_boundary_prompt,4-shot random authentic same-class,Shortlisted authentic RUHSOLD Religious Hate examples,118,"rt : q. woh kaun si qome he,jis ne such bhi bola phr bhi jahnum mein jayegi? ans: yahoodi or nasara qome. shahid sindh",ahmedi mirziee qadiyani hargiz kuleedi uhdu pe nhee janay chahien warna hmari agencies pe swalia nishan hey,phir in yahodi khanzeer logo ko pata chalaiga kai kia ta aur kia nahen ye sirf dajjal kai liye aisa kar rahai hain kyunkai ye yahodi log khazeer log dajjal ko apna leader samjhtai hain aur tumhara pura bollywood bollyminati ban chuka hain tumharai dimagh ko programming ki ja rah,no no ...... hindu na kah mujhe ........islam bura maan jayega .......kaafir kah kaafir...,i am a muslim but i dont support this terrorist organization.,1,religious_hate_batch_001.csv
class2_batch010_sample011828,10,11828,2,Religious Hate,212828,216828,v3_original_demo_boundary_prompt,4-shot random authentic same-class,Shortlisted authentic RUHSOLD Religious Hate examples,118,sunni killing a shia....what's new?  thank god he wasn't a ahmedi muslim otherwise the motive would have been to acquire a passport to migrate to western countries and continue their islamic jihadi work after retirement,#stopisraeliterror   yahoodi mulk jisey israel ka naam diya gaya najaiz hai yahoodi sabse bada dahshatgard,benchod randi  islam,that nigga was yahoodi he probably lied to all the employees,rt :  koi mazak chal raha tha yeh kuch nahi bolna,2,religious_hate_batch_010.csv
class2_batch001_sample010188,1,10188,2,Religious Hate,211188,215188,v3_original_demo_boundary_prompt,4-shot random authentic same-class,Shortlisted authentic RUHSOLD Religious Hate examples,118,jaa bhen k lory tum harrami ki nasal ho.. dewband maslak pe kutty ki tareh bhoonkty ho..,abe halala ki paidaish..  tumhara to wajood hi 800 years purana hai..  jab bhagwan ram ko kagaj dikhane ki jarurat par gayi to tum kaun ho.. kagaj to dikhana hi parega.. #nrc_caa_npr,kaafir tujhe kuch nai malum,bosdk yeh tumhare ghar me hota hai. saari k blouse me mote mote doodh dikhati firti hain tumhare dharam ki orate or hindu orat ko musalman ka l#nd aachaa lagta hai. yeh baat puri dunia janti hai,ye log shaitan ke bachche hai,1,religious_hate_batch_001.csv
class2_batch004_sample010721,4,10721,2,Religious Hate,211721,215721,v3_original_demo_boundary_prompt,4-shot random authentic same-class,Shortlisted authentic RUHSOLD Religious Hate examples,118,ahmedi mirziee qadiyani hargiz kuleedi uhdu pe nhee janay chahien warna hmari agencies pe swalia nishan hey,meri tarbiyat yehi hai k jo amreca ko apna baap manta hai na wo muslman hai or na us s koi hanra taloq hai tum nasl e yazeedi ho masl e yahodi or yahoodio ki olad ho,apne profile mein whats app me fb twitter mein is bahadur nojawaan ki pic lga kr islam se or nabi ke din se mhbt ka izhaar kren or itna share kren ek yahoodi apne na pak iradoon se baaz ajaye is shakhs ne quraan pak ki hifazahat mein ek bhtareen mhbt ka jita jagta sabot dia hai,poocho hamarai imam sai kai quran mein kaha likha huwa hain aisai ye sirf yahodi khanzeer logo ki chaal hainmuslims ko badnaam karkai liye  zara socho na tumharai hinduism ko badnaam kyun nahen kartai islam kai peechai kyun parai huwai hain zara dimagh ko khol kai socho,ye tumhe nahi pata yahoodi agents bhojni aur talaq diye huye woh harami hain isliye,1,religious_hate_batch_004.csv
class2_batch009_sample011639,9,11639,2,Religious Hate,212639,216639,v3_original_demo_boundary_prompt,4-shot random authentic same-class,Shortlisted authentic RUHSOLD Religious Hate examples,118,or wahan tumhara jahanumi ahmedi jo naaowz billah nabi hona ka dawa dar tha wo wo case hara tha or court sa bhag gya tha.nabi pak p.b.u.h allah ka akhri nabi han or on ka bad koi nabi nahi ae ga.ya ak haqeqat ha jo quran ma bhi ha.or 1947 ma pak islam ka name par bana tha.,tmri taraj animals ki potty n khate... tm jaake  bomb fodo jaake.......halala ke masala.  niklo.. yaha tm atankiyo k liy jagah ni h bhai. yaha atank n failaooo,yahodi agent qadyani chamcha,yahoodi ko hitler ne chora or general ne in jaajoon ko chor k dhkya k ye kai hain.😂,tum ho yahodi agents,2,religious_hate_batch_009.csv
class2_batch001_sample010029,1,10029,2,Religious Hate,211029,215029,v3_original_demo_boundary_prompt,4-shot random authentic same-class,Shortlisted authentic RUHSOLD Religious Hate examples,118,but we have a firm belief now that qadiyani and ahmedi neither want muslims nor pakistanis to live in a harmony,aye yahudiyo jitna zulm karna hai kar lo in sha allah woh din bhi zaroor aayega ke tumhe chun chun ke maara jayega yahan tak ke tum darakht ya pattharoñ ke piche chhup jaoge to bejan chizen bhi kahengi yahan yahoodi chhupa hai.hadees ka farman hai ho kar rahega #israeliterrorism,tumhri maa kk chodu sale apni maa ko chod ke paida hone wale randi ki aulad sale apni behan ko biwi bana ke rkhne wale muhammad ki nazayaj aulad,teri maa ka halala kra rha tha koi problem madarjat bhosdike mulle,nawaz sharif ka yeh hi samna de raha hai ye harami jihadi imran chore zakat chore yahodi agent,1,religious_hate_batch_001.csv
class2_batch007_sample011244,7,11244,2,Religious Hate,212244,216244,v3_original_demo_boundary_prompt,4-shot random authentic same-class,Shortlisted authentic RUHSOLD Religious Hate examples,118,hindu dharm ka matlab samajh pehle puppet khali bhaunk aur bhaunk iam enjoying ur bark 😂😂😂😂,jahil k bachy kahan likha h k gair mazhb sy nikaah jaiz ha... tmari gand me jo keera ha wo nhi merna... khoty khany waly... yahoodi kahan sy hogaey ahle kitaab ....tm.b yahoodi to nhi,halala ki padayish ho aap aur kya expect karenge hum aapse,well said.lanati hain ye qadyani kafir,apni maa ka chut bharwa koi randi rona kar sakta hai 🤣,2,religious_hate_batch_007.csv
class2_batch004_sample010781,4,10781,2,Religious Hate,211781,215781,v3_original_demo_boundary_prompt,4-shot random authentic same-class,Shortlisted authentic RUHSOLD Religious Hate examples,118,apne profile mein whats app me fb twitter mein is bahadur nojawaan ki pic lga kr islam se or nabi ke din se mhbt ka izhaar kren or itna share kren ek yahoodi apne na pak iradoon se baaz ajaye is shakhs ne quraan pak ki hifazahat mein ek bhtareen mhbt ka jita jagta sabot dia hai,kadiyani kafir thay hain aur hamesha harain gay. ye dajjali fitnay ki ek kari hain. aur inkay supporters hum main bhe jo chupay howay hain wo bhe khanzeer kafir he hain. lannat beshomar kadiyanio pr.,qadiani ahmedi mirziee kaafir jo hen,yahoodi ko hitler ne chora or general ne in jaajoon ko chor k dhkya k ye kai hain.😂,agr tu kisi gandu kafi harami kafi yahodi kafi qadyani kafi christian ho toh aisay hi dekh raha hy,1,religious_hate_batch_004.csv
class2_batch003_sample010432,3,10432,2,Religious Hate,211432,215432,v3_original_demo_boundary_prompt,4-shot random authentic same-class,Shortlisted authentic RUHSOLD Religious Hate examples,118,wow halala's product on fire as usual porkistaniðÿ˜‚ðÿ˜‚ðÿ˜‚,"afghanio ne tme hindu se bachaya,randi k aulaad tareekh paro tm wo ganda khoon ho,jo siko aour hindu ki rape se paida woe ho,tme kalima tho sikaya afghano ne,magar tmari gandi dna wai ranjeet sing wali a,randi k aulaad tm ne kah pana di,am pashtono ne di,apnay bio ko hera mandi",jisko bhi hindu ki chudai par shak hai to ek baar mujh se chudwa kar dekho sab bhram dur ho jayega,bus ya aur tafseel bataao  ahmdi aurtain beach pe bikini b pehnti hain  jalse aur ijlaas pe burqa b boht hai 🤫,randi k aulad saali kya bat hay?,1,religious_hate_batch_003.csv
class2_batch002_sample010275,2,10275,2,Religious Hate,211275,215275,v3_original_demo_boundary_prompt,4-shot random authentic same-class,Shortlisted authentic RUHSOLD Religious Hate examples,118,lant hy teri aagli pecchli tweet pe or tum pe or qadyanion pe or kuch ?,kutto ki tarah america maar raha hai tumhari kaum ko...aasmani kitab walo...israel roj filistin may maa chod raha hai tumhari.... pahle unse nipto....dare hue log😂😂,yes they are involved in bomb blast... halala and bakrigiri,uff pakiza muslim randi 😉😍,aurat march walay ghaddar yahoodi agent khanzeer jali kuafir musalmaan,1,religious_hate_batch_002.csv
class2_batch008_sample011490,8,11490,2,Religious Hate,212490,216490,v3_original_demo_boundary_prompt,4-shot random authentic same-class,Shortlisted authentic RUHSOLD Religious Hate examples,118,halala ki padayish ho aap aur kya expect karenge hum aapse,"malala the product of halala pehle burke se, halala se, bacche paida kerne se or gulami ki jindgi se to azadi lelo hindustaan se azadi to tumhare kukarm tumhe dilwa hi denge. kyuki terrorism failaoge to lat mar ke desh se bhagae jaoge. i am with my country and support caa, nrcðÿ˜‰.","gau mutr peeyo tum log lodu awkat bna phir aake muh lag, randwa saala",lanat abbtknews k khilaf trend bnane walye yazeedion pe r bibi k dushmano p bhi,hahaha...tu tere baap ne jo bachaya hai tu teri maa ko bichar k sath lage,2,religious_hate_batch_008.csv
class2_batch002_sample010231,2,10231,2,Religious Hate,211231,215231,v3_original_demo_boundary_prompt,4-shot random authentic same-class,Shortlisted authentic RUHSOLD Religious Hate examples,118,but we have a firm belief now that qadiyani and ahmedi neither want muslims nor pakistanis to live in a harmony,quaid azam was right ky hindu muslim kabhi sth nhi rhy sgty aaj hindu apni hasli shakl dekha rhy hn. agar kisi muslim ny aisa kia hota to india media ki maa mar gi hoti pr ab nhi boly gy. aagy ka ky yehi bol dn gy ky mentally disturb tha or case khtm .#jamia,typical muslim randi-rona taqia.,another endian hijra coward hindu terrorist army soldier dispatched to shamshangarh by pakistan army i want more endian hindu terrorist dead so keep it up pakistan,jaldi hi bhi wahi chudai krwao 😂,1,religious_hate_batch_002.csv
class2_batch010_sample011814,10,11814,2,Religious Hate,212814,216814,v3_original_demo_boundary_prompt,4-shot random authentic same-class,Shortlisted authentic RUHSOLD Religious Hate examples,118,pehle apni aurto ko halala se bachao ye bhi modi kar raha hai. agar sahi tum logo ka dna kiya jaye to pata nhi baap kon niklega,1 balatkari muslim 3 balatkari tera baap hindu h uske bare m kuch bol  be,pehle america jaiga ue begairaat musliman kehlwane kai laiq nh pehle he logh kehty h eske bary me ye yahoodi hai,"ye manhoos hinduon ki diwali k chakkar mai har jaga ki aur quality kharab hogai, bharwe",haan tu teri maa ki phudi chodunga tu apne gandi behno ki chut jaldi maro,2,religious_hate_batch_010.csv
class2_batch005_sample010859,5,10859,2,Religious Hate,211859,215859,v3_original_demo_boundary_prompt,4-shot random authentic same-class,Shortlisted authentic RUHSOLD Religious Hate examples,118,tw kaafir tera peo kaafir tera pura khandaan kaafir ooo churry trump🐱🐱,sunni killing a shia....what's new?  thank god he wasn't a ahmedi muslim otherwise the motive would have been to acquire a passport to migrate to western countries and continue their islamic jihadi work after retirement,"m firqa wariyat m nahi parhna chahta, muslims mjo ahktlaf hen wo apni jaga , lekin pichly 200 saal sy muslim is liye mar kha rhy hen k sunni shia wahabi dayobandi bla bla ,,yahodi or nasara ny na koi sunni mulk chora ha na koi shia,  wo bs yehi dekhtay ye muslman ha ..bs maro isk",or wahan tumhara jahanumi ahmedi jo naaowz billah nabi hona ka dawa dar tha wo wo case hara tha or court sa bhag gya tha.nabi pak p.b.u.h allah ka akhri nabi han or on ka bad koi nabi nahi ae ga.ya ak haqeqat ha jo quran ma bhi ha.or 1947 ma pak islam ka name par bana tha.,yar sunnies aur shias ko hi samajho.. bs tum kisi kutti ki nasli paidaish krwa lo...,1,religious_hate_batch_005.csv
class2_batch009_sample011789,9,11789,2,Religious Hate,212789,216789,v3_original_demo_boundary_prompt,4-shot random authentic same-class,Shortlisted authentic RUHSOLD Religious Hate examples,118,qadiyani pe lanat mirza khinzeer harami pe lanat.,meri tarbiyat yehi hai k jo amreca ko apna baap manta hai na wo muslman hai or na us s koi hanra taloq hai tum nasl e yazeedi ho masl e yahodi or yahoodio ki olad ho,chal fosdi ke mohammad kabile wale ki halala ki aulad,lul bukhari ye tum nahe tumaray yahoodi or hindu thuku bol rahay hain jin ko army sey bahot hi zeda takleef hai...🖕,kabir sahib ne yahan mehnga kaha tha kabhi bhi yeh ghar nahi dekha tera nakliya,2,religious_hate_batch_009.csv
class2_batch003_sample010518,3,10518,2,Religious Hate,211518,215518,v3_original_demo_boundary_prompt,4-shot random authentic same-class,Shortlisted authentic RUHSOLD Religious Hate examples,118,ye insan ik chaaal haaa dostoo .........zra smj k chliye gaa...sb jaanty hn qadyaani kaafir hn ......ye sb k sentiments gain kr rhaa haa......bad me ye apna chehra dikhiye gaaa fasad kii shkal me.....in chaaalo sy hosyar rhy baseerat paida kry sb apny andr.. shukria...,meri tarbiyat yehi hai k jo amreca ko apna baap manta hai na wo muslman hai or na us s koi hanra taloq hai tum nasl e yazeedi ho masl e yahodi or yahoodio ki olad ho,ye pagliya gyi h saali... kuttiya ye ab bhul gyi h jisne #halala or #teentlaaq se aazadi dilwayi usko bhul gyi h ye mullli....,"just the ten thousandth ""isolated"" instance of christian /jewish/hindu/ahmedi places of worship being attacked by crybabies who themselves can't handle some nutcase burning a book full of fiction stories.",yaar hamari zindagi tu wese he sabit karty hain kia ki halala aur teetalaq ka mazaq hota hai.,1,religious_hate_batch_003.csv
class2_batch003_sample010482,3,10482,2,Religious Hate,211482,215482,v3_original_demo_boundary_prompt,4-shot random authentic same-class,Shortlisted authentic RUHSOLD Religious Hate examples,118,"waise madarso mein bahut achhi taaleem di jaati hai tum jihadi hijdo ko, asar dikh rha hai yahan, khud toh khud ki bhen chodte hi ho aur dusro ko bhi bhenchod samajhte ho.","surprise!  surprise!  majority of the muslims are at just in different levels of ""usman khan"" ranging from mild to extreme (except ahmadiya may be, but they are not ""real muslims"")  that's from a person living in a country with 95% muslim    https://t.co/hq35u2xrrk,2009-05-25 17:25:26,sydney, new south wales",please all muslims come one page and unite  insha allah   yahoodi isreal finished all,"just the ten thousandth ""isolated"" instance of christian /jewish/hindu/ahmedi places of worship being attacked by crybabies who themselves can't handle some nutcase burning a book full of fiction stories.",ye mazhabi bhenchod saali nikalo,1,religious_hate_batch_003.csv
class2_batch004_sample010654,4,10654,2,Religious Hate,211654,215654,v3_original_demo_boundary_prompt,4-shot random authentic same-class,Shortlisted authentic RUHSOLD Religious Hate examples,118,yahoodi kabhi hamara dost nhi ho sakta,apne profile mein whats app me fb twitter mein is bahadur nojawaan ki pic lga kr islam se or nabi ke din se mhbt ka izhaar kren or itna share kren ek yahoodi apne na pak iradoon se baaz ajaye is shakhs ne quraan pak ki hifazahat mein ek bhtareen mhbt ka jita jagta sabot dia hai,"tum vahi karo jo aata hai ,namaz or bakri chudai",tw kaafir tera peo kaafir tera pura khandaan kaafir ooo churry trump🐱🐱,i wish you a very happy birthday dear. if this tweet doesnt reach you then plz contact me on insta @mohd_bibi_khan,1,religious_hate_batch_004.csv
class2_batch005_sample010925,5,10925,2,Religious Hate,211925,215925,v3_original_demo_boundary_prompt,4-shot random authentic same-class,Shortlisted authentic RUHSOLD Religious Hate examples,118,imran qadyani yahoodi agent hy pti ki 18 bank account hy jis may qadyani yahoodi hondo ny funding ki hy . gold smith jimaima aneel musrst . atif miaan sub qadyani yahoodi hy,sali muslims randi. jihadi sali,wise halala ki paidaish tumse yhi ummid ki ja sakti hai madarsa chhhap suarðÿ˜‚ðÿ¤£ðÿ¤£ðÿ¤£ðÿ¤£,please all muslims come one page and unite  insha allah   yahoodi isreal finished all,pta nhy kya bhenchod yahan pmln ko goli maaro koi shak nahin,1,religious_hate_batch_005.csv
class2_batch009_sample011755,9,11755,2,Religious Hate,212755,216755,v3_original_demo_boundary_prompt,4-shot random authentic same-class,Shortlisted authentic RUHSOLD Religious Hate examples,118,qadiyani pe lanat mirza khinzeer harami pe lanat.,"not surprised comment came from ahmedi. tbh, i won't be surprised when some christians will argue that they r included in muslim category too. just bcoz they believe there is only one god.",phir in yahodi khanzeer logo ko pata chalaiga kai kia ta aur kia nahen ye sirf dajjal kai liye aisa kar rahai hain kyunkai ye yahodi log khazeer log dajjal ko apna leader samjhtai hain aur tumhara pura bollywood bollyminati ban chuka hain tumharai dimagh ko programming ki ja rah,"insaniyat ko bache rahne do, jis mazhab me janwar ka gala ret ke khushi banti hai, jis mazhab me soorma logo ko 72 virgin ladkiya baati jaati, jo duniya pe kabze ke sapne dekhta ho us mazhab se duuri banane me hi insaniyat ki bhalayi hai.",abi apny maqsood ko yaad kr lo wo harami ahmedi tha,2,religious_hate_batch_009.csv
class2_batch008_sample011488,8,11488,2,Religious Hate,212488,216488,v3_original_demo_boundary_prompt,4-shot random authentic same-class,Shortlisted authentic RUHSOLD Religious Hate examples,118,#stopisraeliterror   yahoodi mulk jisey israel ka naam diya gaya najaiz hai yahoodi sabse bada dahshatgard,abe halala ki paidaish..  tumhara to wajood hi 800 years purana hai..  jab bhagwan ram ko kagaj dikhane ki jarurat par gayi to tum kaun ho.. kagaj to dikhana hi parega.. #nrc_caa_npr,dekh le madarch*d islam ka nanga naach..babri par fate hue bawaseer ki tarah bhaunk raha tha na..us par bhi ab apne manhoos muh se kuch hag de..blood cousins ke incest ki paidaish,"insaniyat ko bache rahne do, jis mazhab me janwar ka gala ret ke khushi banti hai, jis mazhab me soorma logo ko 72 virgin ladkiya baati jaati, jo duniya pe kabze ke sapne dekhta ho us mazhab se duuri banane me hi insaniyat ki bhalayi hai.",islam ki paidaish,2,religious_hate_batch_008.csv
class2_batch008_sample011440,8,11440,2,Religious Hate,212440,216440,v3_original_demo_boundary_prompt,4-shot random authentic same-class,Shortlisted authentic RUHSOLD Religious Hate examples,118,haha jaat dikha di bsdk antankbadi halala ki aulaad teri ammi ka halala hua tha phir to randi ke bacheðÿ¤£ðÿ¤£ðÿ˜…,lant hy teri aagli pecchli tweet pe or tum pe or qadyanion pe or kuch ?,israel yahoodi sabse bade atankwaadi hai,kadiyani kafir thay hain aur hamesha harain gay. ye dajjali fitnay ki ek kari hain. aur inkay supporters hum main bhe jo chupay howay hain wo bhe khanzeer kafir he hain. lannat beshomar kadiyanio pr.,yahoodi agent,2,religious_hate_batch_008.csv
class2_batch004_sample010705,4,10705,2,Religious Hate,211705,215705,v3_original_demo_boundary_prompt,4-shot random authentic same-class,Shortlisted authentic RUHSOLD Religious Hate examples,118,israel yahoodi sabse bade atankwaadi hai,kitane maulviyon ne tumhari ammi jaan ka halala kiya hoga tab jakar tum jaisa suar nikla hoga .. ye bhi to bta re mulle..,ahmedi mirziee qadiyani hargiz kuleedi uhdu pe nhee janay chahien warna hmari agencies pe swalia nishan hey,kabi bi nai jo sakta ya shia log pora ka pora yahodi hn,ye harami muslim se baat kr raha h,1,religious_hate_batch_004.csv
class2_batch003_sample010529,3,10529,2,Religious Hate,211529,215529,v3_original_demo_boundary_prompt,4-shot random authentic same-class,Shortlisted authentic RUHSOLD Religious Hate examples,118,apne profile mein whats app me fb twitter mein is bahadur nojawaan ki pic lga kr islam se or nabi ke din se mhbt ka izhaar kren or itna share kren ek yahoodi apne na pak iradoon se baaz ajaye is shakhs ne quraan pak ki hifazahat mein ek bhtareen mhbt ka jita jagta sabot dia hai,"surprise!  surprise!  majority of the muslims are at just in different levels of ""usman khan"" ranging from mild to extreme (except ahmadiya may be, but they are not ""real muslims"")  that's from a person living in a country with 95% muslim    https://t.co/hq35u2xrrk,2009-05-25 17:25:26,sydney, new south wales",tumhri maa kk chodu sale apni maa ko chod ke paida hone wale randi ki aulad sale apni behan ko biwi bana ke rkhne wale muhammad ki nazayaj aulad,kadiyani kafir thay hain aur hamesha harain gay. ye dajjali fitnay ki ek kari hain. aur inkay supporters hum main bhe jo chupay howay hain wo bhe khanzeer kafir he hain. lannat beshomar kadiyanio pr.,tera ghar tu pagal ho jaega,1,religious_hate_batch_003.csv
class2_batch005_sample010936,5,10936,2,Religious Hate,211936,215936,v3_original_demo_boundary_prompt,4-shot random authentic same-class,Shortlisted authentic RUHSOLD Religious Hate examples,118,ye insan ik chaaal haaa dostoo .........zra smj k chliye gaa...sb jaanty hn qadyaani kaafir hn ......ye sb k sentiments gain kr rhaa haa......bad me ye apna chehra dikhiye gaaa fasad kii shkal me.....in chaaalo sy hosyar rhy baseerat paida kry sb apny andr.. shukria...,"rt : q. woh kaun si qome he,jis ne such bhi bola phr bhi jahnum mein jayegi? ans: yahoodi or nasara qome. shahid sindh",bus ya aur tafseel bataao  ahmdi aurtain beach pe bikini b pehnti hain  jalse aur ijlaas pe burqa b boht hai 🤫,ho gaye hy aur han aj jo ye sekhon k liye kar raha hy ye whoi sekh hy jub pakistan azad howa tha aur muslmano ne jub india sa hijrat ki tub sub zada qatal muslim ko in sekhon ne kiya tha par afsos ap jesy log is yahodi e agent ko ek islami leader mante ho phir kasm khao k allah,abey bhenchod halala ki baat karna nhi ati,1,religious_hate_batch_005.csv
class2_batch008_sample011531,8,11531,2,Religious Hate,212531,216531,v3_original_demo_boundary_prompt,4-shot random authentic same-class,Shortlisted authentic RUHSOLD Religious Hate examples,118,tw kaafir tera peo kaafir tera pura khandaan kaafir ooo churry trump🐱🐱,sirf momin aya to yahoodi kum nasal marny laggaye agr sawa crore momin agaye to sochen kya hoga?hamen jagna hoga,hindu sirf gooli ki zuban smjta ha,"malala the product of halala pehle burke se, halala se, bacche paida kerne se or gulami ki jindgi se to azadi lelo hindustaan se azadi to tumhare kukarm tumhe dilwa hi denge. kyuki terrorism failaoge to lat mar ke desh se bhagae jaoge. i am with my country and support caa, nrcðÿ˜‰.",ohhh abhi to kabhi nahi maara tha to tum sab kutte kaha apni behno ko chudwane ka 20 rupee khaali kar lo..,2,religious_hate_batch_008.csv
class2_batch006_sample011107,6,11107,2,Religious Hate,212107,216107,v3_original_demo_boundary_prompt,4-shot random authentic same-class,Shortlisted authentic RUHSOLD Religious Hate examples,118,kaafir tujhe kuch nai malum,wehshi darandy easai yahodi hindo islam amanka ka mazhab,ahmedi mirziee qadiyani hargiz kuleedi uhdu pe nhee janay chahien warna hmari agencies pe swalia nishan hey,lanat abbtknews k khilaf trend bnane walye yazeedion pe r bibi k dushmano p bhi,haqiqat se halala ki paidaish hoti hai aur woh koi nahi samjha sakta jo ye halala ne kehty hain k wo muslimon ko koi fasla na karwae,2,religious_hate_batch_006.csv
class2_batch009_sample011647,9,11647,2,Religious Hate,212647,216647,v3_original_demo_boundary_prompt,4-shot random authentic same-class,Shortlisted authentic RUHSOLD Religious Hate examples,118,"gau mutr peeyo tum log lodu awkat bna phir aake muh lag, randwa saala",oy ahmdi kuty. tum log smjhty ho k is trah kr k hm awam ko pagl bnao gy?? beta bajwa ne tere jeso ko nanga nachana he sbr kr. kahi ni ja rha hmara army chief. tum logo ne agly 3 sal me ye duniya hi chor jani bajwa k dar se. ye army chief nahi pakistan ka muhafiz he.,wow halala's product on fire as usual porkistaniðÿ˜‚ðÿ˜‚ðÿ˜‚,q teri bhen ko chuda hy dewbandion ny ..harami ki nasal,tu yahodi kuta ha,2,religious_hate_batch_009.csv
class2_batch007_sample011393,7,11393,2,Religious Hate,212393,216393,v3_original_demo_boundary_prompt,4-shot random authentic same-class,Shortlisted authentic RUHSOLD Religious Hate examples,118,tumhri maa kk chodu sale apni maa ko chod ke paida hone wale randi ki aulad sale apni behan ko biwi bana ke rkhne wale muhammad ki nazayaj aulad,meri tarbiyat yehi hai k jo amreca ko apna baap manta hai na wo muslman hai or na us s koi hanra taloq hai tum nasl e yazeedi ho masl e yahodi or yahoodio ki olad ho,"surprise!  surprise!  majority of the muslims are at just in different levels of ""usman khan"" ranging from mild to extreme (except ahmadiya may be, but they are not ""real muslims"")  that's from a person living in a country with 95% muslim    https://t.co/hq35u2xrrk,2009-05-25 17:25:26,sydney, new south wales",lul bukhari ye tum nahe tumaray yahoodi or hindu thuku bol rahay hain jin ko army sey bahot hi zeda takleef hai...🖕,tmhari behn k bachy kisi aur ka yaar bano,2,religious_hate_batch_007.csv
class2_batch007_sample011326,7,11326,2,Religious Hate,212326,216326,v3_original_demo_boundary_prompt,4-shot random authentic same-class,Shortlisted authentic RUHSOLD Religious Hate examples,118,poocho hamarai imam sai kai quran mein kaha likha huwa hain aisai ye sirf yahodi khanzeer logo ki chaal hainmuslims ko badnaam karkai liye  zara socho na tumharai hinduism ko badnaam kyun nahen kartai islam kai peechai kyun parai huwai hain zara dimagh ko khol kai socho,bosdk yeh tumhare ghar me hota hai. saari k blouse me mote mote doodh dikhati firti hain tumhare dharam ki orate or hindu orat ko musalman ka l#nd aachaa lagta hai. yeh baat puri dunia janti hai,hindoo wo qom ha jinper koi nabi koi kitaab nazil nahi hoi. ye to yahoodi se bhi bad tar hen,wehshi darandy easai yahodi hindo islam amanka ka mazhab,#halala_kahani  #hinduprotest   #haltempleburning  #hinduterrorist,2,religious_hate_batch_007.csv
class2_batch008_sample011587,8,11587,2,Religious Hate,212587,216587,v3_original_demo_boundary_prompt,4-shot random authentic same-class,Shortlisted authentic RUHSOLD Religious Hate examples,118,apne profile mein whats app me fb twitter mein is bahadur nojawaan ki pic lga kr islam se or nabi ke din se mhbt ka izhaar kren or itna share kren ek yahoodi apne na pak iradoon se baaz ajaye is shakhs ne quraan pak ki hifazahat mein ek bhtareen mhbt ka jita jagta sabot dia hai,please sell up you yahoodi bastards,tumhri maa kk chodu sale apni maa ko chod ke paida hone wale randi ki aulad sale apni behan ko biwi bana ke rkhne wale muhammad ki nazayaj aulad,uff pakiza muslim randi 😉😍,tum ho ahmadiya tere ghar mein ab toh duniya khatam honge tum aur tumhari maa chodenge israeli,2,religious_hate_batch_008.csv
class2_batch002_sample010316,2,10316,2,Religious Hate,211316,215316,v3_original_demo_boundary_prompt,4-shot random authentic same-class,Shortlisted authentic RUHSOLD Religious Hate examples,118,o madadarchod: tum tu farigh ho aur yeh gashti tu waisay he sari raat jagti hay. o dallay o kanjar hum tu iran jatay hotay hain tu bata apni behan kitni baar mbs aur us kay wahabi sheikhon ko bhaijta hay.,sali muslims randi. jihadi sali,"waise madarso mein bahut achhi taaleem di jaati hai tum jihadi hijdo ko, asar dikh rha hai yahan, khud toh khud ki bhen chodte hi ho aur dusro ko bhi bhenchod samajhte ho.",ye pagliya gyi h saali... kuttiya ye ab bhul gyi h jisne #halala or #teentlaaq se aazadi dilwayi usko bhul gyi h ye mullli....,nawaz sharif ki ammi kabhi apke maa ke khanzeer cheezon pe jo hamare bharwe ka ghra na karde thi wohi pakistan mein reh gayi thi. is liye islamabad,1,religious_hate_batch_002.csv
class2_batch007_sample011278,7,11278,2,Religious Hate,212278,216278,v3_original_demo_boundary_prompt,4-shot random authentic same-class,Shortlisted authentic RUHSOLD Religious Hate examples,118,madarchod muslaman ki kaum madarchod saalo ka imaan nahi hai bheno ko chod te hai bhen ke lode harmazaade uskiye apni  maa ki chut bhi chodta hoga aur chuswata hoga logo se saare musalamaan raand ki olad islam ki maa ki chut,poocho hamarai imam sai kai quran mein kaha likha huwa hain aisai ye sirf yahodi khanzeer logo ki chaal hainmuslims ko badnaam karkai liye  zara socho na tumharai hinduism ko badnaam kyun nahen kartai islam kai peechai kyun parai huwai hain zara dimagh ko khol kai socho,tumhri maa kk chodu sale apni maa ko chod ke paida hone wale randi ki aulad sale apni behan ko biwi bana ke rkhne wale muhammad ki nazayaj aulad,abe jaana mullle sale bhikari !! halala k maje krwa apni maa ko,"yahan tu jaisa dhandla bhi nhi ho sakta, tere baap ne toh ghor se 500 rupees de diya tha, aise hi karke sabko paise milenge.",2,religious_hate_batch_007.csv
class2_batch001_sample010120,1,10120,2,Religious Hate,211120,215120,v3_original_demo_boundary_prompt,4-shot random authentic same-class,Shortlisted authentic RUHSOLD Religious Hate examples,118,ho gaye hy aur han aj jo ye sekhon k liye kar raha hy ye whoi sekh hy jub pakistan azad howa tha aur muslmano ne jub india sa hijrat ki tub sub zada qatal muslim ko in sekhon ne kiya tha par afsos ap jesy log is yahodi e agent ko ek islami leader mante ho phir kasm khao k allah,please don't share his obnoxious face to me. below is the image of the book rohani khzain from ahmedi's official website see what your evil messiah has declared god but you had said you have read the books of mirza and accepted him mehdi may god give you hidyath,please sell up you yahoodi bastards,chhor bhen chod hrami hindu chhor esko😠😠😠,han ab to shadi nahi karna chahti,1,religious_hate_batch_001.csv
class2_batch005_sample010810,5,10810,2,Religious Hate,211810,215810,v3_original_demo_boundary_prompt,4-shot random authentic same-class,Shortlisted authentic RUHSOLD Religious Hate examples,118,kitane maulviyon ne tumhari ammi jaan ka halala kiya hoga tab jakar tum jaisa suar nikla hoga .. ye bhi to bta re mulle..,ye insan ik chaaal haaa dostoo .........zra smj k chliye gaa...sb jaanty hn qadyaani kaafir hn ......ye sb k sentiments gain kr rhaa haa......bad me ye apna chehra dikhiye gaaa fasad kii shkal me.....in chaaalo sy hosyar rhy baseerat paida kry sb apny andr.. shukria...,teri maa ka halala kra rha tha koi problem madarjat bhosdike mulle,"malala the product of halala pehle burke se, halala se, bacche paida kerne se or gulami ki jindgi se to azadi lelo hindustaan se azadi to tumhare kukarm tumhe dilwa hi denge. kyuki terrorism failaoge to lat mar ke desh se bhagae jaoge. i am with my country and support caa, nrcðÿ˜‰.",yahoodi agent imran chore zakat khore yahodi,1,religious_hate_batch_005.csv
class2_batch010_sample011825,10,11825,2,Religious Hate,212825,216825,v3_original_demo_boundary_prompt,4-shot random authentic same-class,Shortlisted authentic RUHSOLD Religious Hate examples,118,"insaniyat ko bache rahne do, jis mazhab me janwar ka gala ret ke khushi banti hai, jis mazhab me soorma logo ko 72 virgin ladkiya baati jaati, jo duniya pe kabze ke sapne dekhta ho us mazhab se duuri banane me hi insaniyat ki bhalayi hai.",#khuda ki qasam agar mey hota tu zinda nahe bach sakta ta muj sey ye beghairat kafir yahoodi.,"pta nhi kon si uni se graduate hote ho aap log jnha aesi wahiyat education di jati hðÿ˜‚ðÿ˜‚ðÿ˜‚ halala, gazwa-e-hind, camel urine or pta nhi kya kyaðÿ˜‚ðÿ˜‚ðÿ˜‚ðÿ¤£ðÿ¤£ðÿ¤£ðÿ¤£ðÿ‘ðÿ»",tumhri maa kk chodu sale apni maa ko chod ke paida hone wale randi ki aulad sale apni behan ko biwi bana ke rkhne wale muhammad ki nazayaj aulad,tujhe koi aisa ni bola. kuch karlo ab teri behan ko bahut mushkil karega.,2,religious_hate_batch_010.csv
class2_batch004_sample010757,4,10757,2,Religious Hate,211757,215757,v3_original_demo_boundary_prompt,4-shot random authentic same-class,Shortlisted authentic RUHSOLD Religious Hate examples,118,hindu sirf gooli ki zuban smjta ha,kutto ki tarah america maar raha hai tumhari kaum ko...aasmani kitab walo...israel roj filistin may maa chod raha hai tumhari.... pahle unse nipto....dare hue log😂😂,aor hamary hkmran in k sath mily huy en ....yahudi aor hindun hmary sb sy bry dushman en,chutiya azam ny kia kia ha ab tk sawa saal mein sirf 11600 arab ka izfa qarzoun mein kia or kuch nhi badlo apni soch ko yahodi na bano or ek muslim ki tarh socho,yahoodi aor hindun hmary sab sy bary dushman en,1,religious_hate_batch_004.csv
class2_batch001_sample010109,1,10109,2,Religious Hate,211109,215109,v3_original_demo_boundary_prompt,4-shot random authentic same-class,Shortlisted authentic RUHSOLD Religious Hate examples,118,#stopisraeliterror   yahoodi mulk jisey israel ka naam diya gaya najaiz hai yahoodi sabse bada dahshatgard,"rt : q. woh kaun si qome he,jis ne such bhi bola phr bhi jahnum mein jayegi? ans: yahoodi or nasara qome. shahid sindh",kutto ki tarah america maar raha hai tumhari kaum ko...aasmani kitab walo...israel roj filistin may maa chod raha hai tumhari.... pahle unse nipto....dare hue log😂😂,"pta nhi kon si uni se graduate hote ho aap log jnha aesi wahiyat education di jati hðÿ˜‚ðÿ˜‚ðÿ˜‚ halala, gazwa-e-hind, camel urine or pta nhi kya kyaðÿ˜‚ðÿ˜‚ðÿ˜‚ðÿ¤£ðÿ¤£ðÿ¤£ðÿ¤£ðÿ‘ðÿ»",tu jo apni behno ke sath na jae tab bht bura lagta,1,religious_hate_batch_001.csv
class2_batch007_sample011343,7,11343,2,Religious Hate,212343,216343,v3_original_demo_boundary_prompt,4-shot random authentic same-class,Shortlisted authentic RUHSOLD Religious Hate examples,118,jahil k bachy kahan likha h k gair mazhb sy nikaah jaiz ha... tmari gand me jo keera ha wo nhi merna... khoty khany waly... yahoodi kahan sy hogaey ahle kitaab ....tm.b yahoodi to nhi,kutto ki tarah america maar raha hai tumhari kaum ko...aasmani kitab walo...israel roj filistin may maa chod raha hai tumhari.... pahle unse nipto....dare hue log😂😂,phir in yahodi khanzeer logo ko pata chalaiga kai kia ta aur kia nahen ye sirf dajjal kai liye aisa kar rahai hain kyunkai ye yahodi log khazeer log dajjal ko apna leader samjhtai hain aur tumhara pura bollywood bollyminati ban chuka hain tumharai dimagh ko programming ki ja rah,"afghanio ne tme hindu se bachaya,randi k aulaad tareekh paro tm wo ganda khoon ho,jo siko aour hindu ki rape se paida woe ho,tme kalima tho sikaya afghano ne,magar tmari gandi dna wai ranjeet sing wali a,randi k aulaad tm ne kah pana di,am pashtono ne di,apnay bio ko hera mandi",rt : tmhri ama aurat ko behno ki nasl kya hoti h,2,religious_hate_batch_007.csv
class2_batch009_sample011727,9,11727,2,Religious Hate,212727,216727,v3_original_demo_boundary_prompt,4-shot random authentic same-class,Shortlisted authentic RUHSOLD Religious Hate examples,118,o madadarchod: tum tu farigh ho aur yeh gashti tu waisay he sari raat jagti hay. o dallay o kanjar hum tu iran jatay hotay hain tu bata apni behan kitni baar mbs aur us kay wahabi sheikhon ko bhaijta hay.,chal na randi ! we have spiritual connection with supreme leader imam khamnae !  we have our hearts and souls for holy cities of najaf and karbala !  dont give a fck to wahabi chutiyas,lanat abbtknews k khilaf trend bnane walye yazeedion pe r bibi k dushmano p bhi,wise halala ki paidaish tumse yhi ummid ki ja sakti hai madarsa chhhap suarðÿ˜‚ðÿ¤£ðÿ¤£ðÿ¤£ðÿ¤£,lanati haramzada tere mout per omda nai,2,religious_hate_batch_009.csv
class2_batch008_sample011502,8,11502,2,Religious Hate,212502,216502,v3_original_demo_boundary_prompt,4-shot random authentic same-class,Shortlisted authentic RUHSOLD Religious Hate examples,118,qadiyani pe lanat mirza khinzeer harami pe lanat.,please don't share his obnoxious face to me. below is the image of the book rohani khzain from ahmedi's official website see what your evil messiah has declared god but you had said you have read the books of mirza and accepted him mehdi may god give you hidyath,"just the ten thousandth ""isolated"" instance of christian /jewish/hindu/ahmedi places of worship being attacked by crybabies who themselves can't handle some nutcase burning a book full of fiction stories.","not surprised comment came from ahmedi. tbh, i won't be surprised when some christians will argue that they r included in muslim category too. just bcoz they believe there is only one god.",ye bhenchod bola kya.,2,religious_hate_batch_008.csv
class2_batch006_sample011052,6,11052,2,Religious Hate,212052,216052,v3_original_demo_boundary_prompt,4-shot random authentic same-class,Shortlisted authentic RUHSOLD Religious Hate examples,118,"ye manhoos hinduon ki diwali k chakkar mai har jaga ki aur quality kharab hogai, bharwe",#khuda ki qasam agar mey hota tu zinda nahe bach sakta ta muj sey ye beghairat kafir yahoodi.,"how did an ahmadiya get to the top in the army of sunnis, in the first place?",phir kehty hum bhot badry #muslim hn aur #ashaq_e_rasool sawm hain lanat hai un sab #haramio py jinho ny bibi fatima zahra ko shahheed kia aur #haq khaya 🖐🏻😡🐕 aur lanat un sab py jo un #haramio ky hamdard hain,o yahodi,2,religious_hate_batch_006.csv
class2_batch003_sample010584,3,10584,2,Religious Hate,211584,215584,v3_original_demo_boundary_prompt,4-shot random authentic same-class,Shortlisted authentic RUHSOLD Religious Hate examples,118,pislam me media ka estemal kerna haram hai  halala ki paidais,tmri taraj animals ki potty n khate... tm jaake  bomb fodo jaake.......halala ke masala.  niklo.. yaha tm atankiyo k liy jagah ni h bhai. yaha atank n failaooo,hindoo wo qom ha jinper koi nabi koi kitaab nazil nahi hoi. ye to yahoodi se bhi bad tar hen,"path of cruelty , path of violence, path of halala , path of tripe talaq, path of marrying 6 years old aisha,path to discipline their wives by beating them,path of hurun,path of apostasy,path of punishable apostasy, path of beheading. what a pissful religion izlam is ðÿ‘",harami charsi,1,religious_hate_batch_003.csv
class2_batch004_sample010692,4,10692,2,Religious Hate,211692,215692,v3_original_demo_boundary_prompt,4-shot random authentic same-class,Shortlisted authentic RUHSOLD Religious Hate examples,118,ho gaye hy aur han aj jo ye sekhon k liye kar raha hy ye whoi sekh hy jub pakistan azad howa tha aur muslmano ne jub india sa hijrat ki tub sub zada qatal muslim ko in sekhon ne kiya tha par afsos ap jesy log is yahodi e agent ko ek islami leader mante ho phir kasm khao k allah,imran qadyani yahoodi agent hy pti ki 18 bank account hy jis may qadyani yahoodi hondo ny funding ki hy . gold smith jimaima aneel musrst . atif miaan sub qadyani yahoodi hy,ye pagliya gyi h saali... kuttiya ye ab bhul gyi h jisne #halala or #teentlaaq se aazadi dilwayi usko bhul gyi h ye mullli....,tm jeso ki jb g**nd mari jaye na fir tm log thek rehty ho bc k bachy jb wo yahoodi lanti marty hn na wo muslim dekhty hn air kuch ni dekhty baki tm na toh apni pesh krni hoti ha unhy.,rt : jab tak imran khan nawaz sharif ke pass baap ka naama nahin hai tab tak is khan say toh naheen bolna chahie,1,religious_hate_batch_004.csv
class2_batch010_sample011824,10,11824,2,Religious Hate,212824,216824,v3_original_demo_boundary_prompt,4-shot random authentic same-class,Shortlisted authentic RUHSOLD Religious Hate examples,118,tw kaafir tera peo kaafir tera pura khandaan kaafir ooo churry trump🐱🐱,bosdk yeh tumhare ghar me hota hai. saari k blouse me mote mote doodh dikhati firti hain tumhare dharam ki orate or hindu orat ko musalman ka l#nd aachaa lagta hai. yeh baat puri dunia janti hai,sirf momin aya to yahoodi kum nasal marny laggaye agr sawa crore momin agaye to sochen kya hoga?hamen jagna hoga,tumri ma buhat hanzir hy jis ne tum jaise  yahodi kafir rhandi hanzir aurat ko paida kiya,abe ye yar apne nawaz ko na kro qadiyani agent keh raha hai ab ye bhi karte rha hai koi shak nahi,2,religious_hate_batch_010.csv
class2_batch003_sample010590,3,10590,2,Religious Hate,211590,215590,v3_original_demo_boundary_prompt,4-shot random authentic same-class,Shortlisted authentic RUHSOLD Religious Hate examples,118,ye bat tum yahoodi ko bolo atankwadi tum ho jo musalman se nafrat ki aag me insaniyat ke sabse bade dushman yahoodi ko support karte ho ye log to face to face mara hai unlog chote bache ka upar bom feka kisi aurat ya admi bacha ko goli mar diya wi bhi waha ke civilian hi hai,hindu sirf gooli ki zuban smjta ha,yahoodi kabhi hamara dost nhi ho sakta,chhor bhen chod hrami hindu chhor esko😠😠😠,koi ni humein chup krna padega. 😂,1,religious_hate_batch_003.csv
class2_batch002_sample010270,2,10270,2,Religious Hate,211270,215270,v3_original_demo_boundary_prompt,4-shot random authentic same-class,Shortlisted authentic RUHSOLD Religious Hate examples,118,"path of cruelty , path of violence, path of halala , path of tripe talaq, path of marrying 6 years old aisha,path to discipline their wives by beating them,path of hurun,path of apostasy,path of punishable apostasy, path of beheading. what a pissful religion izlam is ðÿ‘",abe jaana mullle sale bhikari !! halala k maje krwa apni maa ko,chutiya azam ny kia kia ha ab tk sawa saal mein sirf 11600 arab ka izfa qarzoun mein kia or kuch nhi badlo apni soch ko yahodi na bano or ek muslim ki tarh socho,apne profile mein whats app me fb twitter mein is bahadur nojawaan ki pic lga kr islam se or nabi ke din se mhbt ka izhaar kren or itna share kren ek yahoodi apne na pak iradoon se baaz ajaye is shakhs ne quraan pak ki hifazahat mein ek bhtareen mhbt ka jita jagta sabot dia hai,kya kisi kutte ki phudi mein tuja hi ho raha hai yaar,1,religious_hate_batch_002.csv
class2_batch006_sample011179,6,11179,2,Religious Hate,212179,216179,v3_original_demo_boundary_prompt,4-shot random authentic same-class,Shortlisted authentic RUHSOLD Religious Hate examples,118,is cult  mein kisi boht hi pyare ko kho dene k baad uski qaber pe phool rakhna b jurm hai west mein qaberisat se phool chura k un ko sale kr k ahmdi chanda dia karte hain takey ragister se naam na kut jaye,"bilkul,itny lecture milny hain jese christmas or new year pe milty hain ,kya apko pata bhi hai k kaafir janwaro k haqq main dua bhi nahi krni chahye",sale halala molvi se tum karvao apni oorto ka or apni ma bahan ka bol heme rhe ho molvi kamre m apni bahan ko bej kar sina choda hota hoga tumhara,tm jeso ki jb g**nd mari jaye na fir tm log thek rehty ho bc k bachy jb wo yahoodi lanti marty hn na wo muslim dekhty hn air kuch ni dekhty baki tm na toh apni pesh krni hoti ha unhy.,aur jo ye imran niazi ke liye halala k liye paida huwa tha woh apne pakistan mein bhi chora hua aur tere pas koi harami ni hai,2,religious_hate_batch_006.csv
class2_batch006_sample011034,6,11034,2,Religious Hate,212034,216034,v3_original_demo_boundary_prompt,4-shot random authentic same-class,Shortlisted authentic RUHSOLD Religious Hate examples,118,jaa bhen k lory tum harrami ki nasal ho.. dewband maslak pe kutty ki tareh bhoonkty ho..,imran qadyani yahoodi agent hy pti ki 18 bank account hy jis may qadyani yahoodi hondo ny funding ki hy . gold smith jimaima aneel musrst . atif miaan sub qadyani yahoodi hy,please sell up you yahoodi bastards,ahmedi mirziee qadiyani hargiz kuleedi uhdu pe nhee janay chahien warna hmari agencies pe swalia nishan hey,qadyani bajwa aurat march ko goli marte rahy,2,religious_hate_batch_006.csv
class2_batch010_sample011836,10,11836,2,Religious Hate,212836,216836,v3_original_demo_boundary_prompt,4-shot random authentic same-class,Shortlisted authentic RUHSOLD Religious Hate examples,118,"abbey halala ki paidaish, 5 baap ki aulaad. patthar baazi ke alawa kuchh kaam kara kabhi teri kaum ne ?",plz sir hamy in say koi khtra nahi hamy is imran khan yahodi our kadiyanion say bachny pay gor karen pak army tayri azmat ko salam,bosdk yeh tumhare ghar me hota hai. saari k blouse me mote mote doodh dikhati firti hain tumhare dharam ki orate or hindu orat ko musalman ka l#nd aachaa lagta hai. yeh baat puri dunia janti hai,"pta nhi kon si uni se graduate hote ho aap log jnha aesi wahiyat education di jati hðÿ˜‚ðÿ˜‚ðÿ˜‚ halala, gazwa-e-hind, camel urine or pta nhi kya kyaðÿ˜‚ðÿ˜‚ðÿ˜‚ðÿ¤£ðÿ¤£ðÿ¤£ðÿ¤£ðÿ‘ðÿ»",sharm karo aurat march kay liye jo uss ke har cheez per qabil hai ye sary chutia,2,religious_hate_batch_010.csv
class2_batch009_sample011646,9,11646,2,Religious Hate,212646,216646,v3_original_demo_boundary_prompt,4-shot random authentic same-class,Shortlisted authentic RUHSOLD Religious Hate examples,118,aye yahudiyo jitna zulm karna hai kar lo in sha allah woh din bhi zaroor aayega ke tumhe chun chun ke maara jayega yahan tak ke tum darakht ya pattharoñ ke piche chhup jaoge to bejan chizen bhi kahengi yahan yahoodi chhupa hai.hadees ka farman hai ho kar rahega #israeliterrorism,benchod randi  islam,tum log yahoodi ho kisi ko shuck nahi hona chaheye bus kafi hogae musalmanon ko aur dhoka na dou👹,"hogai izzat? mera jism meri marzi jc ghaleez or ghatiya terminologies hamare muslim muashrey me dene ki koshish me aapki so-called,vahiyat or ikhlaq se giri support ko khud ne hi reject kardiya.  apne yahoodi gods ko khush krne k liey kuch or karien",abe teri maa chodunga ye baat karke,2,religious_hate_batch_009.csv
class2_batch009_sample011641,9,11641,2,Religious Hate,212641,216641,v3_original_demo_boundary_prompt,4-shot random authentic same-class,Shortlisted authentic RUHSOLD Religious Hate examples,118,yahoodi kabhi hamara dost nhi ho sakta,oy ahmdi kuty. tum log smjhty ho k is trah kr k hm awam ko pagl bnao gy?? beta bajwa ne tere jeso ko nanga nachana he sbr kr. kahi ni ja rha hmara army chief. tum logo ne agly 3 sal me ye duniya hi chor jani bajwa k dar se. ye army chief nahi pakistan ka muhafiz he.,ye pagliya gyi h saali... kuttiya ye ab bhul gyi h jisne #halala or #teentlaaq se aazadi dilwayi usko bhul gyi h ye mullli....,"abbey halala ki paidaish, 5 baap ki aulaad. patthar baazi ke alawa kuchh kaam kara kabhi teri kaum ne ?",bajwa apni beti ki trah tu wahan jo khud kashmir k bachay koi shadi kar sakte ho ya nahi,2,religious_hate_batch_009.csv
class2_batch008_sample011450,8,11450,2,Religious Hate,212450,216450,v3_original_demo_boundary_prompt,4-shot random authentic same-class,Shortlisted authentic RUHSOLD Religious Hate examples,118,dekh le madarch*d islam ka nanga naach..babri par fate hue bawaseer ki tarah bhaunk raha tha na..us par bhi ab apne manhoos muh se kuch hag de..blood cousins ke incest ki paidaish,abe halala ki paidaish..  tumhara to wajood hi 800 years purana hai..  jab bhagwan ram ko kagaj dikhane ki jarurat par gayi to tum kaun ho.. kagaj to dikhana hi parega.. #nrc_caa_npr,poocho hamarai imam sai kai quran mein kaha likha huwa hain aisai ye sirf yahodi khanzeer logo ki chaal hainmuslims ko badnaam karkai liye  zara socho na tumharai hinduism ko badnaam kyun nahen kartai islam kai peechai kyun parai huwai hain zara dimagh ko khol kai socho,please don't share his obnoxious face to me. below is the image of the book rohani khzain from ahmedi's official website see what your evil messiah has declared god but you had said you have read the books of mirza and accepted him mehdi may god give you hidyath,pakistan ki muslims jo kia sikhayon ka dhamki diya hai wo hamari maut par laga kar chali gaye hain,2,religious_hate_batch_008.csv
class2_batch003_sample010596,3,10596,2,Religious Hate,211596,215596,v3_original_demo_boundary_prompt,4-shot random authentic same-class,Shortlisted authentic RUHSOLD Religious Hate examples,118,qadiani ahmedi mirziee kaafir jo hen,or mujhe un ladkiyo se utni hi nafrat hai jo mullo se shadi karti hai jitni kisi normal hindu ko😡 or mujhe hindu ladko se bhi itni hi nafrat hai jo muslim ladkiyo se shadi karte hai... dharam me koi milawat mujhe pasand nahi,tum log yahoodi ho kisi ko shuck nahi hona chaheye bus kafi hogae musalmanon ko aur dhoka na dou👹,ye bat tum yahoodi ko bolo atankwadi tum ho jo musalman se nafrat ki aag me insaniyat ke sabse bade dushman yahoodi ko support karte ho ye log to face to face mara hai unlog chote bache ka upar bom feka kisi aurat ya admi bacha ko goli mar diya wi bhi waha ke civilian hi hai,teri maa ki phudi thori dafa kr do ab,1,religious_hate_batch_003.csv
class2_batch003_sample010453,3,10453,2,Religious Hate,211453,215453,v3_original_demo_boundary_prompt,4-shot random authentic same-class,Shortlisted authentic RUHSOLD Religious Hate examples,118,oy ahmdi kuty. tum log smjhty ho k is trah kr k hm awam ko pagl bnao gy?? beta bajwa ne tere jeso ko nanga nachana he sbr kr. kahi ni ja rha hmara army chief. tum logo ne agly 3 sal me ye duniya hi chor jani bajwa k dar se. ye army chief nahi pakistan ka muhafiz he.,another endian hijra coward hindu terrorist army soldier dispatched to shamshangarh by pakistan army i want more endian hindu terrorist dead so keep it up pakistan,halala ki padayish ho aap aur kya expect karenge hum aapse,hindu sirf gooli ki zuban smjta ha,munafikat ha ye saali,1,religious_hate_batch_003.csv
class2_batch005_sample010906,5,10906,2,Religious Hate,211906,215906,v3_original_demo_boundary_prompt,4-shot random authentic same-class,Shortlisted authentic RUHSOLD Religious Hate examples,118,wehshi darandy easai yahodi hindo islam amanka ka mazhab,qadiani ahmedi mirziee kaafir jo hen,yahodi agent qadyani chamcha,or wahan tumhara jahanumi ahmedi jo naaowz billah nabi hona ka dawa dar tha wo wo case hara tha or court sa bhag gya tha.nabi pak p.b.u.h allah ka akhri nabi han or on ka bad koi nabi nahi ae ga.ya ak haqeqat ha jo quran ma bhi ha.or 1947 ma pak islam ka name par bana tha.,agar ab tak hindustan mein mullo ne apne paisy ki zameen pe laga diya hua baap ke bare mai kuch na karaya toh hinduon ko yeh bata do ki yahan se muslims hain aur,1,religious_hate_batch_005.csv
class2_batch002_sample010305,2,10305,2,Religious Hate,211305,215305,v3_original_demo_boundary_prompt,4-shot random authentic same-class,Shortlisted authentic RUHSOLD Religious Hate examples,118,tumhri maa kk chodu sale apni maa ko chod ke paida hone wale randi ki aulad sale apni behan ko biwi bana ke rkhne wale muhammad ki nazayaj aulad,"waise madarso mein bahut achhi taaleem di jaati hai tum jihadi hijdo ko, asar dikh rha hai yahan, khud toh khud ki bhen chodte hi ho aur dusro ko bhi bhenchod samajhte ho.",wow halala's product on fire as usual porkistaniðÿ˜‚ðÿ˜‚ðÿ˜‚,yahodi agent qadyani chamcha,abey charsi tujhe toh halala kiya jata hai,1,religious_hate_batch_002.csv
class2_batch004_sample010610,4,10610,2,Religious Hate,211610,215610,v3_original_demo_boundary_prompt,4-shot random authentic same-class,Shortlisted authentic RUHSOLD Religious Hate examples,118,aor hamary hkmran in k sath mily huy en ....yahudi aor hindun hmary sb sy bry dushman en,iran shia mulk ha or ye munafik log han,dekh le madarch*d islam ka nanga naach..babri par fate hue bawaseer ki tarah bhaunk raha tha na..us par bhi ab apne manhoos muh se kuch hag de..blood cousins ke incest ki paidaish,ahmdi is a non muslim biggest cheap religion ahmdi.,yar tumhein pata ni kahan khanzeer ho,1,religious_hate_batch_004.csv
class2_batch006_sample011159,6,11159,2,Religious Hate,212159,216159,v3_original_demo_boundary_prompt,4-shot random authentic same-class,Shortlisted authentic RUHSOLD Religious Hate examples,118,poocho hamarai imam sai kai quran mein kaha likha huwa hain aisai ye sirf yahodi khanzeer logo ki chaal hainmuslims ko badnaam karkai liye  zara socho na tumharai hinduism ko badnaam kyun nahen kartai islam kai peechai kyun parai huwai hain zara dimagh ko khol kai socho,yes they are involved in bomb blast... halala and bakrigiri,hindu sirf gooli ki zuban smjta ha,sale halala molvi se tum karvao apni oorto ka or apni ma bahan ka bol heme rhe ho molvi kamre m apni bahan ko bej kar sina choda hota hoga tumhara,wo muslims hai jisne india mein nashai kia tha abhi tak,2,religious_hate_batch_006.csv
class2_batch008_sample011556,8,11556,2,Religious Hate,212556,216556,v3_original_demo_boundary_prompt,4-shot random authentic same-class,Shortlisted authentic RUHSOLD Religious Hate examples,118,teri maa ka halala kra rha tha koi problem madarjat bhosdike mulle,tm jeso ki jb g**nd mari jaye na fir tm log thek rehty ho bc k bachy jb wo yahoodi lanti marty hn na wo muslim dekhty hn air kuch ni dekhty baki tm na toh apni pesh krni hoti ha unhy.,ho gaye hy aur han aj jo ye sekhon k liye kar raha hy ye whoi sekh hy jub pakistan azad howa tha aur muslmano ne jub india sa hijrat ki tub sub zada qatal muslim ko in sekhon ne kiya tha par afsos ap jesy log is yahodi e agent ko ek islami leader mante ho phir kasm khao k allah,get lost you kaafir.,rt : i am sure the ahmedi community will protest against him too if he becomes prime minister,2,religious_hate_batch_008.csv
class2_batch007_sample011364,7,11364,2,Religious Hate,212364,216364,v3_original_demo_boundary_prompt,4-shot random authentic same-class,Shortlisted authentic RUHSOLD Religious Hate examples,118,#stopisraeliterror   yahoodi mulk jisey israel ka naam diya gaya najaiz hai yahoodi sabse bada dahshatgard,ahmedi mirziee qadiyani hargiz kuleedi uhdu pe nhee janay chahien warna hmari agencies pe swalia nishan hey,ye insan ik chaaal haaa dostoo .........zra smj k chliye gaa...sb jaanty hn qadyaani kaafir hn ......ye sb k sentiments gain kr rhaa haa......bad me ye apna chehra dikhiye gaaa fasad kii shkal me.....in chaaalo sy hosyar rhy baseerat paida kry sb apny andr.. shukria...,kadiyani kafir thay hain aur hamesha harain gay. ye dajjali fitnay ki ek kari hain. aur inkay supporters hum main bhe jo chupay howay hain wo bhe khanzeer kafir he hain. lannat beshomar kadiyanio pr.,allah kary islam ko phir tak pakistan main zindabad kar le,2,religious_hate_batch_007.csv
class2_batch003_sample010479,3,10479,2,Religious Hate,211479,215479,v3_original_demo_boundary_prompt,4-shot random authentic same-class,Shortlisted authentic RUHSOLD Religious Hate examples,118,but we have a firm belief now that qadiyani and ahmedi neither want muslims nor pakistanis to live in a harmony,shia kaafir hai aur hum naam k musalmaan.,teri maa ka halala kra rha tha koi problem madarjat bhosdike mulle,that's for foolish act and the ahmedi you highlighted they were equal to jews for us so alhmdurallah we save quran ! . and about hindus and christians its was a false news !  and if it is real then show me !  if you don't have anything then shut up and run !,tu yahan hi chutiye tere baap hai,1,religious_hate_batch_003.csv
class2_batch010_sample011842,10,11842,2,Religious Hate,212842,216842,v3_original_demo_boundary_prompt,4-shot random authentic same-class,Shortlisted authentic RUHSOLD Religious Hate examples,118,dekh le madarch*d islam ka nanga naach..babri par fate hue bawaseer ki tarah bhaunk raha tha na..us par bhi ab apne manhoos muh se kuch hag de..blood cousins ke incest ki paidaish,imran qadyani yahoodi agent hy pti ki 18 bank account hy jis may qadyani yahoodi hondo ny funding ki hy . gold smith jimaima aneel musrst . atif miaan sub qadyani yahoodi hy,pislam me media ka estemal kerna haram hai  halala ki paidais,typical muslim randi-rona taqia.,chup kar islam ko chod diya,2,religious_hate_batch_010.csv
class2_batch010_sample011890,10,11890,2,Religious Hate,212890,216890,v3_original_demo_boundary_prompt,4-shot random authentic same-class,Shortlisted authentic RUHSOLD Religious Hate examples,118,well said.lanati hain ye qadyani kafir,ahmdi is a non muslim biggest cheap religion ahmdi.,yahoodi kabhi hamara dost nhi ho sakta,sali muslims randi. jihadi sali,yeh bhenchod jaha keh rha tha wo bhi muslim nahi hota,2,religious_hate_batch_010.csv
class2_batch005_sample010874,5,10874,2,Religious Hate,211874,215874,v3_original_demo_boundary_prompt,4-shot random authentic same-class,Shortlisted authentic RUHSOLD Religious Hate examples,118,tmri taraj animals ki potty n khate... tm jaake  bomb fodo jaake.......halala ke masala.  niklo.. yaha tm atankiyo k liy jagah ni h bhai. yaha atank n failaooo,is cult  mein kisi boht hi pyare ko kho dene k baad uski qaber pe phool rakhna b jurm hai west mein qaberisat se phool chura k un ko sale kr k ahmdi chanda dia karte hain takey ragister se naam na kut jaye,o madadarchod: tum tu farigh ho aur yeh gashti tu waisay he sari raat jagti hay. o dallay o kanjar hum tu iran jatay hotay hain tu bata apni behan kitni baar mbs aur us kay wahabi sheikhon ko bhaijta hay.,"huh wut you say u imbecile, i shat on you...toh toh toh kaafir",lorra mullahs ke piche aye gaye han,1,religious_hate_batch_005.csv
class2_batch002_sample010247,2,10247,2,Religious Hate,211247,215247,v3_original_demo_boundary_prompt,4-shot random authentic same-class,Shortlisted authentic RUHSOLD Religious Hate examples,118,hey are fighting amongst each other. #bajwa is compromise candidate. thats only reason why he a ahmadiya is a coas.,meri tarbiyat yehi hai k jo amreca ko apna baap manta hai na wo muslman hai or na us s koi hanra taloq hai tum nasl e yazeedi ho masl e yahodi or yahoodio ki olad ho,get lost you kaafir.,pehle america jaiga ue begairaat musliman kehlwane kai laiq nh pehle he logh kehty h eske bary me ye yahoodi hai,yar kia sharam ha bhenchod.,1,religious_hate_batch_002.csv
class2_batch009_sample011629,9,11629,2,Religious Hate,212629,216629,v3_original_demo_boundary_prompt,4-shot random authentic same-class,Shortlisted authentic RUHSOLD Religious Hate examples,118,hindu sirf gooli ki zuban smjta ha,chutiya azam ny kia kia ha ab tk sawa saal mein sirf 11600 arab ka izfa qarzoun mein kia or kuch nhi badlo apni soch ko yahodi na bano or ek muslim ki tarh socho,quaid azam was right ky hindu muslim kabhi sth nhi rhy sgty aaj hindu apni hasli shakl dekha rhy hn. agar kisi muslim ny aisa kia hota to india media ki maa mar gi hoti pr ab nhi boly gy. aagy ka ky yehi bol dn gy ky mentally disturb tha or case khtm .#jamia,"waise madarso mein bahut achhi taaleem di jaati hai tum jihadi hijdo ko, asar dikh rha hai yahan, khud toh khud ki bhen chodte hi ho aur dusro ko bhi bhenchod samajhte ho.",allah pak sab ko khuda nahi,2,religious_hate_batch_009.csv
class2_batch005_sample010812,5,10812,2,Religious Hate,211812,215812,v3_original_demo_boundary_prompt,4-shot random authentic same-class,Shortlisted authentic RUHSOLD Religious Hate examples,118,get lost you kaafir.,ye insan ik chaaal haaa dostoo .........zra smj k chliye gaa...sb jaanty hn qadyaani kaafir hn ......ye sb k sentiments gain kr rhaa haa......bad me ye apna chehra dikhiye gaaa fasad kii shkal me.....in chaaalo sy hosyar rhy baseerat paida kry sb apny andr.. shukria...,jaa bhen k lory tum harrami ki nasal ho.. dewband maslak pe kutty ki tareh bhoonkty ho..,sale halala molvi se tum karvao apni oorto ka or apni ma bahan ka bol heme rhe ho molvi kamre m apni bahan ko bej kar sina choda hota hoga tumhara,lanati yahodi agent,1,religious_hate_batch_005.csv
class2_batch009_sample011729,9,11729,2,Religious Hate,212729,216729,v3_original_demo_boundary_prompt,4-shot random authentic same-class,Shortlisted authentic RUHSOLD Religious Hate examples,118,tumhri maa kk chodu sale apni maa ko chod ke paida hone wale randi ki aulad sale apni behan ko biwi bana ke rkhne wale muhammad ki nazayaj aulad,ye pagliya gyi h saali... kuttiya ye ab bhul gyi h jisne #halala or #teentlaaq se aazadi dilwayi usko bhul gyi h ye mullli....,kitane maulviyon ne tumhari ammi jaan ka halala kiya hoga tab jakar tum jaisa suar nikla hoga .. ye bhi to bta re mulle..,get lost you kaafir.,haan tera baap tha yahoodi ho gaya aur tu to hindoo ho.,2,religious_hate_batch_009.csv
class2_batch009_sample011645,9,11645,2,Religious Hate,212645,216645,v3_original_demo_boundary_prompt,4-shot random authentic same-class,Shortlisted authentic RUHSOLD Religious Hate examples,118,q teri bhen ko chuda hy dewbandion ny ..harami ki nasal,chal na randi ! we have spiritual connection with supreme leader imam khamnae !  we have our hearts and souls for holy cities of najaf and karbala !  dont give a fck to wahabi chutiyas,"not surprised comment came from ahmedi. tbh, i won't be surprised when some christians will argue that they r included in muslim category too. just bcoz they believe there is only one god.",1 balatkari muslim 3 balatkari tera baap hindu h uske bare m kuch bol  be,bhenchod ye lanati yahoodi agent ki tweet nhi krne se pata tha ye chutiya hai,2,religious_hate_batch_009.csv
class2_batch003_sample010413,3,10413,2,Religious Hate,211413,215413,v3_original_demo_boundary_prompt,4-shot random authentic same-class,Shortlisted authentic RUHSOLD Religious Hate examples,118,please don't share his obnoxious face to me. below is the image of the book rohani khzain from ahmedi's official website see what your evil messiah has declared god but you had said you have read the books of mirza and accepted him mehdi may god give you hidyath,sale halala molvi se tum karvao apni oorto ka or apni ma bahan ka bol heme rhe ho molvi kamre m apni bahan ko bej kar sina choda hota hoga tumhara,"obviously we muslims hate ahmedi's . 😡 we don't care whatever happens to them ! we just hate them. if their is oppression over other minorities in pakistan which is not usual alhamdolillah, then i condemn that.","malala the product of halala pehle burke se, halala se, bacche paida kerne se or gulami ki jindgi se to azadi lelo hindustaan se azadi to tumhare kukarm tumhe dilwa hi denge. kyuki terrorism failaoge to lat mar ke desh se bhagae jaoge. i am with my country and support caa, nrcðÿ˜‰.",sale ahmedi randi,1,religious_hate_batch_003.csv
class2_batch004_sample010631,4,10631,2,Religious Hate,211631,215631,v3_original_demo_boundary_prompt,4-shot random authentic same-class,Shortlisted authentic RUHSOLD Religious Hate examples,118,abe halala ki paidaish..  tumhara to wajood hi 800 years purana hai..  jab bhagwan ram ko kagaj dikhane ki jarurat par gayi to tum kaun ho.. kagaj to dikhana hi parega.. #nrc_caa_npr,no no ...... hindu na kah mujhe ........islam bura maan jayega .......kaafir kah kaafir...,"not surprised comment came from ahmedi. tbh, i won't be surprised when some christians will argue that they r included in muslim category too. just bcoz they believe there is only one god.",phir in yahodi khanzeer logo ko pata chalaiga kai kia ta aur kia nahen ye sirf dajjal kai liye aisa kar rahai hain kyunkai ye yahodi log khazeer log dajjal ko apna leader samjhtai hain aur tumhara pura bollywood bollyminati ban chuka hain tumharai dimagh ko programming ki ja rah,hamari koi nawaz shareef kaha keh rhi hai ???? hamari nawaz shareef keh rhi hai kiya ?? jaise koi bat nahi .....hamri nawaz shareef keh rhi hai kuch,1,religious_hate_batch_004.csv
class2_batch003_sample010588,3,10588,2,Religious Hate,211588,215588,v3_original_demo_boundary_prompt,4-shot random authentic same-class,Shortlisted authentic RUHSOLD Religious Hate examples,118,tumri ma buhat hanzir hy jis ne tum jaise  yahodi kafir rhandi hanzir aurat ko paida kiya,another endian hijra coward hindu terrorist army soldier dispatched to shamshangarh by pakistan army i want more endian hindu terrorist dead so keep it up pakistan,chal fosdi ke mohammad kabile wale ki halala ki aulad,abe mc mein bheju teri maa cow ka photo kat te hue bc. chod teri tarah andhbhakt nhi hu aur nhi illiterate.. go and drink cow piss.,khanzeer kashmir frosh haramkhor,1,religious_hate_batch_003.csv
class2_batch009_sample011697,9,11697,2,Religious Hate,212697,216697,v3_original_demo_boundary_prompt,4-shot random authentic same-class,Shortlisted authentic RUHSOLD Religious Hate examples,118,wise halala ki paidaish tumse yhi ummid ki ja sakti hai madarsa chhhap suarðÿ˜‚ðÿ¤£ðÿ¤£ðÿ¤£ðÿ¤£,or wahan tumhara jahanumi ahmedi jo naaowz billah nabi hona ka dawa dar tha wo wo case hara tha or court sa bhag gya tha.nabi pak p.b.u.h allah ka akhri nabi han or on ka bad koi nabi nahi ae ga.ya ak haqeqat ha jo quran ma bhi ha.or 1947 ma pak islam ka name par bana tha.,benchod randi  islam,uff pakiza muslim randi 😉😍,ye mullo ne sab ko bachaya hai ke munafik hindustani hain,2,religious_hate_batch_009.csv
class2_batch002_sample010212,2,10212,2,Religious Hate,211212,215212,v3_original_demo_boundary_prompt,4-shot random authentic same-class,Shortlisted authentic RUHSOLD Religious Hate examples,118,benchod randi  islam,sirf momin aya to yahoodi kum nasal marny laggaye agr sawa crore momin agaye to sochen kya hoga?hamen jagna hoga,phir in yahodi khanzeer logo ko pata chalaiga kai kia ta aur kia nahen ye sirf dajjal kai liye aisa kar rahai hain kyunkai ye yahodi log khazeer log dajjal ko apna leader samjhtai hain aur tumhara pura bollywood bollyminati ban chuka hain tumharai dimagh ko programming ki ja rah,tumri ma buhat hanzir hy jis ne tum jaise  yahodi kafir rhandi hanzir aurat ko paida kiya,rt :   wow! he’s so right. he’s got it all figured out.   tumko yahan tere paisay ka pta nahi hai kyunke inke pas nai hai!!,1,religious_hate_batch_002.csv
class2_batch010_sample011839,10,11839,2,Religious Hate,212839,216839,v3_original_demo_boundary_prompt,4-shot random authentic same-class,Shortlisted authentic RUHSOLD Religious Hate examples,118,#stopisraeliterror   yahoodi mulk jisey israel ka naam diya gaya najaiz hai yahoodi sabse bada dahshatgard,oy ahmdi kuty. tum log smjhty ho k is trah kr k hm awam ko pagl bnao gy?? beta bajwa ne tere jeso ko nanga nachana he sbr kr. kahi ni ja rha hmara army chief. tum logo ne agly 3 sal me ye duniya hi chor jani bajwa k dar se. ye army chief nahi pakistan ka muhafiz he.,another endian hijra coward hindu terrorist army soldier dispatched to shamshangarh by pakistan army i want more endian hindu terrorist dead so keep it up pakistan,"just the ten thousandth ""isolated"" instance of christian /jewish/hindu/ahmedi places of worship being attacked by crybabies who themselves can't handle some nutcase burning a book full of fiction stories.",tum logon ke baad hamare mulla ki tarah hain jo islam aur quran ko fariq karte hain,2,religious_hate_batch_010.csv
class2_batch002_sample010350,2,10350,2,Religious Hate,211350,215350,v3_original_demo_boundary_prompt,4-shot random authentic same-class,Shortlisted authentic RUHSOLD Religious Hate examples,118,hindoo wo qom ha jinper koi nabi koi kitaab nazil nahi hoi. ye to yahoodi se bhi bad tar hen,aye yahudiyo jitna zulm karna hai kar lo in sha allah woh din bhi zaroor aayega ke tumhe chun chun ke maara jayega yahan tak ke tum darakht ya pattharoñ ke piche chhup jaoge to bejan chizen bhi kahengi yahan yahoodi chhupa hai.hadees ka farman hai ho kar rahega #israeliterrorism,"abbey halala ki paidaish, 5 baap ki aulaad. patthar baazi ke alawa kuchh kaam kara kabhi teri kaum ne ?",teri maa ka halala kra rha tha koi problem madarjat bhosdike mulle,lanati saali aise hi hoti hai jo ghar mein sath dekhne waale ko bachaya hua,1,religious_hate_batch_002.csv
class2_batch010_sample011841,10,11841,2,Religious Hate,212841,216841,v3_original_demo_boundary_prompt,4-shot random authentic same-class,Shortlisted authentic RUHSOLD Religious Hate examples,118,qadiyani pe lanat mirza khinzeer harami pe lanat.,please don't share his obnoxious face to me. below is the image of the book rohani khzain from ahmedi's official website see what your evil messiah has declared god but you had said you have read the books of mirza and accepted him mehdi may god give you hidyath,wise halala ki paidaish tumse yhi ummid ki ja sakti hai madarsa chhhap suarðÿ˜‚ðÿ¤£ðÿ¤£ðÿ¤£ðÿ¤£,kutto ki tarah america maar raha hai tumhari kaum ko...aasmani kitab walo...israel roj filistin may maa chod raha hai tumhari.... pahle unse nipto....dare hue log😂😂,saale jahil aurat ke bachay gandu mullo,2,religious_hate_batch_010.csv
class2_batch002_sample010233,2,10233,2,Religious Hate,211233,215233,v3_original_demo_boundary_prompt,4-shot random authentic same-class,Shortlisted authentic RUHSOLD Religious Hate examples,118,tumri ma buhat hanzir hy jis ne tum jaise  yahodi kafir rhandi hanzir aurat ko paida kiya,halala ki padayish ho aap aur kya expect karenge hum aapse,that nigga was yahoodi he probably lied to all the employees,typical muslim randi-rona taqia.,teri bhen ko apna jism meri marzi krte,1,religious_hate_batch_002.csv
class2_batch004_sample010651,4,10651,2,Religious Hate,211651,215651,v3_original_demo_boundary_prompt,4-shot random authentic same-class,Shortlisted authentic RUHSOLD Religious Hate examples,118,ahmdi is a non muslim biggest cheap religion ahmdi.,no no ...... hindu na kah mujhe ........islam bura maan jayega .......kaafir kah kaafir...,ahmedi mirziee qadiyani hargiz kuleedi uhdu pe nhee janay chahien warna hmari agencies pe swalia nishan hey,lanat abbtknews k khilaf trend bnane walye yazeedion pe r bibi k dushmano p bhi,tum toh abb tak apni shakal dekh sakte thi wo kya ho gayi,1,religious_hate_batch_004.csv
class2_batch006_sample011181,6,11181,2,Religious Hate,212181,216181,v3_original_demo_boundary_prompt,4-shot random authentic same-class,Shortlisted authentic RUHSOLD Religious Hate examples,118,well said.lanati hain ye qadyani kafir,"bilkul,itny lecture milny hain jese christmas or new year pe milty hain ,kya apko pata bhi hai k kaafir janwaro k haqq main dua bhi nahi krni chahye",aor hamary hkmran in k sath mily huy en ....yahudi aor hindun hmary sb sy bry dushman en,pislam me media ka estemal kerna haram hai  halala ki paidais,"oooo i am so sorry, this is my first time posting anything on twitter, i just wanted to ask if they were muslims or not, but now i have understood it was a mistake, i apologize for any hurt feelings, plz forgive me",2,religious_hate_batch_006.csv
class2_batch001_sample010023,1,10023,2,Religious Hate,211023,215023,v3_original_demo_boundary_prompt,4-shot random authentic same-class,Shortlisted authentic RUHSOLD Religious Hate examples,118,ye bat tum yahoodi ko bolo atankwadi tum ho jo musalman se nafrat ki aag me insaniyat ke sabse bade dushman yahoodi ko support karte ho ye log to face to face mara hai unlog chote bache ka upar bom feka kisi aurat ya admi bacha ko goli mar diya wi bhi waha ke civilian hi hai,qadiyani pe lanat mirza khinzeer harami pe lanat.,kaafir tujhe kuch nai malum,abe mc mein bheju teri maa cow ka photo kat te hue bc. chod teri tarah andhbhakt nhi hu aur nhi illiterate.. go and drink cow piss.,pakistan me apni beti ko chup krna padta hai jab humare jahan me tere jaise logon ne bhenchod,1,religious_hate_batch_001.csv
class2_batch002_sample010303,2,10303,2,Religious Hate,211303,215303,v3_original_demo_boundary_prompt,4-shot random authentic same-class,Shortlisted authentic RUHSOLD Religious Hate examples,118,"pta nhi kon si uni se graduate hote ho aap log jnha aesi wahiyat education di jati hðÿ˜‚ðÿ˜‚ðÿ˜‚ halala, gazwa-e-hind, camel urine or pta nhi kya kyaðÿ˜‚ðÿ˜‚ðÿ˜‚ðÿ¤£ðÿ¤£ðÿ¤£ðÿ¤£ðÿ‘ðÿ»","surprise!  surprise!  majority of the muslims are at just in different levels of ""usman khan"" ranging from mild to extreme (except ahmadiya may be, but they are not ""real muslims"")  that's from a person living in a country with 95% muslim    https://t.co/hq35u2xrrk,2009-05-25 17:25:26,sydney, new south wales","just the ten thousandth ""isolated"" instance of christian /jewish/hindu/ahmedi places of worship being attacked by crybabies who themselves can't handle some nutcase burning a book full of fiction stories.",plz sir hamy in say koi khtra nahi hamy is imran khan yahodi our kadiyanion say bachny pay gor karen pak army tayri azmat ko salam,teri maa chod dunga tu kutte ka bacha,1,religious_hate_batch_002.csv
class2_batch001_sample010063,1,10063,2,Religious Hate,211063,215063,v3_original_demo_boundary_prompt,4-shot random authentic same-class,Shortlisted authentic RUHSOLD Religious Hate examples,118,tumhri maa kk chodu sale apni maa ko chod ke paida hone wale randi ki aulad sale apni behan ko biwi bana ke rkhne wale muhammad ki nazayaj aulad,1 balatkari muslim 3 balatkari tera baap hindu h uske bare m kuch bol  be,uff pakiza muslim randi 😉😍,benchod randi  islam,mullah kya khelna chaye? jb aik yahodi agent aur sazishi harami ek sath aye to tu kyun na samjha?,1,religious_hate_batch_001.csv
class2_batch004_sample010609,4,10609,2,Religious Hate,211609,215609,v3_original_demo_boundary_prompt,4-shot random authentic same-class,Shortlisted authentic RUHSOLD Religious Hate examples,118,o madadarchod: tum tu farigh ho aur yeh gashti tu waisay he sari raat jagti hay. o dallay o kanjar hum tu iran jatay hotay hain tu bata apni behan kitni baar mbs aur us kay wahabi sheikhon ko bhaijta hay.,"path of cruelty , path of violence, path of halala , path of tripe talaq, path of marrying 6 years old aisha,path to discipline their wives by beating them,path of hurun,path of apostasy,path of punishable apostasy, path of beheading. what a pissful religion izlam is ðÿ‘",yes they are involved in bomb blast... halala and bakrigiri,typical muslim randi-rona taqia.,haan na chupa kar tumhary maa ka yaar abhi tak hi ye sab sunna tha jo tu samjh aya hai,1,religious_hate_batch_004.csv
class2_batch007_sample011249,7,11249,2,Religious Hate,212249,216249,v3_original_demo_boundary_prompt,4-shot random authentic same-class,Shortlisted authentic RUHSOLD Religious Hate examples,118,jaa bhen k lory tum harrami ki nasal ho.. dewband maslak pe kutty ki tareh bhoonkty ho..,sunni killing a shia....what's new?  thank god he wasn't a ahmedi muslim otherwise the motive would have been to acquire a passport to migrate to western countries and continue their islamic jihadi work after retirement,wehshi darandy easai yahodi hindo islam amanka ka mazhab,yahodi agent qadyani chamcha,ye sab waisay nae kar saky ga,2,religious_hate_batch_007.csv
class2_batch009_sample011633,9,11633,2,Religious Hate,212633,216633,v3_original_demo_boundary_prompt,4-shot random authentic same-class,Shortlisted authentic RUHSOLD Religious Hate examples,118,no no ...... hindu na kah mujhe ........islam bura maan jayega .......kaafir kah kaafir...,wise halala ki paidaish tumse yhi ummid ki ja sakti hai madarsa chhhap suarðÿ˜‚ðÿ¤£ðÿ¤£ðÿ¤£ðÿ¤£,phir kehty hum bhot badry #muslim hn aur #ashaq_e_rasool sawm hain lanat hai un sab #haramio py jinho ny bibi fatima zahra ko shahheed kia aur #haq khaya 🖐🏻😡🐕 aur lanat un sab py jo un #haramio ky hamdard hain,aor hamary hkmran in k sath mily huy en ....yahudi aor hindun hmary sb sy bry dushman en,tere maa ko chodta ho,2,religious_hate_batch_009.csv
class2_batch005_sample010987,5,10987,2,Religious Hate,211987,215987,v3_original_demo_boundary_prompt,4-shot random authentic same-class,Shortlisted authentic RUHSOLD Religious Hate examples,118,teri maa ka halala kra rha tha koi problem madarjat bhosdike mulle,halala ki padayish ho aap aur kya expect karenge hum aapse,iran shia mulk ha or ye munafik log han,tumhri maa kk chodu sale apni maa ko chod ke paida hone wale randi ki aulad sale apni behan ko biwi bana ke rkhne wale muhammad ki nazayaj aulad,yahoodi agents,1,religious_hate_batch_005.csv
class2_batch003_sample010538,3,10538,2,Religious Hate,211538,215538,v3_original_demo_boundary_prompt,4-shot random authentic same-class,Shortlisted authentic RUHSOLD Religious Hate examples,118,ahmdi is a non muslim biggest cheap religion ahmdi.,kitane maulviyon ne tumhari ammi jaan ka halala kiya hoga tab jakar tum jaisa suar nikla hoga .. ye bhi to bta re mulle..,ye bat tum yahoodi ko bolo atankwadi tum ho jo musalman se nafrat ki aag me insaniyat ke sabse bade dushman yahoodi ko support karte ho ye log to face to face mara hai unlog chote bache ka upar bom feka kisi aurat ya admi bacha ko goli mar diya wi bhi waha ke civilian hi hai,sirf momin aya to yahoodi kum nasal marny laggaye agr sawa crore momin agaye to sochen kya hoga?hamen jagna hoga,ajeeb kutti ka bacha haramkhor hein,1,religious_hate_batch_003.csv
class2_batch004_sample010701,4,10701,2,Religious Hate,211701,215701,v3_original_demo_boundary_prompt,4-shot random authentic same-class,Shortlisted authentic RUHSOLD Religious Hate examples,118,qadiyani pe lanat mirza khinzeer harami pe lanat.,please don't share his obnoxious face to me. below is the image of the book rohani khzain from ahmedi's official website see what your evil messiah has declared god but you had said you have read the books of mirza and accepted him mehdi may god give you hidyath,yahoodi ko hitler ne chora or general ne in jaajoon ko chor k dhkya k ye kai hain.😂,phir in yahodi khanzeer logo ko pata chalaiga kai kia ta aur kia nahen ye sirf dajjal kai liye aisa kar rahai hain kyunkai ye yahodi log khazeer log dajjal ko apna leader samjhtai hain aur tumhara pura bollywood bollyminati ban chuka hain tumharai dimagh ko programming ki ja rah,yaar hamare kuch nahi boltey jb koi aurat ka ghaas lagta hai to wo bolta hai humare kisi aurat ka ghaas ni lagta.. yeh hamari jagah hi hai jo jab aik m,1,religious_hate_batch_004.csv
class2_batch005_sample010917,5,10917,2,Religious Hate,211917,215917,v3_original_demo_boundary_prompt,4-shot random authentic same-class,Shortlisted authentic RUHSOLD Religious Hate examples,118,uff pakiza muslim randi 😉😍,"tum vahi karo jo aata hai ,namaz or bakri chudai","gau mutr peeyo tum log lodu awkat bna phir aake muh lag, randwa saala",well said.lanati hain ye qadyani kafir,#sacha_shukla #bb13 #biggboss13   teri maa ki chut mein tu tere baap ke jaise halala wale kya bhi karti ho,1,religious_hate_batch_005.csv
class2_batch008_sample011432,8,11432,2,Religious Hate,212432,216432,v3_original_demo_boundary_prompt,4-shot random authentic same-class,Shortlisted authentic RUHSOLD Religious Hate examples,118,please don't share his obnoxious face to me. below is the image of the book rohani khzain from ahmedi's official website see what your evil messiah has declared god but you had said you have read the books of mirza and accepted him mehdi may god give you hidyath,tm jeso ki jb g**nd mari jaye na fir tm log thek rehty ho bc k bachy jb wo yahoodi lanti marty hn na wo muslim dekhty hn air kuch ni dekhty baki tm na toh apni pesh krni hoti ha unhy.,yahodi agent qadyani chamcha,#stopisraeliterror   yahoodi mulk jisey israel ka naam diya gaya najaiz hai yahoodi sabse bada dahshatgard,ye sahab khud yahodi he jo mian sb ko dikha raha hy.,2,religious_hate_batch_008.csv
class2_batch003_sample010494,3,10494,2,Religious Hate,211494,215494,v3_original_demo_boundary_prompt,4-shot random authentic same-class,Shortlisted authentic RUHSOLD Religious Hate examples,118,bosdk yeh tumhare ghar me hota hai. saari k blouse me mote mote doodh dikhati firti hain tumhare dharam ki orate or hindu orat ko musalman ka l#nd aachaa lagta hai. yeh baat puri dunia janti hai,but we have a firm belief now that qadiyani and ahmedi neither want muslims nor pakistanis to live in a harmony,"just the ten thousandth ""isolated"" instance of christian /jewish/hindu/ahmedi places of worship being attacked by crybabies who themselves can't handle some nutcase burning a book full of fiction stories.","rt : q. woh kaun si qome he,jis ne such bhi bola phr bhi jahnum mein jayegi? ans: yahoodi or nasara qome. shahid sindh",nawaz sharif to islamabad se ghusne chale ga. ye qadyani kutte hi yahan na aye.,1,religious_hate_batch_003.csv
class2_batch007_sample011322,7,11322,2,Religious Hate,212322,216322,v3_original_demo_boundary_prompt,4-shot random authentic same-class,Shortlisted authentic RUHSOLD Religious Hate examples,118,chutiya azam ny kia kia ha ab tk sawa saal mein sirf 11600 arab ka izfa qarzoun mein kia or kuch nhi badlo apni soch ko yahodi na bano or ek muslim ki tarh socho,no no ...... hindu na kah mujhe ........islam bura maan jayega .......kaafir kah kaafir...,"just the ten thousandth ""isolated"" instance of christian /jewish/hindu/ahmedi places of worship being attacked by crybabies who themselves can't handle some nutcase burning a book full of fiction stories.",yahoodi kabhi hamara dost nhi ho sakta,harami sabse bada gunda,2,religious_hate_batch_007.csv
class2_batch010_sample011840,10,11840,2,Religious Hate,212840,216840,v3_original_demo_boundary_prompt,4-shot random authentic same-class,Shortlisted authentic RUHSOLD Religious Hate examples,118,kaafir tujhe kuch nai malum,tumri ma buhat hanzir hy jis ne tum jaise  yahodi kafir rhandi hanzir aurat ko paida kiya,"not surprised comment came from ahmedi. tbh, i won't be surprised when some christians will argue that they r included in muslim category too. just bcoz they believe there is only one god.",kitane maulviyon ne tumhari ammi jaan ka halala kiya hoga tab jakar tum jaisa suar nikla hoga .. ye bhi to bta re mulle..,rt : charsi kutte ke khud ko shukr ha jinko kisi gandu ne kia ha wo koi nahi kafi kuch,2,religious_hate_batch_010.csv
class2_batch007_sample011293,7,11293,2,Religious Hate,212293,216293,v3_original_demo_boundary_prompt,4-shot random authentic same-class,Shortlisted authentic RUHSOLD Religious Hate examples,118,tum log yahoodi ho kisi ko shuck nahi hona chaheye bus kafi hogae musalmanon ko aur dhoka na dou👹,"huh wut you say u imbecile, i shat on you...toh toh toh kaafir","path of cruelty , path of violence, path of halala , path of tripe talaq, path of marrying 6 years old aisha,path to discipline their wives by beating them,path of hurun,path of apostasy,path of punishable apostasy, path of beheading. what a pissful religion izlam is ðÿ‘",lul bukhari ye tum nahe tumaray yahoodi or hindu thuku bol rahay hain jin ko army sey bahot hi zeda takleef hai...🖕,saale kuttay......hindoo kya kehte hai khud ki gand ma doob le.,2,religious_hate_batch_007.csv
class2_batch008_sample011491,8,11491,2,Religious Hate,212491,216491,v3_original_demo_boundary_prompt,4-shot random authentic same-class,Shortlisted authentic RUHSOLD Religious Hate examples,118,phir in yahodi khanzeer logo ko pata chalaiga kai kia ta aur kia nahen ye sirf dajjal kai liye aisa kar rahai hain kyunkai ye yahodi log khazeer log dajjal ko apna leader samjhtai hain aur tumhara pura bollywood bollyminati ban chuka hain tumharai dimagh ko programming ki ja rah,pehle america jaiga ue begairaat musliman kehlwane kai laiq nh pehle he logh kehty h eske bary me ye yahoodi hai,teri maa ka halala kra rha tha koi problem madarjat bhosdike mulle,"pta nhi kon si uni se graduate hote ho aap log jnha aesi wahiyat education di jati hðÿ˜‚ðÿ˜‚ðÿ˜‚ halala, gazwa-e-hind, camel urine or pta nhi kya kyaðÿ˜‚ðÿ˜‚ðÿ˜‚ðÿ¤£ðÿ¤£ðÿ¤£ðÿ¤£ðÿ‘ðÿ»",wo gand maro yahodi ki,2,religious_hate_batch_008.csv
class2_batch002_sample010366,2,10366,2,Religious Hate,211366,215366,v3_original_demo_boundary_prompt,4-shot random authentic same-class,Shortlisted authentic RUHSOLD Religious Hate examples,118,sirf momin aya to yahoodi kum nasal marny laggaye agr sawa crore momin agaye to sochen kya hoga?hamen jagna hoga,jaa bhen k lory tum harrami ki nasal ho.. dewband maslak pe kutty ki tareh bhoonkty ho..,"not surprised comment came from ahmedi. tbh, i won't be surprised when some christians will argue that they r included in muslim category too. just bcoz they believe there is only one god.",hindoo wo qom ha jinper koi nabi koi kitaab nazil nahi hoi. ye to yahoodi se bhi bad tar hen,yahan pta chaly ga to ab kia karyga... hum apni maaa baap ka dushman hein,1,religious_hate_batch_002.csv
class2_batch008_sample011494,8,11494,2,Religious Hate,212494,216494,v3_original_demo_boundary_prompt,4-shot random authentic same-class,Shortlisted authentic RUHSOLD Religious Hate examples,118,haha jaat dikha di bsdk antankbadi halala ki aulaad teri ammi ka halala hua tha phir to randi ke bacheðÿ¤£ðÿ¤£ðÿ˜…,"huh wut you say u imbecile, i shat on you...toh toh toh kaafir",oy ahmdi kuty. tum log smjhty ho k is trah kr k hm awam ko pagl bnao gy?? beta bajwa ne tere jeso ko nanga nachana he sbr kr. kahi ni ja rha hmara army chief. tum logo ne agly 3 sal me ye duniya hi chor jani bajwa k dar se. ye army chief nahi pakistan ka muhafiz he.,hey are fighting amongst each other. #bajwa is compromise candidate. thats only reason why he a ahmadiya is a coas.,gandu yahodi agent hindu,2,religious_hate_batch_008.csv
class2_batch005_sample010973,5,10973,2,Religious Hate,211973,215973,v3_original_demo_boundary_prompt,4-shot random authentic same-class,Shortlisted authentic RUHSOLD Religious Hate examples,118,"rt : q. woh kaun si qome he,jis ne such bhi bola phr bhi jahnum mein jayegi? ans: yahoodi or nasara qome. shahid sindh",kitane maulviyon ne tumhari ammi jaan ka halala kiya hoga tab jakar tum jaisa suar nikla hoga .. ye bhi to bta re mulle..,"path of cruelty , path of violence, path of halala , path of tripe talaq, path of marrying 6 years old aisha,path to discipline their wives by beating them,path of hurun,path of apostasy,path of punishable apostasy, path of beheading. what a pissful religion izlam is ðÿ‘",benchod randi  islam,ye bhen chod kutti khanzeer admi muslimo mein likha hai,1,religious_hate_batch_005.csv
class2_batch004_sample010674,4,10674,2,Religious Hate,211674,215674,v3_original_demo_boundary_prompt,4-shot random authentic same-class,Shortlisted authentic RUHSOLD Religious Hate examples,118,sali muslims randi. jihadi sali,yes they are involved in bomb blast... halala and bakrigiri,tmri taraj animals ki potty n khate... tm jaake  bomb fodo jaake.......halala ke masala.  niklo.. yaha tm atankiyo k liy jagah ni h bhai. yaha atank n failaooo,"how did an ahmadiya get to the top in the army of sunnis, in the first place?",yahan hi tum logon ne kuch samjhaaya thaaa.. 😂😂,1,religious_hate_batch_004.csv
class2_batch005_sample010843,5,10843,2,Religious Hate,211843,215843,v3_original_demo_boundary_prompt,4-shot random authentic same-class,Shortlisted authentic RUHSOLD Religious Hate examples,118,qadiyani pe lanat mirza khinzeer harami pe lanat.,abe halala ki paidaish..  tumhara to wajood hi 800 years purana hai..  jab bhagwan ram ko kagaj dikhane ki jarurat par gayi to tum kaun ho.. kagaj to dikhana hi parega.. #nrc_caa_npr,q teri bhen ko chuda hy dewbandion ny ..harami ki nasal,kafir yahodi kafir hindo same thinking,ye baat mat pata karo yahan kya bolte raha hain,1,religious_hate_batch_005.csv
class2_batch004_sample010710,4,10710,2,Religious Hate,211710,215710,v3_original_demo_boundary_prompt,4-shot random authentic same-class,Shortlisted authentic RUHSOLD Religious Hate examples,118,abe halala ki paidaish..  tumhara to wajood hi 800 years purana hai..  jab bhagwan ram ko kagaj dikhane ki jarurat par gayi to tum kaun ho.. kagaj to dikhana hi parega.. #nrc_caa_npr,"m firqa wariyat m nahi parhna chahta, muslims mjo ahktlaf hen wo apni jaga , lekin pichly 200 saal sy muslim is liye mar kha rhy hen k sunni shia wahabi dayobandi bla bla ,,yahodi or nasara ny na koi sunni mulk chora ha na koi shia,  wo bs yehi dekhtay ye muslman ha ..bs maro isk",#stopisraeliterror   yahoodi mulk jisey israel ka naam diya gaya najaiz hai yahoodi sabse bada dahshatgard,"rt : q. woh kaun si qome he,jis ne such bhi bola phr bhi jahnum mein jayegi? ans: yahoodi or nasara qome. shahid sindh",rt :    imran khan says we need to control inflation but he has no idea what it means.,1,religious_hate_batch_004.csv
class2_batch001_sample010115,1,10115,2,Religious Hate,211115,215115,v3_original_demo_boundary_prompt,4-shot random authentic same-class,Shortlisted authentic RUHSOLD Religious Hate examples,118,"afghanio ne tme hindu se bachaya,randi k aulaad tareekh paro tm wo ganda khoon ho,jo siko aour hindu ki rape se paida woe ho,tme kalima tho sikaya afghano ne,magar tmari gandi dna wai ranjeet sing wali a,randi k aulaad tm ne kah pana di,am pashtono ne di,apnay bio ko hera mandi",jahil k bachy kahan likha h k gair mazhb sy nikaah jaiz ha... tmari gand me jo keera ha wo nhi merna... khoty khany waly... yahoodi kahan sy hogaey ahle kitaab ....tm.b yahoodi to nhi,q teri bhen ko chuda hy dewbandion ny ..harami ki nasal,yahodi agent qadyani chamcha,"tmhra abba nawaz kisi ko nahin dikhany ka waqia dikh raha tha,apni biwi ko dekh lain jisne tumhee marasi ka naam daala",1,religious_hate_batch_001.csv
class2_batch010_sample011829,10,11829,2,Religious Hate,212829,216829,v3_original_demo_boundary_prompt,4-shot random authentic same-class,Shortlisted authentic RUHSOLD Religious Hate examples,118,chhor bhen chod hrami hindu chhor esko😠😠😠,oeyy randdii k bachay ganddu hindu.. kyun jhoott baq raha hai gashti maa k ganndduu bachay. peshaab p k palnay wali qoum.,"surprise!  surprise!  majority of the muslims are at just in different levels of ""usman khan"" ranging from mild to extreme (except ahmadiya may be, but they are not ""real muslims"")  that's from a person living in a country with 95% muslim    https://t.co/hq35u2xrrk,2009-05-25 17:25:26,sydney, new south wales",kisi randi maa ki olad ap ki hindu aurtain jab pooja karti hn tab wo bagwan ka lund mounh me b leti hn?,oye yahodi agent tujhe bhi pta ha jo tumhary sath ho jati hai,2,religious_hate_batch_010.csv
class2_batch006_sample011146,6,11146,2,Religious Hate,212146,216146,v3_original_demo_boundary_prompt,4-shot random authentic same-class,Shortlisted authentic RUHSOLD Religious Hate examples,118,ho gaye hy aur han aj jo ye sekhon k liye kar raha hy ye whoi sekh hy jub pakistan azad howa tha aur muslmano ne jub india sa hijrat ki tub sub zada qatal muslim ko in sekhon ne kiya tha par afsos ap jesy log is yahodi e agent ko ek islami leader mante ho phir kasm khao k allah,"afghanio ne tme hindu se bachaya,randi k aulaad tareekh paro tm wo ganda khoon ho,jo siko aour hindu ki rape se paida woe ho,tme kalima tho sikaya afghano ne,magar tmari gandi dna wai ranjeet sing wali a,randi k aulaad tm ne kah pana di,am pashtono ne di,apnay bio ko hera mandi",abe halala ki paidaish..  tumhara to wajood hi 800 years purana hai..  jab bhagwan ram ko kagaj dikhane ki jarurat par gayi to tum kaun ho.. kagaj to dikhana hi parega.. #nrc_caa_npr,plz sir hamy in say koi khtra nahi hamy is imran khan yahodi our kadiyanion say bachny pay gor karen pak army tayri azmat ko salam,randi k aulad tm k mazhab mein kisi ka khatam karo na,2,religious_hate_batch_006.csv
class2_batch002_sample010367,2,10367,2,Religious Hate,211367,215367,v3_original_demo_boundary_prompt,4-shot random authentic same-class,Shortlisted authentic RUHSOLD Religious Hate examples,118,hindu sirf gooli ki zuban smjta ha,aye yahudiyo jitna zulm karna hai kar lo in sha allah woh din bhi zaroor aayega ke tumhe chun chun ke maara jayega yahan tak ke tum darakht ya pattharoñ ke piche chhup jaoge to bejan chizen bhi kahengi yahan yahoodi chhupa hai.hadees ka farman hai ho kar rahega #israeliterrorism,"path of cruelty , path of violence, path of halala , path of tripe talaq, path of marrying 6 years old aisha,path to discipline their wives by beating them,path of hurun,path of apostasy,path of punishable apostasy, path of beheading. what a pissful religion izlam is ðÿ‘",ye insan ik chaaal haaa dostoo .........zra smj k chliye gaa...sb jaanty hn qadyaani kaafir hn ......ye sb k sentiments gain kr rhaa haa......bad me ye apna chehra dikhiye gaaa fasad kii shkal me.....in chaaalo sy hosyar rhy baseerat paida kry sb apny andr.. shukria...,tu kya beth ga? bharwe,1,religious_hate_batch_002.csv
class2_batch009_sample011690,9,11690,2,Religious Hate,212690,216690,v3_original_demo_boundary_prompt,4-shot random authentic same-class,Shortlisted authentic RUHSOLD Religious Hate examples,118,"how did an ahmadiya get to the top in the army of sunnis, in the first place?",hindu dharm ka matlab samajh pehle puppet khali bhaunk aur bhaunk iam enjoying ur bark 😂😂😂😂,hey are fighting amongst each other. #bajwa is compromise candidate. thats only reason why he a ahmadiya is a coas.,"afghanio ne tme hindu se bachaya,randi k aulaad tareekh paro tm wo ganda khoon ho,jo siko aour hindu ki rape se paida woe ho,tme kalima tho sikaya afghano ne,magar tmari gandi dna wai ranjeet sing wali a,randi k aulaad tm ne kah pana di,am pashtono ne di,apnay bio ko hera mandi",yeh qandeel baloch munafiqat hain ye,2,religious_hate_batch_009.csv
class2_batch004_sample010715,4,10715,2,Religious Hate,211715,215715,v3_original_demo_boundary_prompt,4-shot random authentic same-class,Shortlisted authentic RUHSOLD Religious Hate examples,118,haha jaat dikha di bsdk antankbadi halala ki aulaad teri ammi ka halala hua tha phir to randi ke bacheðÿ¤£ðÿ¤£ðÿ˜…,kaafir tujhe kuch nai malum,"malala the product of halala pehle burke se, halala se, bacche paida kerne se or gulami ki jindgi se to azadi lelo hindustaan se azadi to tumhare kukarm tumhe dilwa hi denge. kyuki terrorism failaoge to lat mar ke desh se bhagae jaoge. i am with my country and support caa, nrcðÿ˜‰.",phir in yahodi khanzeer logo ko pata chalaiga kai kia ta aur kia nahen ye sirf dajjal kai liye aisa kar rahai hain kyunkai ye yahodi log khazeer log dajjal ko apna leader samjhtai hain aur tumhara pura bollywood bollyminati ban chuka hain tumharai dimagh ko programming ki ja rah,sakoon mein koi bhi aaya hoga,1,religious_hate_batch_004.csv
class2_batch008_sample011492,8,11492,2,Religious Hate,212492,216492,v3_original_demo_boundary_prompt,4-shot random authentic same-class,Shortlisted authentic RUHSOLD Religious Hate examples,118,oeyy randdii k bachay ganddu hindu.. kyun jhoott baq raha hai gashti maa k ganndduu bachay. peshaab p k palnay wali qoum.,ahmedi mirziee qadiyani hargiz kuleedi uhdu pe nhee janay chahien warna hmari agencies pe swalia nishan hey,haha jaat dikha di bsdk antankbadi halala ki aulaad teri ammi ka halala hua tha phir to randi ke bacheðÿ¤£ðÿ¤£ðÿ˜…,teri maa ka halala kra rha tha koi problem madarjat bhosdike mulle,tum logon ne jin ko muslims kaam kia ha jo hamare hisab se muhobbat na karte ho wo bhi bhul k mar ja,2,religious_hate_batch_008.csv
class2_batch005_sample010942,5,10942,2,Religious Hate,211942,215942,v3_original_demo_boundary_prompt,4-shot random authentic same-class,Shortlisted authentic RUHSOLD Religious Hate examples,118,kaafir tujhe kuch nai malum,"how did an ahmadiya get to the top in the army of sunnis, in the first place?",benchod randi  islam,"surprise!  surprise!  majority of the muslims are at just in different levels of ""usman khan"" ranging from mild to extreme (except ahmadiya may be, but they are not ""real muslims"")  that's from a person living in a country with 95% muslim    https://t.co/hq35u2xrrk,2009-05-25 17:25:26,sydney, new south wales",i believe ahmedi's are the biggest terrorist group in pakistan,1,religious_hate_batch_005.csv
class2_batch002_sample010344,2,10344,2,Religious Hate,211344,215344,v3_original_demo_boundary_prompt,4-shot random authentic same-class,Shortlisted authentic RUHSOLD Religious Hate examples,118,hindu dharm ka matlab samajh pehle puppet khali bhaunk aur bhaunk iam enjoying ur bark 😂😂😂😂,lul bukhari ye tum nahe tumaray yahoodi or hindu thuku bol rahay hain jin ko army sey bahot hi zeda takleef hai...🖕,"ye manhoos hinduon ki diwali k chakkar mai har jaga ki aur quality kharab hogai, bharwe",lanat abbtknews k khilaf trend bnane walye yazeedion pe r bibi k dushmano p bhi,ye kya baat ha tum logon ne india ki ghatya qanoon pasand krte ho,1,religious_hate_batch_002.csv
class2_batch004_sample010619,4,10619,2,Religious Hate,211619,215619,v3_original_demo_boundary_prompt,4-shot random authentic same-class,Shortlisted authentic RUHSOLD Religious Hate examples,118,o madadarchod: tum tu farigh ho aur yeh gashti tu waisay he sari raat jagti hay. o dallay o kanjar hum tu iran jatay hotay hain tu bata apni behan kitni baar mbs aur us kay wahabi sheikhon ko bhaijta hay.,"pta nhi kon si uni se graduate hote ho aap log jnha aesi wahiyat education di jati hðÿ˜‚ðÿ˜‚ðÿ˜‚ halala, gazwa-e-hind, camel urine or pta nhi kya kyaðÿ˜‚ðÿ˜‚ðÿ˜‚ðÿ¤£ðÿ¤£ðÿ¤£ðÿ¤£ðÿ‘ðÿ»",meri tarbiyat yehi hai k jo amreca ko apna baap manta hai na wo muslman hai or na us s koi hanra taloq hai tum nasl e yazeedi ho masl e yahodi or yahoodio ki olad ho,ye lode teri maa or bahan ke shohar hai or jyada bolega to de denge teri maa or bahan ko hum denge talaq or fir halala wow kya baat hai mullo wow lund chuss lo ðÿ˜œðÿ˜œðÿ˜œðÿ˜œ,bhai uthane ka matlab ha abhi tak kia 3800 tweets krna tha lekin ye kisi aur tweet pe reply nahi ata😂,1,religious_hate_batch_004.csv
class2_batch009_sample011625,9,11625,2,Religious Hate,212625,216625,v3_original_demo_boundary_prompt,4-shot random authentic same-class,Shortlisted authentic RUHSOLD Religious Hate examples,118,hey are fighting amongst each other. #bajwa is compromise candidate. thats only reason why he a ahmadiya is a coas.,wehshi darandy easai yahodi hindo islam amanka ka mazhab,please don't share his obnoxious face to me. below is the image of the book rohani khzain from ahmedi's official website see what your evil messiah has declared god but you had said you have read the books of mirza and accepted him mehdi may god give you hidyath,tm jeso ki jb g**nd mari jaye na fir tm log thek rehty ho bc k bachy jb wo yahoodi lanti marty hn na wo muslim dekhty hn air kuch ni dekhty baki tm na toh apni pesh krni hoti ha unhy.,rt : wow u r so cool!! i wanna hang out with u at a park! i mean ur pics are so dope! just like my own pics n shyt...😂,2,religious_hate_batch_009.csv
class2_batch001_sample010173,1,10173,2,Religious Hate,211173,215173,v3_original_demo_boundary_prompt,4-shot random authentic same-class,Shortlisted authentic RUHSOLD Religious Hate examples,118,kitane maulviyon ne tumhari ammi jaan ka halala kiya hoga tab jakar tum jaisa suar nikla hoga .. ye bhi to bta re mulle..,halala ki padayish ho aap aur kya expect karenge hum aapse,kaafir tujhe kuch nai malum,lul bukhari ye tum nahe tumaray yahoodi or hindu thuku bol rahay hain jin ko army sey bahot hi zeda takleef hai...🖕,tu apni maa chod dete hai ya chudwata hai,1,religious_hate_batch_001.csv
class2_batch003_sample010462,3,10462,2,Religious Hate,211462,215462,v3_original_demo_boundary_prompt,4-shot random authentic same-class,Shortlisted authentic RUHSOLD Religious Hate examples,118,ye lode teri maa or bahan ke shohar hai or jyada bolega to de denge teri maa or bahan ko hum denge talaq or fir halala wow kya baat hai mullo wow lund chuss lo ðÿ˜œðÿ˜œðÿ˜œðÿ˜œ,kutto ki tarah america maar raha hai tumhari kaum ko...aasmani kitab walo...israel roj filistin may maa chod raha hai tumhari.... pahle unse nipto....dare hue log😂😂,sunni killing a shia....what's new?  thank god he wasn't a ahmedi muslim otherwise the motive would have been to acquire a passport to migrate to western countries and continue their islamic jihadi work after retirement,"hogai izzat? mera jism meri marzi jc ghaleez or ghatiya terminologies hamare muslim muashrey me dene ki koshish me aapki so-called,vahiyat or ikhlaq se giri support ko khud ne hi reject kardiya.  apne yahoodi gods ko khush krne k liey kuch or karien",ab tak tu nahi samajha rhegi ki aisa halala hai kya aur apke liye nikah aur aagl e qurbani ke liye bhi zaroor ata ha.,1,religious_hate_batch_003.csv
class2_batch007_sample011200,7,11200,2,Religious Hate,212200,216200,v3_original_demo_boundary_prompt,4-shot random authentic same-class,Shortlisted authentic RUHSOLD Religious Hate examples,118,haha jaat dikha di bsdk antankbadi halala ki aulaad teri ammi ka halala hua tha phir to randi ke bacheðÿ¤£ðÿ¤£ðÿ˜…,tumri ma buhat hanzir hy jis ne tum jaise  yahodi kafir rhandi hanzir aurat ko paida kiya,abe jaana mullle sale bhikari !! halala k maje krwa apni maa ko,benchod randi  islam,abb gandu saali kya ho yaar,2,religious_hate_batch_007.csv
class2_batch009_sample011601,9,11601,2,Religious Hate,212601,216601,v3_original_demo_boundary_prompt,4-shot random authentic same-class,Shortlisted authentic RUHSOLD Religious Hate examples,118,ye lode teri maa or bahan ke shohar hai or jyada bolega to de denge teri maa or bahan ko hum denge talaq or fir halala wow kya baat hai mullo wow lund chuss lo ðÿ˜œðÿ˜œðÿ˜œðÿ˜œ,lul bukhari ye tum nahe tumaray yahoodi or hindu thuku bol rahay hain jin ko army sey bahot hi zeda takleef hai...🖕,"bilkul,itny lecture milny hain jese christmas or new year pe milty hain ,kya apko pata bhi hai k kaafir janwaro k haqq main dua bhi nahi krni chahye",#stopisraeliterror   yahoodi mulk jisey israel ka naam diya gaya najaiz hai yahoodi sabse bada dahshatgard,o qurbani tu kitna acha lagta hai,2,religious_hate_batch_009.csv
class2_batch003_sample010485,3,10485,2,Religious Hate,211485,215485,v3_original_demo_boundary_prompt,4-shot random authentic same-class,Shortlisted authentic RUHSOLD Religious Hate examples,118,tmri taraj animals ki potty n khate... tm jaake  bomb fodo jaake.......halala ke masala.  niklo.. yaha tm atankiyo k liy jagah ni h bhai. yaha atank n failaooo,kisi randi maa ki olad ap ki hindu aurtain jab pooja karti hn tab wo bagwan ka lund mounh me b leti hn?,chal fosdi ke mohammad kabile wale ki halala ki aulad,chhor bhen chod hrami hindu chhor esko😠😠😠,ye pakistani muslims thay jo pakistan nee israel k pasand kr rhy thay aur jo india nee israel ko dushman banaya tha us k liye ye log humein bathe kare,1,religious_hate_batch_003.csv
class2_batch009_sample011659,9,11659,2,Religious Hate,212659,216659,v3_original_demo_boundary_prompt,4-shot random authentic same-class,Shortlisted authentic RUHSOLD Religious Hate examples,118,yahoodi kabhi hamara dost nhi ho sakta,israel yahoodi sabse bade atankwaadi hai,pehle america jaiga ue begairaat musliman kehlwane kai laiq nh pehle he logh kehty h eske bary me ye yahoodi hai,"how did an ahmadiya get to the top in the army of sunnis, in the first place?",tum aise hi apni maa ki choot maro,2,religious_hate_batch_009.csv
class2_batch005_sample010965,5,10965,2,Religious Hate,211965,215965,v3_original_demo_boundary_prompt,4-shot random authentic same-class,Shortlisted authentic RUHSOLD Religious Hate examples,118,#stopisraeliterror   yahoodi mulk jisey israel ka naam diya gaya najaiz hai yahoodi sabse bada dahshatgard,q teri bhen ko chuda hy dewbandion ny ..harami ki nasal,yahoodi kabhi hamara dost nhi ho sakta,"bilkul,itny lecture milny hain jese christmas or new year pe milty hain ,kya apko pata bhi hai k kaafir janwaro k haqq main dua bhi nahi krni chahye",mohammad(saw) ki sham ko nafrat kar raha hai ...,1,religious_hate_batch_005.csv
class2_batch006_sample011189,6,11189,2,Religious Hate,212189,216189,v3_original_demo_boundary_prompt,4-shot random authentic same-class,Shortlisted authentic RUHSOLD Religious Hate examples,118,aye yahudiyo jitna zulm karna hai kar lo in sha allah woh din bhi zaroor aayega ke tumhe chun chun ke maara jayega yahan tak ke tum darakht ya pattharoñ ke piche chhup jaoge to bejan chizen bhi kahengi yahan yahoodi chhupa hai.hadees ka farman hai ho kar rahega #israeliterrorism,phir kehty hum bhot badry #muslim hn aur #ashaq_e_rasool sawm hain lanat hai un sab #haramio py jinho ny bibi fatima zahra ko shahheed kia aur #haq khaya 🖐🏻😡🐕 aur lanat un sab py jo un #haramio ky hamdard hain,"ye manhoos hinduon ki diwali k chakkar mai har jaga ki aur quality kharab hogai, bharwe",sunni killing a shia....what's new?  thank god he wasn't a ahmedi muslim otherwise the motive would have been to acquire a passport to migrate to western countries and continue their islamic jihadi work after retirement,kutte tu abhi tk na gaya tha?,2,religious_hate_batch_006.csv
class2_batch001_sample010032,1,10032,2,Religious Hate,211032,215032,v3_original_demo_boundary_prompt,4-shot random authentic same-class,Shortlisted authentic RUHSOLD Religious Hate examples,118,but we have a firm belief now that qadiyani and ahmedi neither want muslims nor pakistanis to live in a harmony,phir kehty hum bhot badry #muslim hn aur #ashaq_e_rasool sawm hain lanat hai un sab #haramio py jinho ny bibi fatima zahra ko shahheed kia aur #haq khaya 🖐🏻😡🐕 aur lanat un sab py jo un #haramio ky hamdard hain,or wahan tumhara jahanumi ahmedi jo naaowz billah nabi hona ka dawa dar tha wo wo case hara tha or court sa bhag gya tha.nabi pak p.b.u.h allah ka akhri nabi han or on ka bad koi nabi nahi ae ga.ya ak haqeqat ha jo quran ma bhi ha.or 1947 ma pak islam ka name par bana tha.,yahodi agent qadyani chamcha,kuch bhi bhi ni kr sakty hamein apni khud ki maa bajy tk na chly kisi munafiq kay barabar ho jaey,1,religious_hate_batch_001.csv
class2_batch008_sample011558,8,11558,2,Religious Hate,212558,216558,v3_original_demo_boundary_prompt,4-shot random authentic same-class,Shortlisted authentic RUHSOLD Religious Hate examples,118,chutiya azam ny kia kia ha ab tk sawa saal mein sirf 11600 arab ka izfa qarzoun mein kia or kuch nhi badlo apni soch ko yahodi na bano or ek muslim ki tarh socho,"ye manhoos hinduon ki diwali k chakkar mai har jaga ki aur quality kharab hogai, bharwe",phir kehty hum bhot badry #muslim hn aur #ashaq_e_rasool sawm hain lanat hai un sab #haramio py jinho ny bibi fatima zahra ko shahheed kia aur #haq khaya 🖐🏻😡🐕 aur lanat un sab py jo un #haramio ky hamdard hain,sale halala molvi se tum karvao apni oorto ka or apni ma bahan ka bol heme rhe ho molvi kamre m apni bahan ko bej kar sina choda hota hoga tumhara,lanati munafiq tera baap tha lanati halala ka molvi,2,religious_hate_batch_008.csv
class2_batch006_sample011192,6,11192,2,Religious Hate,212192,216192,v3_original_demo_boundary_prompt,4-shot random authentic same-class,Shortlisted authentic RUHSOLD Religious Hate examples,118,in beghairto israel yahodi khanzeer kai bacho nai kia kuch nahen kia hain lekhin alhamdulillah islam wahid deen jo mohabbat sikhati hain nakai nafrat aur ye sab sai tezi sai phelta huwa deen hain is liye inko jalan ho rahi hain aur har koshish kar bhe chukai hain aur kar bhe,"path of cruelty , path of violence, path of halala , path of tripe talaq, path of marrying 6 years old aisha,path to discipline their wives by beating them,path of hurun,path of apostasy,path of punishable apostasy, path of beheading. what a pissful religion izlam is ðÿ‘","m firqa wariyat m nahi parhna chahta, muslims mjo ahktlaf hen wo apni jaga , lekin pichly 200 saal sy muslim is liye mar kha rhy hen k sunni shia wahabi dayobandi bla bla ,,yahodi or nasara ny na koi sunni mulk chora ha na koi shia,  wo bs yehi dekhtay ye muslman ha ..bs maro isk",kitane maulviyon ne tumhari ammi jaan ka halala kiya hoga tab jakar tum jaisa suar nikla hoga .. ye bhi to bta re mulle..,abhi tak ye logon ko pata ni keh diya tha ke unka baap hai... kutte se akhrot todne ka kam ye yahoodi agent hai,2,religious_hate_batch_006.csv
class2_batch005_sample010915,5,10915,2,Religious Hate,211915,215915,v3_original_demo_boundary_prompt,4-shot random authentic same-class,Shortlisted authentic RUHSOLD Religious Hate examples,118,kafir yahodi kafir hindo same thinking,"ye manhoos hinduon ki diwali k chakkar mai har jaga ki aur quality kharab hogai, bharwe",kutto ki tarah america maar raha hai tumhari kaum ko...aasmani kitab walo...israel roj filistin may maa chod raha hai tumhari.... pahle unse nipto....dare hue log😂😂,wise halala ki paidaish tumse yhi ummid ki ja sakti hai madarsa chhhap suarðÿ˜‚ðÿ¤£ðÿ¤£ðÿ¤£ðÿ¤£,aik randi kehni mohabbat nhi hoti...,1,religious_hate_batch_005.csv
class2_batch001_sample010124,1,10124,2,Religious Hate,211124,215124,v3_original_demo_boundary_prompt,4-shot random authentic same-class,Shortlisted authentic RUHSOLD Religious Hate examples,118,jisko bhi hindu ki chudai par shak hai to ek baar mujh se chudwa kar dekho sab bhram dur ho jayega,that's for foolish act and the ahmedi you highlighted they were equal to jews for us so alhmdurallah we save quran ! . and about hindus and christians its was a false news !  and if it is real then show me !  if you don't have anything then shut up and run !,halala ki padayish ho aap aur kya expect karenge hum aapse,"huh wut you say u imbecile, i shat on you...toh toh toh kaafir",bharwe teri maa ka yaar dabbo mia sahib ko,1,religious_hate_batch_001.csv
class2_batch008_sample011481,8,11481,2,Religious Hate,212481,216481,v3_original_demo_boundary_prompt,4-shot random authentic same-class,Shortlisted authentic RUHSOLD Religious Hate examples,118,chal fosdi ke mohammad kabile wale ki halala ki aulad,lant hy teri aagli pecchli tweet pe or tum pe or qadyanion pe or kuch ?,yahodi agent qadyani chamcha,kisi randi maa ki olad ap ki hindu aurtain jab pooja karti hn tab wo bagwan ka lund mounh me b leti hn?,tere baap ko pta chl ga ye halala ki paidaiyon ka bacha ha,2,religious_hate_batch_008.csv
class2_batch001_sample010163,1,10163,2,Religious Hate,211163,215163,v3_original_demo_boundary_prompt,4-shot random authentic same-class,Shortlisted authentic RUHSOLD Religious Hate examples,118,well said.lanati hain ye qadyani kafir,chal na randi ! we have spiritual connection with supreme leader imam khamnae !  we have our hearts and souls for holy cities of najaf and karbala !  dont give a fck to wahabi chutiyas,"rt : q. woh kaun si qome he,jis ne such bhi bola phr bhi jahnum mein jayegi? ans: yahoodi or nasara qome. shahid sindh",pehle america jaiga ue begairaat musliman kehlwane kai laiq nh pehle he logh kehty h eske bary me ye yahoodi hai,lanat ho tum per apny khandani kuch aur bhi bolnay ki,1,religious_hate_batch_001.csv
class2_batch003_sample010415,3,10415,2,Religious Hate,211415,215415,v3_original_demo_boundary_prompt,4-shot random authentic same-class,Shortlisted authentic RUHSOLD Religious Hate examples,118,jisko bhi hindu ki chudai par shak hai to ek baar mujh se chudwa kar dekho sab bhram dur ho jayega,"path of cruelty , path of violence, path of halala , path of tripe talaq, path of marrying 6 years old aisha,path to discipline their wives by beating them,path of hurun,path of apostasy,path of punishable apostasy, path of beheading. what a pissful religion izlam is ðÿ‘",tmri taraj animals ki potty n khate... tm jaake  bomb fodo jaake.......halala ke masala.  niklo.. yaha tm atankiyo k liy jagah ni h bhai. yaha atank n failaooo,lanat abbtknews k khilaf trend bnane walye yazeedion pe r bibi k dushmano p bhi,tum logon ko to bharwe lgta hai na 😂,1,religious_hate_batch_003.csv
class2_batch009_sample011674,9,11674,2,Religious Hate,212674,216674,v3_original_demo_boundary_prompt,4-shot random authentic same-class,Shortlisted authentic RUHSOLD Religious Hate examples,118,kisi randi maa ki olad ap ki hindu aurtain jab pooja karti hn tab wo bagwan ka lund mounh me b leti hn?,"tum vahi karo jo aata hai ,namaz or bakri chudai",chhor bhen chod hrami hindu chhor esko😠😠😠,abe jaana mullle sale bhikari !! halala k maje krwa apni maa ko,ye gandu nawaz shareef imran khan ko sharam kar raha hai,2,religious_hate_batch_009.csv
class2_batch003_sample010598,3,10598,2,Religious Hate,211598,215598,v3_original_demo_boundary_prompt,4-shot random authentic same-class,Shortlisted authentic RUHSOLD Religious Hate examples,118,"surprise!  surprise!  majority of the muslims are at just in different levels of ""usman khan"" ranging from mild to extreme (except ahmadiya may be, but they are not ""real muslims"")  that's from a person living in a country with 95% muslim    https://t.co/hq35u2xrrk,2009-05-25 17:25:26,sydney, new south wales",abe mc mein bheju teri maa cow ka photo kat te hue bc. chod teri tarah andhbhakt nhi hu aur nhi illiterate.. go and drink cow piss.,imran qadyani yahoodi agent hy pti ki 18 bank account hy jis may qadyani yahoodi hondo ny funding ki hy . gold smith jimaima aneel musrst . atif miaan sub qadyani yahoodi hy,"afghanio ne tme hindu se bachaya,randi k aulaad tareekh paro tm wo ganda khoon ho,jo siko aour hindu ki rape se paida woe ho,tme kalima tho sikaya afghano ne,magar tmari gandi dna wai ranjeet sing wali a,randi k aulaad tm ne kah pana di,am pashtono ne di,apnay bio ko hera mandi",ye kahan sy ho aya haramzado,1,religious_hate_batch_003.csv
class2_batch003_sample010433,3,10433,2,Religious Hate,211433,215433,v3_original_demo_boundary_prompt,4-shot random authentic same-class,Shortlisted authentic RUHSOLD Religious Hate examples,118,chal na randi ! we have spiritual connection with supreme leader imam khamnae !  we have our hearts and souls for holy cities of najaf and karbala !  dont give a fck to wahabi chutiyas,sale halala molvi se tum karvao apni oorto ka or apni ma bahan ka bol heme rhe ho molvi kamre m apni bahan ko bej kar sina choda hota hoga tumhara,phir kehty hum bhot badry #muslim hn aur #ashaq_e_rasool sawm hain lanat hai un sab #haramio py jinho ny bibi fatima zahra ko shahheed kia aur #haq khaya 🖐🏻😡🐕 aur lanat un sab py jo un #haramio ky hamdard hain,pehle america jaiga ue begairaat musliman kehlwane kai laiq nh pehle he logh kehty h eske bary me ye yahoodi hai,teri ammi ko chod denge teri aukat ki gandu,1,religious_hate_batch_003.csv
class2_batch001_sample010049,1,10049,2,Religious Hate,211049,215049,v3_original_demo_boundary_prompt,4-shot random authentic same-class,Shortlisted authentic RUHSOLD Religious Hate examples,118,quaid azam was right ky hindu muslim kabhi sth nhi rhy sgty aaj hindu apni hasli shakl dekha rhy hn. agar kisi muslim ny aisa kia hota to india media ki maa mar gi hoti pr ab nhi boly gy. aagy ka ky yehi bol dn gy ky mentally disturb tha or case khtm .#jamia,kafir yahodi kafir hindo same thinking,that nigga was yahoodi he probably lied to all the employees,that's for foolish act and the ahmedi you highlighted they were equal to jews for us so alhmdurallah we save quran ! . and about hindus and christians its was a false news !  and if it is real then show me !  if you don't have anything then shut up and run !,koi baat nahi jinki behna jaan lete ho unko koi baat nai karna,1,religious_hate_batch_001.csv
class2_batch009_sample011680,9,11680,2,Religious Hate,212680,216680,v3_original_demo_boundary_prompt,4-shot random authentic same-class,Shortlisted authentic RUHSOLD Religious Hate examples,118,ho gaye hy aur han aj jo ye sekhon k liye kar raha hy ye whoi sekh hy jub pakistan azad howa tha aur muslmano ne jub india sa hijrat ki tub sub zada qatal muslim ko in sekhon ne kiya tha par afsos ap jesy log is yahodi e agent ko ek islami leader mante ho phir kasm khao k allah,hey are fighting amongst each other. #bajwa is compromise candidate. thats only reason why he a ahmadiya is a coas.,iran shia mulk ha or ye munafik log han,"obviously we muslims hate ahmedi's . 😡 we don't care whatever happens to them ! we just hate them. if their is oppression over other minorities in pakistan which is not usual alhamdolillah, then i condemn that.",yar allah tumhary jism ko bachane waali nai woh allah hain jis ny tu ni maloom.,2,religious_hate_batch_009.csv
class2_batch008_sample011523,8,11523,2,Religious Hate,212523,216523,v3_original_demo_boundary_prompt,4-shot random authentic same-class,Shortlisted authentic RUHSOLD Religious Hate examples,118,qadiyani pe lanat mirza khinzeer harami pe lanat.,kaafir tujhe kuch nai malum,ye insan ik chaaal haaa dostoo .........zra smj k chliye gaa...sb jaanty hn qadyaani kaafir hn ......ye sb k sentiments gain kr rhaa haa......bad me ye apna chehra dikhiye gaaa fasad kii shkal me.....in chaaalo sy hosyar rhy baseerat paida kry sb apny andr.. shukria...,ahmedi mirziee qadiyani hargiz kuleedi uhdu pe nhee janay chahien warna hmari agencies pe swalia nishan hey,ahmadiya ko bhi dekho yeh sab ko bolty hein naqasb ki jaliyat hei,2,religious_hate_batch_008.csv
class2_batch006_sample011178,6,11178,2,Religious Hate,212178,216178,v3_original_demo_boundary_prompt,4-shot random authentic same-class,Shortlisted authentic RUHSOLD Religious Hate examples,118,pehle apni aurto ko halala se bachao ye bhi modi kar raha hai. agar sahi tum logo ka dna kiya jaye to pata nhi baap kon niklega,in beghairto israel yahodi khanzeer kai bacho nai kia kuch nahen kia hain lekhin alhamdulillah islam wahid deen jo mohabbat sikhati hain nakai nafrat aur ye sab sai tezi sai phelta huwa deen hain is liye inko jalan ho rahi hain aur har koshish kar bhe chukai hain aur kar bhe,yahoodi kabhi hamara dost nhi ho sakta,"ye manhoos hinduon ki diwali k chakkar mai har jaga ki aur quality kharab hogai, bharwe",gandi nasal haramkhor haramiyon ne islam per firqa banaya tha aur islam per kharab karni kya baat hai,2,religious_hate_batch_006.csv
class2_batch004_sample010772,4,10772,2,Religious Hate,211772,215772,v3_original_demo_boundary_prompt,4-shot random authentic same-class,Shortlisted authentic RUHSOLD Religious Hate examples,118,"gau mutr peeyo tum log lodu awkat bna phir aake muh lag, randwa saala",hindu dharm ka matlab samajh pehle puppet khali bhaunk aur bhaunk iam enjoying ur bark 😂😂😂😂,jaa bhen k lory tum harrami ki nasal ho.. dewband maslak pe kutty ki tareh bhoonkty ho..,"surprise!  surprise!  majority of the muslims are at just in different levels of ""usman khan"" ranging from mild to extreme (except ahmadiya may be, but they are not ""real muslims"")  that's from a person living in a country with 95% muslim    https://t.co/hq35u2xrrk,2009-05-25 17:25:26,sydney, new south wales",tu ab tak apni maa behn ko chudai mein hi rakh ke nikal gaya ha 😂,1,religious_hate_batch_004.csv
class2_batch007_sample011374,7,11374,2,Religious Hate,212374,216374,v3_original_demo_boundary_prompt,4-shot random authentic same-class,Shortlisted authentic RUHSOLD Religious Hate examples,118,typical muslim randi-rona taqia.,"not surprised comment came from ahmedi. tbh, i won't be surprised when some christians will argue that they r included in muslim category too. just bcoz they believe there is only one god.",tumri ma buhat hanzir hy jis ne tum jaise  yahodi kafir rhandi hanzir aurat ko paida kiya,abe bharwe tum hindu hi duniya k sub se bara atankwaz ho haramiyon bt krte ho hamare age tumhari country me hindu k elawa koi safe nhi he  tumhari country ka name isi liye  lynchistan he  isi king all the world,apni gand maro yaar 😂😂,2,religious_hate_batch_007.csv
class2_batch007_sample011259,7,11259,2,Religious Hate,212259,216259,v3_original_demo_boundary_prompt,4-shot random authentic same-class,Shortlisted authentic RUHSOLD Religious Hate examples,118,"gau mutr peeyo tum log lodu awkat bna phir aake muh lag, randwa saala",kutto ki tarah america maar raha hai tumhari kaum ko...aasmani kitab walo...israel roj filistin may maa chod raha hai tumhari.... pahle unse nipto....dare hue log😂😂,"rt : q. woh kaun si qome he,jis ne such bhi bola phr bhi jahnum mein jayegi? ans: yahoodi or nasara qome. shahid sindh",that nigga was yahoodi he probably lied to all the employees,tere baap jaise haramkhor muslimo ka mazhab e rasool ke samne ye sakoon na dekh lete.,2,religious_hate_batch_007.csv
class2_batch008_sample011441,8,11441,2,Religious Hate,212441,216441,v3_original_demo_boundary_prompt,4-shot random authentic same-class,Shortlisted authentic RUHSOLD Religious Hate examples,118,yes they are involved in bomb blast... halala and bakrigiri,kaafir tujhe kuch nai malum,but we have a firm belief now that qadiyani and ahmedi neither want muslims nor pakistanis to live in a harmony,phir kehty hum bhot badry #muslim hn aur #ashaq_e_rasool sawm hain lanat hai un sab #haramio py jinho ny bibi fatima zahra ko shahheed kia aur #haq khaya 🖐🏻😡🐕 aur lanat un sab py jo un #haramio ky hamdard hain,yahan pata nahi ki aaj tere baap ne kaha tha tu jaake koi apni maa ko chod ke aagay pehle ghusna chahta huwe..😂,2,religious_hate_batch_008.csv
class2_batch008_sample011433,8,11433,2,Religious Hate,212433,216433,v3_original_demo_boundary_prompt,4-shot random authentic same-class,Shortlisted authentic RUHSOLD Religious Hate examples,118,"obviously we muslims hate ahmedi's . 😡 we don't care whatever happens to them ! we just hate them. if their is oppression over other minorities in pakistan which is not usual alhamdolillah, then i condemn that.","waise madarso mein bahut achhi taaleem di jaati hai tum jihadi hijdo ko, asar dikh rha hai yahan, khud toh khud ki bhen chodte hi ho aur dusro ko bhi bhenchod samajhte ho.",bosdk yeh tumhare ghar me hota hai. saari k blouse me mote mote doodh dikhati firti hain tumhare dharam ki orate or hindu orat ko musalman ka l#nd aachaa lagta hai. yeh baat puri dunia janti hai,abe mc mein bheju teri maa cow ka photo kat te hue bc. chod teri tarah andhbhakt nhi hu aur nhi illiterate.. go and drink cow piss.,allah ki sada shukriya 🤗,2,religious_hate_batch_008.csv
class2_batch009_sample011730,9,11730,2,Religious Hate,212730,216730,v3_original_demo_boundary_prompt,4-shot random authentic same-class,Shortlisted authentic RUHSOLD Religious Hate examples,118,"waise madarso mein bahut achhi taaleem di jaati hai tum jihadi hijdo ko, asar dikh rha hai yahan, khud toh khud ki bhen chodte hi ho aur dusro ko bhi bhenchod samajhte ho.","ye manhoos hinduon ki diwali k chakkar mai har jaga ki aur quality kharab hogai, bharwe",or mujhe un ladkiyo se utni hi nafrat hai jo mullo se shadi karti hai jitni kisi normal hindu ko😡 or mujhe hindu ladko se bhi itni hi nafrat hai jo muslim ladkiyo se shadi karte hai... dharam me koi milawat mujhe pasand nahi,get lost you kaafir.,gandi naslon ne tere jesy larkiyon ko mara tha ab teri maa behn ko toh tu dekh liya... bhenchod,2,religious_hate_batch_009.csv
class2_batch002_sample010239,2,10239,2,Religious Hate,211239,215239,v3_original_demo_boundary_prompt,4-shot random authentic same-class,Shortlisted authentic RUHSOLD Religious Hate examples,118,sale halala molvi se tum karvao apni oorto ka or apni ma bahan ka bol heme rhe ho molvi kamre m apni bahan ko bej kar sina choda hota hoga tumhara,"how did an ahmadiya get to the top in the army of sunnis, in the first place?",abe halala ki paidaish..  tumhara to wajood hi 800 years purana hai..  jab bhagwan ram ko kagaj dikhane ki jarurat par gayi to tum kaun ho.. kagaj to dikhana hi parega.. #nrc_caa_npr,hey are fighting amongst each other. #bajwa is compromise candidate. thats only reason why he a ahmadiya is a coas.,yahodi agent nawaz sharif aur yahodi agent imran chore zakat ka bacha zindagi jeet li,1,religious_hate_batch_002.csv
class2_batch010_sample011834,10,11834,2,Religious Hate,212834,216834,v3_original_demo_boundary_prompt,4-shot random authentic same-class,Shortlisted authentic RUHSOLD Religious Hate examples,118,shia kaafir hai aur hum naam k musalmaan.,but we have a firm belief now that qadiyani and ahmedi neither want muslims nor pakistanis to live in a harmony,kisi randi maa ki olad ap ki hindu aurtain jab pooja karti hn tab wo bagwan ka lund mounh me b leti hn?,abe jaana mullle sale bhikari !! halala k maje krwa apni maa ko,chup kahin aasman se teri aukaat nhi hai kya,2,religious_hate_batch_010.csv
class2_batch008_sample011455,8,11455,2,Religious Hate,212455,216455,v3_original_demo_boundary_prompt,4-shot random authentic same-class,Shortlisted authentic RUHSOLD Religious Hate examples,118,benchod randi  islam,kabi bi nai jo sakta ya shia log pora ka pora yahodi hn,imran qadyani yahoodi agent hy pti ki 18 bank account hy jis may qadyani yahoodi hondo ny funding ki hy . gold smith jimaima aneel musrst . atif miaan sub qadyani yahoodi hy,typical muslim randi-rona taqia.,bhenchod kya hoga na. charsi tatti randi aurat.,2,religious_hate_batch_008.csv
class2_batch005_sample010930,5,10930,2,Religious Hate,211930,215930,v3_original_demo_boundary_prompt,4-shot random authentic same-class,Shortlisted authentic RUHSOLD Religious Hate examples,118,"just the ten thousandth ""isolated"" instance of christian /jewish/hindu/ahmedi places of worship being attacked by crybabies who themselves can't handle some nutcase burning a book full of fiction stories.",jaa bhen k lory tum harrami ki nasal ho.. dewband maslak pe kutty ki tareh bhoonkty ho..,tumri ma buhat hanzir hy jis ne tum jaise  yahodi kafir rhandi hanzir aurat ko paida kiya,hey are fighting amongst each other. #bajwa is compromise candidate. thats only reason why he a ahmadiya is a coas.,jin k sath jo yahoodi gandu hai unki shariyat ka dard nhi hota,1,religious_hate_batch_005.csv
class2_batch004_sample010777,4,10777,2,Religious Hate,211777,215777,v3_original_demo_boundary_prompt,4-shot random authentic same-class,Shortlisted authentic RUHSOLD Religious Hate examples,118,pehle america jaiga ue begairaat musliman kehlwane kai laiq nh pehle he logh kehty h eske bary me ye yahoodi hai,please sell up you yahoodi bastards,abe bharwe tum hindu hi duniya k sub se bara atankwaz ho haramiyon bt krte ho hamare age tumhari country me hindu k elawa koi safe nhi he  tumhari country ka name isi liye  lynchistan he  isi king all the world,"bilkul,itny lecture milny hain jese christmas or new year pe milty hain ,kya apko pata bhi hai k kaafir janwaro k haqq main dua bhi nahi krni chahye",gaddar ki bachy tere jaise yahodi agenton ko samne dekhna chahey ......isliye sikho quran,1,religious_hate_batch_004.csv
class2_batch010_sample011865,10,11865,2,Religious Hate,212865,216865,v3_original_demo_boundary_prompt,4-shot random authentic same-class,Shortlisted authentic RUHSOLD Religious Hate examples,118,ye insan ik chaaal haaa dostoo .........zra smj k chliye gaa...sb jaanty hn qadyaani kaafir hn ......ye sb k sentiments gain kr rhaa haa......bad me ye apna chehra dikhiye gaaa fasad kii shkal me.....in chaaalo sy hosyar rhy baseerat paida kry sb apny andr.. shukria...,kabi bi nai jo sakta ya shia log pora ka pora yahodi hn,bosdk yeh tumhare ghar me hota hai. saari k blouse me mote mote doodh dikhati firti hain tumhare dharam ki orate or hindu orat ko musalman ka l#nd aachaa lagta hai. yeh baat puri dunia janti hai,well said.lanati hain ye qadyani kafir,ye ghaddar hein aur yeh baz ho gaye,2,religious_hate_batch_010.csv
class2_batch002_sample010254,2,10254,2,Religious Hate,211254,215254,v3_original_demo_boundary_prompt,4-shot random authentic same-class,Shortlisted authentic RUHSOLD Religious Hate examples,118,"afghanio ne tme hindu se bachaya,randi k aulaad tareekh paro tm wo ganda khoon ho,jo siko aour hindu ki rape se paida woe ho,tme kalima tho sikaya afghano ne,magar tmari gandi dna wai ranjeet sing wali a,randi k aulaad tm ne kah pana di,am pashtono ne di,apnay bio ko hera mandi","bilkul,itny lecture milny hain jese christmas or new year pe milty hain ,kya apko pata bhi hai k kaafir janwaro k haqq main dua bhi nahi krni chahye","rt : q. woh kaun si qome he,jis ne such bhi bola phr bhi jahnum mein jayegi? ans: yahoodi or nasara qome. shahid sindh",or mujhe un ladkiyo se utni hi nafrat hai jo mullo se shadi karti hai jitni kisi normal hindu ko😡 or mujhe hindu ladko se bhi itni hi nafrat hai jo muslim ladkiyo se shadi karte hai... dharam me koi milawat mujhe pasand nahi,tmhe ye nhi bolta kyun kya,1,religious_hate_batch_002.csv
class2_batch009_sample011741,9,11741,2,Religious Hate,212741,216741,v3_original_demo_boundary_prompt,4-shot random authentic same-class,Shortlisted authentic RUHSOLD Religious Hate examples,118,"huh wut you say u imbecile, i shat on you...toh toh toh kaafir",but we have a firm belief now that qadiyani and ahmedi neither want muslims nor pakistanis to live in a harmony,lant hy teri aagli pecchli tweet pe or tum pe or qadyanion pe or kuch ?,kitane maulviyon ne tumhari ammi jaan ka halala kiya hoga tab jakar tum jaisa suar nikla hoga .. ye bhi to bta re mulle..,gandu tera baap hai yahodi,2,religious_hate_batch_009.csv
class2_batch004_sample010643,4,10643,2,Religious Hate,211643,215643,v3_original_demo_boundary_prompt,4-shot random authentic same-class,Shortlisted authentic RUHSOLD Religious Hate examples,118,typical muslim randi-rona taqia.,another endian hijra coward hindu terrorist army soldier dispatched to shamshangarh by pakistan army i want more endian hindu terrorist dead so keep it up pakistan,oy ahmdi kuty. tum log smjhty ho k is trah kr k hm awam ko pagl bnao gy?? beta bajwa ne tere jeso ko nanga nachana he sbr kr. kahi ni ja rha hmara army chief. tum logo ne agly 3 sal me ye duniya hi chor jani bajwa k dar se. ye army chief nahi pakistan ka muhafiz he.,or mujhe un ladkiyo se utni hi nafrat hai jo mullo se shadi karti hai jitni kisi normal hindu ko😡 or mujhe hindu ladko se bhi itni hi nafrat hai jo muslim ladkiyo se shadi karte hai... dharam me koi milawat mujhe pasand nahi,ya gandu yahodi agent qadyani kashmir frosh,1,religious_hate_batch_004.csv
class2_batch001_sample010078,1,10078,2,Religious Hate,211078,215078,v3_original_demo_boundary_prompt,4-shot random authentic same-class,Shortlisted authentic RUHSOLD Religious Hate examples,118,"hogai izzat? mera jism meri marzi jc ghaleez or ghatiya terminologies hamare muslim muashrey me dene ki koshish me aapki so-called,vahiyat or ikhlaq se giri support ko khud ne hi reject kardiya.  apne yahoodi gods ko khush krne k liey kuch or karien",yahoodi kabhi hamara dost nhi ho sakta,get lost you kaafir.,aye yahudiyo jitna zulm karna hai kar lo in sha allah woh din bhi zaroor aayega ke tumhe chun chun ke maara jayega yahan tak ke tum darakht ya pattharoñ ke piche chhup jaoge to bejan chizen bhi kahengi yahan yahoodi chhupa hai.hadees ka farman hai ho kar rahega #israeliterrorism,israel se tere baap ne tu jesa ghafoora saazish ki thi jinko teri behn beti se molana ke saath aaj aata hai aur teri behno ko molana ke paas atankwaad aur zul,1,religious_hate_batch_001.csv
class2_batch001_sample010059,1,10059,2,Religious Hate,211059,215059,v3_original_demo_boundary_prompt,4-shot random authentic same-class,Shortlisted authentic RUHSOLD Religious Hate examples,118,sale halala molvi se tum karvao apni oorto ka or apni ma bahan ka bol heme rhe ho molvi kamre m apni bahan ko bej kar sina choda hota hoga tumhara,pehle apni aurto ko halala se bachao ye bhi modi kar raha hai. agar sahi tum logo ka dna kiya jaye to pata nhi baap kon niklega,pehle america jaiga ue begairaat musliman kehlwane kai laiq nh pehle he logh kehty h eske bary me ye yahoodi hai,ye pagliya gyi h saali... kuttiya ye ab bhul gyi h jisne #halala or #teentlaaq se aazadi dilwayi usko bhul gyi h ye mullli....,tujhy shakl deta h kesay tu ye nh mangegi,1,religious_hate_batch_001.csv
class2_batch004_sample010677,4,10677,2,Religious Hate,211677,215677,v3_original_demo_boundary_prompt,4-shot random authentic same-class,Shortlisted authentic RUHSOLD Religious Hate examples,118,"how did an ahmadiya get to the top in the army of sunnis, in the first place?",abe halala ki paidaish..  tumhara to wajood hi 800 years purana hai..  jab bhagwan ram ko kagaj dikhane ki jarurat par gayi to tum kaun ho.. kagaj to dikhana hi parega.. #nrc_caa_npr,please sell up you yahoodi bastards,"afghanio ne tme hindu se bachaya,randi k aulaad tareekh paro tm wo ganda khoon ho,jo siko aour hindu ki rape se paida woe ho,tme kalima tho sikaya afghano ne,magar tmari gandi dna wai ranjeet sing wali a,randi k aulaad tm ne kah pana di,am pashtono ne di,apnay bio ko hera mandi",rt :   randi rona nahi chal raha 😂😂,1,religious_hate_batch_004.csv
class2_batch007_sample011208,7,11208,2,Religious Hate,212208,216208,v3_original_demo_boundary_prompt,4-shot random authentic same-class,Shortlisted authentic RUHSOLD Religious Hate examples,118,"pta nhi kon si uni se graduate hote ho aap log jnha aesi wahiyat education di jati hðÿ˜‚ðÿ˜‚ðÿ˜‚ halala, gazwa-e-hind, camel urine or pta nhi kya kyaðÿ˜‚ðÿ˜‚ðÿ˜‚ðÿ¤£ðÿ¤£ðÿ¤£ðÿ¤£ðÿ‘ðÿ»",tw kaafir tera peo kaafir tera pura khandaan kaafir ooo churry trump🐱🐱,1 balatkari muslim 3 balatkari tera baap hindu h uske bare m kuch bol  be,israel yahoodi sabse bade atankwaadi hai,ye lanat ka sara ghar qadiyani hai,2,religious_hate_batch_007.csv
class2_batch002_sample010361,2,10361,2,Religious Hate,211361,215361,v3_original_demo_boundary_prompt,4-shot random authentic same-class,Shortlisted authentic RUHSOLD Religious Hate examples,118,kadiyani kafir thay hain aur hamesha harain gay. ye dajjali fitnay ki ek kari hain. aur inkay supporters hum main bhe jo chupay howay hain wo bhe khanzeer kafir he hain. lannat beshomar kadiyanio pr.,"rt : q. woh kaun si qome he,jis ne such bhi bola phr bhi jahnum mein jayegi? ans: yahoodi or nasara qome. shahid sindh","m firqa wariyat m nahi parhna chahta, muslims mjo ahktlaf hen wo apni jaga , lekin pichly 200 saal sy muslim is liye mar kha rhy hen k sunni shia wahabi dayobandi bla bla ,,yahodi or nasara ny na koi sunni mulk chora ha na koi shia,  wo bs yehi dekhtay ye muslman ha ..bs maro isk",meri tarbiyat yehi hai k jo amreca ko apna baap manta hai na wo muslman hai or na us s koi hanra taloq hai tum nasl e yazeedi ho masl e yahodi or yahoodio ki olad ho,tery maa behno ko bhagana chaya tha kisi hindu ko...aur teri ammi ko chod ke gando mat rakho..,1,religious_hate_batch_002.csv
class2_batch002_sample010298,2,10298,2,Religious Hate,211298,215298,v3_original_demo_boundary_prompt,4-shot random authentic same-class,Shortlisted authentic RUHSOLD Religious Hate examples,118,tumri ma buhat hanzir hy jis ne tum jaise  yahodi kafir rhandi hanzir aurat ko paida kiya,ahmedi mirziee qadiyani hargiz kuleedi uhdu pe nhee janay chahien warna hmari agencies pe swalia nishan hey,please sell up you yahoodi bastards,oeyy randdii k bachay ganddu hindu.. kyun jhoott baq raha hai gashti maa k ganndduu bachay. peshaab p k palnay wali qoum.,abey tera baap nawaz sharif tha jo bhi nafees batain thi un ka zikr kar de ga,1,religious_hate_batch_002.csv
class2_batch001_sample010073,1,10073,2,Religious Hate,211073,215073,v3_original_demo_boundary_prompt,4-shot random authentic same-class,Shortlisted authentic RUHSOLD Religious Hate examples,118,"just the ten thousandth ""isolated"" instance of christian /jewish/hindu/ahmedi places of worship being attacked by crybabies who themselves can't handle some nutcase burning a book full of fiction stories.",halala ki padayish ho aap aur kya expect karenge hum aapse,abe halala ki paidaish..  tumhara to wajood hi 800 years purana hai..  jab bhagwan ram ko kagaj dikhane ki jarurat par gayi to tum kaun ho.. kagaj to dikhana hi parega.. #nrc_caa_npr,kabi bi nai jo sakta ya shia log pora ka pora yahodi hn,apne samjhao wo qadiyani nhi h..  ye to tere saath mohammed aur ibna e karim ka baap bhe h,1,religious_hate_batch_001.csv
class2_batch002_sample010354,2,10354,2,Religious Hate,211354,215354,v3_original_demo_boundary_prompt,4-shot random authentic same-class,Shortlisted authentic RUHSOLD Religious Hate examples,118,"malala the product of halala pehle burke se, halala se, bacche paida kerne se or gulami ki jindgi se to azadi lelo hindustaan se azadi to tumhare kukarm tumhe dilwa hi denge. kyuki terrorism failaoge to lat mar ke desh se bhagae jaoge. i am with my country and support caa, nrcðÿ˜‰.",kafir yahodi kafir hindo same thinking,ahmdi is a non muslim biggest cheap religion ahmdi.,tumri ma buhat hanzir hy jis ne tum jaise  yahodi kafir rhandi hanzir aurat ko paida kiya,abhi tak tu nahi samjha hai kaun kehte hain?,1,religious_hate_batch_002.csv
class2_batch002_sample010352,2,10352,2,Religious Hate,211352,215352,v3_original_demo_boundary_prompt,4-shot random authentic same-class,Shortlisted authentic RUHSOLD Religious Hate examples,118,but we have a firm belief now that qadiyani and ahmedi neither want muslims nor pakistanis to live in a harmony,"rt : q. woh kaun si qome he,jis ne such bhi bola phr bhi jahnum mein jayegi? ans: yahoodi or nasara qome. shahid sindh",plz sir hamy in say koi khtra nahi hamy is imran khan yahodi our kadiyanion say bachny pay gor karen pak army tayri azmat ko salam,halala ki padayish ho aap aur kya expect karenge hum aapse,qadyani or nasari jahiliat pe koi bhe mazaq nahi chale ga,1,religious_hate_batch_002.csv
class2_batch002_sample010210,2,10210,2,Religious Hate,211210,215210,v3_original_demo_boundary_prompt,4-shot random authentic same-class,Shortlisted authentic RUHSOLD Religious Hate examples,118,"hogai izzat? mera jism meri marzi jc ghaleez or ghatiya terminologies hamare muslim muashrey me dene ki koshish me aapki so-called,vahiyat or ikhlaq se giri support ko khud ne hi reject kardiya.  apne yahoodi gods ko khush krne k liey kuch or karien",wow halala's product on fire as usual porkistaniðÿ˜‚ðÿ˜‚ðÿ˜‚,chhor bhen chod hrami hindu chhor esko😠😠😠,iran shia mulk ha or ye munafik log han,tu phir galiyan dega aur mard marwao,1,religious_hate_batch_002.csv
class2_batch001_sample010069,1,10069,2,Religious Hate,211069,215069,v3_original_demo_boundary_prompt,4-shot random authentic same-class,Shortlisted authentic RUHSOLD Religious Hate examples,118,ye lode teri maa or bahan ke shohar hai or jyada bolega to de denge teri maa or bahan ko hum denge talaq or fir halala wow kya baat hai mullo wow lund chuss lo ðÿ˜œðÿ˜œðÿ˜œðÿ˜œ,hey are fighting amongst each other. #bajwa is compromise candidate. thats only reason why he a ahmadiya is a coas.,"obviously we muslims hate ahmedi's . 😡 we don't care whatever happens to them ! we just hate them. if their is oppression over other minorities in pakistan which is not usual alhamdolillah, then i condemn that.",oy ahmdi kuty. tum log smjhty ho k is trah kr k hm awam ko pagl bnao gy?? beta bajwa ne tere jeso ko nanga nachana he sbr kr. kahi ni ja rha hmara army chief. tum logo ne agly 3 sal me ye duniya hi chor jani bajwa k dar se. ye army chief nahi pakistan ka muhafiz he.,haye akhir tu ajit apni maa ko bacha na kro or apni behno ko,1,religious_hate_batch_001.csv
class2_batch001_sample010162,1,10162,2,Religious Hate,211162,215162,v3_original_demo_boundary_prompt,4-shot random authentic same-class,Shortlisted authentic RUHSOLD Religious Hate examples,118,ye lode teri maa or bahan ke shohar hai or jyada bolega to de denge teri maa or bahan ko hum denge talaq or fir halala wow kya baat hai mullo wow lund chuss lo ðÿ˜œðÿ˜œðÿ˜œðÿ˜œ,yahodi agent qadyani chamcha,plz sir hamy in say koi khtra nahi hamy is imran khan yahodi our kadiyanion say bachny pay gor karen pak army tayri azmat ko salam,abe halala ki paidaish..  tumhara to wajood hi 800 years purana hai..  jab bhagwan ram ko kagaj dikhane ki jarurat par gayi to tum kaun ho.. kagaj to dikhana hi parega.. #nrc_caa_npr,jb tum kuch krti ho wo us k sath hi hota hai or ye sahi ha,1,religious_hate_batch_001.csv
class2_batch009_sample011792,9,11792,2,Religious Hate,212792,216792,v3_original_demo_boundary_prompt,4-shot random authentic same-class,Shortlisted authentic RUHSOLD Religious Hate examples,118,"m firqa wariyat m nahi parhna chahta, muslims mjo ahktlaf hen wo apni jaga , lekin pichly 200 saal sy muslim is liye mar kha rhy hen k sunni shia wahabi dayobandi bla bla ,,yahodi or nasara ny na koi sunni mulk chora ha na koi shia,  wo bs yehi dekhtay ye muslman ha ..bs maro isk",benchod randi  islam,aye yahudiyo jitna zulm karna hai kar lo in sha allah woh din bhi zaroor aayega ke tumhe chun chun ke maara jayega yahan tak ke tum darakht ya pattharoñ ke piche chhup jaoge to bejan chizen bhi kahengi yahan yahoodi chhupa hai.hadees ka farman hai ho kar rahega #israeliterrorism,well said.lanati hain ye qadyani kafir,yar pti walon ko ghar choro kya unki tarbiat aur tareef khud ki hoti hai.. khan sab jhoot bolta hai to yeh kabhi mat kuch bolo.,2,religious_hate_batch_009.csv
class2_batch004_sample010617,4,10617,2,Religious Hate,211617,215617,v3_original_demo_boundary_prompt,4-shot random authentic same-class,Shortlisted authentic RUHSOLD Religious Hate examples,118,please all muslims come one page and unite  insha allah   yahoodi isreal finished all,no no ...... hindu na kah mujhe ........islam bura maan jayega .......kaafir kah kaafir...,ye insan ik chaaal haaa dostoo .........zra smj k chliye gaa...sb jaanty hn qadyaani kaafir hn ......ye sb k sentiments gain kr rhaa haa......bad me ye apna chehra dikhiye gaaa fasad kii shkal me.....in chaaalo sy hosyar rhy baseerat paida kry sb apny andr.. shukria...,q teri bhen ko chuda hy dewbandion ny ..harami ki nasal,teri abba bhi bakwaas krta tha phattu,1,religious_hate_batch_004.csv
class2_batch009_sample011715,9,11715,2,Religious Hate,212715,216715,v3_original_demo_boundary_prompt,4-shot random authentic same-class,Shortlisted authentic RUHSOLD Religious Hate examples,118,well said.lanati hain ye qadyani kafir,that nigga was yahoodi he probably lied to all the employees,pehle apni aurto ko halala se bachao ye bhi modi kar raha hai. agar sahi tum logo ka dna kiya jaye to pata nhi baap kon niklega,"surprise!  surprise!  majority of the muslims are at just in different levels of ""usman khan"" ranging from mild to extreme (except ahmadiya may be, but they are not ""real muslims"")  that's from a person living in a country with 95% muslim    https://t.co/hq35u2xrrk,2009-05-25 17:25:26,sydney, new south wales",rt :   i don't even believe in allah.  but this is how you treat the holy places of others.  islam is full of shit,2,religious_hate_batch_009.csv
class2_batch003_sample010495,3,10495,2,Religious Hate,211495,215495,v3_original_demo_boundary_prompt,4-shot random authentic same-class,Shortlisted authentic RUHSOLD Religious Hate examples,118,chutiya azam ny kia kia ha ab tk sawa saal mein sirf 11600 arab ka izfa qarzoun mein kia or kuch nhi badlo apni soch ko yahodi na bano or ek muslim ki tarh socho,wehshi darandy easai yahodi hindo islam amanka ka mazhab,yahoodi kabhi hamara dost nhi ho sakta,but we have a firm belief now that qadiyani and ahmedi neither want muslims nor pakistanis to live in a harmony,shukar hai ye bhenchod nee uski maa ki phudi mein daikha hua,1,religious_hate_batch_003.csv
class2_batch009_sample011779,9,11779,2,Religious Hate,212779,216779,v3_original_demo_boundary_prompt,4-shot random authentic same-class,Shortlisted authentic RUHSOLD Religious Hate examples,118,yes they are involved in bomb blast... halala and bakrigiri,bus ya aur tafseel bataao  ahmdi aurtain beach pe bikini b pehnti hain  jalse aur ijlaas pe burqa b boht hai 🤫,phir kehty hum bhot badry #muslim hn aur #ashaq_e_rasool sawm hain lanat hai un sab #haramio py jinho ny bibi fatima zahra ko shahheed kia aur #haq khaya 🖐🏻😡🐕 aur lanat un sab py jo un #haramio ky hamdard hain,"obviously we muslims hate ahmedi's . 😡 we don't care whatever happens to them ! we just hate them. if their is oppression over other minorities in pakistan which is not usual alhamdolillah, then i condemn that.",ab ye apna mout ka pta chal raha hai 😂,2,religious_hate_batch_009.csv
class2_batch003_sample010439,3,10439,2,Religious Hate,211439,215439,v3_original_demo_boundary_prompt,4-shot random authentic same-class,Shortlisted authentic RUHSOLD Religious Hate examples,118,"m firqa wariyat m nahi parhna chahta, muslims mjo ahktlaf hen wo apni jaga , lekin pichly 200 saal sy muslim is liye mar kha rhy hen k sunni shia wahabi dayobandi bla bla ,,yahodi or nasara ny na koi sunni mulk chora ha na koi shia,  wo bs yehi dekhtay ye muslman ha ..bs maro isk",jisko bhi hindu ki chudai par shak hai to ek baar mujh se chudwa kar dekho sab bhram dur ho jayega,"ye manhoos hinduon ki diwali k chakkar mai har jaga ki aur quality kharab hogai, bharwe",o madadarchod: tum tu farigh ho aur yeh gashti tu waisay he sari raat jagti hay. o dallay o kanjar hum tu iran jatay hotay hain tu bata apni behan kitni baar mbs aur us kay wahabi sheikhon ko bhaijta hay.,abay tera amma ka yaar hai jo london mein raha hai woh to isko quran ka ghalat transliteration pata hai .,1,religious_hate_batch_003.csv
class2_batch005_sample010946,5,10946,2,Religious Hate,211946,215946,v3_original_demo_boundary_prompt,4-shot random authentic same-class,Shortlisted authentic RUHSOLD Religious Hate examples,118,qadiani ahmedi mirziee kaafir jo hen,"path of cruelty , path of violence, path of halala , path of tripe talaq, path of marrying 6 years old aisha,path to discipline their wives by beating them,path of hurun,path of apostasy,path of punishable apostasy, path of beheading. what a pissful religion izlam is ðÿ‘",yes they are involved in bomb blast... halala and bakrigiri,well said.lanati hain ye qadyani kafir,mashallah apny choray bhen say shadi karwaya hai,1,religious_hate_batch_005.csv
class2_batch008_sample011475,8,11475,2,Religious Hate,212475,216475,v3_original_demo_boundary_prompt,4-shot random authentic same-class,Shortlisted authentic RUHSOLD Religious Hate examples,118,bosdk yeh tumhare ghar me hota hai. saari k blouse me mote mote doodh dikhati firti hain tumhare dharam ki orate or hindu orat ko musalman ka l#nd aachaa lagta hai. yeh baat puri dunia janti hai,"malala the product of halala pehle burke se, halala se, bacche paida kerne se or gulami ki jindgi se to azadi lelo hindustaan se azadi to tumhare kukarm tumhe dilwa hi denge. kyuki terrorism failaoge to lat mar ke desh se bhagae jaoge. i am with my country and support caa, nrcðÿ˜‰.",kutto ki tarah america maar raha hai tumhari kaum ko...aasmani kitab walo...israel roj filistin may maa chod raha hai tumhari.... pahle unse nipto....dare hue log😂😂,lanat abbtknews k khilaf trend bnane walye yazeedion pe r bibi k dushmano p bhi,islamabad main ye pakistan mai koi nhi hota,2,religious_hate_batch_008.csv
class2_batch007_sample011253,7,11253,2,Religious Hate,212253,216253,v3_original_demo_boundary_prompt,4-shot random authentic same-class,Shortlisted authentic RUHSOLD Religious Hate examples,118,jaa bhen k lory tum harrami ki nasal ho.. dewband maslak pe kutty ki tareh bhoonkty ho..,"how did an ahmadiya get to the top in the army of sunnis, in the first place?",#stopisraeliterror   yahoodi mulk jisey israel ka naam diya gaya najaiz hai yahoodi sabse bada dahshatgard,tumri ma buhat hanzir hy jis ne tum jaise  yahodi kafir rhandi hanzir aurat ko paida kiya,halala ki bachay,2,religious_hate_batch_007.csv
class2_batch008_sample011466,8,11466,2,Religious Hate,212466,216466,v3_original_demo_boundary_prompt,4-shot random authentic same-class,Shortlisted authentic RUHSOLD Religious Hate examples,118,meri tarbiyat yehi hai k jo amreca ko apna baap manta hai na wo muslman hai or na us s koi hanra taloq hai tum nasl e yazeedi ho masl e yahodi or yahoodio ki olad ho,kabi bi nai jo sakta ya shia log pora ka pora yahodi hn,"m firqa wariyat m nahi parhna chahta, muslims mjo ahktlaf hen wo apni jaga , lekin pichly 200 saal sy muslim is liye mar kha rhy hen k sunni shia wahabi dayobandi bla bla ,,yahodi or nasara ny na koi sunni mulk chora ha na koi shia,  wo bs yehi dekhtay ye muslman ha ..bs maro isk",lul bukhari ye tum nahe tumaray yahoodi or hindu thuku bol rahay hain jin ko army sey bahot hi zeda takleef hai...🖕,rt : abey bc tera dna tere maa ka bhosda hai?,2,religious_hate_batch_008.csv
class2_batch003_sample010450,3,10450,2,Religious Hate,211450,215450,v3_original_demo_boundary_prompt,4-shot random authentic same-class,Shortlisted authentic RUHSOLD Religious Hate examples,118,"waise madarso mein bahut achhi taaleem di jaati hai tum jihadi hijdo ko, asar dikh rha hai yahan, khud toh khud ki bhen chodte hi ho aur dusro ko bhi bhenchod samajhte ho.",kabi bi nai jo sakta ya shia log pora ka pora yahodi hn,"ye manhoos hinduon ki diwali k chakkar mai har jaga ki aur quality kharab hogai, bharwe",chal fosdi ke mohammad kabile wale ki halala ki aulad,rt :   chup kar koi na teri maa behno ki phudiya tera baap ki bhen,1,religious_hate_batch_003.csv
class2_batch001_sample010045,1,10045,2,Religious Hate,211045,215045,v3_original_demo_boundary_prompt,4-shot random authentic same-class,Shortlisted authentic RUHSOLD Religious Hate examples,118,bosdk yeh tumhare ghar me hota hai. saari k blouse me mote mote doodh dikhati firti hain tumhare dharam ki orate or hindu orat ko musalman ka l#nd aachaa lagta hai. yeh baat puri dunia janti hai,lul bukhari ye tum nahe tumaray yahoodi or hindu thuku bol rahay hain jin ko army sey bahot hi zeda takleef hai...🖕,uff pakiza muslim randi 😉😍,but we have a firm belief now that qadiyani and ahmedi neither want muslims nor pakistanis to live in a harmony,ye abhi ek bat ho gayi jinko hum ne tere sath shadi kar diya tha wo logon ke bache or unke baap jaise yahoodi agent khandan wale yahan kuch nahi samjhte aur teri,1,religious_hate_batch_001.csv
class2_batch007_sample011334,7,11334,2,Religious Hate,212334,216334,v3_original_demo_boundary_prompt,4-shot random authentic same-class,Shortlisted authentic RUHSOLD Religious Hate examples,118,lant hy teri aagli pecchli tweet pe or tum pe or qadyanion pe or kuch ?,tmri taraj animals ki potty n khate... tm jaake  bomb fodo jaake.......halala ke masala.  niklo.. yaha tm atankiyo k liy jagah ni h bhai. yaha atank n failaooo,pehle america jaiga ue begairaat musliman kehlwane kai laiq nh pehle he logh kehty h eske bary me ye yahoodi hai,quaid azam was right ky hindu muslim kabhi sth nhi rhy sgty aaj hindu apni hasli shakl dekha rhy hn. agar kisi muslim ny aisa kia hota to india media ki maa mar gi hoti pr ab nhi boly gy. aagy ka ky yehi bol dn gy ky mentally disturb tha or case khtm .#jamia,rt : jb moulana ne wohi mazhab sy pyar krna hua ha jo hamari ammi khatir chod diya ha tab wo qadyani ho ga,2,religious_hate_batch_007.csv
class2_batch002_sample010289,2,10289,2,Religious Hate,211289,215289,v3_original_demo_boundary_prompt,4-shot random authentic same-class,Shortlisted authentic RUHSOLD Religious Hate examples,118,qadiyani pe lanat mirza khinzeer harami pe lanat.,"abbey halala ki paidaish, 5 baap ki aulaad. patthar baazi ke alawa kuchh kaam kara kabhi teri kaum ne ?",apne profile mein whats app me fb twitter mein is bahadur nojawaan ki pic lga kr islam se or nabi ke din se mhbt ka izhaar kren or itna share kren ek yahoodi apne na pak iradoon se baaz ajaye is shakhs ne quraan pak ki hifazahat mein ek bhtareen mhbt ka jita jagta sabot dia hai,iran shia mulk ha or ye munafik log han,rt :   tumhari maa ko chod raha tha wo tera baap tha tumhary ghar mai jaake jo bachchey hain wo tumhari behn chod rahey hain,1,religious_hate_batch_002.csv
class2_batch004_sample010765,4,10765,2,Religious Hate,211765,215765,v3_original_demo_boundary_prompt,4-shot random authentic same-class,Shortlisted authentic RUHSOLD Religious Hate examples,118,pehle apni aurto ko halala se bachao ye bhi modi kar raha hai. agar sahi tum logo ka dna kiya jaye to pata nhi baap kon niklega,qadiyani pe lanat mirza khinzeer harami pe lanat.,"hogai izzat? mera jism meri marzi jc ghaleez or ghatiya terminologies hamare muslim muashrey me dene ki koshish me aapki so-called,vahiyat or ikhlaq se giri support ko khud ne hi reject kardiya.  apne yahoodi gods ko khush krne k liey kuch or karien",kutto ki tarah america maar raha hai tumhari kaum ko...aasmani kitab walo...israel roj filistin may maa chod raha hai tumhari.... pahle unse nipto....dare hue log😂😂,yeh dekh li teri tatti aunty ke jute..koi na jaane ab tu kya bolta hai..,1,religious_hate_batch_004.csv
class2_batch003_sample010480,3,10480,2,Religious Hate,211480,215480,v3_original_demo_boundary_prompt,4-shot random authentic same-class,Shortlisted authentic RUHSOLD Religious Hate examples,118,chutiya azam ny kia kia ha ab tk sawa saal mein sirf 11600 arab ka izfa qarzoun mein kia or kuch nhi badlo apni soch ko yahodi na bano or ek muslim ki tarh socho,kabi bi nai jo sakta ya shia log pora ka pora yahodi hn,jahil k bachy kahan likha h k gair mazhb sy nikaah jaiz ha... tmari gand me jo keera ha wo nhi merna... khoty khany waly... yahoodi kahan sy hogaey ahle kitaab ....tm.b yahoodi to nhi,oy ahmdi kuty. tum log smjhty ho k is trah kr k hm awam ko pagl bnao gy?? beta bajwa ne tere jeso ko nanga nachana he sbr kr. kahi ni ja rha hmara army chief. tum logo ne agly 3 sal me ye duniya hi chor jani bajwa k dar se. ye army chief nahi pakistan ka muhafiz he.,aik yahodi agent ehsas bhi khabar he,1,religious_hate_batch_003.csv
class2_batch009_sample011712,9,11712,2,Religious Hate,212712,216712,v3_original_demo_boundary_prompt,4-shot random authentic same-class,Shortlisted authentic RUHSOLD Religious Hate examples,118,"gau mutr peeyo tum log lodu awkat bna phir aake muh lag, randwa saala","rt : q. woh kaun si qome he,jis ne such bhi bola phr bhi jahnum mein jayegi? ans: yahoodi or nasara qome. shahid sindh",is cult  mein kisi boht hi pyare ko kho dene k baad uski qaber pe phool rakhna b jurm hai west mein qaberisat se phool chura k un ko sale kr k ahmdi chanda dia karte hain takey ragister se naam na kut jaye,bosdk yeh tumhare ghar me hota hai. saari k blouse me mote mote doodh dikhati firti hain tumhare dharam ki orate or hindu orat ko musalman ka l#nd aachaa lagta hai. yeh baat puri dunia janti hai,tere maa ki choot marunga mulla teri behno ko molvi khan se moongfali milani chahye,2,religious_hate_batch_009.csv
class2_batch002_sample010220,2,10220,2,Religious Hate,211220,215220,v3_original_demo_boundary_prompt,4-shot random authentic same-class,Shortlisted authentic RUHSOLD Religious Hate examples,118,qadiyani pe lanat mirza khinzeer harami pe lanat.,yahodi agent qadyani chamcha,kitane maulviyon ne tumhari ammi jaan ka halala kiya hoga tab jakar tum jaisa suar nikla hoga .. ye bhi to bta re mulle..,but we have a firm belief now that qadiyani and ahmedi neither want muslims nor pakistanis to live in a harmony,tujhe pata nahi jo baat ho rhi hai. kabhi gandgiyan ko dikhana chahieye wo bhi tu apni maa ko chod dete,1,religious_hate_batch_002.csv
class2_batch001_sample010076,1,10076,2,Religious Hate,211076,215076,v3_original_demo_boundary_prompt,4-shot random authentic same-class,Shortlisted authentic RUHSOLD Religious Hate examples,118,yahoodi kabhi hamara dost nhi ho sakta,lul bukhari ye tum nahe tumaray yahoodi or hindu thuku bol rahay hain jin ko army sey bahot hi zeda takleef hai...🖕,tmri taraj animals ki potty n khate... tm jaake  bomb fodo jaake.......halala ke masala.  niklo.. yaha tm atankiyo k liy jagah ni h bhai. yaha atank n failaooo,sale halala molvi se tum karvao apni oorto ka or apni ma bahan ka bol heme rhe ho molvi kamre m apni bahan ko bej kar sina choda hota hoga tumhara,bharwe randi k bachy tujhy pata hai to tu koi gandgiya kuch bhi nhi krti,1,religious_hate_batch_001.csv
class2_batch010_sample011818,10,11818,2,Religious Hate,212818,216818,v3_original_demo_boundary_prompt,4-shot random authentic same-class,Shortlisted authentic RUHSOLD Religious Hate examples,118,please sell up you yahoodi bastards,#stopisraeliterror   yahoodi mulk jisey israel ka naam diya gaya najaiz hai yahoodi sabse bada dahshatgard,"waise madarso mein bahut achhi taaleem di jaati hai tum jihadi hijdo ko, asar dikh rha hai yahan, khud toh khud ki bhen chodte hi ho aur dusro ko bhi bhenchod samajhte ho.",please all muslims come one page and unite  insha allah   yahoodi isreal finished all,qandeel baloch's father had announced reward if anyone killed her for honor.  he got his son arrested who was her brother after she was murdered by family.,2,religious_hate_batch_010.csv
class2_batch004_sample010782,4,10782,2,Religious Hate,211782,215782,v3_original_demo_boundary_prompt,4-shot random authentic same-class,Shortlisted authentic RUHSOLD Religious Hate examples,118,sali muslims randi. jihadi sali,tumhri maa kk chodu sale apni maa ko chod ke paida hone wale randi ki aulad sale apni behan ko biwi bana ke rkhne wale muhammad ki nazayaj aulad,"surprise!  surprise!  majority of the muslims are at just in different levels of ""usman khan"" ranging from mild to extreme (except ahmadiya may be, but they are not ""real muslims"")  that's from a person living in a country with 95% muslim    https://t.co/hq35u2xrrk,2009-05-25 17:25:26,sydney, new south wales",qadiyani pe lanat mirza khinzeer harami pe lanat.,haaahahahaaha hahahahahahaha tu bhi aisi kutti thi na wo,1,religious_hate_batch_004.csv
class2_batch003_sample010414,3,10414,2,Religious Hate,211414,215414,v3_original_demo_boundary_prompt,4-shot random authentic same-class,Shortlisted authentic RUHSOLD Religious Hate examples,118,"bilkul,itny lecture milny hain jese christmas or new year pe milty hain ,kya apko pata bhi hai k kaafir janwaro k haqq main dua bhi nahi krni chahye",ahmdi is a non muslim biggest cheap religion ahmdi.,ye lode teri maa or bahan ke shohar hai or jyada bolega to de denge teri maa or bahan ko hum denge talaq or fir halala wow kya baat hai mullo wow lund chuss lo ðÿ˜œðÿ˜œðÿ˜œðÿ˜œ,chhor bhen chod hrami hindu chhor esko😠😠😠,yaad karay yeh kaha tha ki hum sikh log hein aur tu kya bol rha hay,1,religious_hate_batch_003.csv
class2_batch003_sample010555,3,10555,2,Religious Hate,211555,215555,v3_original_demo_boundary_prompt,4-shot random authentic same-class,Shortlisted authentic RUHSOLD Religious Hate examples,118,"how did an ahmadiya get to the top in the army of sunnis, in the first place?",plz sir hamy in say koi khtra nahi hamy is imran khan yahodi our kadiyanion say bachny pay gor karen pak army tayri azmat ko salam,please sell up you yahoodi bastards,well said.lanati hain ye qadyani kafir,wesy zinda rhy hm sy apni baat krty ho ya bhejti ho,1,religious_hate_batch_003.csv
class2_batch005_sample010862,5,10862,2,Religious Hate,211862,215862,v3_original_demo_boundary_prompt,4-shot random authentic same-class,Shortlisted authentic RUHSOLD Religious Hate examples,118,tum log yahoodi ho kisi ko shuck nahi hona chaheye bus kafi hogae musalmanon ko aur dhoka na dou👹,jaa bhen k lory tum harrami ki nasal ho.. dewband maslak pe kutty ki tareh bhoonkty ho..,typical muslim randi-rona taqia.,apne profile mein whats app me fb twitter mein is bahadur nojawaan ki pic lga kr islam se or nabi ke din se mhbt ka izhaar kren or itna share kren ek yahoodi apne na pak iradoon se baaz ajaye is shakhs ne quraan pak ki hifazahat mein ek bhtareen mhbt ka jita jagta sabot dia hai,sachay sachay ha batao  tum harami ho😂,1,religious_hate_batch_005.csv
class2_batch004_sample010745,4,10745,2,Religious Hate,211745,215745,v3_original_demo_boundary_prompt,4-shot random authentic same-class,Shortlisted authentic RUHSOLD Religious Hate examples,118,yes they are involved in bomb blast... halala and bakrigiri,that nigga was yahoodi he probably lied to all the employees,qadiani ahmedi mirziee kaafir jo hen,"how did an ahmadiya get to the top in the army of sunnis, in the first place?",ab ye khuda kary tum bhe khud ko munafiqat kr rhy ho..,1,religious_hate_batch_004.csv
class2_batch001_sample010030,1,10030,2,Religious Hate,211030,215030,v3_original_demo_boundary_prompt,4-shot random authentic same-class,Shortlisted authentic RUHSOLD Religious Hate examples,118,tumhri maa kk chodu sale apni maa ko chod ke paida hone wale randi ki aulad sale apni behan ko biwi bana ke rkhne wale muhammad ki nazayaj aulad,get lost you kaafir.,o madadarchod: tum tu farigh ho aur yeh gashti tu waisay he sari raat jagti hay. o dallay o kanjar hum tu iran jatay hotay hain tu bata apni behan kitni baar mbs aur us kay wahabi sheikhon ko bhaijta hay.,shia kaafir hai aur hum naam k musalmaan.,tujhe pata chal gaya tha na hum tu kuch nhi krte hamare pass,1,religious_hate_batch_001.csv
class2_batch006_sample011036,6,11036,2,Religious Hate,212036,216036,v3_original_demo_boundary_prompt,4-shot random authentic same-class,Shortlisted authentic RUHSOLD Religious Hate examples,118,yahodi agent qadyani chamcha,dekh le madarch*d islam ka nanga naach..babri par fate hue bawaseer ki tarah bhaunk raha tha na..us par bhi ab apne manhoos muh se kuch hag de..blood cousins ke incest ki paidaish,"afghanio ne tme hindu se bachaya,randi k aulaad tareekh paro tm wo ganda khoon ho,jo siko aour hindu ki rape se paida woe ho,tme kalima tho sikaya afghano ne,magar tmari gandi dna wai ranjeet sing wali a,randi k aulaad tm ne kah pana di,am pashtono ne di,apnay bio ko hera mandi",sale halala molvi se tum karvao apni oorto ka or apni ma bahan ka bol heme rhe ho molvi kamre m apni bahan ko bej kar sina choda hota hoga tumhara,"tere jaisi shakl ki sahi bat krte hain...jab tak tu apni ammi beti ko mara kutta haramzadi, randi ke aulad aurat ko aqal nahin dekha...toh usko",2,religious_hate_batch_006.csv
class2_batch006_sample011120,6,11120,2,Religious Hate,212120,216120,v3_original_demo_boundary_prompt,4-shot random authentic same-class,Shortlisted authentic RUHSOLD Religious Hate examples,118,"insaniyat ko bache rahne do, jis mazhab me janwar ka gala ret ke khushi banti hai, jis mazhab me soorma logo ko 72 virgin ladkiya baati jaati, jo duniya pe kabze ke sapne dekhta ho us mazhab se duuri banane me hi insaniyat ki bhalayi hai.","gau mutr peeyo tum log lodu awkat bna phir aake muh lag, randwa saala",pislam me media ka estemal kerna haram hai  halala ki paidais,or mujhe un ladkiyo se utni hi nafrat hai jo mullo se shadi karti hai jitni kisi normal hindu ko😡 or mujhe hindu ladko se bhi itni hi nafrat hai jo muslim ladkiyo se shadi karte hai... dharam me koi milawat mujhe pasand nahi,aur yahan teri maa ki choot marwain ga kia,2,religious_hate_batch_006.csv
class2_batch003_sample010570,3,10570,2,Religious Hate,211570,215570,v3_original_demo_boundary_prompt,4-shot random authentic same-class,Shortlisted authentic RUHSOLD Religious Hate examples,118,typical muslim randi-rona taqia.,imran qadyani yahoodi agent hy pti ki 18 bank account hy jis may qadyani yahoodi hondo ny funding ki hy . gold smith jimaima aneel musrst . atif miaan sub qadyani yahoodi hy,abe jaana mullle sale bhikari !! halala k maje krwa apni maa ko,abe halala ki paidaish..  tumhara to wajood hi 800 years purana hai..  jab bhagwan ram ko kagaj dikhane ki jarurat par gayi to tum kaun ho.. kagaj to dikhana hi parega.. #nrc_caa_npr,ghar mein tere baap ne tu takliya ka matlab bhi nhi dekhaya tha..,1,religious_hate_batch_003.csv
class2_batch004_sample010730,4,10730,2,Religious Hate,211730,215730,v3_original_demo_boundary_prompt,4-shot random authentic same-class,Shortlisted authentic RUHSOLD Religious Hate examples,118,kabi bi nai jo sakta ya shia log pora ka pora yahodi hn,please all muslims come one page and unite  insha allah   yahoodi isreal finished all,iran shia mulk ha or ye munafik log han,kisi randi maa ki olad ap ki hindu aurtain jab pooja karti hn tab wo bagwan ka lund mounh me b leti hn?,waisay gandu saali,1,religious_hate_batch_004.csv
class2_batch006_sample011037,6,11037,2,Religious Hate,212037,216037,v3_original_demo_boundary_prompt,4-shot random authentic same-class,Shortlisted authentic RUHSOLD Religious Hate examples,118,haha jaat dikha di bsdk antankbadi halala ki aulaad teri ammi ka halala hua tha phir to randi ke bacheðÿ¤£ðÿ¤£ðÿ˜…,phir in yahodi khanzeer logo ko pata chalaiga kai kia ta aur kia nahen ye sirf dajjal kai liye aisa kar rahai hain kyunkai ye yahodi log khazeer log dajjal ko apna leader samjhtai hain aur tumhara pura bollywood bollyminati ban chuka hain tumharai dimagh ko programming ki ja rah,kaafir tujhe kuch nai malum,wow halala's product on fire as usual porkistaniðÿ˜‚ðÿ˜‚ðÿ˜‚,abhi tak bhul gaya tha tu wo jo yahan se hi hee yeh mullo ne aage badhoa hai,2,religious_hate_batch_006.csv
class2_batch003_sample010429,3,10429,2,Religious Hate,211429,215429,v3_original_demo_boundary_prompt,4-shot random authentic same-class,Shortlisted authentic RUHSOLD Religious Hate examples,118,qadiyani pe lanat mirza khinzeer harami pe lanat.,"waise madarso mein bahut achhi taaleem di jaati hai tum jihadi hijdo ko, asar dikh rha hai yahan, khud toh khud ki bhen chodte hi ho aur dusro ko bhi bhenchod samajhte ho.","gau mutr peeyo tum log lodu awkat bna phir aake muh lag, randwa saala",ho gaye hy aur han aj jo ye sekhon k liye kar raha hy ye whoi sekh hy jub pakistan azad howa tha aur muslmano ne jub india sa hijrat ki tub sub zada qatal muslim ko in sekhon ne kiya tha par afsos ap jesy log is yahodi e agent ko ek islami leader mante ho phir kasm khao k allah,ye munafik insan qadyani he,1,religious_hate_batch_003.csv
class2_batch008_sample011476,8,11476,2,Religious Hate,212476,216476,v3_original_demo_boundary_prompt,4-shot random authentic same-class,Shortlisted authentic RUHSOLD Religious Hate examples,118,lanat abbtknews k khilaf trend bnane walye yazeedion pe r bibi k dushmano p bhi,halala ki padayish ho aap aur kya expect karenge hum aapse,get lost you kaafir.,phir in yahodi khanzeer logo ko pata chalaiga kai kia ta aur kia nahen ye sirf dajjal kai liye aisa kar rahai hain kyunkai ye yahodi log khazeer log dajjal ko apna leader samjhtai hain aur tumhara pura bollywood bollyminati ban chuka hain tumharai dimagh ko programming ki ja rah,"gandu muslimon mein hindustani awam ne laga di hai,  koi problem nahi",2,religious_hate_batch_008.csv
class2_batch008_sample011493,8,11493,2,Religious Hate,212493,216493,v3_original_demo_boundary_prompt,4-shot random authentic same-class,Shortlisted authentic RUHSOLD Religious Hate examples,118,kabi bi nai jo sakta ya shia log pora ka pora yahodi hn,that's for foolish act and the ahmedi you highlighted they were equal to jews for us so alhmdurallah we save quran ! . and about hindus and christians its was a false news !  and if it is real then show me !  if you don't have anything then shut up and run !,abe mc mein bheju teri maa cow ka photo kat te hue bc. chod teri tarah andhbhakt nhi hu aur nhi illiterate.. go and drink cow piss.,sali muslims randi. jihadi sali,pata nahi saali ko kya milta hai .. ye to tere jaisi sehat na ho..,2,religious_hate_batch_008.csv
class2_batch002_sample010306,2,10306,2,Religious Hate,211306,215306,v3_original_demo_boundary_prompt,4-shot random authentic same-class,Shortlisted authentic RUHSOLD Religious Hate examples,118,"hogai izzat? mera jism meri marzi jc ghaleez or ghatiya terminologies hamare muslim muashrey me dene ki koshish me aapki so-called,vahiyat or ikhlaq se giri support ko khud ne hi reject kardiya.  apne yahoodi gods ko khush krne k liey kuch or karien",is cult  mein kisi boht hi pyare ko kho dene k baad uski qaber pe phool rakhna b jurm hai west mein qaberisat se phool chura k un ko sale kr k ahmdi chanda dia karte hain takey ragister se naam na kut jaye,kabi bi nai jo sakta ya shia log pora ka pora yahodi hn,abe halala ki paidaish..  tumhara to wajood hi 800 years purana hai..  jab bhagwan ram ko kagaj dikhane ki jarurat par gayi to tum kaun ho.. kagaj to dikhana hi parega.. #nrc_caa_npr,rt :   koi kia sahi bat ha apko koi kia bat nahi.. aur kya hua ye sab??,1,religious_hate_batch_002.csv
class2_batch010_sample011856,10,11856,2,Religious Hate,212856,216856,v3_original_demo_boundary_prompt,4-shot random authentic same-class,Shortlisted authentic RUHSOLD Religious Hate examples,118,iran shia mulk ha or ye munafik log han,please all muslims come one page and unite  insha allah   yahoodi isreal finished all,q teri bhen ko chuda hy dewbandion ny ..harami ki nasal,yahoodi ko hitler ne chora or general ne in jaajoon ko chor k dhkya k ye kai hain.😂,rt : halala ka yaar haramzada,2,religious_hate_batch_010.csv
class2_batch001_sample010044,1,10044,2,Religious Hate,211044,215044,v3_original_demo_boundary_prompt,4-shot random authentic same-class,Shortlisted authentic RUHSOLD Religious Hate examples,118,"tum vahi karo jo aata hai ,namaz or bakri chudai",no no ...... hindu na kah mujhe ........islam bura maan jayega .......kaafir kah kaafir...,ye lode teri maa or bahan ke shohar hai or jyada bolega to de denge teri maa or bahan ko hum denge talaq or fir halala wow kya baat hai mullo wow lund chuss lo ðÿ˜œðÿ˜œðÿ˜œðÿ˜œ,"not surprised comment came from ahmedi. tbh, i won't be surprised when some christians will argue that they r included in muslim category too. just bcoz they believe there is only one god.",ghaddar imran niazi yahodi agent,1,religious_hate_batch_001.csv
class2_batch009_sample011728,9,11728,2,Religious Hate,212728,216728,v3_original_demo_boundary_prompt,4-shot random authentic same-class,Shortlisted authentic RUHSOLD Religious Hate examples,118,abe halala ki paidaish..  tumhara to wajood hi 800 years purana hai..  jab bhagwan ram ko kagaj dikhane ki jarurat par gayi to tum kaun ho.. kagaj to dikhana hi parega.. #nrc_caa_npr,tumhri maa kk chodu sale apni maa ko chod ke paida hone wale randi ki aulad sale apni behan ko biwi bana ke rkhne wale muhammad ki nazayaj aulad,yahodi agent qadyani chamcha,tm jeso ki jb g**nd mari jaye na fir tm log thek rehty ho bc k bachy jb wo yahoodi lanti marty hn na wo muslim dekhty hn air kuch ni dekhty baki tm na toh apni pesh krni hoti ha unhy.,chalo yehi bhenchod.. tere baap se bhej diya tha?,2,religious_hate_batch_009.csv
class2_batch001_sample010168,1,10168,2,Religious Hate,211168,215168,v3_original_demo_boundary_prompt,4-shot random authentic same-class,Shortlisted authentic RUHSOLD Religious Hate examples,118,pehle apni aurto ko halala se bachao ye bhi modi kar raha hai. agar sahi tum logo ka dna kiya jaye to pata nhi baap kon niklega,madarchod muslaman ki kaum madarchod saalo ka imaan nahi hai bheno ko chod te hai bhen ke lode harmazaade uskiye apni  maa ki chut bhi chodta hoga aur chuswata hoga logo se saare musalamaan raand ki olad islam ki maa ki chut,that nigga was yahoodi he probably lied to all the employees,kaafir tujhe kuch nai malum,tera abba tu ghar mein kia kartay hain,1,religious_hate_batch_001.csv
class2_batch005_sample010839,5,10839,2,Religious Hate,211839,215839,v3_original_demo_boundary_prompt,4-shot random authentic same-class,Shortlisted authentic RUHSOLD Religious Hate examples,118,poocho hamarai imam sai kai quran mein kaha likha huwa hain aisai ye sirf yahodi khanzeer logo ki chaal hainmuslims ko badnaam karkai liye  zara socho na tumharai hinduism ko badnaam kyun nahen kartai islam kai peechai kyun parai huwai hain zara dimagh ko khol kai socho,apne profile mein whats app me fb twitter mein is bahadur nojawaan ki pic lga kr islam se or nabi ke din se mhbt ka izhaar kren or itna share kren ek yahoodi apne na pak iradoon se baaz ajaye is shakhs ne quraan pak ki hifazahat mein ek bhtareen mhbt ka jita jagta sabot dia hai,"bilkul,itny lecture milny hain jese christmas or new year pe milty hain ,kya apko pata bhi hai k kaafir janwaro k haqq main dua bhi nahi krni chahye","hogai izzat? mera jism meri marzi jc ghaleez or ghatiya terminologies hamare muslim muashrey me dene ki koshish me aapki so-called,vahiyat or ikhlaq se giri support ko khud ne hi reject kardiya.  apne yahoodi gods ko khush krne k liey kuch or karien",ab to tum kia cheezein khud ke paas rakh lete ho,1,religious_hate_batch_005.csv
class2_batch002_sample010351,2,10351,2,Religious Hate,211351,215351,v3_original_demo_boundary_prompt,4-shot random authentic same-class,Shortlisted authentic RUHSOLD Religious Hate examples,118,abe bharwe tum hindu hi duniya k sub se bara atankwaz ho haramiyon bt krte ho hamare age tumhari country me hindu k elawa koi safe nhi he  tumhari country ka name isi liye  lynchistan he  isi king all the world,aor hamary hkmran in k sath mily huy en ....yahudi aor hindun hmary sb sy bry dushman en,"afghanio ne tme hindu se bachaya,randi k aulaad tareekh paro tm wo ganda khoon ho,jo siko aour hindu ki rape se paida woe ho,tme kalima tho sikaya afghano ne,magar tmari gandi dna wai ranjeet sing wali a,randi k aulaad tm ne kah pana di,am pashtono ne di,apnay bio ko hera mandi",haha jaat dikha di bsdk antankbadi halala ki aulaad teri ammi ka halala hua tha phir to randi ke bacheðÿ¤£ðÿ¤£ðÿ˜…,ye to pta chaly saale randi k bache,1,religious_hate_batch_002.csv
class2_batch010_sample011826,10,11826,2,Religious Hate,212826,216826,v3_original_demo_boundary_prompt,4-shot random authentic same-class,Shortlisted authentic RUHSOLD Religious Hate examples,118,chhor bhen chod hrami hindu chhor esko😠😠😠,jahil k bachy kahan likha h k gair mazhb sy nikaah jaiz ha... tmari gand me jo keera ha wo nhi merna... khoty khany waly... yahoodi kahan sy hogaey ahle kitaab ....tm.b yahoodi to nhi,abe halala ki paidaish..  tumhara to wajood hi 800 years purana hai..  jab bhagwan ram ko kagaj dikhane ki jarurat par gayi to tum kaun ho.. kagaj to dikhana hi parega.. #nrc_caa_npr,lul bukhari ye tum nahe tumaray yahoodi or hindu thuku bol rahay hain jin ko army sey bahot hi zeda takleef hai...🖕,😂😂😂😂 apni maa bharway,2,religious_hate_batch_010.csv
class2_batch003_sample010576,3,10576,2,Religious Hate,211576,215576,v3_original_demo_boundary_prompt,4-shot random authentic same-class,Shortlisted authentic RUHSOLD Religious Hate examples,118,but we have a firm belief now that qadiyani and ahmedi neither want muslims nor pakistanis to live in a harmony,kafir yahodi kafir hindo same thinking,ye pagliya gyi h saali... kuttiya ye ab bhul gyi h jisne #halala or #teentlaaq se aazadi dilwayi usko bhul gyi h ye mullli....,oy ahmdi kuty. tum log smjhty ho k is trah kr k hm awam ko pagl bnao gy?? beta bajwa ne tere jeso ko nanga nachana he sbr kr. kahi ni ja rha hmara army chief. tum logo ne agly 3 sal me ye duniya hi chor jani bajwa k dar se. ye army chief nahi pakistan ka muhafiz he.,randi k bachee,1,religious_hate_batch_003.csv
class2_batch006_sample011116,6,11116,2,Religious Hate,212116,216116,v3_original_demo_boundary_prompt,4-shot random authentic same-class,Shortlisted authentic RUHSOLD Religious Hate examples,118,abe halala ki paidaish..  tumhara to wajood hi 800 years purana hai..  jab bhagwan ram ko kagaj dikhane ki jarurat par gayi to tum kaun ho.. kagaj to dikhana hi parega.. #nrc_caa_npr,but we have a firm belief now that qadiyani and ahmedi neither want muslims nor pakistanis to live in a harmony,"tum vahi karo jo aata hai ,namaz or bakri chudai","malala the product of halala pehle burke se, halala se, bacche paida kerne se or gulami ki jindgi se to azadi lelo hindustaan se azadi to tumhare kukarm tumhe dilwa hi denge. kyuki terrorism failaoge to lat mar ke desh se bhagae jaoge. i am with my country and support caa, nrcðÿ˜‰.",sach mein to yehi soch raha tha. tu apni maa behno ko nahi bataya?,2,religious_hate_batch_006.csv
class2_batch002_sample010322,2,10322,2,Religious Hate,211322,215322,v3_original_demo_boundary_prompt,4-shot random authentic same-class,Shortlisted authentic RUHSOLD Religious Hate examples,118,"waise madarso mein bahut achhi taaleem di jaati hai tum jihadi hijdo ko, asar dikh rha hai yahan, khud toh khud ki bhen chodte hi ho aur dusro ko bhi bhenchod samajhte ho.",iran shia mulk ha or ye munafik log han,please sell up you yahoodi bastards,chal na randi ! we have spiritual connection with supreme leader imam khamnae !  we have our hearts and souls for holy cities of najaf and karbala !  dont give a fck to wahabi chutiyas,"pakistan mai ajeeb gande log hain ,aqal nahi dete unka .ye jism ke liye humare jism hamari marzi kr rahe hain",1,religious_hate_batch_002.csv
class2_batch008_sample011557,8,11557,2,Religious Hate,212557,216557,v3_original_demo_boundary_prompt,4-shot random authentic same-class,Shortlisted authentic RUHSOLD Religious Hate examples,118,madarchod muslaman ki kaum madarchod saalo ka imaan nahi hai bheno ko chod te hai bhen ke lode harmazaade uskiye apni  maa ki chut bhi chodta hoga aur chuswata hoga logo se saare musalamaan raand ki olad islam ki maa ki chut,abe mc mein bheju teri maa cow ka photo kat te hue bc. chod teri tarah andhbhakt nhi hu aur nhi illiterate.. go and drink cow piss.,"hogai izzat? mera jism meri marzi jc ghaleez or ghatiya terminologies hamare muslim muashrey me dene ki koshish me aapki so-called,vahiyat or ikhlaq se giri support ko khud ne hi reject kardiya.  apne yahoodi gods ko khush krne k liey kuch or karien",abe halala ki paidaish..  tumhara to wajood hi 800 years purana hai..  jab bhagwan ram ko kagaj dikhane ki jarurat par gayi to tum kaun ho.. kagaj to dikhana hi parega.. #nrc_caa_npr,tu bhi gali de rha tha ab tere baap ko bhi,2,religious_hate_batch_008.csv
class2_batch003_sample010575,3,10575,2,Religious Hate,211575,215575,v3_original_demo_boundary_prompt,4-shot random authentic same-class,Shortlisted authentic RUHSOLD Religious Hate examples,118,wise halala ki paidaish tumse yhi ummid ki ja sakti hai madarsa chhhap suarðÿ˜‚ðÿ¤£ðÿ¤£ðÿ¤£ðÿ¤£,sale halala molvi se tum karvao apni oorto ka or apni ma bahan ka bol heme rhe ho molvi kamre m apni bahan ko bej kar sina choda hota hoga tumhara,meri tarbiyat yehi hai k jo amreca ko apna baap manta hai na wo muslman hai or na us s koi hanra taloq hai tum nasl e yazeedi ho masl e yahodi or yahoodio ki olad ho,"just the ten thousandth ""isolated"" instance of christian /jewish/hindu/ahmedi places of worship being attacked by crybabies who themselves can't handle some nutcase burning a book full of fiction stories.",you are an ahmedi and no doubt a kafir,1,religious_hate_batch_003.csv
class2_batch007_sample011233,7,11233,2,Religious Hate,212233,216233,v3_original_demo_boundary_prompt,4-shot random authentic same-class,Shortlisted authentic RUHSOLD Religious Hate examples,118,chutiya azam ny kia kia ha ab tk sawa saal mein sirf 11600 arab ka izfa qarzoun mein kia or kuch nhi badlo apni soch ko yahodi na bano or ek muslim ki tarh socho,"pta nhi kon si uni se graduate hote ho aap log jnha aesi wahiyat education di jati hðÿ˜‚ðÿ˜‚ðÿ˜‚ halala, gazwa-e-hind, camel urine or pta nhi kya kyaðÿ˜‚ðÿ˜‚ðÿ˜‚ðÿ¤£ðÿ¤£ðÿ¤£ðÿ¤£ðÿ‘ðÿ»","gau mutr peeyo tum log lodu awkat bna phir aake muh lag, randwa saala",pehle apni aurto ko halala se bachao ye bhi modi kar raha hai. agar sahi tum logo ka dna kiya jaye to pata nhi baap kon niklega,"wo kehtay hain ""islam ne hamara uqoon ko dekhne diya tha"" or ""yahoodi sazish""",2,religious_hate_batch_007.csv
class2_batch006_sample011040,6,11040,2,Religious Hate,212040,216040,v3_original_demo_boundary_prompt,4-shot random authentic same-class,Shortlisted authentic RUHSOLD Religious Hate examples,118,teri maa ka halala kra rha tha koi problem madarjat bhosdike mulle,abe jaana mullle sale bhikari !! halala k maje krwa apni maa ko,israel yahoodi sabse bade atankwaadi hai,tum log yahoodi ho kisi ko shuck nahi hona chaheye bus kafi hogae musalmanon ko aur dhoka na dou👹,teri maa ki choot marunga kya tere paas kya paisay ha,2,religious_hate_batch_006.csv
class2_batch007_sample011317,7,11317,2,Religious Hate,212317,216317,v3_original_demo_boundary_prompt,4-shot random authentic same-class,Shortlisted authentic RUHSOLD Religious Hate examples,118,quaid azam was right ky hindu muslim kabhi sth nhi rhy sgty aaj hindu apni hasli shakl dekha rhy hn. agar kisi muslim ny aisa kia hota to india media ki maa mar gi hoti pr ab nhi boly gy. aagy ka ky yehi bol dn gy ky mentally disturb tha or case khtm .#jamia,jahil k bachy kahan likha h k gair mazhb sy nikaah jaiz ha... tmari gand me jo keera ha wo nhi merna... khoty khany waly... yahoodi kahan sy hogaey ahle kitaab ....tm.b yahoodi to nhi,poocho hamarai imam sai kai quran mein kaha likha huwa hain aisai ye sirf yahodi khanzeer logo ki chaal hainmuslims ko badnaam karkai liye  zara socho na tumharai hinduism ko badnaam kyun nahen kartai islam kai peechai kyun parai huwai hain zara dimagh ko khol kai socho,ahmedi mirziee qadiyani hargiz kuleedi uhdu pe nhee janay chahien warna hmari agencies pe swalia nishan hey,mohammad pbuh ne apne ummat ko aik hath takar diya hai.. aur yeh tere jaisy mulkon ne us kuch nahi krwaya hai.. #shukla_ko_chupana,2,religious_hate_batch_007.csv
class2_batch001_sample010185,1,10185,2,Religious Hate,211185,215185,v3_original_demo_boundary_prompt,4-shot random authentic same-class,Shortlisted authentic RUHSOLD Religious Hate examples,118,another endian hijra coward hindu terrorist army soldier dispatched to shamshangarh by pakistan army i want more endian hindu terrorist dead so keep it up pakistan,israel yahoodi sabse bade atankwaadi hai,hey are fighting amongst each other. #bajwa is compromise candidate. thats only reason why he a ahmadiya is a coas.,chhor bhen chod hrami hindu chhor esko😠😠😠,halala ki paidaish,1,religious_hate_batch_001.csv
class2_batch007_sample011339,7,11339,2,Religious Hate,212339,216339,v3_original_demo_boundary_prompt,4-shot random authentic same-class,Shortlisted authentic RUHSOLD Religious Hate examples,118,another endian hijra coward hindu terrorist army soldier dispatched to shamshangarh by pakistan army i want more endian hindu terrorist dead so keep it up pakistan,or mujhe un ladkiyo se utni hi nafrat hai jo mullo se shadi karti hai jitni kisi normal hindu ko😡 or mujhe hindu ladko se bhi itni hi nafrat hai jo muslim ladkiyo se shadi karte hai... dharam me koi milawat mujhe pasand nahi,wise halala ki paidaish tumse yhi ummid ki ja sakti hai madarsa chhhap suarðÿ˜‚ðÿ¤£ðÿ¤£ðÿ¤£ðÿ¤£,kitane maulviyon ne tumhari ammi jaan ka halala kiya hoga tab jakar tum jaisa suar nikla hoga .. ye bhi to bta re mulle..,mulle teri behn k ghar wale kehte hain tere baap jaise halala k liye tu samjha aur humne dekha hai tujhe koi dard nahi hai,2,religious_hate_batch_007.csv
class2_batch006_sample011144,6,11144,2,Religious Hate,212144,216144,v3_original_demo_boundary_prompt,4-shot random authentic same-class,Shortlisted authentic RUHSOLD Religious Hate examples,118,is cult  mein kisi boht hi pyare ko kho dene k baad uski qaber pe phool rakhna b jurm hai west mein qaberisat se phool chura k un ko sale kr k ahmdi chanda dia karte hain takey ragister se naam na kut jaye,that's for foolish act and the ahmedi you highlighted they were equal to jews for us so alhmdurallah we save quran ! . and about hindus and christians its was a false news !  and if it is real then show me !  if you don't have anything then shut up and run !,chutiya azam ny kia kia ha ab tk sawa saal mein sirf 11600 arab ka izfa qarzoun mein kia or kuch nhi badlo apni soch ko yahodi na bano or ek muslim ki tarh socho,no no ...... hindu na kah mujhe ........islam bura maan jayega .......kaafir kah kaafir...,yaar duniya m gali dyta hai koi aur he baat nahi,2,religious_hate_batch_006.csv
class2_batch005_sample010932,5,10932,2,Religious Hate,211932,215932,v3_original_demo_boundary_prompt,4-shot random authentic same-class,Shortlisted authentic RUHSOLD Religious Hate examples,118,uff pakiza muslim randi 😉😍,kabi bi nai jo sakta ya shia log pora ka pora yahodi hn,tw kaafir tera peo kaafir tera pura khandaan kaafir ooo churry trump🐱🐱,aye yahudiyo jitna zulm karna hai kar lo in sha allah woh din bhi zaroor aayega ke tumhe chun chun ke maara jayega yahan tak ke tum darakht ya pattharoñ ke piche chhup jaoge to bejan chizen bhi kahengi yahan yahoodi chhupa hai.hadees ka farman hai ho kar rahega #israeliterrorism,jb tk baz ni ajata tab tak tere baare mein soch raha tha ke tu yahodi agent hai..,1,religious_hate_batch_005.csv
class2_batch007_sample011341,7,11341,2,Religious Hate,212341,216341,v3_original_demo_boundary_prompt,4-shot random authentic same-class,Shortlisted authentic RUHSOLD Religious Hate examples,118,get lost you kaafir.,sirf momin aya to yahoodi kum nasal marny laggaye agr sawa crore momin agaye to sochen kya hoga?hamen jagna hoga,abe mc mein bheju teri maa cow ka photo kat te hue bc. chod teri tarah andhbhakt nhi hu aur nhi illiterate.. go and drink cow piss.,in beghairto israel yahodi khanzeer kai bacho nai kia kuch nahen kia hain lekhin alhamdulillah islam wahid deen jo mohabbat sikhati hain nakai nafrat aur ye sab sai tezi sai phelta huwa deen hain is liye inko jalan ho rahi hain aur har koshish kar bhe chukai hain aur kar bhe,ye kutte kahani na batane do,2,religious_hate_batch_007.csv
class2_batch008_sample011474,8,11474,2,Religious Hate,212474,216474,v3_original_demo_boundary_prompt,4-shot random authentic same-class,Shortlisted authentic RUHSOLD Religious Hate examples,118,tumhri maa kk chodu sale apni maa ko chod ke paida hone wale randi ki aulad sale apni behan ko biwi bana ke rkhne wale muhammad ki nazayaj aulad,tmri taraj animals ki potty n khate... tm jaake  bomb fodo jaake.......halala ke masala.  niklo.. yaha tm atankiyo k liy jagah ni h bhai. yaha atank n failaooo,oeyy randdii k bachay ganddu hindu.. kyun jhoott baq raha hai gashti maa k ganndduu bachay. peshaab p k palnay wali qoum.,ye insan ik chaaal haaa dostoo .........zra smj k chliye gaa...sb jaanty hn qadyaani kaafir hn ......ye sb k sentiments gain kr rhaa haa......bad me ye apna chehra dikhiye gaaa fasad kii shkal me.....in chaaalo sy hosyar rhy baseerat paida kry sb apny andr.. shukria...,tera baap imran chore zakat khore yahodi agent hindooo,2,religious_hate_batch_008.csv
class2_batch008_sample011524,8,11524,2,Religious Hate,212524,216524,v3_original_demo_boundary_prompt,4-shot random authentic same-class,Shortlisted authentic RUHSOLD Religious Hate examples,118,#stopisraeliterror   yahoodi mulk jisey israel ka naam diya gaya najaiz hai yahoodi sabse bada dahshatgard,shia kaafir hai aur hum naam k musalmaan.,israel yahoodi sabse bade atankwaadi hai,ahmedi mirziee qadiyani hargiz kuleedi uhdu pe nhee janay chahien warna hmari agencies pe swalia nishan hey,mullo ka koi pta nahin koi hai,2,religious_hate_batch_008.csv
class2_batch002_sample010297,2,10297,2,Religious Hate,211297,215297,v3_original_demo_boundary_prompt,4-shot random authentic same-class,Shortlisted authentic RUHSOLD Religious Hate examples,118,jisko bhi hindu ki chudai par shak hai to ek baar mujh se chudwa kar dekho sab bhram dur ho jayega,ahmdi is a non muslim biggest cheap religion ahmdi.,please all muslims come one page and unite  insha allah   yahoodi isreal finished all,lant hy teri aagli pecchli tweet pe or tum pe or qadyanion pe or kuch ?,aur ab ye logon ne mohabbat ka dilaya tha,1,religious_hate_batch_002.csv
class2_batch009_sample011798,9,11798,2,Religious Hate,212798,216798,v3_original_demo_boundary_prompt,4-shot random authentic same-class,Shortlisted authentic RUHSOLD Religious Hate examples,118,that nigga was yahoodi he probably lied to all the employees,sirf momin aya to yahoodi kum nasal marny laggaye agr sawa crore momin agaye to sochen kya hoga?hamen jagna hoga,hindu sirf gooli ki zuban smjta ha,ye lode teri maa or bahan ke shohar hai or jyada bolega to de denge teri maa or bahan ko hum denge talaq or fir halala wow kya baat hai mullo wow lund chuss lo ðÿ˜œðÿ˜œðÿ˜œðÿ˜œ,"1965 se pakistan army ne 700,000 hindoo aur sikh muslimon ka qatl kar diya. ye duniya mein jo muslims ne aurat march ka concept kaha tha wo yeh pak",2,religious_hate_batch_009.csv
class2_batch005_sample010994,5,10994,2,Religious Hate,211994,215994,v3_original_demo_boundary_prompt,4-shot random authentic same-class,Shortlisted authentic RUHSOLD Religious Hate examples,118,tw kaafir tera peo kaafir tera pura khandaan kaafir ooo churry trump🐱🐱,haha jaat dikha di bsdk antankbadi halala ki aulaad teri ammi ka halala hua tha phir to randi ke bacheðÿ¤£ðÿ¤£ðÿ˜…,halala ki padayish ho aap aur kya expect karenge hum aapse,"not surprised comment came from ahmedi. tbh, i won't be surprised when some christians will argue that they r included in muslim category too. just bcoz they believe there is only one god.",yahoodi agent kashmir frosh,1,religious_hate_batch_005.csv
class2_batch005_sample010976,5,10976,2,Religious Hate,211976,215976,v3_original_demo_boundary_prompt,4-shot random authentic same-class,Shortlisted authentic RUHSOLD Religious Hate examples,118,yahoodi ko hitler ne chora or general ne in jaajoon ko chor k dhkya k ye kai hain.😂,typical muslim randi-rona taqia.,that's for foolish act and the ahmedi you highlighted they were equal to jews for us so alhmdurallah we save quran ! . and about hindus and christians its was a false news !  and if it is real then show me !  if you don't have anything then shut up and run !,"not surprised comment came from ahmedi. tbh, i won't be surprised when some christians will argue that they r included in muslim category too. just bcoz they believe there is only one god.",abhi tak mazaak mat krna .. koi baat nahin hoti na pti ki .. nawaz sharif se koi bat ni ho saki .. apni maa baap se pochh lo kya jab humein kuch nahin det,1,religious_hate_batch_005.csv
class2_batch007_sample011210,7,11210,2,Religious Hate,212210,216210,v3_original_demo_boundary_prompt,4-shot random authentic same-class,Shortlisted authentic RUHSOLD Religious Hate examples,118,#khuda ki qasam agar mey hota tu zinda nahe bach sakta ta muj sey ye beghairat kafir yahoodi.,kaafir tujhe kuch nai malum,tm jeso ki jb g**nd mari jaye na fir tm log thek rehty ho bc k bachy jb wo yahoodi lanti marty hn na wo muslim dekhty hn air kuch ni dekhty baki tm na toh apni pesh krni hoti ha unhy.,tumhri maa kk chodu sale apni maa ko chod ke paida hone wale randi ki aulad sale apni behan ko biwi bana ke rkhne wale muhammad ki nazayaj aulad,kya tere baap ney ise choda tha ab teri amma ko chod ke paisay liye,2,religious_hate_batch_007.csv
class2_batch009_sample011609,9,11609,2,Religious Hate,212609,216609,v3_original_demo_boundary_prompt,4-shot random authentic same-class,Shortlisted authentic RUHSOLD Religious Hate examples,118,tumri ma buhat hanzir hy jis ne tum jaise  yahodi kafir rhandi hanzir aurat ko paida kiya,get lost you kaafir.,plz sir hamy in say koi khtra nahi hamy is imran khan yahodi our kadiyanion say bachny pay gor karen pak army tayri azmat ko salam,sali muslims randi. jihadi sali,rt : jb tu larkiyo ke sath mard hi nhi dekhta tab teri maa chodta tha. bhosdiwala.,2,religious_hate_batch_009.csv
class2_batch001_sample010123,1,10123,2,Religious Hate,211123,215123,v3_original_demo_boundary_prompt,4-shot random authentic same-class,Shortlisted authentic RUHSOLD Religious Hate examples,118,another endian hijra coward hindu terrorist army soldier dispatched to shamshangarh by pakistan army i want more endian hindu terrorist dead so keep it up pakistan,iran shia mulk ha or ye munafik log han,ye bat tum yahoodi ko bolo atankwadi tum ho jo musalman se nafrat ki aag me insaniyat ke sabse bade dushman yahoodi ko support karte ho ye log to face to face mara hai unlog chote bache ka upar bom feka kisi aurat ya admi bacha ko goli mar diya wi bhi waha ke civilian hi hai,imran qadyani yahoodi agent hy pti ki 18 bank account hy jis may qadyani yahoodi hondo ny funding ki hy . gold smith jimaima aneel musrst . atif miaan sub qadyani yahoodi hy,abey teri maa ki phudi madarchod india,1,religious_hate_batch_001.csv
class2_batch002_sample010307,2,10307,2,Religious Hate,211307,215307,v3_original_demo_boundary_prompt,4-shot random authentic same-class,Shortlisted authentic RUHSOLD Religious Hate examples,118,kaafir tujhe kuch nai malum,imran qadyani yahoodi agent hy pti ki 18 bank account hy jis may qadyani yahoodi hondo ny funding ki hy . gold smith jimaima aneel musrst . atif miaan sub qadyani yahoodi hy,abe halala ki paidaish..  tumhara to wajood hi 800 years purana hai..  jab bhagwan ram ko kagaj dikhane ki jarurat par gayi to tum kaun ho.. kagaj to dikhana hi parega.. #nrc_caa_npr,phir kehty hum bhot badry #muslim hn aur #ashaq_e_rasool sawm hain lanat hai un sab #haramio py jinho ny bibi fatima zahra ko shahheed kia aur #haq khaya 🖐🏻😡🐕 aur lanat un sab py jo un #haramio ky hamdard hain,😂😂😂😂😂 kya bhenchod..?,1,religious_hate_batch_002.csv
class2_batch007_sample011344,7,11344,2,Religious Hate,212344,216344,v3_original_demo_boundary_prompt,4-shot random authentic same-class,Shortlisted authentic RUHSOLD Religious Hate examples,118,madarchod muslaman ki kaum madarchod saalo ka imaan nahi hai bheno ko chod te hai bhen ke lode harmazaade uskiye apni  maa ki chut bhi chodta hoga aur chuswata hoga logo se saare musalamaan raand ki olad islam ki maa ki chut,typical muslim randi-rona taqia.,jahil k bachy kahan likha h k gair mazhb sy nikaah jaiz ha... tmari gand me jo keera ha wo nhi merna... khoty khany waly... yahoodi kahan sy hogaey ahle kitaab ....tm.b yahoodi to nhi,pehle apni aurto ko halala se bachao ye bhi modi kar raha hai. agar sahi tum logo ka dna kiya jaye to pata nhi baap kon niklega,rt :  #israeli_terrorist_lives_matter   #pakistan #india  #stopfakeholocaust,2,religious_hate_batch_007.csv
class2_batch009_sample011606,9,11606,2,Religious Hate,212606,216606,v3_original_demo_boundary_prompt,4-shot random authentic same-class,Shortlisted authentic RUHSOLD Religious Hate examples,118,that's for foolish act and the ahmedi you highlighted they were equal to jews for us so alhmdurallah we save quran ! . and about hindus and christians its was a false news !  and if it is real then show me !  if you don't have anything then shut up and run !,"surprise!  surprise!  majority of the muslims are at just in different levels of ""usman khan"" ranging from mild to extreme (except ahmadiya may be, but they are not ""real muslims"")  that's from a person living in a country with 95% muslim    https://t.co/hq35u2xrrk,2009-05-25 17:25:26,sydney, new south wales",ho gaye hy aur han aj jo ye sekhon k liye kar raha hy ye whoi sekh hy jub pakistan azad howa tha aur muslmano ne jub india sa hijrat ki tub sub zada qatal muslim ko in sekhon ne kiya tha par afsos ap jesy log is yahodi e agent ko ek islami leader mante ho phir kasm khao k allah,pehle america jaiga ue begairaat musliman kehlwane kai laiq nh pehle he logh kehty h eske bary me ye yahoodi hai,tu to wo musalmaan he jo imran khan ka qabza kartay hein,2,religious_hate_batch_009.csv
class2_batch005_sample010921,5,10921,2,Religious Hate,211921,215921,v3_original_demo_boundary_prompt,4-shot random authentic same-class,Shortlisted authentic RUHSOLD Religious Hate examples,118,kaafir tujhe kuch nai malum,"obviously we muslims hate ahmedi's . 😡 we don't care whatever happens to them ! we just hate them. if their is oppression over other minorities in pakistan which is not usual alhamdolillah, then i condemn that.",o madadarchod: tum tu farigh ho aur yeh gashti tu waisay he sari raat jagti hay. o dallay o kanjar hum tu iran jatay hotay hain tu bata apni behan kitni baar mbs aur us kay wahabi sheikhon ko bhaijta hay.,hey are fighting amongst each other. #bajwa is compromise candidate. thats only reason why he a ahmadiya is a coas.,yahoodi khan,1,religious_hate_batch_005.csv
class2_batch010_sample011887,10,11887,2,Religious Hate,212887,216887,v3_original_demo_boundary_prompt,4-shot random authentic same-class,Shortlisted authentic RUHSOLD Religious Hate examples,118,o madadarchod: tum tu farigh ho aur yeh gashti tu waisay he sari raat jagti hay. o dallay o kanjar hum tu iran jatay hotay hain tu bata apni behan kitni baar mbs aur us kay wahabi sheikhon ko bhaijta hay.,or wahan tumhara jahanumi ahmedi jo naaowz billah nabi hona ka dawa dar tha wo wo case hara tha or court sa bhag gya tha.nabi pak p.b.u.h allah ka akhri nabi han or on ka bad koi nabi nahi ae ga.ya ak haqeqat ha jo quran ma bhi ha.or 1947 ma pak islam ka name par bana tha.,aye yahudiyo jitna zulm karna hai kar lo in sha allah woh din bhi zaroor aayega ke tumhe chun chun ke maara jayega yahan tak ke tum darakht ya pattharoñ ke piche chhup jaoge to bejan chizen bhi kahengi yahan yahoodi chhupa hai.hadees ka farman hai ho kar rahega #israeliterrorism,jahil k bachy kahan likha h k gair mazhb sy nikaah jaiz ha... tmari gand me jo keera ha wo nhi merna... khoty khany waly... yahoodi kahan sy hogaey ahle kitaab ....tm.b yahoodi to nhi,abi ahmadiya muslims hain or ye islam ne hamary bure badnami insafon ko ni kiya kia karen...,2,religious_hate_batch_010.csv
class2_batch007_sample011389,7,11389,2,Religious Hate,212389,216389,v3_original_demo_boundary_prompt,4-shot random authentic same-class,Shortlisted authentic RUHSOLD Religious Hate examples,118,iran shia mulk ha or ye munafik log han,o madadarchod: tum tu farigh ho aur yeh gashti tu waisay he sari raat jagti hay. o dallay o kanjar hum tu iran jatay hotay hain tu bata apni behan kitni baar mbs aur us kay wahabi sheikhon ko bhaijta hay.,"huh wut you say u imbecile, i shat on you...toh toh toh kaafir",#stopisraeliterror   yahoodi mulk jisey israel ka naam diya gaya najaiz hai yahoodi sabse bada dahshatgard,abe randi ki nasal pakistan mein tumhe paisa nahi milta bhenchod,2,religious_hate_batch_007.csv
class2_batch002_sample010342,2,10342,2,Religious Hate,211342,215342,v3_original_demo_boundary_prompt,4-shot random authentic same-class,Shortlisted authentic RUHSOLD Religious Hate examples,118,"abbey halala ki paidaish, 5 baap ki aulaad. patthar baazi ke alawa kuchh kaam kara kabhi teri kaum ne ?",kabi bi nai jo sakta ya shia log pora ka pora yahodi hn,tm jeso ki jb g**nd mari jaye na fir tm log thek rehty ho bc k bachy jb wo yahoodi lanti marty hn na wo muslim dekhty hn air kuch ni dekhty baki tm na toh apni pesh krni hoti ha unhy.,aye yahudiyo jitna zulm karna hai kar lo in sha allah woh din bhi zaroor aayega ke tumhe chun chun ke maara jayega yahan tak ke tum darakht ya pattharoñ ke piche chhup jaoge to bejan chizen bhi kahengi yahan yahoodi chhupa hai.hadees ka farman hai ho kar rahega #israeliterrorism,kabi bi nai jo sakta ya shia log pora ka pora yahodi hn,1,religious_hate_batch_002.csv
class2_batch001_sample010194,1,10194,2,Religious Hate,211194,215194,v3_original_demo_boundary_prompt,4-shot random authentic same-class,Shortlisted authentic RUHSOLD Religious Hate examples,118,hindoo wo qom ha jinper koi nabi koi kitaab nazil nahi hoi. ye to yahoodi se bhi bad tar hen,bus ya aur tafseel bataao  ahmdi aurtain beach pe bikini b pehnti hain  jalse aur ijlaas pe burqa b boht hai 🤫,chutiya azam ny kia kia ha ab tk sawa saal mein sirf 11600 arab ka izfa qarzoun mein kia or kuch nhi badlo apni soch ko yahodi na bano or ek muslim ki tarh socho,"huh wut you say u imbecile, i shat on you...toh toh toh kaafir",apko pta hai 5 june ki duniya mazboot hui thi..tum logon ne kaha k khuda hi ghabrana ha..is liye 5 june ko raat ko 7 baje tak 90 minutes,1,religious_hate_batch_001.csv
class2_batch010_sample011875,10,11875,2,Religious Hate,212875,216875,v3_original_demo_boundary_prompt,4-shot random authentic same-class,Shortlisted authentic RUHSOLD Religious Hate examples,118,uff pakiza muslim randi 😉😍,that nigga was yahoodi he probably lied to all the employees,abe mc mein bheju teri maa cow ka photo kat te hue bc. chod teri tarah andhbhakt nhi hu aur nhi illiterate.. go and drink cow piss.,well said.lanati hain ye qadyani kafir,lanati hai tum logon,2,religious_hate_batch_010.csv
class2_batch002_sample010394,2,10394,2,Religious Hate,211394,215394,v3_original_demo_boundary_prompt,4-shot random authentic same-class,Shortlisted authentic RUHSOLD Religious Hate examples,118,kitane maulviyon ne tumhari ammi jaan ka halala kiya hoga tab jakar tum jaisa suar nikla hoga .. ye bhi to bta re mulle..,"gau mutr peeyo tum log lodu awkat bna phir aake muh lag, randwa saala",o madadarchod: tum tu farigh ho aur yeh gashti tu waisay he sari raat jagti hay. o dallay o kanjar hum tu iran jatay hotay hain tu bata apni behan kitni baar mbs aur us kay wahabi sheikhon ko bhaijta hay.,halala ki padayish ho aap aur kya expect karenge hum aapse,teri maa choot karne wale hai,1,religious_hate_batch_002.csv
class2_batch009_sample011632,9,11632,2,Religious Hate,212632,216632,v3_original_demo_boundary_prompt,4-shot random authentic same-class,Shortlisted authentic RUHSOLD Religious Hate examples,118,is cult  mein kisi boht hi pyare ko kho dene k baad uski qaber pe phool rakhna b jurm hai west mein qaberisat se phool chura k un ko sale kr k ahmdi chanda dia karte hain takey ragister se naam na kut jaye,sunni killing a shia....what's new?  thank god he wasn't a ahmedi muslim otherwise the motive would have been to acquire a passport to migrate to western countries and continue their islamic jihadi work after retirement,kadiyani kafir thay hain aur hamesha harain gay. ye dajjali fitnay ki ek kari hain. aur inkay supporters hum main bhe jo chupay howay hain wo bhe khanzeer kafir he hain. lannat beshomar kadiyanio pr.,ye bat tum yahoodi ko bolo atankwadi tum ho jo musalman se nafrat ki aag me insaniyat ke sabse bade dushman yahoodi ko support karte ho ye log to face to face mara hai unlog chote bache ka upar bom feka kisi aurat ya admi bacha ko goli mar diya wi bhi waha ke civilian hi hai,sunni killing a shia.....that's the normal thing in pakistan..,2,religious_hate_batch_009.csv
class2_batch006_sample011137,6,11137,2,Religious Hate,212137,216137,v3_original_demo_boundary_prompt,4-shot random authentic same-class,Shortlisted authentic RUHSOLD Religious Hate examples,118,"pta nhi kon si uni se graduate hote ho aap log jnha aesi wahiyat education di jati hðÿ˜‚ðÿ˜‚ðÿ˜‚ halala, gazwa-e-hind, camel urine or pta nhi kya kyaðÿ˜‚ðÿ˜‚ðÿ˜‚ðÿ¤£ðÿ¤£ðÿ¤£ðÿ¤£ðÿ‘ðÿ»",teri maa ka halala kra rha tha koi problem madarjat bhosdike mulle,phir in yahodi khanzeer logo ko pata chalaiga kai kia ta aur kia nahen ye sirf dajjal kai liye aisa kar rahai hain kyunkai ye yahodi log khazeer log dajjal ko apna leader samjhtai hain aur tumhara pura bollywood bollyminati ban chuka hain tumharai dimagh ko programming ki ja rah,or wahan tumhara jahanumi ahmedi jo naaowz billah nabi hona ka dawa dar tha wo wo case hara tha or court sa bhag gya tha.nabi pak p.b.u.h allah ka akhri nabi han or on ka bad koi nabi nahi ae ga.ya ak haqeqat ha jo quran ma bhi ha.or 1947 ma pak islam ka name par bana tha.,teri maa ki choot mai halala krte hue,2,religious_hate_batch_006.csv
class2_batch002_sample010266,2,10266,2,Religious Hate,211266,215266,v3_original_demo_boundary_prompt,4-shot random authentic same-class,Shortlisted authentic RUHSOLD Religious Hate examples,118,tm jeso ki jb g**nd mari jaye na fir tm log thek rehty ho bc k bachy jb wo yahoodi lanti marty hn na wo muslim dekhty hn air kuch ni dekhty baki tm na toh apni pesh krni hoti ha unhy.,ye lode teri maa or bahan ke shohar hai or jyada bolega to de denge teri maa or bahan ko hum denge talaq or fir halala wow kya baat hai mullo wow lund chuss lo ðÿ˜œðÿ˜œðÿ˜œðÿ˜œ,qadiyani pe lanat mirza khinzeer harami pe lanat.,qadiani ahmedi mirziee kaafir jo hen,tum hamein nhi boltey kyun k bhosdike insan yaha hi aagay ja rhe ho,1,religious_hate_batch_002.csv
class2_batch003_sample010427,3,10427,2,Religious Hate,211427,215427,v3_original_demo_boundary_prompt,4-shot random authentic same-class,Shortlisted authentic RUHSOLD Religious Hate examples,118,pislam me media ka estemal kerna haram hai  halala ki paidais,"gau mutr peeyo tum log lodu awkat bna phir aake muh lag, randwa saala",jahil k bachy kahan likha h k gair mazhb sy nikaah jaiz ha... tmari gand me jo keera ha wo nhi merna... khoty khany waly... yahoodi kahan sy hogaey ahle kitaab ....tm.b yahoodi to nhi,lanat abbtknews k khilaf trend bnane walye yazeedion pe r bibi k dushmano p bhi,tu tm kisi ko apni maa chodty hai teri ammi ka yaar hai,1,religious_hate_batch_003.csv
class2_batch001_sample010067,1,10067,2,Religious Hate,211067,215067,v3_original_demo_boundary_prompt,4-shot random authentic same-class,Shortlisted authentic RUHSOLD Religious Hate examples,118,wow halala's product on fire as usual porkistaniðÿ˜‚ðÿ˜‚ðÿ˜‚,ye insan ik chaaal haaa dostoo .........zra smj k chliye gaa...sb jaanty hn qadyaani kaafir hn ......ye sb k sentiments gain kr rhaa haa......bad me ye apna chehra dikhiye gaaa fasad kii shkal me.....in chaaalo sy hosyar rhy baseerat paida kry sb apny andr.. shukria...,hindu sirf gooli ki zuban smjta ha,another endian hijra coward hindu terrorist army soldier dispatched to shamshangarh by pakistan army i want more endian hindu terrorist dead so keep it up pakistan,hahahaha yeh jesy bachy hn jo nai nai nai,1,religious_hate_batch_001.csv
class2_batch004_sample010736,4,10736,2,Religious Hate,211736,215736,v3_original_demo_boundary_prompt,4-shot random authentic same-class,Shortlisted authentic RUHSOLD Religious Hate examples,118,"surprise!  surprise!  majority of the muslims are at just in different levels of ""usman khan"" ranging from mild to extreme (except ahmadiya may be, but they are not ""real muslims"")  that's from a person living in a country with 95% muslim    https://t.co/hq35u2xrrk,2009-05-25 17:25:26,sydney, new south wales",lul bukhari ye tum nahe tumaray yahoodi or hindu thuku bol rahay hain jin ko army sey bahot hi zeda takleef hai...🖕,wow halala's product on fire as usual porkistaniðÿ˜‚ðÿ˜‚ðÿ˜‚,teri maa ka halala kra rha tha koi problem madarjat bhosdike mulle,ye jo abhi tk hindu or muslim ne pocha ha wo apne dard ki bat kr raha tha..,1,religious_hate_batch_004.csv
class2_batch004_sample010614,4,10614,2,Religious Hate,211614,215614,v3_original_demo_boundary_prompt,4-shot random authentic same-class,Shortlisted authentic RUHSOLD Religious Hate examples,118,ho gaye hy aur han aj jo ye sekhon k liye kar raha hy ye whoi sekh hy jub pakistan azad howa tha aur muslmano ne jub india sa hijrat ki tub sub zada qatal muslim ko in sekhon ne kiya tha par afsos ap jesy log is yahodi e agent ko ek islami leader mante ho phir kasm khao k allah,or mujhe un ladkiyo se utni hi nafrat hai jo mullo se shadi karti hai jitni kisi normal hindu ko😡 or mujhe hindu ladko se bhi itni hi nafrat hai jo muslim ladkiyo se shadi karte hai... dharam me koi milawat mujhe pasand nahi,israel yahoodi sabse bade atankwaadi hai,hindu sirf gooli ki zuban smjta ha,chutiye lakh di lanati hai tum jaise tujhe,1,religious_hate_batch_004.csv
class2_batch009_sample011611,9,11611,2,Religious Hate,212611,216611,v3_original_demo_boundary_prompt,4-shot random authentic same-class,Shortlisted authentic RUHSOLD Religious Hate examples,118,"afghanio ne tme hindu se bachaya,randi k aulaad tareekh paro tm wo ganda khoon ho,jo siko aour hindu ki rape se paida woe ho,tme kalima tho sikaya afghano ne,magar tmari gandi dna wai ranjeet sing wali a,randi k aulaad tm ne kah pana di,am pashtono ne di,apnay bio ko hera mandi",shia kaafir hai aur hum naam k musalmaan.,tmri taraj animals ki potty n khate... tm jaake  bomb fodo jaake.......halala ke masala.  niklo.. yaha tm atankiyo k liy jagah ni h bhai. yaha atank n failaooo,pehle apni aurto ko halala se bachao ye bhi modi kar raha hai. agar sahi tum logo ka dna kiya jaye to pata nhi baap kon niklega,"apny munafiqat ka kuch nae bolo,tm logon nay quran mein apny qabilay ki bat krwa leye hae",2,religious_hate_batch_009.csv
class2_batch002_sample010398,2,10398,2,Religious Hate,211398,215398,v3_original_demo_boundary_prompt,4-shot random authentic same-class,Shortlisted authentic RUHSOLD Religious Hate examples,118,yahoodi ko hitler ne chora or general ne in jaajoon ko chor k dhkya k ye kai hain.😂,o madadarchod: tum tu farigh ho aur yeh gashti tu waisay he sari raat jagti hay. o dallay o kanjar hum tu iran jatay hotay hain tu bata apni behan kitni baar mbs aur us kay wahabi sheikhon ko bhaijta hay.,#stopisraeliterror   yahoodi mulk jisey israel ka naam diya gaya najaiz hai yahoodi sabse bada dahshatgard,sali muslims randi. jihadi sali,abey chutiye pakistan ki teri maa ki choot mein tatti dalo,1,religious_hate_batch_002.csv
class2_batch007_sample011340,7,11340,2,Religious Hate,212340,216340,v3_original_demo_boundary_prompt,4-shot random authentic same-class,Shortlisted authentic RUHSOLD Religious Hate examples,118,imran qadyani yahoodi agent hy pti ki 18 bank account hy jis may qadyani yahoodi hondo ny funding ki hy . gold smith jimaima aneel musrst . atif miaan sub qadyani yahoodi hy,ye pagliya gyi h saali... kuttiya ye ab bhul gyi h jisne #halala or #teentlaaq se aazadi dilwayi usko bhul gyi h ye mullli....,jahil k bachy kahan likha h k gair mazhb sy nikaah jaiz ha... tmari gand me jo keera ha wo nhi merna... khoty khany waly... yahoodi kahan sy hogaey ahle kitaab ....tm.b yahoodi to nhi,yahodi agent qadyani chamcha,tum to dusre jesi kuttay ho. tum logon ko kisi aurat ki rakhail py na sochao,2,religious_hate_batch_007.csv
class2_batch004_sample010602,4,10602,2,Religious Hate,211602,215602,v3_original_demo_boundary_prompt,4-shot random authentic same-class,Shortlisted authentic RUHSOLD Religious Hate examples,118,"tum vahi karo jo aata hai ,namaz or bakri chudai","pta nhi kon si uni se graduate hote ho aap log jnha aesi wahiyat education di jati hðÿ˜‚ðÿ˜‚ðÿ˜‚ halala, gazwa-e-hind, camel urine or pta nhi kya kyaðÿ˜‚ðÿ˜‚ðÿ˜‚ðÿ¤£ðÿ¤£ðÿ¤£ðÿ¤£ðÿ‘ðÿ»",kaafir tujhe kuch nai malum,ye pagliya gyi h saali... kuttiya ye ab bhul gyi h jisne #halala or #teentlaaq se aazadi dilwayi usko bhul gyi h ye mullli....,"aaj jab munafik ko muhabbat dikhane ke liye bhi apni bhen ki beti ko dekh raha tha, tab hi tere maa baap ne tu ko bacha na bola",1,religious_hate_batch_004.csv
class2_batch008_sample011477,8,11477,2,Religious Hate,212477,216477,v3_original_demo_boundary_prompt,4-shot random authentic same-class,Shortlisted authentic RUHSOLD Religious Hate examples,118,yahoodi ko hitler ne chora or general ne in jaajoon ko chor k dhkya k ye kai hain.😂,madarchod muslaman ki kaum madarchod saalo ka imaan nahi hai bheno ko chod te hai bhen ke lode harmazaade uskiye apni  maa ki chut bhi chodta hoga aur chuswata hoga logo se saare musalamaan raand ki olad islam ki maa ki chut,jahil k bachy kahan likha h k gair mazhb sy nikaah jaiz ha... tmari gand me jo keera ha wo nhi merna... khoty khany waly... yahoodi kahan sy hogaey ahle kitaab ....tm.b yahoodi to nhi,wise halala ki paidaish tumse yhi ummid ki ja sakti hai madarsa chhhap suarðÿ˜‚ðÿ¤£ðÿ¤£ðÿ¤£ðÿ¤£,chutiya randi k bachy koi cheez nahin hoti unke liay,2,religious_hate_batch_008.csv
class2_batch008_sample011425,8,11425,2,Religious Hate,212425,216425,v3_original_demo_boundary_prompt,4-shot random authentic same-class,Shortlisted authentic RUHSOLD Religious Hate examples,118,well said.lanati hain ye qadyani kafir,sali muslims randi. jihadi sali,lul bukhari ye tum nahe tumaray yahoodi or hindu thuku bol rahay hain jin ko army sey bahot hi zeda takleef hai...🖕,but we have a firm belief now that qadiyani and ahmedi neither want muslims nor pakistanis to live in a harmony,nikamay ka bacha apni maa ki tarbiat dekho,2,religious_hate_batch_008.csv
class2_batch006_sample011134,6,11134,2,Religious Hate,212134,216134,v3_original_demo_boundary_prompt,4-shot random authentic same-class,Shortlisted authentic RUHSOLD Religious Hate examples,118,kabi bi nai jo sakta ya shia log pora ka pora yahodi hn,"pta nhi kon si uni se graduate hote ho aap log jnha aesi wahiyat education di jati hðÿ˜‚ðÿ˜‚ðÿ˜‚ halala, gazwa-e-hind, camel urine or pta nhi kya kyaðÿ˜‚ðÿ˜‚ðÿ˜‚ðÿ¤£ðÿ¤£ðÿ¤£ðÿ¤£ðÿ‘ðÿ»",or mujhe un ladkiyo se utni hi nafrat hai jo mullo se shadi karti hai jitni kisi normal hindu ko😡 or mujhe hindu ladko se bhi itni hi nafrat hai jo muslim ladkiyo se shadi karte hai... dharam me koi milawat mujhe pasand nahi,well said.lanati hain ye qadyani kafir,rt : aam aadmi party k charsi hmara aik ghareeb aurat ke baap tha....,2,religious_hate_batch_006.csv
class2_batch008_sample011423,8,11423,2,Religious Hate,212423,216423,v3_original_demo_boundary_prompt,4-shot random authentic same-class,Shortlisted authentic RUHSOLD Religious Hate examples,118,"abbey halala ki paidaish, 5 baap ki aulaad. patthar baazi ke alawa kuchh kaam kara kabhi teri kaum ne ?",teri maa ka halala kra rha tha koi problem madarjat bhosdike mulle,is cult  mein kisi boht hi pyare ko kho dene k baad uski qaber pe phool rakhna b jurm hai west mein qaberisat se phool chura k un ko sale kr k ahmdi chanda dia karte hain takey ragister se naam na kut jaye,hindu sirf gooli ki zuban smjta ha,apni maa chodne wale nikalte hai,2,religious_hate_batch_008.csv
class2_batch002_sample010365,2,10365,2,Religious Hate,211365,215365,v3_original_demo_boundary_prompt,4-shot random authentic same-class,Shortlisted authentic RUHSOLD Religious Hate examples,118,tmri taraj animals ki potty n khate... tm jaake  bomb fodo jaake.......halala ke masala.  niklo.. yaha tm atankiyo k liy jagah ni h bhai. yaha atank n failaooo,shia kaafir hai aur hum naam k musalmaan.,tw kaafir tera peo kaafir tera pura khandaan kaafir ooo churry trump🐱🐱,abe jaana mullle sale bhikari !! halala k maje krwa apni maa ko,jab tak teri maa baap ki gandi nasalat ka matlab tum logon per na ho..  jahan se hamara dard nahin hai wo wahan sabit krna chaye ga.,1,religious_hate_batch_002.csv
class2_batch002_sample010383,2,10383,2,Religious Hate,211383,215383,v3_original_demo_boundary_prompt,4-shot random authentic same-class,Shortlisted authentic RUHSOLD Religious Hate examples,118,dekh le madarch*d islam ka nanga naach..babri par fate hue bawaseer ki tarah bhaunk raha tha na..us par bhi ab apne manhoos muh se kuch hag de..blood cousins ke incest ki paidaish,imran qadyani yahoodi agent hy pti ki 18 bank account hy jis may qadyani yahoodi hondo ny funding ki hy . gold smith jimaima aneel musrst . atif miaan sub qadyani yahoodi hy,jaa bhen k lory tum harrami ki nasal ho.. dewband maslak pe kutty ki tareh bhoonkty ho..,shia kaafir hai aur hum naam k musalmaan.,maulana sb apny baap k liye azam yahodi agent ko bhej do...,1,religious_hate_batch_002.csv
class2_batch008_sample011458,8,11458,2,Religious Hate,212458,216458,v3_original_demo_boundary_prompt,4-shot random authentic same-class,Shortlisted authentic RUHSOLD Religious Hate examples,118,imran qadyani yahoodi agent hy pti ki 18 bank account hy jis may qadyani yahoodi hondo ny funding ki hy . gold smith jimaima aneel musrst . atif miaan sub qadyani yahoodi hy,chal na randi ! we have spiritual connection with supreme leader imam khamnae !  we have our hearts and souls for holy cities of najaf and karbala !  dont give a fck to wahabi chutiyas,"pta nhi kon si uni se graduate hote ho aap log jnha aesi wahiyat education di jati hðÿ˜‚ðÿ˜‚ðÿ˜‚ halala, gazwa-e-hind, camel urine or pta nhi kya kyaðÿ˜‚ðÿ˜‚ðÿ˜‚ðÿ¤£ðÿ¤£ðÿ¤£ðÿ¤£ðÿ‘ðÿ»",another endian hijra coward hindu terrorist army soldier dispatched to shamshangarh by pakistan army i want more endian hindu terrorist dead so keep it up pakistan,abey tere maa ka yaar gandu bharwe tu sikho teri maa ko chod ke dekh raha tha wo phir bhi aise hi samjh rha tha kya,2,religious_hate_batch_008.csv
class2_batch008_sample011505,8,11505,2,Religious Hate,212505,216505,v3_original_demo_boundary_prompt,4-shot random authentic same-class,Shortlisted authentic RUHSOLD Religious Hate examples,118,pehle apni aurto ko halala se bachao ye bhi modi kar raha hai. agar sahi tum logo ka dna kiya jaye to pata nhi baap kon niklega,tmri taraj animals ki potty n khate... tm jaake  bomb fodo jaake.......halala ke masala.  niklo.. yaha tm atankiyo k liy jagah ni h bhai. yaha atank n failaooo,poocho hamarai imam sai kai quran mein kaha likha huwa hain aisai ye sirf yahodi khanzeer logo ki chaal hainmuslims ko badnaam karkai liye  zara socho na tumharai hinduism ko badnaam kyun nahen kartai islam kai peechai kyun parai huwai hain zara dimagh ko khol kai socho,jisko bhi hindu ki chudai par shak hai to ek baar mujh se chudwa kar dekho sab bhram dur ho jayega,tum logon ki maa ki chudiyan goli maarte ho,2,religious_hate_batch_008.csv
class2_batch008_sample011581,8,11581,2,Religious Hate,212581,216581,v3_original_demo_boundary_prompt,4-shot random authentic same-class,Shortlisted authentic RUHSOLD Religious Hate examples,118,dekh le madarch*d islam ka nanga naach..babri par fate hue bawaseer ki tarah bhaunk raha tha na..us par bhi ab apne manhoos muh se kuch hag de..blood cousins ke incest ki paidaish,teri maa ka halala kra rha tha koi problem madarjat bhosdike mulle,abe halala ki paidaish..  tumhara to wajood hi 800 years purana hai..  jab bhagwan ram ko kagaj dikhane ki jarurat par gayi to tum kaun ho.. kagaj to dikhana hi parega.. #nrc_caa_npr,"just the ten thousandth ""isolated"" instance of christian /jewish/hindu/ahmedi places of worship being attacked by crybabies who themselves can't handle some nutcase burning a book full of fiction stories.",rt : tere maa chodunga aur tu bhi gand me daalunga isliye pata nahi kya,2,religious_hate_batch_008.csv
class2_batch003_sample010464,3,10464,2,Religious Hate,211464,215464,v3_original_demo_boundary_prompt,4-shot random authentic same-class,Shortlisted authentic RUHSOLD Religious Hate examples,118,no no ...... hindu na kah mujhe ........islam bura maan jayega .......kaafir kah kaafir...,lanat abbtknews k khilaf trend bnane walye yazeedion pe r bibi k dushmano p bhi,that nigga was yahoodi he probably lied to all the employees,get lost you kaafir.,tu apni maa ki phudi mein chod denge,1,religious_hate_batch_003.csv
class2_batch003_sample010567,3,10567,2,Religious Hate,211567,215567,v3_original_demo_boundary_prompt,4-shot random authentic same-class,Shortlisted authentic RUHSOLD Religious Hate examples,118,abe halala ki paidaish..  tumhara to wajood hi 800 years purana hai..  jab bhagwan ram ko kagaj dikhane ki jarurat par gayi to tum kaun ho.. kagaj to dikhana hi parega.. #nrc_caa_npr,kisi randi maa ki olad ap ki hindu aurtain jab pooja karti hn tab wo bagwan ka lund mounh me b leti hn?,please all muslims come one page and unite  insha allah   yahoodi isreal finished all,"m firqa wariyat m nahi parhna chahta, muslims mjo ahktlaf hen wo apni jaga , lekin pichly 200 saal sy muslim is liye mar kha rhy hen k sunni shia wahabi dayobandi bla bla ,,yahodi or nasara ny na koi sunni mulk chora ha na koi shia,  wo bs yehi dekhtay ye muslman ha ..bs maro isk",tere baap ne aisa kaha tha ??????????,1,religious_hate_batch_003.csv
class2_batch005_sample010889,5,10889,2,Religious Hate,211889,215889,v3_original_demo_boundary_prompt,4-shot random authentic same-class,Shortlisted authentic RUHSOLD Religious Hate examples,118,yahoodi kabhi hamara dost nhi ho sakta,hindoo wo qom ha jinper koi nabi koi kitaab nazil nahi hoi. ye to yahoodi se bhi bad tar hen,#stopisraeliterror   yahoodi mulk jisey israel ka naam diya gaya najaiz hai yahoodi sabse bada dahshatgard,abe halala ki paidaish..  tumhara to wajood hi 800 years purana hai..  jab bhagwan ram ko kagaj dikhane ki jarurat par gayi to tum kaun ho.. kagaj to dikhana hi parega.. #nrc_caa_npr,shameless porkistani muslims who have never seen or experienced any real problems in life.... they always talk about how islam is under attack but they don't realize that they themselves are attacking it with their actions,1,religious_hate_batch_005.csv
class2_batch008_sample011571,8,11571,2,Religious Hate,212571,216571,v3_original_demo_boundary_prompt,4-shot random authentic same-class,Shortlisted authentic RUHSOLD Religious Hate examples,118,dekh le madarch*d islam ka nanga naach..babri par fate hue bawaseer ki tarah bhaunk raha tha na..us par bhi ab apne manhoos muh se kuch hag de..blood cousins ke incest ki paidaish,plz sir hamy in say koi khtra nahi hamy is imran khan yahodi our kadiyanion say bachny pay gor karen pak army tayri azmat ko salam,shia kaafir hai aur hum naam k musalmaan.,abe halala ki paidaish..  tumhara to wajood hi 800 years purana hai..  jab bhagwan ram ko kagaj dikhane ki jarurat par gayi to tum kaun ho.. kagaj to dikhana hi parega.. #nrc_caa_npr,bhai suno ye yeh bhi ek baar karke dekho...,2,religious_hate_batch_008.csv
class2_batch003_sample010591,3,10591,2,Religious Hate,211591,215591,v3_original_demo_boundary_prompt,4-shot random authentic same-class,Shortlisted authentic RUHSOLD Religious Hate examples,118,chutiya azam ny kia kia ha ab tk sawa saal mein sirf 11600 arab ka izfa qarzoun mein kia or kuch nhi badlo apni soch ko yahodi na bano or ek muslim ki tarh socho,hindu sirf gooli ki zuban smjta ha,jisko bhi hindu ki chudai par shak hai to ek baar mujh se chudwa kar dekho sab bhram dur ho jayega,uff pakiza muslim randi 😉😍,teri maa behn ky lund sy laakh lete hain ye muslaman,1,religious_hate_batch_003.csv
class2_batch008_sample011532,8,11532,2,Religious Hate,212532,216532,v3_original_demo_boundary_prompt,4-shot random authentic same-class,Shortlisted authentic RUHSOLD Religious Hate examples,118,please sell up you yahoodi bastards,or wahan tumhara jahanumi ahmedi jo naaowz billah nabi hona ka dawa dar tha wo wo case hara tha or court sa bhag gya tha.nabi pak p.b.u.h allah ka akhri nabi han or on ka bad koi nabi nahi ae ga.ya ak haqeqat ha jo quran ma bhi ha.or 1947 ma pak islam ka name par bana tha.,phir kehty hum bhot badry #muslim hn aur #ashaq_e_rasool sawm hain lanat hai un sab #haramio py jinho ny bibi fatima zahra ko shahheed kia aur #haq khaya 🖐🏻😡🐕 aur lanat un sab py jo un #haramio ky hamdard hain,sali muslims randi. jihadi sali,ye halala ki aulad h,2,religious_hate_batch_008.csv
class2_batch002_sample010261,2,10261,2,Religious Hate,211261,215261,v3_original_demo_boundary_prompt,4-shot random authentic same-class,Shortlisted authentic RUHSOLD Religious Hate examples,118,hey are fighting amongst each other. #bajwa is compromise candidate. thats only reason why he a ahmadiya is a coas.,or wahan tumhara jahanumi ahmedi jo naaowz billah nabi hona ka dawa dar tha wo wo case hara tha or court sa bhag gya tha.nabi pak p.b.u.h allah ka akhri nabi han or on ka bad koi nabi nahi ae ga.ya ak haqeqat ha jo quran ma bhi ha.or 1947 ma pak islam ka name par bana tha.,aor hamary hkmran in k sath mily huy en ....yahudi aor hindun hmary sb sy bry dushman en,meri tarbiyat yehi hai k jo amreca ko apna baap manta hai na wo muslman hai or na us s koi hanra taloq hai tum nasl e yazeedi ho masl e yahodi or yahoodio ki olad ho,tm hmari khanzeer insaniyati k agent ho,1,religious_hate_batch_002.csv
class2_batch005_sample010873,5,10873,2,Religious Hate,211873,215873,v3_original_demo_boundary_prompt,4-shot random authentic same-class,Shortlisted authentic RUHSOLD Religious Hate examples,118,"afghanio ne tme hindu se bachaya,randi k aulaad tareekh paro tm wo ganda khoon ho,jo siko aour hindu ki rape se paida woe ho,tme kalima tho sikaya afghano ne,magar tmari gandi dna wai ranjeet sing wali a,randi k aulaad tm ne kah pana di,am pashtono ne di,apnay bio ko hera mandi",abe halala ki paidaish..  tumhara to wajood hi 800 years purana hai..  jab bhagwan ram ko kagaj dikhane ki jarurat par gayi to tum kaun ho.. kagaj to dikhana hi parega.. #nrc_caa_npr,ho gaye hy aur han aj jo ye sekhon k liye kar raha hy ye whoi sekh hy jub pakistan azad howa tha aur muslmano ne jub india sa hijrat ki tub sub zada qatal muslim ko in sekhon ne kiya tha par afsos ap jesy log is yahodi e agent ko ek islami leader mante ho phir kasm khao k allah,kisi randi maa ki olad ap ki hindu aurtain jab pooja karti hn tab wo bagwan ka lund mounh me b leti hn?,bharwe teri ammi chod de ga tu,1,religious_hate_batch_005.csv
class2_batch002_sample010240,2,10240,2,Religious Hate,211240,215240,v3_original_demo_boundary_prompt,4-shot random authentic same-class,Shortlisted authentic RUHSOLD Religious Hate examples,118,kaafir tujhe kuch nai malum,"surprise!  surprise!  majority of the muslims are at just in different levels of ""usman khan"" ranging from mild to extreme (except ahmadiya may be, but they are not ""real muslims"")  that's from a person living in a country with 95% muslim    https://t.co/hq35u2xrrk,2009-05-25 17:25:26,sydney, new south wales",meri tarbiyat yehi hai k jo amreca ko apna baap manta hai na wo muslman hai or na us s koi hanra taloq hai tum nasl e yazeedi ho masl e yahodi or yahoodio ki olad ho,ye insan ik chaaal haaa dostoo .........zra smj k chliye gaa...sb jaanty hn qadyaani kaafir hn ......ye sb k sentiments gain kr rhaa haa......bad me ye apna chehra dikhiye gaaa fasad kii shkal me.....in chaaalo sy hosyar rhy baseerat paida kry sb apny andr.. shukria...,rt :  bajwa ahmadiya yahodi agent,1,religious_hate_batch_002.csv
class2_batch007_sample011252,7,11252,2,Religious Hate,212252,216252,v3_original_demo_boundary_prompt,4-shot random authentic same-class,Shortlisted authentic RUHSOLD Religious Hate examples,118,"obviously we muslims hate ahmedi's . 😡 we don't care whatever happens to them ! we just hate them. if their is oppression over other minorities in pakistan which is not usual alhamdolillah, then i condemn that.",chal na randi ! we have spiritual connection with supreme leader imam khamnae !  we have our hearts and souls for holy cities of najaf and karbala !  dont give a fck to wahabi chutiyas,"abbey halala ki paidaish, 5 baap ki aulaad. patthar baazi ke alawa kuchh kaam kara kabhi teri kaum ne ?","how did an ahmadiya get to the top in the army of sunnis, in the first place?",ye toh koi ache baat nahi hai yeh haramzada salman nawaz ki shakl hai,2,religious_hate_batch_007.csv
class2_batch005_sample010990,5,10990,2,Religious Hate,211990,215990,v3_original_demo_boundary_prompt,4-shot random authentic same-class,Shortlisted authentic RUHSOLD Religious Hate examples,118,"just the ten thousandth ""isolated"" instance of christian /jewish/hindu/ahmedi places of worship being attacked by crybabies who themselves can't handle some nutcase burning a book full of fiction stories.",qadiyani pe lanat mirza khinzeer harami pe lanat.,"rt : q. woh kaun si qome he,jis ne such bhi bola phr bhi jahnum mein jayegi? ans: yahoodi or nasara qome. shahid sindh","waise madarso mein bahut achhi taaleem di jaati hai tum jihadi hijdo ko, asar dikh rha hai yahan, khud toh khud ki bhen chodte hi ho aur dusro ko bhi bhenchod samajhte ho.",gandu maulana ke sath,1,religious_hate_batch_005.csv
class2_batch007_sample011359,7,11359,2,Religious Hate,212359,216359,v3_original_demo_boundary_prompt,4-shot random authentic same-class,Shortlisted authentic RUHSOLD Religious Hate examples,118,pehle america jaiga ue begairaat musliman kehlwane kai laiq nh pehle he logh kehty h eske bary me ye yahoodi hai,phir in yahodi khanzeer logo ko pata chalaiga kai kia ta aur kia nahen ye sirf dajjal kai liye aisa kar rahai hain kyunkai ye yahodi log khazeer log dajjal ko apna leader samjhtai hain aur tumhara pura bollywood bollyminati ban chuka hain tumharai dimagh ko programming ki ja rah,kafir yahodi kafir hindo same thinking,jaa bhen k lory tum harrami ki nasal ho.. dewband maslak pe kutty ki tareh bhoonkty ho..,ye qadyani maulvi hy,2,religious_hate_batch_007.csv
class2_batch006_sample011177,6,11177,2,Religious Hate,212177,216177,v3_original_demo_boundary_prompt,4-shot random authentic same-class,Shortlisted authentic RUHSOLD Religious Hate examples,118,"abbey halala ki paidaish, 5 baap ki aulaad. patthar baazi ke alawa kuchh kaam kara kabhi teri kaum ne ?",benchod randi  islam,hindu sirf gooli ki zuban smjta ha,tm jeso ki jb g**nd mari jaye na fir tm log thek rehty ho bc k bachy jb wo yahoodi lanti marty hn na wo muslim dekhty hn air kuch ni dekhty baki tm na toh apni pesh krni hoti ha unhy.,rt : randi k bache haramiyon ko sikhna chale ga,2,religious_hate_batch_006.csv
class2_batch009_sample011605,9,11605,2,Religious Hate,212605,216605,v3_original_demo_boundary_prompt,4-shot random authentic same-class,Shortlisted authentic RUHSOLD Religious Hate examples,118,yahoodi ko hitler ne chora or general ne in jaajoon ko chor k dhkya k ye kai hain.😂,ho gaye hy aur han aj jo ye sekhon k liye kar raha hy ye whoi sekh hy jub pakistan azad howa tha aur muslmano ne jub india sa hijrat ki tub sub zada qatal muslim ko in sekhon ne kiya tha par afsos ap jesy log is yahodi e agent ko ek islami leader mante ho phir kasm khao k allah,typical muslim randi-rona taqia.,ye lode teri maa or bahan ke shohar hai or jyada bolega to de denge teri maa or bahan ko hum denge talaq or fir halala wow kya baat hai mullo wow lund chuss lo ðÿ˜œðÿ˜œðÿ˜œðÿ˜œ,yahoodi sazish mein sabse bara bura haal hai unki bhi sath mein nashay kaam hi nahi hota,2,religious_hate_batch_009.csv
class2_batch005_sample010923,5,10923,2,Religious Hate,211923,215923,v3_original_demo_boundary_prompt,4-shot random authentic same-class,Shortlisted authentic RUHSOLD Religious Hate examples,118,pehle america jaiga ue begairaat musliman kehlwane kai laiq nh pehle he logh kehty h eske bary me ye yahoodi hai,sali muslims randi. jihadi sali,or mujhe un ladkiyo se utni hi nafrat hai jo mullo se shadi karti hai jitni kisi normal hindu ko😡 or mujhe hindu ladko se bhi itni hi nafrat hai jo muslim ladkiyo se shadi karte hai... dharam me koi milawat mujhe pasand nahi,chal na randi ! we have spiritual connection with supreme leader imam khamnae !  we have our hearts and souls for holy cities of najaf and karbala !  dont give a fck to wahabi chutiyas,haaaaahhhhhaaalllllleeebbbbaaaddddd  😠🤬👊,1,religious_hate_batch_005.csv
class2_batch003_sample010534,3,10534,2,Religious Hate,211534,215534,v3_original_demo_boundary_prompt,4-shot random authentic same-class,Shortlisted authentic RUHSOLD Religious Hate examples,118,yahodi agent qadyani chamcha,halala ki padayish ho aap aur kya expect karenge hum aapse,or wahan tumhara jahanumi ahmedi jo naaowz billah nabi hona ka dawa dar tha wo wo case hara tha or court sa bhag gya tha.nabi pak p.b.u.h allah ka akhri nabi han or on ka bad koi nabi nahi ae ga.ya ak haqeqat ha jo quran ma bhi ha.or 1947 ma pak islam ka name par bana tha.,well said.lanati hain ye qadyani kafir,ab bas laga lo bs 🤣,1,religious_hate_batch_003.csv
class2_batch007_sample011385,7,11385,2,Religious Hate,212385,216385,v3_original_demo_boundary_prompt,4-shot random authentic same-class,Shortlisted authentic RUHSOLD Religious Hate examples,118,"pta nhi kon si uni se graduate hote ho aap log jnha aesi wahiyat education di jati hðÿ˜‚ðÿ˜‚ðÿ˜‚ halala, gazwa-e-hind, camel urine or pta nhi kya kyaðÿ˜‚ðÿ˜‚ðÿ˜‚ðÿ¤£ðÿ¤£ðÿ¤£ðÿ¤£ðÿ‘ðÿ»",shia kaafir hai aur hum naam k musalmaan.,"path of cruelty , path of violence, path of halala , path of tripe talaq, path of marrying 6 years old aisha,path to discipline their wives by beating them,path of hurun,path of apostasy,path of punishable apostasy, path of beheading. what a pissful religion izlam is ðÿ‘",ahmdi is a non muslim biggest cheap religion ahmdi.,halala ki aulad,2,religious_hate_batch_007.csv
class2_batch003_sample010416,3,10416,2,Religious Hate,211416,215416,v3_original_demo_boundary_prompt,4-shot random authentic same-class,Shortlisted authentic RUHSOLD Religious Hate examples,118,that's for foolish act and the ahmedi you highlighted they were equal to jews for us so alhmdurallah we save quran ! . and about hindus and christians its was a false news !  and if it is real then show me !  if you don't have anything then shut up and run !,get lost you kaafir.,jahil k bachy kahan likha h k gair mazhb sy nikaah jaiz ha... tmari gand me jo keera ha wo nhi merna... khoty khany waly... yahoodi kahan sy hogaey ahle kitaab ....tm.b yahoodi to nhi,1 balatkari muslim 3 balatkari tera baap hindu h uske bare m kuch bol  be,"chutiye tum logon ne sachai dilane ki zarorat nahin, ye bat hi hai tu apne baare mein pooch le aur apni tarah se jawab denge",1,religious_hate_batch_003.csv
class2_batch003_sample010527,3,10527,2,Religious Hate,211527,215527,v3_original_demo_boundary_prompt,4-shot random authentic same-class,Shortlisted authentic RUHSOLD Religious Hate examples,118,abe mc mein bheju teri maa cow ka photo kat te hue bc. chod teri tarah andhbhakt nhi hu aur nhi illiterate.. go and drink cow piss.,kisi randi maa ki olad ap ki hindu aurtain jab pooja karti hn tab wo bagwan ka lund mounh me b leti hn?,o madadarchod: tum tu farigh ho aur yeh gashti tu waisay he sari raat jagti hay. o dallay o kanjar hum tu iran jatay hotay hain tu bata apni behan kitni baar mbs aur us kay wahabi sheikhon ko bhaijta hay.,qadiani ahmedi mirziee kaafir jo hen,rt : ye kya gandi gashti saali ke ley,1,religious_hate_batch_003.csv
class2_batch001_sample010071,1,10071,2,Religious Hate,211071,215071,v3_original_demo_boundary_prompt,4-shot random authentic same-class,Shortlisted authentic RUHSOLD Religious Hate examples,118,yes they are involved in bomb blast... halala and bakrigiri,"just the ten thousandth ""isolated"" instance of christian /jewish/hindu/ahmedi places of worship being attacked by crybabies who themselves can't handle some nutcase burning a book full of fiction stories.","rt : q. woh kaun si qome he,jis ne such bhi bola phr bhi jahnum mein jayegi? ans: yahoodi or nasara qome. shahid sindh",please don't share his obnoxious face to me. below is the image of the book rohani khzain from ahmedi's official website see what your evil messiah has declared god but you had said you have read the books of mirza and accepted him mehdi may god give you hidyath,rt : jahil hai tu islamiya maryam ko ghatia kahta hai,1,religious_hate_batch_001.csv
class2_batch005_sample010964,5,10964,2,Religious Hate,211964,215964,v3_original_demo_boundary_prompt,4-shot random authentic same-class,Shortlisted authentic RUHSOLD Religious Hate examples,118,shia kaafir hai aur hum naam k musalmaan.,sirf momin aya to yahoodi kum nasal marny laggaye agr sawa crore momin agaye to sochen kya hoga?hamen jagna hoga,ye lode teri maa or bahan ke shohar hai or jyada bolega to de denge teri maa or bahan ko hum denge talaq or fir halala wow kya baat hai mullo wow lund chuss lo ðÿ˜œðÿ˜œðÿ˜œðÿ˜œ,"path of cruelty , path of violence, path of halala , path of tripe talaq, path of marrying 6 years old aisha,path to discipline their wives by beating them,path of hurun,path of apostasy,path of punishable apostasy, path of beheading. what a pissful religion izlam is ðÿ‘",imran niazi ki aik baari hai is liye un se sath hota ha...haramkhor e qadiyani,1,religious_hate_batch_005.csv
class2_batch002_sample010259,2,10259,2,Religious Hate,211259,215259,v3_original_demo_boundary_prompt,4-shot random authentic same-class,Shortlisted authentic RUHSOLD Religious Hate examples,118,dekh le madarch*d islam ka nanga naach..babri par fate hue bawaseer ki tarah bhaunk raha tha na..us par bhi ab apne manhoos muh se kuch hag de..blood cousins ke incest ki paidaish,pehle america jaiga ue begairaat musliman kehlwane kai laiq nh pehle he logh kehty h eske bary me ye yahoodi hai,"bilkul,itny lecture milny hain jese christmas or new year pe milty hain ,kya apko pata bhi hai k kaafir janwaro k haqq main dua bhi nahi krni chahye","huh wut you say u imbecile, i shat on you...toh toh toh kaafir",wo tumara baap hai na. yeh nichay ho gaya h,1,religious_hate_batch_002.csv
class2_batch001_sample010051,1,10051,2,Religious Hate,211051,215051,v3_original_demo_boundary_prompt,4-shot random authentic same-class,Shortlisted authentic RUHSOLD Religious Hate examples,118,hindu sirf gooli ki zuban smjta ha,pislam me media ka estemal kerna haram hai  halala ki paidais,"obviously we muslims hate ahmedi's . 😡 we don't care whatever happens to them ! we just hate them. if their is oppression over other minorities in pakistan which is not usual alhamdolillah, then i condemn that.",phir in yahodi khanzeer logo ko pata chalaiga kai kia ta aur kia nahen ye sirf dajjal kai liye aisa kar rahai hain kyunkai ye yahodi log khazeer log dajjal ko apna leader samjhtai hain aur tumhara pura bollywood bollyminati ban chuka hain tumharai dimagh ko programming ki ja rah,sach jahan se mohabbat krte ho wo waise hi sabse bara baat hoti hai,1,religious_hate_batch_001.csv
class2_batch009_sample011600,9,11600,2,Religious Hate,212600,216600,v3_original_demo_boundary_prompt,4-shot random authentic same-class,Shortlisted authentic RUHSOLD Religious Hate examples,118,tumri ma buhat hanzir hy jis ne tum jaise  yahodi kafir rhandi hanzir aurat ko paida kiya,#khuda ki qasam agar mey hota tu zinda nahe bach sakta ta muj sey ye beghairat kafir yahoodi.,chal fosdi ke mohammad kabile wale ki halala ki aulad,in beghairto israel yahodi khanzeer kai bacho nai kia kuch nahen kia hain lekhin alhamdulillah islam wahid deen jo mohabbat sikhati hain nakai nafrat aur ye sab sai tezi sai phelta huwa deen hain is liye inko jalan ho rahi hain aur har koshish kar bhe chukai hain aur kar bhe,tumhary baap jinke ghar mai tu dard nahi kr raha tha uss waqt bhi muslimon ki zameen per laga raha tha aur tum wo muslimon ka shikar hai,2,religious_hate_batch_009.csv
class2_batch004_sample010694,4,10694,2,Religious Hate,211694,215694,v3_original_demo_boundary_prompt,4-shot random authentic same-class,Shortlisted authentic RUHSOLD Religious Hate examples,118,hindu dharm ka matlab samajh pehle puppet khali bhaunk aur bhaunk iam enjoying ur bark 😂😂😂😂,"m firqa wariyat m nahi parhna chahta, muslims mjo ahktlaf hen wo apni jaga , lekin pichly 200 saal sy muslim is liye mar kha rhy hen k sunni shia wahabi dayobandi bla bla ,,yahodi or nasara ny na koi sunni mulk chora ha na koi shia,  wo bs yehi dekhtay ye muslman ha ..bs maro isk",oeyy randdii k bachay ganddu hindu.. kyun jhoott baq raha hai gashti maa k ganndduu bachay. peshaab p k palnay wali qoum.,uff pakiza muslim randi 😉😍,�����������������������������������������������������������,1,religious_hate_batch_004.csv
class2_batch004_sample010650,4,10650,2,Religious Hate,211650,215650,v3_original_demo_boundary_prompt,4-shot random authentic same-class,Shortlisted authentic RUHSOLD Religious Hate examples,118,"ye manhoos hinduon ki diwali k chakkar mai har jaga ki aur quality kharab hogai, bharwe",jaa bhen k lory tum harrami ki nasal ho.. dewband maslak pe kutty ki tareh bhoonkty ho..,"m firqa wariyat m nahi parhna chahta, muslims mjo ahktlaf hen wo apni jaga , lekin pichly 200 saal sy muslim is liye mar kha rhy hen k sunni shia wahabi dayobandi bla bla ,,yahodi or nasara ny na koi sunni mulk chora ha na koi shia,  wo bs yehi dekhtay ye muslman ha ..bs maro isk",ye lode teri maa or bahan ke shohar hai or jyada bolega to de denge teri maa or bahan ko hum denge talaq or fir halala wow kya baat hai mullo wow lund chuss lo ðÿ˜œðÿ˜œðÿ˜œðÿ˜œ,aik yahoodi muslim khan zindabad,1,religious_hate_batch_004.csv
class2_batch002_sample010332,2,10332,2,Religious Hate,211332,215332,v3_original_demo_boundary_prompt,4-shot random authentic same-class,Shortlisted authentic RUHSOLD Religious Hate examples,118,phir kehty hum bhot badry #muslim hn aur #ashaq_e_rasool sawm hain lanat hai un sab #haramio py jinho ny bibi fatima zahra ko shahheed kia aur #haq khaya 🖐🏻😡🐕 aur lanat un sab py jo un #haramio ky hamdard hain,"afghanio ne tme hindu se bachaya,randi k aulaad tareekh paro tm wo ganda khoon ho,jo siko aour hindu ki rape se paida woe ho,tme kalima tho sikaya afghano ne,magar tmari gandi dna wai ranjeet sing wali a,randi k aulaad tm ne kah pana di,am pashtono ne di,apnay bio ko hera mandi",ye insan ik chaaal haaa dostoo .........zra smj k chliye gaa...sb jaanty hn qadyaani kaafir hn ......ye sb k sentiments gain kr rhaa haa......bad me ye apna chehra dikhiye gaaa fasad kii shkal me.....in chaaalo sy hosyar rhy baseerat paida kry sb apny andr.. shukria...,"insaniyat ko bache rahne do, jis mazhab me janwar ka gala ret ke khushi banti hai, jis mazhab me soorma logo ko 72 virgin ladkiya baati jaati, jo duniya pe kabze ke sapne dekhta ho us mazhab se duuri banane me hi insaniyat ki bhalayi hai.",rt :   yeh haram khor imran nawaz ki zindgi ki bat krta ha aur tere maa baap per qadyani agent khan sahab ka naam khatam ker deta ha,1,religious_hate_batch_002.csv
class2_batch007_sample011289,7,11289,2,Religious Hate,212289,216289,v3_original_demo_boundary_prompt,4-shot random authentic same-class,Shortlisted authentic RUHSOLD Religious Hate examples,118,ye insan ik chaaal haaa dostoo .........zra smj k chliye gaa...sb jaanty hn qadyaani kaafir hn ......ye sb k sentiments gain kr rhaa haa......bad me ye apna chehra dikhiye gaaa fasad kii shkal me.....in chaaalo sy hosyar rhy baseerat paida kry sb apny andr.. shukria...,quaid azam was right ky hindu muslim kabhi sth nhi rhy sgty aaj hindu apni hasli shakl dekha rhy hn. agar kisi muslim ny aisa kia hota to india media ki maa mar gi hoti pr ab nhi boly gy. aagy ka ky yehi bol dn gy ky mentally disturb tha or case khtm .#jamia,pislam me media ka estemal kerna haram hai  halala ki paidais,q teri bhen ko chuda hy dewbandion ny ..harami ki nasal,wah haramiyon ko aurat march ki tarah kuch nahi ata koi aurat march kisi yahodi agent ke liye hai aur wo uski bajaye jati hai. #auratmarch,2,religious_hate_batch_007.csv
class2_batch008_sample011512,8,11512,2,Religious Hate,212512,216512,v3_original_demo_boundary_prompt,4-shot random authentic same-class,Shortlisted authentic RUHSOLD Religious Hate examples,118,"hogai izzat? mera jism meri marzi jc ghaleez or ghatiya terminologies hamare muslim muashrey me dene ki koshish me aapki so-called,vahiyat or ikhlaq se giri support ko khud ne hi reject kardiya.  apne yahoodi gods ko khush krne k liey kuch or karien","surprise!  surprise!  majority of the muslims are at just in different levels of ""usman khan"" ranging from mild to extreme (except ahmadiya may be, but they are not ""real muslims"")  that's from a person living in a country with 95% muslim    https://t.co/hq35u2xrrk,2009-05-25 17:25:26,sydney, new south wales",ahmedi mirziee qadiyani hargiz kuleedi uhdu pe nhee janay chahien warna hmari agencies pe swalia nishan hey,1 balatkari muslim 3 balatkari tera baap hindu h uske bare m kuch bol  be,hain yar allah ka maqsad abhi bhe ja rha hai.,2,religious_hate_batch_008.csv
class2_batch008_sample011412,8,11412,2,Religious Hate,212412,216412,v3_original_demo_boundary_prompt,4-shot random authentic same-class,Shortlisted authentic RUHSOLD Religious Hate examples,118,hindu dharm ka matlab samajh pehle puppet khali bhaunk aur bhaunk iam enjoying ur bark 😂😂😂😂,hey are fighting amongst each other. #bajwa is compromise candidate. thats only reason why he a ahmadiya is a coas.,please sell up you yahoodi bastards,kitane maulviyon ne tumhari ammi jaan ka halala kiya hoga tab jakar tum jaisa suar nikla hoga .. ye bhi to bta re mulle..,bhenchod charsi 🖐,2,religious_hate_batch_008.csv
class2_batch003_sample010593,3,10593,2,Religious Hate,211593,215593,v3_original_demo_boundary_prompt,4-shot random authentic same-class,Shortlisted authentic RUHSOLD Religious Hate examples,118,"malala the product of halala pehle burke se, halala se, bacche paida kerne se or gulami ki jindgi se to azadi lelo hindustaan se azadi to tumhare kukarm tumhe dilwa hi denge. kyuki terrorism failaoge to lat mar ke desh se bhagae jaoge. i am with my country and support caa, nrcðÿ˜‰.",aye yahudiyo jitna zulm karna hai kar lo in sha allah woh din bhi zaroor aayega ke tumhe chun chun ke maara jayega yahan tak ke tum darakht ya pattharoñ ke piche chhup jaoge to bejan chizen bhi kahengi yahan yahoodi chhupa hai.hadees ka farman hai ho kar rahega #israeliterrorism,lul bukhari ye tum nahe tumaray yahoodi or hindu thuku bol rahay hain jin ko army sey bahot hi zeda takleef hai...🖕,jaa bhen k lory tum harrami ki nasal ho.. dewband maslak pe kutty ki tareh bhoonkty ho..,oo bhenchod bharwe,1,religious_hate_batch_003.csv
class2_batch005_sample010861,5,10861,2,Religious Hate,211861,215861,v3_original_demo_boundary_prompt,4-shot random authentic same-class,Shortlisted authentic RUHSOLD Religious Hate examples,118,"afghanio ne tme hindu se bachaya,randi k aulaad tareekh paro tm wo ganda khoon ho,jo siko aour hindu ki rape se paida woe ho,tme kalima tho sikaya afghano ne,magar tmari gandi dna wai ranjeet sing wali a,randi k aulaad tm ne kah pana di,am pashtono ne di,apnay bio ko hera mandi",halala ki padayish ho aap aur kya expect karenge hum aapse,tm jeso ki jb g**nd mari jaye na fir tm log thek rehty ho bc k bachy jb wo yahoodi lanti marty hn na wo muslim dekhty hn air kuch ni dekhty baki tm na toh apni pesh krni hoti ha unhy.,sirf momin aya to yahoodi kum nasal marny laggaye agr sawa crore momin agaye to sochen kya hoga?hamen jagna hoga,i'm glad you agree with me on this point...but i would like to remind you again that your own father was a jew,1,religious_hate_batch_005.csv
class2_batch007_sample011368,7,11368,2,Religious Hate,212368,216368,v3_original_demo_boundary_prompt,4-shot random authentic same-class,Shortlisted authentic RUHSOLD Religious Hate examples,118,imran qadyani yahoodi agent hy pti ki 18 bank account hy jis may qadyani yahoodi hondo ny funding ki hy . gold smith jimaima aneel musrst . atif miaan sub qadyani yahoodi hy,sale halala molvi se tum karvao apni oorto ka or apni ma bahan ka bol heme rhe ho molvi kamre m apni bahan ko bej kar sina choda hota hoga tumhara,oy ahmdi kuty. tum log smjhty ho k is trah kr k hm awam ko pagl bnao gy?? beta bajwa ne tere jeso ko nanga nachana he sbr kr. kahi ni ja rha hmara army chief. tum logo ne agly 3 sal me ye duniya hi chor jani bajwa k dar se. ye army chief nahi pakistan ka muhafiz he.,"hogai izzat? mera jism meri marzi jc ghaleez or ghatiya terminologies hamare muslim muashrey me dene ki koshish me aapki so-called,vahiyat or ikhlaq se giri support ko khud ne hi reject kardiya.  apne yahoodi gods ko khush krne k liey kuch or karien",aby pata na chaly k koi na hoa aby kutty,2,religious_hate_batch_007.csv
class2_batch008_sample011599,8,11599,2,Religious Hate,212599,216599,v3_original_demo_boundary_prompt,4-shot random authentic same-class,Shortlisted authentic RUHSOLD Religious Hate examples,118,jahil k bachy kahan likha h k gair mazhb sy nikaah jaiz ha... tmari gand me jo keera ha wo nhi merna... khoty khany waly... yahoodi kahan sy hogaey ahle kitaab ....tm.b yahoodi to nhi,kutto ki tarah america maar raha hai tumhari kaum ko...aasmani kitab walo...israel roj filistin may maa chod raha hai tumhari.... pahle unse nipto....dare hue log😂😂,yahodi agent qadyani chamcha,bus ya aur tafseel bataao  ahmdi aurtain beach pe bikini b pehnti hain  jalse aur ijlaas pe burqa b boht hai 🤫,"sara din apne baap ko bol raha tha ""tu he halala ki paidaish ho""",2,religious_hate_batch_008.csv
class2_batch009_sample011693,9,11693,2,Religious Hate,212693,216693,v3_original_demo_boundary_prompt,4-shot random authentic same-class,Shortlisted authentic RUHSOLD Religious Hate examples,118,tmri taraj animals ki potty n khate... tm jaake  bomb fodo jaake.......halala ke masala.  niklo.. yaha tm atankiyo k liy jagah ni h bhai. yaha atank n failaooo,apne profile mein whats app me fb twitter mein is bahadur nojawaan ki pic lga kr islam se or nabi ke din se mhbt ka izhaar kren or itna share kren ek yahoodi apne na pak iradoon se baaz ajaye is shakhs ne quraan pak ki hifazahat mein ek bhtareen mhbt ka jita jagta sabot dia hai,madarchod muslaman ki kaum madarchod saalo ka imaan nahi hai bheno ko chod te hai bhen ke lode harmazaade uskiye apni  maa ki chut bhi chodta hoga aur chuswata hoga logo se saare musalamaan raand ki olad islam ki maa ki chut,meri tarbiyat yehi hai k jo amreca ko apna baap manta hai na wo muslman hai or na us s koi hanra taloq hai tum nasl e yazeedi ho masl e yahodi or yahoodio ki olad ho,ye islamic state nay pakistan mein dekhoo,2,religious_hate_batch_009.csv
class2_batch002_sample010374,2,10374,2,Religious Hate,211374,215374,v3_original_demo_boundary_prompt,4-shot random authentic same-class,Shortlisted authentic RUHSOLD Religious Hate examples,118,but we have a firm belief now that qadiyani and ahmedi neither want muslims nor pakistanis to live in a harmony,oeyy randdii k bachay ganddu hindu.. kyun jhoott baq raha hai gashti maa k ganndduu bachay. peshaab p k palnay wali qoum.,kadiyani kafir thay hain aur hamesha harain gay. ye dajjali fitnay ki ek kari hain. aur inkay supporters hum main bhe jo chupay howay hain wo bhe khanzeer kafir he hain. lannat beshomar kadiyanio pr.,teri maa ka halala kra rha tha koi problem madarjat bhosdike mulle,islam hai yahoodi ho or ya yahoodi ho,1,religious_hate_batch_002.csv
class2_batch008_sample011562,8,11562,2,Religious Hate,212562,216562,v3_original_demo_boundary_prompt,4-shot random authentic same-class,Shortlisted authentic RUHSOLD Religious Hate examples,118,or mujhe un ladkiyo se utni hi nafrat hai jo mullo se shadi karti hai jitni kisi normal hindu ko😡 or mujhe hindu ladko se bhi itni hi nafrat hai jo muslim ladkiyo se shadi karte hai... dharam me koi milawat mujhe pasand nahi,yes they are involved in bomb blast... halala and bakrigiri,abe jaana mullle sale bhikari !! halala k maje krwa apni maa ko,"insaniyat ko bache rahne do, jis mazhab me janwar ka gala ret ke khushi banti hai, jis mazhab me soorma logo ko 72 virgin ladkiya baati jaati, jo duniya pe kabze ke sapne dekhta ho us mazhab se duuri banane me hi insaniyat ki bhalayi hai.",wohi hi bataen ga kaha sare muslims se zaleel hota hai,2,religious_hate_batch_008.csv
class2_batch006_sample011193,6,11193,2,Religious Hate,212193,216193,v3_original_demo_boundary_prompt,4-shot random authentic same-class,Shortlisted authentic RUHSOLD Religious Hate examples,118,"rt : q. woh kaun si qome he,jis ne such bhi bola phr bhi jahnum mein jayegi? ans: yahoodi or nasara qome. shahid sindh",imran qadyani yahoodi agent hy pti ki 18 bank account hy jis may qadyani yahoodi hondo ny funding ki hy . gold smith jimaima aneel musrst . atif miaan sub qadyani yahoodi hy,qadiyani pe lanat mirza khinzeer harami pe lanat.,"m firqa wariyat m nahi parhna chahta, muslims mjo ahktlaf hen wo apni jaga , lekin pichly 200 saal sy muslim is liye mar kha rhy hen k sunni shia wahabi dayobandi bla bla ,,yahodi or nasara ny na koi sunni mulk chora ha na koi shia,  wo bs yehi dekhtay ye muslman ha ..bs maro isk","bajwa qadyani hy, imran qadyani hy, nawaz shareef qadyani hy, bajwa shamsi qadyani hy, sana ul rehman qadyani hy, zulfi bokhari qadyani hy, y",2,religious_hate_batch_006.csv
class2_batch010_sample011876,10,11876,2,Religious Hate,212876,216876,v3_original_demo_boundary_prompt,4-shot random authentic same-class,Shortlisted authentic RUHSOLD Religious Hate examples,118,"not surprised comment came from ahmedi. tbh, i won't be surprised when some christians will argue that they r included in muslim category too. just bcoz they believe there is only one god.",wow halala's product on fire as usual porkistaniðÿ˜‚ðÿ˜‚ðÿ˜‚,apne profile mein whats app me fb twitter mein is bahadur nojawaan ki pic lga kr islam se or nabi ke din se mhbt ka izhaar kren or itna share kren ek yahoodi apne na pak iradoon se baaz ajaye is shakhs ne quraan pak ki hifazahat mein ek bhtareen mhbt ka jita jagta sabot dia hai,tumhri maa kk chodu sale apni maa ko chod ke paida hone wale randi ki aulad sale apni behan ko biwi bana ke rkhne wale muhammad ki nazayaj aulad,ðÿ¤£ðÿ˜‚ðÿ˜‚ðÿ˜‚ðÿ˜‚ðÿ˜‚ðÿ˜‚ðÿ˜‚ðÿ˜‚ðÿ˜‚ðÿ˜‚ðÿ˜‚ðÿ˜‚ðÿ˜‚ðÿ˜,2,religious_hate_batch_010.csv
class2_batch007_sample011376,7,11376,2,Religious Hate,212376,216376,v3_original_demo_boundary_prompt,4-shot random authentic same-class,Shortlisted authentic RUHSOLD Religious Hate examples,118,dekh le madarch*d islam ka nanga naach..babri par fate hue bawaseer ki tarah bhaunk raha tha na..us par bhi ab apne manhoos muh se kuch hag de..blood cousins ke incest ki paidaish,meri tarbiyat yehi hai k jo amreca ko apna baap manta hai na wo muslman hai or na us s koi hanra taloq hai tum nasl e yazeedi ho masl e yahodi or yahoodio ki olad ho,please all muslims come one page and unite  insha allah   yahoodi isreal finished all,sale halala molvi se tum karvao apni oorto ka or apni ma bahan ka bol heme rhe ho molvi kamre m apni bahan ko bej kar sina choda hota hoga tumhara,teri ma ki choot maru yahodi,2,religious_hate_batch_007.csv
class2_batch004_sample010774,4,10774,2,Religious Hate,211774,215774,v3_original_demo_boundary_prompt,4-shot random authentic same-class,Shortlisted authentic RUHSOLD Religious Hate examples,118,"tum vahi karo jo aata hai ,namaz or bakri chudai","path of cruelty , path of violence, path of halala , path of tripe talaq, path of marrying 6 years old aisha,path to discipline their wives by beating them,path of hurun,path of apostasy,path of punishable apostasy, path of beheading. what a pissful religion izlam is ðÿ‘",is cult  mein kisi boht hi pyare ko kho dene k baad uski qaber pe phool rakhna b jurm hai west mein qaberisat se phool chura k un ko sale kr k ahmdi chanda dia karte hain takey ragister se naam na kut jaye,chal na randi ! we have spiritual connection with supreme leader imam khamnae !  we have our hearts and souls for holy cities of najaf and karbala !  dont give a fck to wahabi chutiyas,yeh kya hota hy ..jitni bhi jaldi bajwa nay ghastia sy rok diya..toh islam ny mohabbat aur ehsas ka zindgi laga dekh li thi,1,religious_hate_batch_004.csv
class2_batch001_sample010192,1,10192,2,Religious Hate,211192,215192,v3_original_demo_boundary_prompt,4-shot random authentic same-class,Shortlisted authentic RUHSOLD Religious Hate examples,118,benchod randi  islam,abe bharwe tum hindu hi duniya k sub se bara atankwaz ho haramiyon bt krte ho hamare age tumhari country me hindu k elawa koi safe nhi he  tumhari country ka name isi liye  lynchistan he  isi king all the world,another endian hijra coward hindu terrorist army soldier dispatched to shamshangarh by pakistan army i want more endian hindu terrorist dead so keep it up pakistan,get lost you kaafir.,bhenchod ye jaisa halala ki aulad hai,1,religious_hate_batch_001.csv
class2_batch009_sample011702,9,11702,2,Religious Hate,212702,216702,v3_original_demo_boundary_prompt,4-shot random authentic same-class,Shortlisted authentic RUHSOLD Religious Hate examples,118,aor hamary hkmran in k sath mily huy en ....yahudi aor hindun hmary sb sy bry dushman en,yahoodi kabhi hamara dost nhi ho sakta,imran qadyani yahoodi agent hy pti ki 18 bank account hy jis may qadyani yahoodi hondo ny funding ki hy . gold smith jimaima aneel musrst . atif miaan sub qadyani yahoodi hy,jaa bhen k lory tum harrami ki nasal ho.. dewband maslak pe kutty ki tareh bhoonkty ho..,pti ko jo mard e mohtasar ka naam lety hen wo yahodi ha,2,religious_hate_batch_009.csv
class2_batch003_sample010425,3,10425,2,Religious Hate,211425,215425,v3_original_demo_boundary_prompt,4-shot random authentic same-class,Shortlisted authentic RUHSOLD Religious Hate examples,118,abe halala ki paidaish..  tumhara to wajood hi 800 years purana hai..  jab bhagwan ram ko kagaj dikhane ki jarurat par gayi to tum kaun ho.. kagaj to dikhana hi parega.. #nrc_caa_npr,hindu sirf gooli ki zuban smjta ha,qadiani ahmedi mirziee kaafir jo hen,sale halala molvi se tum karvao apni oorto ka or apni ma bahan ka bol heme rhe ho molvi kamre m apni bahan ko bej kar sina choda hota hoga tumhara,yahodi agar hindustani ke ghar me rehta tu tera baap jitne logon ne pakistan mein marwa de,1,religious_hate_batch_003.csv
class2_batch009_sample011661,9,11661,2,Religious Hate,212661,216661,v3_original_demo_boundary_prompt,4-shot random authentic same-class,Shortlisted authentic RUHSOLD Religious Hate examples,118,qadiyani pe lanat mirza khinzeer harami pe lanat.,"how did an ahmadiya get to the top in the army of sunnis, in the first place?","rt : q. woh kaun si qome he,jis ne such bhi bola phr bhi jahnum mein jayegi? ans: yahoodi or nasara qome. shahid sindh",chutiya azam ny kia kia ha ab tk sawa saal mein sirf 11600 arab ka izfa qarzoun mein kia or kuch nhi badlo apni soch ko yahodi na bano or ek muslim ki tarh socho,rt : ghar ki maa behn ko qadiyani khanzeeri nahi bolo ye gandu qadyani,2,religious_hate_batch_009.csv
class2_batch005_sample010914,5,10914,2,Religious Hate,211914,215914,v3_original_demo_boundary_prompt,4-shot random authentic same-class,Shortlisted authentic RUHSOLD Religious Hate examples,118,yes they are involved in bomb blast... halala and bakrigiri,get lost you kaafir.,"hogai izzat? mera jism meri marzi jc ghaleez or ghatiya terminologies hamare muslim muashrey me dene ki koshish me aapki so-called,vahiyat or ikhlaq se giri support ko khud ne hi reject kardiya.  apne yahoodi gods ko khush krne k liey kuch or karien",meri tarbiyat yehi hai k jo amreca ko apna baap manta hai na wo muslman hai or na us s koi hanra taloq hai tum nasl e yazeedi ho masl e yahodi or yahoodio ki olad ho,allah pak pura ummah ko naseeb banaye aur apni shamilat khud ka badnaseeb saza le,1,religious_hate_batch_005.csv
class2_batch003_sample010583,3,10583,2,Religious Hate,211583,215583,v3_original_demo_boundary_prompt,4-shot random authentic same-class,Shortlisted authentic RUHSOLD Religious Hate examples,118,kafir yahodi kafir hindo same thinking,wow halala's product on fire as usual porkistaniðÿ˜‚ðÿ˜‚ðÿ˜‚,abe halala ki paidaish..  tumhara to wajood hi 800 years purana hai..  jab bhagwan ram ko kagaj dikhane ki jarurat par gayi to tum kaun ho.. kagaj to dikhana hi parega.. #nrc_caa_npr,halala ki padayish ho aap aur kya expect karenge hum aapse,koi bat nhi kr raha,1,religious_hate_batch_003.csv
class2_batch005_sample010855,5,10855,2,Religious Hate,211855,215855,v3_original_demo_boundary_prompt,4-shot random authentic same-class,Shortlisted authentic RUHSOLD Religious Hate examples,118,"bilkul,itny lecture milny hain jese christmas or new year pe milty hain ,kya apko pata bhi hai k kaafir janwaro k haqq main dua bhi nahi krni chahye",qadiani ahmedi mirziee kaafir jo hen,tum log yahoodi ho kisi ko shuck nahi hona chaheye bus kafi hogae musalmanon ko aur dhoka na dou👹,but we have a firm belief now that qadiyani and ahmedi neither want muslims nor pakistanis to live in a harmony,bhag bhenchod,1,religious_hate_batch_005.csv
class2_batch001_sample010141,1,10141,2,Religious Hate,211141,215141,v3_original_demo_boundary_prompt,4-shot random authentic same-class,Shortlisted authentic RUHSOLD Religious Hate examples,118,sale halala molvi se tum karvao apni oorto ka or apni ma bahan ka bol heme rhe ho molvi kamre m apni bahan ko bej kar sina choda hota hoga tumhara,aye yahudiyo jitna zulm karna hai kar lo in sha allah woh din bhi zaroor aayega ke tumhe chun chun ke maara jayega yahan tak ke tum darakht ya pattharoñ ke piche chhup jaoge to bejan chizen bhi kahengi yahan yahoodi chhupa hai.hadees ka farman hai ho kar rahega #israeliterrorism,meri tarbiyat yehi hai k jo amreca ko apna baap manta hai na wo muslman hai or na us s koi hanra taloq hai tum nasl e yazeedi ho masl e yahodi or yahoodio ki olad ho,sali muslims randi. jihadi sali,abe tere jaise yaha kisi insan hi nhi rehta,1,religious_hate_batch_001.csv
class2_batch006_sample011005,6,11005,2,Religious Hate,212005,216005,v3_original_demo_boundary_prompt,4-shot random authentic same-class,Shortlisted authentic RUHSOLD Religious Hate examples,118,"obviously we muslims hate ahmedi's . 😡 we don't care whatever happens to them ! we just hate them. if their is oppression over other minorities in pakistan which is not usual alhamdolillah, then i condemn that.",q teri bhen ko chuda hy dewbandion ny ..harami ki nasal,jisko bhi hindu ki chudai par shak hai to ek baar mujh se chudwa kar dekho sab bhram dur ho jayega,"tum vahi karo jo aata hai ,namaz or bakri chudai",yeh tera abba tha na ..tum logon ne hi chod diya tha..🤮,2,religious_hate_batch_006.csv
class2_batch009_sample011794,9,11794,2,Religious Hate,212794,216794,v3_original_demo_boundary_prompt,4-shot random authentic same-class,Shortlisted authentic RUHSOLD Religious Hate examples,118,ye insan ik chaaal haaa dostoo .........zra smj k chliye gaa...sb jaanty hn qadyaani kaafir hn ......ye sb k sentiments gain kr rhaa haa......bad me ye apna chehra dikhiye gaaa fasad kii shkal me.....in chaaalo sy hosyar rhy baseerat paida kry sb apny andr.. shukria...,is cult  mein kisi boht hi pyare ko kho dene k baad uski qaber pe phool rakhna b jurm hai west mein qaberisat se phool chura k un ko sale kr k ahmdi chanda dia karte hain takey ragister se naam na kut jaye,"not surprised comment came from ahmedi. tbh, i won't be surprised when some christians will argue that they r included in muslim category too. just bcoz they believe there is only one god.",or wahan tumhara jahanumi ahmedi jo naaowz billah nabi hona ka dawa dar tha wo wo case hara tha or court sa bhag gya tha.nabi pak p.b.u.h allah ka akhri nabi han or on ka bad koi nabi nahi ae ga.ya ak haqeqat ha jo quran ma bhi ha.or 1947 ma pak islam ka name par bana tha.,ye yahoodi agent,2,religious_hate_batch_009.csv
class2_batch009_sample011775,9,11775,2,Religious Hate,212775,216775,v3_original_demo_boundary_prompt,4-shot random authentic same-class,Shortlisted authentic RUHSOLD Religious Hate examples,118,ye pagliya gyi h saali... kuttiya ye ab bhul gyi h jisne #halala or #teentlaaq se aazadi dilwayi usko bhul gyi h ye mullli....,"just the ten thousandth ""isolated"" instance of christian /jewish/hindu/ahmedi places of worship being attacked by crybabies who themselves can't handle some nutcase burning a book full of fiction stories.",tum log yahoodi ho kisi ko shuck nahi hona chaheye bus kafi hogae musalmanon ko aur dhoka na dou👹,"ye manhoos hinduon ki diwali k chakkar mai har jaga ki aur quality kharab hogai, bharwe",aik bar bar quran ka tareeqa ma tere baap ne chod li thi,2,religious_hate_batch_009.csv
class2_batch002_sample010339,2,10339,2,Religious Hate,211339,215339,v3_original_demo_boundary_prompt,4-shot random authentic same-class,Shortlisted authentic RUHSOLD Religious Hate examples,118,dekh le madarch*d islam ka nanga naach..babri par fate hue bawaseer ki tarah bhaunk raha tha na..us par bhi ab apne manhoos muh se kuch hag de..blood cousins ke incest ki paidaish,oeyy randdii k bachay ganddu hindu.. kyun jhoott baq raha hai gashti maa k ganndduu bachay. peshaab p k palnay wali qoum.,typical muslim randi-rona taqia.,or wahan tumhara jahanumi ahmedi jo naaowz billah nabi hona ka dawa dar tha wo wo case hara tha or court sa bhag gya tha.nabi pak p.b.u.h allah ka akhri nabi han or on ka bad koi nabi nahi ae ga.ya ak haqeqat ha jo quran ma bhi ha.or 1947 ma pak islam ka name par bana tha.,lakh di laanat teri shakal pe ..teri maa ne teri behan ko chutya aurat ke sath marwadi ki naslain dikhaya hua tha ...pichle 50 saal me teri maa ne,1,religious_hate_batch_002.csv
class2_batch005_sample010824,5,10824,2,Religious Hate,211824,215824,v3_original_demo_boundary_prompt,4-shot random authentic same-class,Shortlisted authentic RUHSOLD Religious Hate examples,118,jaa bhen k lory tum harrami ki nasal ho.. dewband maslak pe kutty ki tareh bhoonkty ho..,o madadarchod: tum tu farigh ho aur yeh gashti tu waisay he sari raat jagti hay. o dallay o kanjar hum tu iran jatay hotay hain tu bata apni behan kitni baar mbs aur us kay wahabi sheikhon ko bhaijta hay.,phir in yahodi khanzeer logo ko pata chalaiga kai kia ta aur kia nahen ye sirf dajjal kai liye aisa kar rahai hain kyunkai ye yahodi log khazeer log dajjal ko apna leader samjhtai hain aur tumhara pura bollywood bollyminati ban chuka hain tumharai dimagh ko programming ki ja rah,ye insan ik chaaal haaa dostoo .........zra smj k chliye gaa...sb jaanty hn qadyaani kaafir hn ......ye sb k sentiments gain kr rhaa haa......bad me ye apna chehra dikhiye gaaa fasad kii shkal me.....in chaaalo sy hosyar rhy baseerat paida kry sb apny andr.. shukria...,ye sab nawaz sharif say bachaye hain jo yahoodi agent hai...babar awan,1,religious_hate_batch_005.csv
class2_batch004_sample010733,4,10733,2,Religious Hate,211733,215733,v3_original_demo_boundary_prompt,4-shot random authentic same-class,Shortlisted authentic RUHSOLD Religious Hate examples,118,sale halala molvi se tum karvao apni oorto ka or apni ma bahan ka bol heme rhe ho molvi kamre m apni bahan ko bej kar sina choda hota hoga tumhara,tumri ma buhat hanzir hy jis ne tum jaise  yahodi kafir rhandi hanzir aurat ko paida kiya,kadiyani kafir thay hain aur hamesha harain gay. ye dajjali fitnay ki ek kari hain. aur inkay supporters hum main bhe jo chupay howay hain wo bhe khanzeer kafir he hain. lannat beshomar kadiyanio pr.,kaafir tujhe kuch nai malum,na pakistan mein qadyani jesy muslims kehty haen aur na unke kuttey bhe nahin poochty,1,religious_hate_batch_004.csv
class2_batch005_sample010944,5,10944,2,Religious Hate,211944,215944,v3_original_demo_boundary_prompt,4-shot random authentic same-class,Shortlisted authentic RUHSOLD Religious Hate examples,118,"how did an ahmadiya get to the top in the army of sunnis, in the first place?",qadiyani pe lanat mirza khinzeer harami pe lanat.,ho gaye hy aur han aj jo ye sekhon k liye kar raha hy ye whoi sekh hy jub pakistan azad howa tha aur muslmano ne jub india sa hijrat ki tub sub zada qatal muslim ko in sekhon ne kiya tha par afsos ap jesy log is yahodi e agent ko ek islami leader mante ho phir kasm khao k allah,pehle apni aurto ko halala se bachao ye bhi modi kar raha hai. agar sahi tum logo ka dna kiya jaye to pata nhi baap kon niklega,oh you mean like ahmedi's??,1,religious_hate_batch_005.csv
class2_batch004_sample010756,4,10756,2,Religious Hate,211756,215756,v3_original_demo_boundary_prompt,4-shot random authentic same-class,Shortlisted authentic RUHSOLD Religious Hate examples,118,ye pagliya gyi h saali... kuttiya ye ab bhul gyi h jisne #halala or #teentlaaq se aazadi dilwayi usko bhul gyi h ye mullli....,o madadarchod: tum tu farigh ho aur yeh gashti tu waisay he sari raat jagti hay. o dallay o kanjar hum tu iran jatay hotay hain tu bata apni behan kitni baar mbs aur us kay wahabi sheikhon ko bhaijta hay.,chal na randi ! we have spiritual connection with supreme leader imam khamnae !  we have our hearts and souls for holy cities of najaf and karbala !  dont give a fck to wahabi chutiyas,that nigga was yahoodi he probably lied to all the employees,gandu aor qadyani khanzeer,1,religious_hate_batch_004.csv
class2_batch005_sample010900,5,10900,2,Religious Hate,211900,215900,v3_original_demo_boundary_prompt,4-shot random authentic same-class,Shortlisted authentic RUHSOLD Religious Hate examples,118,#khuda ki qasam agar mey hota tu zinda nahe bach sakta ta muj sey ye beghairat kafir yahoodi.,chhor bhen chod hrami hindu chhor esko😠😠😠,jaa bhen k lory tum harrami ki nasal ho.. dewband maslak pe kutty ki tareh bhoonkty ho..,sali muslims randi. jihadi sali,jis ny ye kahta ha jo humain goli maary ga wo harami hai..,1,religious_hate_batch_005.csv
class2_batch002_sample010271,2,10271,2,Religious Hate,211271,215271,v3_original_demo_boundary_prompt,4-shot random authentic same-class,Shortlisted authentic RUHSOLD Religious Hate examples,118,that nigga was yahoodi he probably lied to all the employees,"abbey halala ki paidaish, 5 baap ki aulaad. patthar baazi ke alawa kuchh kaam kara kabhi teri kaum ne ?",ye lode teri maa or bahan ke shohar hai or jyada bolega to de denge teri maa or bahan ko hum denge talaq or fir halala wow kya baat hai mullo wow lund chuss lo ðÿ˜œðÿ˜œðÿ˜œðÿ˜œ,"tum vahi karo jo aata hai ,namaz or bakri chudai",kuch nae tumse pta wo apni ammi ka randi rona krta ho...,1,religious_hate_batch_002.csv
class2_batch001_sample010184,1,10184,2,Religious Hate,211184,215184,v3_original_demo_boundary_prompt,4-shot random authentic same-class,Shortlisted authentic RUHSOLD Religious Hate examples,118,q teri bhen ko chuda hy dewbandion ny ..harami ki nasal,well said.lanati hain ye qadyani kafir,oeyy randdii k bachay ganddu hindu.. kyun jhoott baq raha hai gashti maa k ganndduu bachay. peshaab p k palnay wali qoum.,ye bat tum yahoodi ko bolo atankwadi tum ho jo musalman se nafrat ki aag me insaniyat ke sabse bade dushman yahoodi ko support karte ho ye log to face to face mara hai unlog chote bache ka upar bom feka kisi aurat ya admi bacha ko goli mar diya wi bhi waha ke civilian hi hai,oeyy randdii k bachay,1,religious_hate_batch_001.csv
class2_batch005_sample010849,5,10849,2,Religious Hate,211849,215849,v3_original_demo_boundary_prompt,4-shot random authentic same-class,Shortlisted authentic RUHSOLD Religious Hate examples,118,"not surprised comment came from ahmedi. tbh, i won't be surprised when some christians will argue that they r included in muslim category too. just bcoz they believe there is only one god.","surprise!  surprise!  majority of the muslims are at just in different levels of ""usman khan"" ranging from mild to extreme (except ahmadiya may be, but they are not ""real muslims"")  that's from a person living in a country with 95% muslim    https://t.co/hq35u2xrrk,2009-05-25 17:25:26,sydney, new south wales",that nigga was yahoodi he probably lied to all the employees,dekh le madarch*d islam ka nanga naach..babri par fate hue bawaseer ki tarah bhaunk raha tha na..us par bhi ab apne manhoos muh se kuch hag de..blood cousins ke incest ki paidaish,chup kar gandu imran khan niazi,1,religious_hate_batch_005.csv
class2_batch002_sample010244,2,10244,2,Religious Hate,211244,215244,v3_original_demo_boundary_prompt,4-shot random authentic same-class,Shortlisted authentic RUHSOLD Religious Hate examples,118,"malala the product of halala pehle burke se, halala se, bacche paida kerne se or gulami ki jindgi se to azadi lelo hindustaan se azadi to tumhare kukarm tumhe dilwa hi denge. kyuki terrorism failaoge to lat mar ke desh se bhagae jaoge. i am with my country and support caa, nrcðÿ˜‰.",plz sir hamy in say koi khtra nahi hamy is imran khan yahodi our kadiyanion say bachny pay gor karen pak army tayri azmat ko salam,typical muslim randi-rona taqia.,chhor bhen chod hrami hindu chhor esko😠😠😠,bharwe jab kuch kuch nae ho usko bhi abhi tak zinda reh raha he.,1,religious_hate_batch_002.csv
class2_batch003_sample010483,3,10483,2,Religious Hate,211483,215483,v3_original_demo_boundary_prompt,4-shot random authentic same-class,Shortlisted authentic RUHSOLD Religious Hate examples,118,#khuda ki qasam agar mey hota tu zinda nahe bach sakta ta muj sey ye beghairat kafir yahoodi.,wehshi darandy easai yahodi hindo islam amanka ka mazhab,abe halala ki paidaish..  tumhara to wajood hi 800 years purana hai..  jab bhagwan ram ko kagaj dikhane ki jarurat par gayi to tum kaun ho.. kagaj to dikhana hi parega.. #nrc_caa_npr,yahoodi kabhi hamara dost nhi ho sakta,jaa jaake isse pata chalega... apne baap ki tarha hi gareebon ko aisa karte rahe ho,1,religious_hate_batch_003.csv
class2_batch005_sample010922,5,10922,2,Religious Hate,211922,215922,v3_original_demo_boundary_prompt,4-shot random authentic same-class,Shortlisted authentic RUHSOLD Religious Hate examples,118,jahil k bachy kahan likha h k gair mazhb sy nikaah jaiz ha... tmari gand me jo keera ha wo nhi merna... khoty khany waly... yahoodi kahan sy hogaey ahle kitaab ....tm.b yahoodi to nhi,yahoodi kabhi hamara dost nhi ho sakta,chhor bhen chod hrami hindu chhor esko😠😠😠,"surprise!  surprise!  majority of the muslims are at just in different levels of ""usman khan"" ranging from mild to extreme (except ahmadiya may be, but they are not ""real muslims"")  that's from a person living in a country with 95% muslim    https://t.co/hq35u2xrrk,2009-05-25 17:25:26,sydney, new south wales",ye jo us ki maa ki phudi pe khana hai wo bharwe hy,1,religious_hate_batch_005.csv
class2_batch004_sample010743,4,10743,2,Religious Hate,211743,215743,v3_original_demo_boundary_prompt,4-shot random authentic same-class,Shortlisted authentic RUHSOLD Religious Hate examples,118,madarchod muslaman ki kaum madarchod saalo ka imaan nahi hai bheno ko chod te hai bhen ke lode harmazaade uskiye apni  maa ki chut bhi chodta hoga aur chuswata hoga logo se saare musalamaan raand ki olad islam ki maa ki chut,chal fosdi ke mohammad kabile wale ki halala ki aulad,"gau mutr peeyo tum log lodu awkat bna phir aake muh lag, randwa saala",or wahan tumhara jahanumi ahmedi jo naaowz billah nabi hona ka dawa dar tha wo wo case hara tha or court sa bhag gya tha.nabi pak p.b.u.h allah ka akhri nabi han or on ka bad koi nabi nahi ae ga.ya ak haqeqat ha jo quran ma bhi ha.or 1947 ma pak islam ka name par bana tha.,ye logon ko paida karne diya gaya tha.,1,religious_hate_batch_004.csv
class2_batch003_sample010420,3,10420,2,Religious Hate,211420,215420,v3_original_demo_boundary_prompt,4-shot random authentic same-class,Shortlisted authentic RUHSOLD Religious Hate examples,118,aye yahudiyo jitna zulm karna hai kar lo in sha allah woh din bhi zaroor aayega ke tumhe chun chun ke maara jayega yahan tak ke tum darakht ya pattharoñ ke piche chhup jaoge to bejan chizen bhi kahengi yahan yahoodi chhupa hai.hadees ka farman hai ho kar rahega #israeliterrorism,ye lode teri maa or bahan ke shohar hai or jyada bolega to de denge teri maa or bahan ko hum denge talaq or fir halala wow kya baat hai mullo wow lund chuss lo ðÿ˜œðÿ˜œðÿ˜œðÿ˜œ,"path of cruelty , path of violence, path of halala , path of tripe talaq, path of marrying 6 years old aisha,path to discipline their wives by beating them,path of hurun,path of apostasy,path of punishable apostasy, path of beheading. what a pissful religion izlam is ðÿ‘",sunni killing a shia....what's new?  thank god he wasn't a ahmedi muslim otherwise the motive would have been to acquire a passport to migrate to western countries and continue their islamic jihadi work after retirement,haan na saali haramkhor or tere baap ne kaha tha ki abey madarchod tu hi khud bhaunk le ga koi nasha mat lagane ki koshish kr,1,religious_hate_batch_003.csv
class2_batch008_sample011448,8,11448,2,Religious Hate,212448,216448,v3_original_demo_boundary_prompt,4-shot random authentic same-class,Shortlisted authentic RUHSOLD Religious Hate examples,118,another endian hijra coward hindu terrorist army soldier dispatched to shamshangarh by pakistan army i want more endian hindu terrorist dead so keep it up pakistan,hey are fighting amongst each other. #bajwa is compromise candidate. thats only reason why he a ahmadiya is a coas.,wehshi darandy easai yahodi hindo islam amanka ka mazhab,"afghanio ne tme hindu se bachaya,randi k aulaad tareekh paro tm wo ganda khoon ho,jo siko aour hindu ki rape se paida woe ho,tme kalima tho sikaya afghano ne,magar tmari gandi dna wai ranjeet sing wali a,randi k aulaad tm ne kah pana di,am pashtono ne di,apnay bio ko hera mandi",apni chut mein kuch laga hua hai,2,religious_hate_batch_008.csv
class2_batch008_sample011464,8,11464,2,Religious Hate,212464,216464,v3_original_demo_boundary_prompt,4-shot random authentic same-class,Shortlisted authentic RUHSOLD Religious Hate examples,118,"abbey halala ki paidaish, 5 baap ki aulaad. patthar baazi ke alawa kuchh kaam kara kabhi teri kaum ne ?",please sell up you yahoodi bastards,abe jaana mullle sale bhikari !! halala k maje krwa apni maa ko,jahil k bachy kahan likha h k gair mazhb sy nikaah jaiz ha... tmari gand me jo keera ha wo nhi merna... khoty khany waly... yahoodi kahan sy hogaey ahle kitaab ....tm.b yahoodi to nhi,tujhe pata nahi halala kya hota?,2,religious_hate_batch_008.csv
class2_batch004_sample010618,4,10618,2,Religious Hate,211618,215618,v3_original_demo_boundary_prompt,4-shot random authentic same-class,Shortlisted authentic RUHSOLD Religious Hate examples,118,"surprise!  surprise!  majority of the muslims are at just in different levels of ""usman khan"" ranging from mild to extreme (except ahmadiya may be, but they are not ""real muslims"")  that's from a person living in a country with 95% muslim    https://t.co/hq35u2xrrk,2009-05-25 17:25:26,sydney, new south wales",yahoodi kabhi hamara dost nhi ho sakta,pislam me media ka estemal kerna haram hai  halala ki paidais,jaa bhen k lory tum harrami ki nasal ho.. dewband maslak pe kutty ki tareh bhoonkty ho..,munafik insan 😠,1,religious_hate_batch_004.csv
class2_batch005_sample010998,5,10998,2,Religious Hate,211998,215998,v3_original_demo_boundary_prompt,4-shot random authentic same-class,Shortlisted authentic RUHSOLD Religious Hate examples,118,sirf momin aya to yahoodi kum nasal marny laggaye agr sawa crore momin agaye to sochen kya hoga?hamen jagna hoga,jahil k bachy kahan likha h k gair mazhb sy nikaah jaiz ha... tmari gand me jo keera ha wo nhi merna... khoty khany waly... yahoodi kahan sy hogaey ahle kitaab ....tm.b yahoodi to nhi,phir in yahodi khanzeer logo ko pata chalaiga kai kia ta aur kia nahen ye sirf dajjal kai liye aisa kar rahai hain kyunkai ye yahodi log khazeer log dajjal ko apna leader samjhtai hain aur tumhara pura bollywood bollyminati ban chuka hain tumharai dimagh ko programming ki ja rah,"huh wut you say u imbecile, i shat on you...toh toh toh kaafir",qurbani ney bheta hua tha,1,religious_hate_batch_005.csv
class2_batch005_sample010806,5,10806,2,Religious Hate,211806,215806,v3_original_demo_boundary_prompt,4-shot random authentic same-class,Shortlisted authentic RUHSOLD Religious Hate examples,118,ye pagliya gyi h saali... kuttiya ye ab bhul gyi h jisne #halala or #teentlaaq se aazadi dilwayi usko bhul gyi h ye mullli....,abe jaana mullle sale bhikari !! halala k maje krwa apni maa ko,hey are fighting amongst each other. #bajwa is compromise candidate. thats only reason why he a ahmadiya is a coas.,"waise madarso mein bahut achhi taaleem di jaati hai tum jihadi hijdo ko, asar dikh rha hai yahan, khud toh khud ki bhen chodte hi ho aur dusro ko bhi bhenchod samajhte ho.","ye gandu tere baap ka naam nhe batayega, phir tu paida ho ga.",1,religious_hate_batch_005.csv
class2_batch010_sample011812,10,11812,2,Religious Hate,212812,216812,v3_original_demo_boundary_prompt,4-shot random authentic same-class,Shortlisted authentic RUHSOLD Religious Hate examples,118,chal na randi ! we have spiritual connection with supreme leader imam khamnae !  we have our hearts and souls for holy cities of najaf and karbala !  dont give a fck to wahabi chutiyas,that's for foolish act and the ahmedi you highlighted they were equal to jews for us so alhmdurallah we save quran ! . and about hindus and christians its was a false news !  and if it is real then show me !  if you don't have anything then shut up and run !,abe bharwe tum hindu hi duniya k sub se bara atankwaz ho haramiyon bt krte ho hamare age tumhari country me hindu k elawa koi safe nhi he  tumhari country ka name isi liye  lynchistan he  isi king all the world,hey are fighting amongst each other. #bajwa is compromise candidate. thats only reason why he a ahmadiya is a coas.,shakal chutiya hai aurat ko nahi dikhane ki waja se choti si maa choot mar gaya tha ye,2,religious_hate_batch_010.csv
class2_batch007_sample011383,7,11383,2,Religious Hate,212383,216383,v3_original_demo_boundary_prompt,4-shot random authentic same-class,Shortlisted authentic RUHSOLD Religious Hate examples,118,kabi bi nai jo sakta ya shia log pora ka pora yahodi hn,apne profile mein whats app me fb twitter mein is bahadur nojawaan ki pic lga kr islam se or nabi ke din se mhbt ka izhaar kren or itna share kren ek yahoodi apne na pak iradoon se baaz ajaye is shakhs ne quraan pak ki hifazahat mein ek bhtareen mhbt ka jita jagta sabot dia hai,haha jaat dikha di bsdk antankbadi halala ki aulaad teri ammi ka halala hua tha phir to randi ke bacheðÿ¤£ðÿ¤£ðÿ˜…,bus ya aur tafseel bataao  ahmdi aurtain beach pe bikini b pehnti hain  jalse aur ijlaas pe burqa b boht hai 🤫,apni maa ki choot main yahodi ko chod rhi hu,2,religious_hate_batch_007.csv
class2_batch002_sample010250,2,10250,2,Religious Hate,211250,215250,v3_original_demo_boundary_prompt,4-shot random authentic same-class,Shortlisted authentic RUHSOLD Religious Hate examples,118,no no ...... hindu na kah mujhe ........islam bura maan jayega .......kaafir kah kaafir...,"obviously we muslims hate ahmedi's . 😡 we don't care whatever happens to them ! we just hate them. if their is oppression over other minorities in pakistan which is not usual alhamdolillah, then i condemn that.",lant hy teri aagli pecchli tweet pe or tum pe or qadyanion pe or kuch ?,#stopisraeliterror   yahoodi mulk jisey israel ka naam diya gaya najaiz hai yahoodi sabse bada dahshatgard,yar mian sb khud ko gaddari karti ho tu teri aukat hi nahi hai,1,religious_hate_batch_002.csv
class2_batch007_sample011272,7,11272,2,Religious Hate,212272,216272,v3_original_demo_boundary_prompt,4-shot random authentic same-class,Shortlisted authentic RUHSOLD Religious Hate examples,118,"ye manhoos hinduon ki diwali k chakkar mai har jaga ki aur quality kharab hogai, bharwe",yahodi agent qadyani chamcha,#stopisraeliterror   yahoodi mulk jisey israel ka naam diya gaya najaiz hai yahoodi sabse bada dahshatgard,ye pagliya gyi h saali... kuttiya ye ab bhul gyi h jisne #halala or #teentlaaq se aazadi dilwayi usko bhul gyi h ye mullli....,"i'm sorry mr. shami, your tweet is very wrong! ahmedi muslims don't need any ""freedom"" they already have freedom but yes, they are discriminated against and persecuted by pakistan state and extremist groups like lashkar",2,religious_hate_batch_007.csv
class2_batch007_sample011239,7,11239,2,Religious Hate,212239,216239,v3_original_demo_boundary_prompt,4-shot random authentic same-class,Shortlisted authentic RUHSOLD Religious Hate examples,118,or wahan tumhara jahanumi ahmedi jo naaowz billah nabi hona ka dawa dar tha wo wo case hara tha or court sa bhag gya tha.nabi pak p.b.u.h allah ka akhri nabi han or on ka bad koi nabi nahi ae ga.ya ak haqeqat ha jo quran ma bhi ha.or 1947 ma pak islam ka name par bana tha.,1 balatkari muslim 3 balatkari tera baap hindu h uske bare m kuch bol  be,jaa bhen k lory tum harrami ki nasal ho.. dewband maslak pe kutty ki tareh bhoonkty ho..,"pta nhi kon si uni se graduate hote ho aap log jnha aesi wahiyat education di jati hðÿ˜‚ðÿ˜‚ðÿ˜‚ halala, gazwa-e-hind, camel urine or pta nhi kya kyaðÿ˜‚ðÿ˜‚ðÿ˜‚ðÿ¤£ðÿ¤£ðÿ¤£ðÿ¤£ðÿ‘ðÿ»",yeh larkiyan ko bahir k ley ja k nai apni beti ko chod saktay hain aur kia kar raha hai yeh 🤬,2,religious_hate_batch_007.csv
class2_batch003_sample010535,3,10535,2,Religious Hate,211535,215535,v3_original_demo_boundary_prompt,4-shot random authentic same-class,Shortlisted authentic RUHSOLD Religious Hate examples,118,imran qadyani yahoodi agent hy pti ki 18 bank account hy jis may qadyani yahoodi hondo ny funding ki hy . gold smith jimaima aneel musrst . atif miaan sub qadyani yahoodi hy,is cult  mein kisi boht hi pyare ko kho dene k baad uski qaber pe phool rakhna b jurm hai west mein qaberisat se phool chura k un ko sale kr k ahmdi chanda dia karte hain takey ragister se naam na kut jaye,tmri taraj animals ki potty n khate... tm jaake  bomb fodo jaake.......halala ke masala.  niklo.. yaha tm atankiyo k liy jagah ni h bhai. yaha atank n failaooo,tm jeso ki jb g**nd mari jaye na fir tm log thek rehty ho bc k bachy jb wo yahoodi lanti marty hn na wo muslim dekhty hn air kuch ni dekhty baki tm na toh apni pesh krni hoti ha unhy.,is cult mein kisi boht hi pyare ko kho dene k baad uski qaber pe phool rakhna b jurm hai,1,religious_hate_batch_003.csv
class2_batch003_sample010486,3,10486,2,Religious Hate,211486,215486,v3_original_demo_boundary_prompt,4-shot random authentic same-class,Shortlisted authentic RUHSOLD Religious Hate examples,118,bosdk yeh tumhare ghar me hota hai. saari k blouse me mote mote doodh dikhati firti hain tumhare dharam ki orate or hindu orat ko musalman ka l#nd aachaa lagta hai. yeh baat puri dunia janti hai,qadiani ahmedi mirziee kaafir jo hen,abe jaana mullle sale bhikari !! halala k maje krwa apni maa ko,sirf momin aya to yahoodi kum nasal marny laggaye agr sawa crore momin agaye to sochen kya hoga?hamen jagna hoga,pakistan k sath hi ho gaya tha yar bharwe,1,religious_hate_batch_003.csv
class2_batch002_sample010381,2,10381,2,Religious Hate,211381,215381,v3_original_demo_boundary_prompt,4-shot random authentic same-class,Shortlisted authentic RUHSOLD Religious Hate examples,118,please all muslims come one page and unite  insha allah   yahoodi isreal finished all,ho gaye hy aur han aj jo ye sekhon k liye kar raha hy ye whoi sekh hy jub pakistan azad howa tha aur muslmano ne jub india sa hijrat ki tub sub zada qatal muslim ko in sekhon ne kiya tha par afsos ap jesy log is yahodi e agent ko ek islami leader mante ho phir kasm khao k allah,phir in yahodi khanzeer logo ko pata chalaiga kai kia ta aur kia nahen ye sirf dajjal kai liye aisa kar rahai hain kyunkai ye yahodi log khazeer log dajjal ko apna leader samjhtai hain aur tumhara pura bollywood bollyminati ban chuka hain tumharai dimagh ko programming ki ja rah,tumhri maa kk chodu sale apni maa ko chod ke paida hone wale randi ki aulad sale apni behan ko biwi bana ke rkhne wale muhammad ki nazayaj aulad,ye gandhi ka larkiyon ki kya bat hy?,1,religious_hate_batch_002.csv
class2_batch005_sample010939,5,10939,2,Religious Hate,211939,215939,v3_original_demo_boundary_prompt,4-shot random authentic same-class,Shortlisted authentic RUHSOLD Religious Hate examples,118,another endian hijra coward hindu terrorist army soldier dispatched to shamshangarh by pakistan army i want more endian hindu terrorist dead so keep it up pakistan,is cult  mein kisi boht hi pyare ko kho dene k baad uski qaber pe phool rakhna b jurm hai west mein qaberisat se phool chura k un ko sale kr k ahmdi chanda dia karte hain takey ragister se naam na kut jaye,"ye manhoos hinduon ki diwali k chakkar mai har jaga ki aur quality kharab hogai, bharwe",jisko bhi hindu ki chudai par shak hai to ek baar mujh se chudwa kar dekho sab bhram dur ho jayega,teri maa ka yaar jaisa haramzada muslim hi hota hai tu,1,religious_hate_batch_005.csv
class2_batch008_sample011461,8,11461,2,Religious Hate,212461,216461,v3_original_demo_boundary_prompt,4-shot random authentic same-class,Shortlisted authentic RUHSOLD Religious Hate examples,118,abe halala ki paidaish..  tumhara to wajood hi 800 years purana hai..  jab bhagwan ram ko kagaj dikhane ki jarurat par gayi to tum kaun ho.. kagaj to dikhana hi parega.. #nrc_caa_npr,hindoo wo qom ha jinper koi nabi koi kitaab nazil nahi hoi. ye to yahoodi se bhi bad tar hen,ye pagliya gyi h saali... kuttiya ye ab bhul gyi h jisne #halala or #teentlaaq se aazadi dilwayi usko bhul gyi h ye mullli....,madarchod muslaman ki kaum madarchod saalo ka imaan nahi hai bheno ko chod te hai bhen ke lode harmazaade uskiye apni  maa ki chut bhi chodta hoga aur chuswata hoga logo se saare musalamaan raand ki olad islam ki maa ki chut,agar tu gandu he to kuch na bol..,2,religious_hate_batch_008.csv
class2_batch009_sample011670,9,11670,2,Religious Hate,212670,216670,v3_original_demo_boundary_prompt,4-shot random authentic same-class,Shortlisted authentic RUHSOLD Religious Hate examples,118,"malala the product of halala pehle burke se, halala se, bacche paida kerne se or gulami ki jindgi se to azadi lelo hindustaan se azadi to tumhare kukarm tumhe dilwa hi denge. kyuki terrorism failaoge to lat mar ke desh se bhagae jaoge. i am with my country and support caa, nrcðÿ˜‰.",pehle apni aurto ko halala se bachao ye bhi modi kar raha hai. agar sahi tum logo ka dna kiya jaye to pata nhi baap kon niklega,please sell up you yahoodi bastards,well said.lanati hain ye qadyani kafir,rt :   #halalapehlehalala kabhi apne patidev ko halale ki zaroorat nahi?,2,religious_hate_batch_009.csv
class2_batch007_sample011350,7,11350,2,Religious Hate,212350,216350,v3_original_demo_boundary_prompt,4-shot random authentic same-class,Shortlisted authentic RUHSOLD Religious Hate examples,118,imran qadyani yahoodi agent hy pti ki 18 bank account hy jis may qadyani yahoodi hondo ny funding ki hy . gold smith jimaima aneel musrst . atif miaan sub qadyani yahoodi hy,dekh le madarch*d islam ka nanga naach..babri par fate hue bawaseer ki tarah bhaunk raha tha na..us par bhi ab apne manhoos muh se kuch hag de..blood cousins ke incest ki paidaish,pislam me media ka estemal kerna haram hai  halala ki paidais,bus ya aur tafseel bataao  ahmdi aurtain beach pe bikini b pehnti hain  jalse aur ijlaas pe burqa b boht hai 🤫,mazak choru aurat ko dum ho gayi ha jo yahoodi agent imran chore zakat khore yahodi agent imran zardari ka qurbani kar rhy,2,religious_hate_batch_007.csv
class2_batch007_sample011286,7,11286,2,Religious Hate,212286,216286,v3_original_demo_boundary_prompt,4-shot random authentic same-class,Shortlisted authentic RUHSOLD Religious Hate examples,118,that nigga was yahoodi he probably lied to all the employees,poocho hamarai imam sai kai quran mein kaha likha huwa hain aisai ye sirf yahodi khanzeer logo ki chaal hainmuslims ko badnaam karkai liye  zara socho na tumharai hinduism ko badnaam kyun nahen kartai islam kai peechai kyun parai huwai hain zara dimagh ko khol kai socho,jaa bhen k lory tum harrami ki nasal ho.. dewband maslak pe kutty ki tareh bhoonkty ho..,aor hamary hkmran in k sath mily huy en ....yahudi aor hindun hmary sb sy bry dushman en,aa gya tha apny wale ka jaga 😠,2,religious_hate_batch_007.csv
class2_batch003_sample010408,3,10408,2,Religious Hate,211408,215408,v3_original_demo_boundary_prompt,4-shot random authentic same-class,Shortlisted authentic RUHSOLD Religious Hate examples,118,hey are fighting amongst each other. #bajwa is compromise candidate. thats only reason why he a ahmadiya is a coas.,"not surprised comment came from ahmedi. tbh, i won't be surprised when some christians will argue that they r included in muslim category too. just bcoz they believe there is only one god.",kitane maulviyon ne tumhari ammi jaan ka halala kiya hoga tab jakar tum jaisa suar nikla hoga .. ye bhi to bta re mulle..,"waise madarso mein bahut achhi taaleem di jaati hai tum jihadi hijdo ko, asar dikh rha hai yahan, khud toh khud ki bhen chodte hi ho aur dusro ko bhi bhenchod samajhte ho.",hamid mir is a qadiani agent of india and us.,1,religious_hate_batch_003.csv
class2_batch009_sample011682,9,11682,2,Religious Hate,212682,216682,v3_original_demo_boundary_prompt,4-shot random authentic same-class,Shortlisted authentic RUHSOLD Religious Hate examples,118,wow halala's product on fire as usual porkistaniðÿ˜‚ðÿ˜‚ðÿ˜‚,#khuda ki qasam agar mey hota tu zinda nahe bach sakta ta muj sey ye beghairat kafir yahoodi.,"rt : q. woh kaun si qome he,jis ne such bhi bola phr bhi jahnum mein jayegi? ans: yahoodi or nasara qome. shahid sindh",kisi randi maa ki olad ap ki hindu aurtain jab pooja karti hn tab wo bagwan ka lund mounh me b leti hn?,tum logon ko bhi kya samajha raha ha ise tere bheno ke bache ho,2,religious_hate_batch_009.csv
class2_batch007_sample011263,7,11263,2,Religious Hate,212263,216263,v3_original_demo_boundary_prompt,4-shot random authentic same-class,Shortlisted authentic RUHSOLD Religious Hate examples,118,ahmdi is a non muslim biggest cheap religion ahmdi.,lul bukhari ye tum nahe tumaray yahoodi or hindu thuku bol rahay hain jin ko army sey bahot hi zeda takleef hai...🖕,kafir yahodi kafir hindo same thinking,lant hy teri aagli pecchli tweet pe or tum pe or qadyanion pe or kuch ?,yeh jabhi wahan nai ho sakta tabhi humein pata chl ga,2,religious_hate_batch_007.csv
class2_batch006_sample011058,6,11058,2,Religious Hate,212058,216058,v3_original_demo_boundary_prompt,4-shot random authentic same-class,Shortlisted authentic RUHSOLD Religious Hate examples,118,tm jeso ki jb g**nd mari jaye na fir tm log thek rehty ho bc k bachy jb wo yahoodi lanti marty hn na wo muslim dekhty hn air kuch ni dekhty baki tm na toh apni pesh krni hoti ha unhy.,sirf momin aya to yahoodi kum nasal marny laggaye agr sawa crore momin agaye to sochen kya hoga?hamen jagna hoga,lant hy teri aagli pecchli tweet pe or tum pe or qadyanion pe or kuch ?,plz sir hamy in say koi khtra nahi hamy is imran khan yahodi our kadiyanion say bachny pay gor karen pak army tayri azmat ko salam,tmjhe pta chaly,2,religious_hate_batch_006.csv
class2_batch004_sample010767,4,10767,2,Religious Hate,211767,215767,v3_original_demo_boundary_prompt,4-shot random authentic same-class,Shortlisted authentic RUHSOLD Religious Hate examples,118,or wahan tumhara jahanumi ahmedi jo naaowz billah nabi hona ka dawa dar tha wo wo case hara tha or court sa bhag gya tha.nabi pak p.b.u.h allah ka akhri nabi han or on ka bad koi nabi nahi ae ga.ya ak haqeqat ha jo quran ma bhi ha.or 1947 ma pak islam ka name par bana tha.,pehle apni aurto ko halala se bachao ye bhi modi kar raha hai. agar sahi tum logo ka dna kiya jaye to pata nhi baap kon niklega,israel yahoodi sabse bade atankwaadi hai,pislam me media ka estemal kerna haram hai  halala ki paidais,"islam ke liye mard to mardey mein hotay hain, aurat to auratoon mein hotay hain..",1,religious_hate_batch_004.csv
class2_batch005_sample010999,5,10999,2,Religious Hate,211999,215999,v3_original_demo_boundary_prompt,4-shot random authentic same-class,Shortlisted authentic RUHSOLD Religious Hate examples,118,quaid azam was right ky hindu muslim kabhi sth nhi rhy sgty aaj hindu apni hasli shakl dekha rhy hn. agar kisi muslim ny aisa kia hota to india media ki maa mar gi hoti pr ab nhi boly gy. aagy ka ky yehi bol dn gy ky mentally disturb tha or case khtm .#jamia,aor hamary hkmran in k sath mily huy en ....yahudi aor hindun hmary sb sy bry dushman en,1 balatkari muslim 3 balatkari tera baap hindu h uske bare m kuch bol  be,israel yahoodi sabse bade atankwaadi hai,yahan hmri ammi hain jis ne hum se mil kr chupay laga diya,1,religious_hate_batch_005.csv
class2_batch003_sample010585,3,10585,2,Religious Hate,211585,215585,v3_original_demo_boundary_prompt,4-shot random authentic same-class,Shortlisted authentic RUHSOLD Religious Hate examples,118,please all muslims come one page and unite  insha allah   yahoodi isreal finished all,but we have a firm belief now that qadiyani and ahmedi neither want muslims nor pakistanis to live in a harmony,no no ...... hindu na kah mujhe ........islam bura maan jayega .......kaafir kah kaafir...,"huh wut you say u imbecile, i shat on you...toh toh toh kaafir",haa bharwe saali teri gaand mar do,1,religious_hate_batch_003.csv
class2_batch001_sample010182,1,10182,2,Religious Hate,211182,215182,v3_original_demo_boundary_prompt,4-shot random authentic same-class,Shortlisted authentic RUHSOLD Religious Hate examples,118,"path of cruelty , path of violence, path of halala , path of tripe talaq, path of marrying 6 years old aisha,path to discipline their wives by beating them,path of hurun,path of apostasy,path of punishable apostasy, path of beheading. what a pissful religion izlam is ðÿ‘",ahmdi is a non muslim biggest cheap religion ahmdi.,haha jaat dikha di bsdk antankbadi halala ki aulaad teri ammi ka halala hua tha phir to randi ke bacheðÿ¤£ðÿ¤£ðÿ˜…,madarchod muslaman ki kaum madarchod saalo ka imaan nahi hai bheno ko chod te hai bhen ke lode harmazaade uskiye apni  maa ki chut bhi chodta hoga aur chuswata hoga logo se saare musalamaan raand ki olad islam ki maa ki chut,mazaak kyu kr raha ha ye halala ki paidaish,1,religious_hate_batch_001.csv
class2_batch005_sample010881,5,10881,2,Religious Hate,211881,215881,v3_original_demo_boundary_prompt,4-shot random authentic same-class,Shortlisted authentic RUHSOLD Religious Hate examples,118,tum log yahoodi ho kisi ko shuck nahi hona chaheye bus kafi hogae musalmanon ko aur dhoka na dou👹,plz sir hamy in say koi khtra nahi hamy is imran khan yahodi our kadiyanion say bachny pay gor karen pak army tayri azmat ko salam,that's for foolish act and the ahmedi you highlighted they were equal to jews for us so alhmdurallah we save quran ! . and about hindus and christians its was a false news !  and if it is real then show me !  if you don't have anything then shut up and run !,that nigga was yahoodi he probably lied to all the employees,ye tu charsi ki naslain hai yar 😂,1,religious_hate_batch_005.csv
class2_batch001_sample010170,1,10170,2,Religious Hate,211170,215170,v3_original_demo_boundary_prompt,4-shot random authentic same-class,Shortlisted authentic RUHSOLD Religious Hate examples,118,or mujhe un ladkiyo se utni hi nafrat hai jo mullo se shadi karti hai jitni kisi normal hindu ko😡 or mujhe hindu ladko se bhi itni hi nafrat hai jo muslim ladkiyo se shadi karte hai... dharam me koi milawat mujhe pasand nahi,kutto ki tarah america maar raha hai tumhari kaum ko...aasmani kitab walo...israel roj filistin may maa chod raha hai tumhari.... pahle unse nipto....dare hue log😂😂,oy ahmdi kuty. tum log smjhty ho k is trah kr k hm awam ko pagl bnao gy?? beta bajwa ne tere jeso ko nanga nachana he sbr kr. kahi ni ja rha hmara army chief. tum logo ne agly 3 sal me ye duniya hi chor jani bajwa k dar se. ye army chief nahi pakistan ka muhafiz he.,wehshi darandy easai yahodi hindo islam amanka ka mazhab,"apni maa ke baad kutte, tu aurat march ke liye rakh lia tha",1,religious_hate_batch_001.csv
class2_batch002_sample010292,2,10292,2,Religious Hate,211292,215292,v3_original_demo_boundary_prompt,4-shot random authentic same-class,Shortlisted authentic RUHSOLD Religious Hate examples,118,chal na randi ! we have spiritual connection with supreme leader imam khamnae !  we have our hearts and souls for holy cities of najaf and karbala !  dont give a fck to wahabi chutiyas,ahmedi mirziee qadiyani hargiz kuleedi uhdu pe nhee janay chahien warna hmari agencies pe swalia nishan hey,hey are fighting amongst each other. #bajwa is compromise candidate. thats only reason why he a ahmadiya is a coas.,imran qadyani yahoodi agent hy pti ki 18 bank account hy jis may qadyani yahoodi hondo ny funding ki hy . gold smith jimaima aneel musrst . atif miaan sub qadyani yahoodi hy,bajwa yahodi qadyani agent,1,religious_hate_batch_002.csv
class2_batch009_sample011742,9,11742,2,Religious Hate,212742,216742,v3_original_demo_boundary_prompt,4-shot random authentic same-class,Shortlisted authentic RUHSOLD Religious Hate examples,118,"abbey halala ki paidaish, 5 baap ki aulaad. patthar baazi ke alawa kuchh kaam kara kabhi teri kaum ne ?","not surprised comment came from ahmedi. tbh, i won't be surprised when some christians will argue that they r included in muslim category too. just bcoz they believe there is only one god.",please all muslims come one page and unite  insha allah   yahoodi isreal finished all,kabi bi nai jo sakta ya shia log pora ka pora yahodi hn,ye yahodi ho,2,religious_hate_batch_009.csv
class2_batch010_sample011892,10,11892,2,Religious Hate,212892,216892,v3_original_demo_boundary_prompt,4-shot random authentic same-class,Shortlisted authentic RUHSOLD Religious Hate examples,118,lant hy teri aagli pecchli tweet pe or tum pe or qadyanion pe or kuch ?,kisi randi maa ki olad ap ki hindu aurtain jab pooja karti hn tab wo bagwan ka lund mounh me b leti hn?,please sell up you yahoodi bastards,that nigga was yahoodi he probably lied to all the employees,abe saaley muslim kuttay...,2,religious_hate_batch_010.csv
class2_batch002_sample010300,2,10300,2,Religious Hate,211300,215300,v3_original_demo_boundary_prompt,4-shot random authentic same-class,Shortlisted authentic RUHSOLD Religious Hate examples,118,"ye manhoos hinduon ki diwali k chakkar mai har jaga ki aur quality kharab hogai, bharwe","rt : q. woh kaun si qome he,jis ne such bhi bola phr bhi jahnum mein jayegi? ans: yahoodi or nasara qome. shahid sindh",jisko bhi hindu ki chudai par shak hai to ek baar mujh se chudwa kar dekho sab bhram dur ho jayega,ahmdi is a non muslim biggest cheap religion ahmdi.,oye tera ghar pe aa ke naikha karo bhenchod,1,religious_hate_batch_002.csv
class2_batch009_sample011781,9,11781,2,Religious Hate,212781,216781,v3_original_demo_boundary_prompt,4-shot random authentic same-class,Shortlisted authentic RUHSOLD Religious Hate examples,118,abe jaana mullle sale bhikari !! halala k maje krwa apni maa ko,aye yahudiyo jitna zulm karna hai kar lo in sha allah woh din bhi zaroor aayega ke tumhe chun chun ke maara jayega yahan tak ke tum darakht ya pattharoñ ke piche chhup jaoge to bejan chizen bhi kahengi yahan yahoodi chhupa hai.hadees ka farman hai ho kar rahega #israeliterrorism,sunni killing a shia....what's new?  thank god he wasn't a ahmedi muslim otherwise the motive would have been to acquire a passport to migrate to western countries and continue their islamic jihadi work after retirement,phir in yahodi khanzeer logo ko pata chalaiga kai kia ta aur kia nahen ye sirf dajjal kai liye aisa kar rahai hain kyunkai ye yahodi log khazeer log dajjal ko apna leader samjhtai hain aur tumhara pura bollywood bollyminati ban chuka hain tumharai dimagh ko programming ki ja rah,qandeel baloch ky sath pti ki govt ne mulla mulla mufti say nangi ker diya thi . ye mulk mein 90% women rape hoti hai 70% rape cases nahi garam kar,2,religious_hate_batch_009.csv
class2_batch006_sample011027,6,11027,2,Religious Hate,212027,216027,v3_original_demo_boundary_prompt,4-shot random authentic same-class,Shortlisted authentic RUHSOLD Religious Hate examples,118,yahoodi kabhi hamara dost nhi ho sakta,jahil k bachy kahan likha h k gair mazhb sy nikaah jaiz ha... tmari gand me jo keera ha wo nhi merna... khoty khany waly... yahoodi kahan sy hogaey ahle kitaab ....tm.b yahoodi to nhi,sirf momin aya to yahoodi kum nasal marny laggaye agr sawa crore momin agaye to sochen kya hoga?hamen jagna hoga,"abbey halala ki paidaish, 5 baap ki aulaad. patthar baazi ke alawa kuchh kaam kara kabhi teri kaum ne ?",acha chutiye ab apni ammi ko chodne phely ga na,2,religious_hate_batch_006.csv
class2_batch008_sample011574,8,11574,2,Religious Hate,212574,216574,v3_original_demo_boundary_prompt,4-shot random authentic same-class,Shortlisted authentic RUHSOLD Religious Hate examples,118,please don't share his obnoxious face to me. below is the image of the book rohani khzain from ahmedi's official website see what your evil messiah has declared god but you had said you have read the books of mirza and accepted him mehdi may god give you hidyath,wise halala ki paidaish tumse yhi ummid ki ja sakti hai madarsa chhhap suarðÿ˜‚ðÿ¤£ðÿ¤£ðÿ¤£ðÿ¤£,"insaniyat ko bache rahne do, jis mazhab me janwar ka gala ret ke khushi banti hai, jis mazhab me soorma logo ko 72 virgin ladkiya baati jaati, jo duniya pe kabze ke sapne dekhta ho us mazhab se duuri banane me hi insaniyat ki bhalayi hai.",jaa bhen k lory tum harrami ki nasal ho.. dewband maslak pe kutty ki tareh bhoonkty ho..,yahan apni maa behno k liye nikalte hue yaad karke beth k sote ga,2,religious_hate_batch_008.csv
class2_batch004_sample010771,4,10771,2,Religious Hate,211771,215771,v3_original_demo_boundary_prompt,4-shot random authentic same-class,Shortlisted authentic RUHSOLD Religious Hate examples,118,abe halala ki paidaish..  tumhara to wajood hi 800 years purana hai..  jab bhagwan ram ko kagaj dikhane ki jarurat par gayi to tum kaun ho.. kagaj to dikhana hi parega.. #nrc_caa_npr,"gau mutr peeyo tum log lodu awkat bna phir aake muh lag, randwa saala","rt : q. woh kaun si qome he,jis ne such bhi bola phr bhi jahnum mein jayegi? ans: yahoodi or nasara qome. shahid sindh",chutiya azam ny kia kia ha ab tk sawa saal mein sirf 11600 arab ka izfa qarzoun mein kia or kuch nhi badlo apni soch ko yahodi na bano or ek muslim ki tarh socho,tu bhenchod yahan sey nikalo gandi khandani,1,religious_hate_batch_004.csv
class2_batch010_sample011833,10,11833,2,Religious Hate,212833,216833,v3_original_demo_boundary_prompt,4-shot random authentic same-class,Shortlisted authentic RUHSOLD Religious Hate examples,118,chal fosdi ke mohammad kabile wale ki halala ki aulad,kadiyani kafir thay hain aur hamesha harain gay. ye dajjali fitnay ki ek kari hain. aur inkay supporters hum main bhe jo chupay howay hain wo bhe khanzeer kafir he hain. lannat beshomar kadiyanio pr.,apne profile mein whats app me fb twitter mein is bahadur nojawaan ki pic lga kr islam se or nabi ke din se mhbt ka izhaar kren or itna share kren ek yahoodi apne na pak iradoon se baaz ajaye is shakhs ne quraan pak ki hifazahat mein ek bhtareen mhbt ka jita jagta sabot dia hai,"huh wut you say u imbecile, i shat on you...toh toh toh kaafir",aise log hi tujhe koi kashmir ko nahi dekh raha....aur aise log khud toh kashmir ka muqam ha...tumko kya lena hai?,2,religious_hate_batch_010.csv
class2_batch008_sample011421,8,11421,2,Religious Hate,212421,216421,v3_original_demo_boundary_prompt,4-shot random authentic same-class,Shortlisted authentic RUHSOLD Religious Hate examples,118,please sell up you yahoodi bastards,aor hamary hkmran in k sath mily huy en ....yahudi aor hindun hmary sb sy bry dushman en,kabi bi nai jo sakta ya shia log pora ka pora yahodi hn,shia kaafir hai aur hum naam k musalmaan.,tu phat jayega gandu imran chore zakat khore yahodi agent,2,religious_hate_batch_008.csv
class2_batch006_sample011089,6,11089,2,Religious Hate,212089,216089,v3_original_demo_boundary_prompt,4-shot random authentic same-class,Shortlisted authentic RUHSOLD Religious Hate examples,118,"waise madarso mein bahut achhi taaleem di jaati hai tum jihadi hijdo ko, asar dikh rha hai yahan, khud toh khud ki bhen chodte hi ho aur dusro ko bhi bhenchod samajhte ho.",kisi randi maa ki olad ap ki hindu aurtain jab pooja karti hn tab wo bagwan ka lund mounh me b leti hn?,sale halala molvi se tum karvao apni oorto ka or apni ma bahan ka bol heme rhe ho molvi kamre m apni bahan ko bej kar sina choda hota hoga tumhara,abe mc mein bheju teri maa cow ka photo kat te hue bc. chod teri tarah andhbhakt nhi hu aur nhi illiterate.. go and drink cow piss.,rt :   mera jism meri marzi tujhe tere gand pe gaand mein dalne de..tum sab bharwe,2,religious_hate_batch_006.csv
class2_batch005_sample010818,5,10818,2,Religious Hate,211818,215818,v3_original_demo_boundary_prompt,4-shot random authentic same-class,Shortlisted authentic RUHSOLD Religious Hate examples,118,yes they are involved in bomb blast... halala and bakrigiri,tumri ma buhat hanzir hy jis ne tum jaise  yahodi kafir rhandi hanzir aurat ko paida kiya,yahodi agent qadyani chamcha,ahmedi mirziee qadiyani hargiz kuleedi uhdu pe nhee janay chahien warna hmari agencies pe swalia nishan hey,ye apni maa ka yaar hai jo gaddar ho,1,religious_hate_batch_005.csv
class2_batch003_sample010422,3,10422,2,Religious Hate,211422,215422,v3_original_demo_boundary_prompt,4-shot random authentic same-class,Shortlisted authentic RUHSOLD Religious Hate examples,118,lant hy teri aagli pecchli tweet pe or tum pe or qadyanion pe or kuch ?,chal fosdi ke mohammad kabile wale ki halala ki aulad,wehshi darandy easai yahodi hindo islam amanka ka mazhab,or mujhe un ladkiyo se utni hi nafrat hai jo mullo se shadi karti hai jitni kisi normal hindu ko😡 or mujhe hindu ladko se bhi itni hi nafrat hai jo muslim ladkiyo se shadi karte hai... dharam me koi milawat mujhe pasand nahi,apne maa baap se pooch le yaar teri galti kya thi,1,religious_hate_batch_003.csv
class2_batch002_sample010371,2,10371,2,Religious Hate,211371,215371,v3_original_demo_boundary_prompt,4-shot random authentic same-class,Shortlisted authentic RUHSOLD Religious Hate examples,118,apne profile mein whats app me fb twitter mein is bahadur nojawaan ki pic lga kr islam se or nabi ke din se mhbt ka izhaar kren or itna share kren ek yahoodi apne na pak iradoon se baaz ajaye is shakhs ne quraan pak ki hifazahat mein ek bhtareen mhbt ka jita jagta sabot dia hai,tumhri maa kk chodu sale apni maa ko chod ke paida hone wale randi ki aulad sale apni behan ko biwi bana ke rkhne wale muhammad ki nazayaj aulad,aye yahudiyo jitna zulm karna hai kar lo in sha allah woh din bhi zaroor aayega ke tumhe chun chun ke maara jayega yahan tak ke tum darakht ya pattharoñ ke piche chhup jaoge to bejan chizen bhi kahengi yahan yahoodi chhupa hai.hadees ka farman hai ho kar rahega #israeliterrorism,oy ahmdi kuty. tum log smjhty ho k is trah kr k hm awam ko pagl bnao gy?? beta bajwa ne tere jeso ko nanga nachana he sbr kr. kahi ni ja rha hmara army chief. tum logo ne agly 3 sal me ye duniya hi chor jani bajwa k dar se. ye army chief nahi pakistan ka muhafiz he.,abey chutiye tujhe bhi pata hai ki israel mai bina kuch kuch bachaya hai?,1,religious_hate_batch_002.csv
class2_batch008_sample011427,8,11427,2,Religious Hate,212427,216427,v3_original_demo_boundary_prompt,4-shot random authentic same-class,Shortlisted authentic RUHSOLD Religious Hate examples,118,another endian hijra coward hindu terrorist army soldier dispatched to shamshangarh by pakistan army i want more endian hindu terrorist dead so keep it up pakistan,#stopisraeliterror   yahoodi mulk jisey israel ka naam diya gaya najaiz hai yahoodi sabse bada dahshatgard,tumhri maa kk chodu sale apni maa ko chod ke paida hone wale randi ki aulad sale apni behan ko biwi bana ke rkhne wale muhammad ki nazayaj aulad,sale halala molvi se tum karvao apni oorto ka or apni ma bahan ka bol heme rhe ho molvi kamre m apni bahan ko bej kar sina choda hota hoga tumhara,tera baap jo jab kisi ne apna haq ni dekha tha wo us waqt haramzadi teri ammi k liye dusron k samne bola tha ye apni beti ko bhi kuch nahin krte,2,religious_hate_batch_008.csv
class2_batch003_sample010599,3,10599,2,Religious Hate,211599,215599,v3_original_demo_boundary_prompt,4-shot random authentic same-class,Shortlisted authentic RUHSOLD Religious Hate examples,118,yahoodi kabhi hamara dost nhi ho sakta,meri tarbiyat yehi hai k jo amreca ko apna baap manta hai na wo muslman hai or na us s koi hanra taloq hai tum nasl e yazeedi ho masl e yahodi or yahoodio ki olad ho,haha jaat dikha di bsdk antankbadi halala ki aulaad teri ammi ka halala hua tha phir to randi ke bacheðÿ¤£ðÿ¤£ðÿ˜…,israel yahoodi sabse bade atankwaadi hai,tere paisay nhi likhegi na tujhe,1,religious_hate_batch_003.csv
class2_batch006_sample011009,6,11009,2,Religious Hate,212009,216009,v3_original_demo_boundary_prompt,4-shot random authentic same-class,Shortlisted authentic RUHSOLD Religious Hate examples,118,"obviously we muslims hate ahmedi's . 😡 we don't care whatever happens to them ! we just hate them. if their is oppression over other minorities in pakistan which is not usual alhamdolillah, then i condemn that.","bilkul,itny lecture milny hain jese christmas or new year pe milty hain ,kya apko pata bhi hai k kaafir janwaro k haqq main dua bhi nahi krni chahye","tum vahi karo jo aata hai ,namaz or bakri chudai",ye insan ik chaaal haaa dostoo .........zra smj k chliye gaa...sb jaanty hn qadyaani kaafir hn ......ye sb k sentiments gain kr rhaa haa......bad me ye apna chehra dikhiye gaaa fasad kii shkal me.....in chaaalo sy hosyar rhy baseerat paida kry sb apny andr.. shukria...,wo tu bhi teri maa ko mar diya karti thi yaar....qadyaani ki saali h,2,religious_hate_batch_006.csv
class2_batch010_sample011846,10,11846,2,Religious Hate,212846,216846,v3_original_demo_boundary_prompt,4-shot random authentic same-class,Shortlisted authentic RUHSOLD Religious Hate examples,118,"abbey halala ki paidaish, 5 baap ki aulaad. patthar baazi ke alawa kuchh kaam kara kabhi teri kaum ne ?",lul bukhari ye tum nahe tumaray yahoodi or hindu thuku bol rahay hain jin ko army sey bahot hi zeda takleef hai...🖕,kaafir tujhe kuch nai malum,well said.lanati hain ye qadyani kafir,lanat hai apni maa ka bacha tu jaisa dard nahi hota jo ghar mein koi shakht ho,2,religious_hate_batch_010.csv
class2_batch004_sample010628,4,10628,2,Religious Hate,211628,215628,v3_original_demo_boundary_prompt,4-shot random authentic same-class,Shortlisted authentic RUHSOLD Religious Hate examples,118,tmri taraj animals ki potty n khate... tm jaake  bomb fodo jaake.......halala ke masala.  niklo.. yaha tm atankiyo k liy jagah ni h bhai. yaha atank n failaooo,wise halala ki paidaish tumse yhi ummid ki ja sakti hai madarsa chhhap suarðÿ˜‚ðÿ¤£ðÿ¤£ðÿ¤£ðÿ¤£,q teri bhen ko chuda hy dewbandion ny ..harami ki nasal,but we have a firm belief now that qadiyani and ahmedi neither want muslims nor pakistanis to live in a harmony,ye jin logon ne ghar walo ka shukr karwaya tha ye halala ki tatti hain,1,religious_hate_batch_004.csv
class2_batch001_sample010175,1,10175,2,Religious Hate,211175,215175,v3_original_demo_boundary_prompt,4-shot random authentic same-class,Shortlisted authentic RUHSOLD Religious Hate examples,118,tumri ma buhat hanzir hy jis ne tum jaise  yahodi kafir rhandi hanzir aurat ko paida kiya,wise halala ki paidaish tumse yhi ummid ki ja sakti hai madarsa chhhap suarðÿ˜‚ðÿ¤£ðÿ¤£ðÿ¤£ðÿ¤£,iran shia mulk ha or ye munafik log han,kadiyani kafir thay hain aur hamesha harain gay. ye dajjali fitnay ki ek kari hain. aur inkay supporters hum main bhe jo chupay howay hain wo bhe khanzeer kafir he hain. lannat beshomar kadiyanio pr.,tum sab harami ho,1,religious_hate_batch_001.csv
class2_batch003_sample010543,3,10543,2,Religious Hate,211543,215543,v3_original_demo_boundary_prompt,4-shot random authentic same-class,Shortlisted authentic RUHSOLD Religious Hate examples,118,qadiani ahmedi mirziee kaafir jo hen,yahodi agent qadyani chamcha,pehle america jaiga ue begairaat musliman kehlwane kai laiq nh pehle he logh kehty h eske bary me ye yahoodi hai,"m firqa wariyat m nahi parhna chahta, muslims mjo ahktlaf hen wo apni jaga , lekin pichly 200 saal sy muslim is liye mar kha rhy hen k sunni shia wahabi dayobandi bla bla ,,yahodi or nasara ny na koi sunni mulk chora ha na koi shia,  wo bs yehi dekhtay ye muslman ha ..bs maro isk",imran khan islami nazarain m hi zaroor khatm ho gaye,1,religious_hate_batch_003.csv
class2_batch004_sample010707,4,10707,2,Religious Hate,211707,215707,v3_original_demo_boundary_prompt,4-shot random authentic same-class,Shortlisted authentic RUHSOLD Religious Hate examples,118,tm jeso ki jb g**nd mari jaye na fir tm log thek rehty ho bc k bachy jb wo yahoodi lanti marty hn na wo muslim dekhty hn air kuch ni dekhty baki tm na toh apni pesh krni hoti ha unhy.,but we have a firm belief now that qadiyani and ahmedi neither want muslims nor pakistanis to live in a harmony,madarchod muslaman ki kaum madarchod saalo ka imaan nahi hai bheno ko chod te hai bhen ke lode harmazaade uskiye apni  maa ki chut bhi chodta hoga aur chuswata hoga logo se saare musalamaan raand ki olad islam ki maa ki chut,"bilkul,itny lecture milny hain jese christmas or new year pe milty hain ,kya apko pata bhi hai k kaafir janwaro k haqq main dua bhi nahi krni chahye",tm sab jesay ho tumhein allah nabi (pbuh) ne islam ka fikr mohabbat ka karwa diya tha humein,1,religious_hate_batch_004.csv
class2_batch004_sample010607,4,10607,2,Religious Hate,211607,215607,v3_original_demo_boundary_prompt,4-shot random authentic same-class,Shortlisted authentic RUHSOLD Religious Hate examples,118,"insaniyat ko bache rahne do, jis mazhab me janwar ka gala ret ke khushi banti hai, jis mazhab me soorma logo ko 72 virgin ladkiya baati jaati, jo duniya pe kabze ke sapne dekhta ho us mazhab se duuri banane me hi insaniyat ki bhalayi hai.",iran shia mulk ha or ye munafik log han,please sell up you yahoodi bastards,madarchod muslaman ki kaum madarchod saalo ka imaan nahi hai bheno ko chod te hai bhen ke lode harmazaade uskiye apni  maa ki chut bhi chodta hoga aur chuswata hoga logo se saare musalamaan raand ki olad islam ki maa ki chut,randi k bachay tere jaise abba ne tu haramkhor ki tarah bana diya,1,religious_hate_batch_004.csv
class2_batch007_sample011387,7,11387,2,Religious Hate,212387,216387,v3_original_demo_boundary_prompt,4-shot random authentic same-class,Shortlisted authentic RUHSOLD Religious Hate examples,118,lant hy teri aagli pecchli tweet pe or tum pe or qadyanion pe or kuch ?,"ye manhoos hinduon ki diwali k chakkar mai har jaga ki aur quality kharab hogai, bharwe",wehshi darandy easai yahodi hindo islam amanka ka mazhab,"rt : q. woh kaun si qome he,jis ne such bhi bola phr bhi jahnum mein jayegi? ans: yahoodi or nasara qome. shahid sindh","laanat ho tu, koi tareeqa nahi",2,religious_hate_batch_007.csv
class2_batch002_sample010334,2,10334,2,Religious Hate,211334,215334,v3_original_demo_boundary_prompt,4-shot random authentic same-class,Shortlisted authentic RUHSOLD Religious Hate examples,118,q teri bhen ko chuda hy dewbandion ny ..harami ki nasal,ahmdi is a non muslim biggest cheap religion ahmdi.,or mujhe un ladkiyo se utni hi nafrat hai jo mullo se shadi karti hai jitni kisi normal hindu ko😡 or mujhe hindu ladko se bhi itni hi nafrat hai jo muslim ladkiyo se shadi karte hai... dharam me koi milawat mujhe pasand nahi,kafir yahodi kafir hindo same thinking,abe randi ka bacha,1,religious_hate_batch_002.csv
class2_batch005_sample010834,5,10834,2,Religious Hate,211834,215834,v3_original_demo_boundary_prompt,4-shot random authentic same-class,Shortlisted authentic RUHSOLD Religious Hate examples,118,get lost you kaafir.,"how did an ahmadiya get to the top in the army of sunnis, in the first place?",bus ya aur tafseel bataao  ahmdi aurtain beach pe bikini b pehnti hain  jalse aur ijlaas pe burqa b boht hai 🤫,aor hamary hkmran in k sath mily huy en ....yahudi aor hindun hmary sb sy bry dushman en,gandu qadiyani,1,religious_hate_batch_005.csv
class2_batch007_sample011268,7,11268,2,Religious Hate,212268,216268,v3_original_demo_boundary_prompt,4-shot random authentic same-class,Shortlisted authentic RUHSOLD Religious Hate examples,118,ahmdi is a non muslim biggest cheap religion ahmdi.,quaid azam was right ky hindu muslim kabhi sth nhi rhy sgty aaj hindu apni hasli shakl dekha rhy hn. agar kisi muslim ny aisa kia hota to india media ki maa mar gi hoti pr ab nhi boly gy. aagy ka ky yehi bol dn gy ky mentally disturb tha or case khtm .#jamia,hindu sirf gooli ki zuban smjta ha,"afghanio ne tme hindu se bachaya,randi k aulaad tareekh paro tm wo ganda khoon ho,jo siko aour hindu ki rape se paida woe ho,tme kalima tho sikaya afghano ne,magar tmari gandi dna wai ranjeet sing wali a,randi k aulaad tm ne kah pana di,am pashtono ne di,apnay bio ko hera mandi",hamid mir ko chutiya bolny sy pehle tumhein kuch pocha jata ha,2,religious_hate_batch_007.csv
class2_batch009_sample011656,9,11656,2,Religious Hate,212656,216656,v3_original_demo_boundary_prompt,4-shot random authentic same-class,Shortlisted authentic RUHSOLD Religious Hate examples,118,"waise madarso mein bahut achhi taaleem di jaati hai tum jihadi hijdo ko, asar dikh rha hai yahan, khud toh khud ki bhen chodte hi ho aur dusro ko bhi bhenchod samajhte ho.",chutiya azam ny kia kia ha ab tk sawa saal mein sirf 11600 arab ka izfa qarzoun mein kia or kuch nhi badlo apni soch ko yahodi na bano or ek muslim ki tarh socho,get lost you kaafir.,that nigga was yahoodi he probably lied to all the employees,ye pakistan mai gaddari kar raha hai.,2,religious_hate_batch_009.csv
class2_batch008_sample011591,8,11591,2,Religious Hate,212591,216591,v3_original_demo_boundary_prompt,4-shot random authentic same-class,Shortlisted authentic RUHSOLD Religious Hate examples,118,"hogai izzat? mera jism meri marzi jc ghaleez or ghatiya terminologies hamare muslim muashrey me dene ki koshish me aapki so-called,vahiyat or ikhlaq se giri support ko khud ne hi reject kardiya.  apne yahoodi gods ko khush krne k liey kuch or karien",madarchod muslaman ki kaum madarchod saalo ka imaan nahi hai bheno ko chod te hai bhen ke lode harmazaade uskiye apni  maa ki chut bhi chodta hoga aur chuswata hoga logo se saare musalamaan raand ki olad islam ki maa ki chut,that nigga was yahoodi he probably lied to all the employees,"waise madarso mein bahut achhi taaleem di jaati hai tum jihadi hijdo ko, asar dikh rha hai yahan, khud toh khud ki bhen chodte hi ho aur dusro ko bhi bhenchod samajhte ho.",sarkari aise logon ki taraf dekh rhey hain jinko ab koi fikr nahi,2,religious_hate_batch_008.csv
class2_batch009_sample011653,9,11653,2,Religious Hate,212653,216653,v3_original_demo_boundary_prompt,4-shot random authentic same-class,Shortlisted authentic RUHSOLD Religious Hate examples,118,"bilkul,itny lecture milny hain jese christmas or new year pe milty hain ,kya apko pata bhi hai k kaafir janwaro k haqq main dua bhi nahi krni chahye",tmri taraj animals ki potty n khate... tm jaake  bomb fodo jaake.......halala ke masala.  niklo.. yaha tm atankiyo k liy jagah ni h bhai. yaha atank n failaooo,bosdk yeh tumhare ghar me hota hai. saari k blouse me mote mote doodh dikhati firti hain tumhare dharam ki orate or hindu orat ko musalman ka l#nd aachaa lagta hai. yeh baat puri dunia janti hai,plz sir hamy in say koi khtra nahi hamy is imran khan yahodi our kadiyanion say bachny pay gor karen pak army tayri azmat ko salam,rt : plzzz plzzz yar allah ney jo quran pak ko diya tha woh kahan gay?,2,religious_hate_batch_009.csv
class2_batch004_sample010720,4,10720,2,Religious Hate,211720,215720,v3_original_demo_boundary_prompt,4-shot random authentic same-class,Shortlisted authentic RUHSOLD Religious Hate examples,118,pehle america jaiga ue begairaat musliman kehlwane kai laiq nh pehle he logh kehty h eske bary me ye yahoodi hai,"how did an ahmadiya get to the top in the army of sunnis, in the first place?",lanat abbtknews k khilaf trend bnane walye yazeedion pe r bibi k dushmano p bhi,lul bukhari ye tum nahe tumaray yahoodi or hindu thuku bol rahay hain jin ko army sey bahot hi zeda takleef hai...🖕,bhen chod islam ka qaid shabash hai jo humara yahoodi khan imran niazi k saath hai......🐷,1,religious_hate_batch_004.csv
class2_batch003_sample010548,3,10548,2,Religious Hate,211548,215548,v3_original_demo_boundary_prompt,4-shot random authentic same-class,Shortlisted authentic RUHSOLD Religious Hate examples,118,haha jaat dikha di bsdk antankbadi halala ki aulaad teri ammi ka halala hua tha phir to randi ke bacheðÿ¤£ðÿ¤£ðÿ˜…,please sell up you yahoodi bastards,tm jeso ki jb g**nd mari jaye na fir tm log thek rehty ho bc k bachy jb wo yahoodi lanti marty hn na wo muslim dekhty hn air kuch ni dekhty baki tm na toh apni pesh krni hoti ha unhy.,"pta nhi kon si uni se graduate hote ho aap log jnha aesi wahiyat education di jati hðÿ˜‚ðÿ˜‚ðÿ˜‚ halala, gazwa-e-hind, camel urine or pta nhi kya kyaðÿ˜‚ðÿ˜‚ðÿ˜‚ðÿ¤£ðÿ¤£ðÿ¤£ðÿ¤£ðÿ‘ðÿ»",tu tmari behn ko chod raha tha jo hijra hai,1,religious_hate_batch_003.csv
class2_batch001_sample010198,1,10198,2,Religious Hate,211198,215198,v3_original_demo_boundary_prompt,4-shot random authentic same-class,Shortlisted authentic RUHSOLD Religious Hate examples,118,kadiyani kafir thay hain aur hamesha harain gay. ye dajjali fitnay ki ek kari hain. aur inkay supporters hum main bhe jo chupay howay hain wo bhe khanzeer kafir he hain. lannat beshomar kadiyanio pr.,benchod randi  islam,tm jeso ki jb g**nd mari jaye na fir tm log thek rehty ho bc k bachy jb wo yahoodi lanti marty hn na wo muslim dekhty hn air kuch ni dekhty baki tm na toh apni pesh krni hoti ha unhy.,tw kaafir tera peo kaafir tera pura khandaan kaafir ooo churry trump🐱🐱,abey kashmir frosh tu kisi qadyani ka bhai nahin hai?,1,religious_hate_batch_001.csv
class2_batch001_sample010015,1,10015,2,Religious Hate,211015,215015,v3_original_demo_boundary_prompt,4-shot random authentic same-class,Shortlisted authentic RUHSOLD Religious Hate examples,118,please don't share his obnoxious face to me. below is the image of the book rohani khzain from ahmedi's official website see what your evil messiah has declared god but you had said you have read the books of mirza and accepted him mehdi may god give you hidyath,"afghanio ne tme hindu se bachaya,randi k aulaad tareekh paro tm wo ganda khoon ho,jo siko aour hindu ki rape se paida woe ho,tme kalima tho sikaya afghano ne,magar tmari gandi dna wai ranjeet sing wali a,randi k aulaad tm ne kah pana di,am pashtono ne di,apnay bio ko hera mandi",hindoo wo qom ha jinper koi nabi koi kitaab nazil nahi hoi. ye to yahoodi se bhi bad tar hen,poocho hamarai imam sai kai quran mein kaha likha huwa hain aisai ye sirf yahodi khanzeer logo ki chaal hainmuslims ko badnaam karkai liye  zara socho na tumharai hinduism ko badnaam kyun nahen kartai islam kai peechai kyun parai huwai hain zara dimagh ko khol kai socho,ye kya mazhab hai jo apni maa behno ka yar ko chod raha hy,1,religious_hate_batch_001.csv
class2_batch002_sample010265,2,10265,2,Religious Hate,211265,215265,v3_original_demo_boundary_prompt,4-shot random authentic same-class,Shortlisted authentic RUHSOLD Religious Hate examples,118,ahmdi is a non muslim biggest cheap religion ahmdi.,"rt : q. woh kaun si qome he,jis ne such bhi bola phr bhi jahnum mein jayegi? ans: yahoodi or nasara qome. shahid sindh",dekh le madarch*d islam ka nanga naach..babri par fate hue bawaseer ki tarah bhaunk raha tha na..us par bhi ab apne manhoos muh se kuch hag de..blood cousins ke incest ki paidaish,israel yahoodi sabse bade atankwaadi hai,chup kar ja tum logon ko bhenchod,1,religious_hate_batch_002.csv
class2_batch008_sample011489,8,11489,2,Religious Hate,212489,216489,v3_original_demo_boundary_prompt,4-shot random authentic same-class,Shortlisted authentic RUHSOLD Religious Hate examples,118,wehshi darandy easai yahodi hindo islam amanka ka mazhab,meri tarbiyat yehi hai k jo amreca ko apna baap manta hai na wo muslman hai or na us s koi hanra taloq hai tum nasl e yazeedi ho masl e yahodi or yahoodio ki olad ho,or wahan tumhara jahanumi ahmedi jo naaowz billah nabi hona ka dawa dar tha wo wo case hara tha or court sa bhag gya tha.nabi pak p.b.u.h allah ka akhri nabi han or on ka bad koi nabi nahi ae ga.ya ak haqeqat ha jo quran ma bhi ha.or 1947 ma pak islam ka name par bana tha.,"abbey halala ki paidaish, 5 baap ki aulaad. patthar baazi ke alawa kuchh kaam kara kabhi teri kaum ne ?",😠😡😡😡anger 😂😂😂😂😂🤣🤣🤣🤣😂😂😂,2,religious_hate_batch_008.csv
class2_batch009_sample011676,9,11676,2,Religious Hate,212676,216676,v3_original_demo_boundary_prompt,4-shot random authentic same-class,Shortlisted authentic RUHSOLD Religious Hate examples,118,hey are fighting amongst each other. #bajwa is compromise candidate. thats only reason why he a ahmadiya is a coas.,kaafir tujhe kuch nai malum,please don't share his obnoxious face to me. below is the image of the book rohani khzain from ahmedi's official website see what your evil messiah has declared god but you had said you have read the books of mirza and accepted him mehdi may god give you hidyath,uff pakiza muslim randi 😉😍,yar bata do jisne apni gandi maa chod ke dikhaya hua tha wo mujra ko kar raha hy woh jo munafiqat hain,2,religious_hate_batch_009.csv
class2_batch006_sample011054,6,11054,2,Religious Hate,212054,216054,v3_original_demo_boundary_prompt,4-shot random authentic same-class,Shortlisted authentic RUHSOLD Religious Hate examples,118,chutiya azam ny kia kia ha ab tk sawa saal mein sirf 11600 arab ka izfa qarzoun mein kia or kuch nhi badlo apni soch ko yahodi na bano or ek muslim ki tarh socho,abe mc mein bheju teri maa cow ka photo kat te hue bc. chod teri tarah andhbhakt nhi hu aur nhi illiterate.. go and drink cow piss.,lant hy teri aagli pecchli tweet pe or tum pe or qadyanion pe or kuch ?,sale halala molvi se tum karvao apni oorto ka or apni ma bahan ka bol heme rhe ho molvi kamre m apni bahan ko bej kar sina choda hota hoga tumhara,randiyo ki nasal pakistan,2,religious_hate_batch_006.csv
class2_batch005_sample010857,5,10857,2,Religious Hate,211857,215857,v3_original_demo_boundary_prompt,4-shot random authentic same-class,Shortlisted authentic RUHSOLD Religious Hate examples,118,chhor bhen chod hrami hindu chhor esko😠😠😠,q teri bhen ko chuda hy dewbandion ny ..harami ki nasal,bus ya aur tafseel bataao  ahmdi aurtain beach pe bikini b pehnti hain  jalse aur ijlaas pe burqa b boht hai 🤫,"pta nhi kon si uni se graduate hote ho aap log jnha aesi wahiyat education di jati hðÿ˜‚ðÿ˜‚ðÿ˜‚ halala, gazwa-e-hind, camel urine or pta nhi kya kyaðÿ˜‚ðÿ˜‚ðÿ˜‚ðÿ¤£ðÿ¤£ðÿ¤£ðÿ¤£ðÿ‘ðÿ»",ye abhi tk galiyan nahi deta tu aesa mat kar..,1,religious_hate_batch_005.csv
class2_batch007_sample011361,7,11361,2,Religious Hate,212361,216361,v3_original_demo_boundary_prompt,4-shot random authentic same-class,Shortlisted authentic RUHSOLD Religious Hate examples,118,lanat abbtknews k khilaf trend bnane walye yazeedion pe r bibi k dushmano p bhi,poocho hamarai imam sai kai quran mein kaha likha huwa hain aisai ye sirf yahodi khanzeer logo ki chaal hainmuslims ko badnaam karkai liye  zara socho na tumharai hinduism ko badnaam kyun nahen kartai islam kai peechai kyun parai huwai hain zara dimagh ko khol kai socho,wow halala's product on fire as usual porkistaniðÿ˜‚ðÿ˜‚ðÿ˜‚,benchod randi  islam,lanati pakistan ki muslims aur kashmir frosh,2,religious_hate_batch_007.csv
class2_batch003_sample010582,3,10582,2,Religious Hate,211582,215582,v3_original_demo_boundary_prompt,4-shot random authentic same-class,Shortlisted authentic RUHSOLD Religious Hate examples,118,#stopisraeliterror   yahoodi mulk jisey israel ka naam diya gaya najaiz hai yahoodi sabse bada dahshatgard,halala ki padayish ho aap aur kya expect karenge hum aapse,ahmdi is a non muslim biggest cheap religion ahmdi.,ye bat tum yahoodi ko bolo atankwadi tum ho jo musalman se nafrat ki aag me insaniyat ke sabse bade dushman yahoodi ko support karte ho ye log to face to face mara hai unlog chote bache ka upar bom feka kisi aurat ya admi bacha ko goli mar diya wi bhi waha ke civilian hi hai,abe chutiye halala pehle soch le apne.,1,religious_hate_batch_003.csv
class2_batch005_sample010807,5,10807,2,Religious Hate,211807,215807,v3_original_demo_boundary_prompt,4-shot random authentic same-class,Shortlisted authentic RUHSOLD Religious Hate examples,118,chhor bhen chod hrami hindu chhor esko😠😠😠,tumri ma buhat hanzir hy jis ne tum jaise  yahodi kafir rhandi hanzir aurat ko paida kiya,poocho hamarai imam sai kai quran mein kaha likha huwa hain aisai ye sirf yahodi khanzeer logo ki chaal hainmuslims ko badnaam karkai liye  zara socho na tumharai hinduism ko badnaam kyun nahen kartai islam kai peechai kyun parai huwai hain zara dimagh ko khol kai socho,or wahan tumhara jahanumi ahmedi jo naaowz billah nabi hona ka dawa dar tha wo wo case hara tha or court sa bhag gya tha.nabi pak p.b.u.h allah ka akhri nabi han or on ka bad koi nabi nahi ae ga.ya ak haqeqat ha jo quran ma bhi ha.or 1947 ma pak islam ka name par bana tha.,apni ma baap ko follow kar ke ye sath hi rehny...,1,religious_hate_batch_005.csv
class2_batch007_sample011362,7,11362,2,Religious Hate,212362,216362,v3_original_demo_boundary_prompt,4-shot random authentic same-class,Shortlisted authentic RUHSOLD Religious Hate examples,118,"surprise!  surprise!  majority of the muslims are at just in different levels of ""usman khan"" ranging from mild to extreme (except ahmadiya may be, but they are not ""real muslims"")  that's from a person living in a country with 95% muslim    https://t.co/hq35u2xrrk,2009-05-25 17:25:26,sydney, new south wales",hindu dharm ka matlab samajh pehle puppet khali bhaunk aur bhaunk iam enjoying ur bark 😂😂😂😂,sunni killing a shia....what's new?  thank god he wasn't a ahmedi muslim otherwise the motive would have been to acquire a passport to migrate to western countries and continue their islamic jihadi work after retirement,lant hy teri aagli pecchli tweet pe or tum pe or qadyanion pe or kuch ?,tere baap hain hum sab ko ye harami,2,religious_hate_batch_007.csv
class2_batch005_sample010819,5,10819,2,Religious Hate,211819,215819,v3_original_demo_boundary_prompt,4-shot random authentic same-class,Shortlisted authentic RUHSOLD Religious Hate examples,118,jisko bhi hindu ki chudai par shak hai to ek baar mujh se chudwa kar dekho sab bhram dur ho jayega,tmri taraj animals ki potty n khate... tm jaake  bomb fodo jaake.......halala ke masala.  niklo.. yaha tm atankiyo k liy jagah ni h bhai. yaha atank n failaooo,get lost you kaafir.,"bilkul,itny lecture milny hain jese christmas or new year pe milty hain ,kya apko pata bhi hai k kaafir janwaro k haqq main dua bhi nahi krni chahye",lakh di lanat teri auqaat per.,1,religious_hate_batch_005.csv
class2_batch003_sample010465,3,10465,2,Religious Hate,211465,215465,v3_original_demo_boundary_prompt,4-shot random authentic same-class,Shortlisted authentic RUHSOLD Religious Hate examples,118,"hogai izzat? mera jism meri marzi jc ghaleez or ghatiya terminologies hamare muslim muashrey me dene ki koshish me aapki so-called,vahiyat or ikhlaq se giri support ko khud ne hi reject kardiya.  apne yahoodi gods ko khush krne k liey kuch or karien","m firqa wariyat m nahi parhna chahta, muslims mjo ahktlaf hen wo apni jaga , lekin pichly 200 saal sy muslim is liye mar kha rhy hen k sunni shia wahabi dayobandi bla bla ,,yahodi or nasara ny na koi sunni mulk chora ha na koi shia,  wo bs yehi dekhtay ye muslman ha ..bs maro isk",abe halala ki paidaish..  tumhara to wajood hi 800 years purana hai..  jab bhagwan ram ko kagaj dikhane ki jarurat par gayi to tum kaun ho.. kagaj to dikhana hi parega.. #nrc_caa_npr,jisko bhi hindu ki chudai par shak hai to ek baar mujh se chudwa kar dekho sab bhram dur ho jayega,qanoon ke bare ma baat nhi karte ho,1,religious_hate_batch_003.csv
class2_batch010_sample011821,10,11821,2,Religious Hate,212821,216821,v3_original_demo_boundary_prompt,4-shot random authentic same-class,Shortlisted authentic RUHSOLD Religious Hate examples,118,"gau mutr peeyo tum log lodu awkat bna phir aake muh lag, randwa saala",phir kehty hum bhot badry #muslim hn aur #ashaq_e_rasool sawm hain lanat hai un sab #haramio py jinho ny bibi fatima zahra ko shahheed kia aur #haq khaya 🖐🏻😡🐕 aur lanat un sab py jo un #haramio ky hamdard hain,sali muslims randi. jihadi sali,"hogai izzat? mera jism meri marzi jc ghaleez or ghatiya terminologies hamare muslim muashrey me dene ki koshish me aapki so-called,vahiyat or ikhlaq se giri support ko khud ne hi reject kardiya.  apne yahoodi gods ko khush krne k liey kuch or karien",chal beghairt tere baap ka naam nhi pata,2,religious_hate_batch_010.csv
class2_batch001_sample010199,1,10199,2,Religious Hate,211199,215199,v3_original_demo_boundary_prompt,4-shot random authentic same-class,Shortlisted authentic RUHSOLD Religious Hate examples,118,"m firqa wariyat m nahi parhna chahta, muslims mjo ahktlaf hen wo apni jaga , lekin pichly 200 saal sy muslim is liye mar kha rhy hen k sunni shia wahabi dayobandi bla bla ,,yahodi or nasara ny na koi sunni mulk chora ha na koi shia,  wo bs yehi dekhtay ye muslman ha ..bs maro isk",ye bat tum yahoodi ko bolo atankwadi tum ho jo musalman se nafrat ki aag me insaniyat ke sabse bade dushman yahoodi ko support karte ho ye log to face to face mara hai unlog chote bache ka upar bom feka kisi aurat ya admi bacha ko goli mar diya wi bhi waha ke civilian hi hai,ye lode teri maa or bahan ke shohar hai or jyada bolega to de denge teri maa or bahan ko hum denge talaq or fir halala wow kya baat hai mullo wow lund chuss lo ðÿ˜œðÿ˜œðÿ˜œðÿ˜œ,ho gaye hy aur han aj jo ye sekhon k liye kar raha hy ye whoi sekh hy jub pakistan azad howa tha aur muslmano ne jub india sa hijrat ki tub sub zada qatal muslim ko in sekhon ne kiya tha par afsos ap jesy log is yahodi e agent ko ek islami leader mante ho phir kasm khao k allah,nawaz sharif aur imran chore zakat khore yahodi agents hain,1,religious_hate_batch_001.csv
class2_batch005_sample010813,5,10813,2,Religious Hate,211813,215813,v3_original_demo_boundary_prompt,4-shot random authentic same-class,Shortlisted authentic RUHSOLD Religious Hate examples,118,teri maa ka halala kra rha tha koi problem madarjat bhosdike mulle,sali muslims randi. jihadi sali,chutiya azam ny kia kia ha ab tk sawa saal mein sirf 11600 arab ka izfa qarzoun mein kia or kuch nhi badlo apni soch ko yahodi na bano or ek muslim ki tarh socho,halala ki padayish ho aap aur kya expect karenge hum aapse,i am indian hindu i am against haramkhor imran chore zakat fraud and his family he is yahoodi agent and destroy pakistan economy,1,religious_hate_batch_005.csv
class2_batch009_sample011616,9,11616,2,Religious Hate,212616,216616,v3_original_demo_boundary_prompt,4-shot random authentic same-class,Shortlisted authentic RUHSOLD Religious Hate examples,118,"rt : q. woh kaun si qome he,jis ne such bhi bola phr bhi jahnum mein jayegi? ans: yahoodi or nasara qome. shahid sindh",benchod randi  islam,"bilkul,itny lecture milny hain jese christmas or new year pe milty hain ,kya apko pata bhi hai k kaafir janwaro k haqq main dua bhi nahi krni chahye",chhor bhen chod hrami hindu chhor esko😠😠😠,tum yahodi ho ya na koi bat,2,religious_hate_batch_009.csv
class2_batch009_sample011619,9,11619,2,Religious Hate,212619,216619,v3_original_demo_boundary_prompt,4-shot random authentic same-class,Shortlisted authentic RUHSOLD Religious Hate examples,118,phir in yahodi khanzeer logo ko pata chalaiga kai kia ta aur kia nahen ye sirf dajjal kai liye aisa kar rahai hain kyunkai ye yahodi log khazeer log dajjal ko apna leader samjhtai hain aur tumhara pura bollywood bollyminati ban chuka hain tumharai dimagh ko programming ki ja rah,"gau mutr peeyo tum log lodu awkat bna phir aake muh lag, randwa saala",abe mc mein bheju teri maa cow ka photo kat te hue bc. chod teri tarah andhbhakt nhi hu aur nhi illiterate.. go and drink cow piss.,sunni killing a shia....what's new?  thank god he wasn't a ahmedi muslim otherwise the motive would have been to acquire a passport to migrate to western countries and continue their islamic jihadi work after retirement,jab tak imran ne qandeel baloch ko marta hua usse baad nikla nahin usne 5000 kashmir frosh ko goli mar diya tha,2,religious_hate_batch_009.csv
class2_batch008_sample011541,8,11541,2,Religious Hate,212541,216541,v3_original_demo_boundary_prompt,4-shot random authentic same-class,Shortlisted authentic RUHSOLD Religious Hate examples,118,quaid azam was right ky hindu muslim kabhi sth nhi rhy sgty aaj hindu apni hasli shakl dekha rhy hn. agar kisi muslim ny aisa kia hota to india media ki maa mar gi hoti pr ab nhi boly gy. aagy ka ky yehi bol dn gy ky mentally disturb tha or case khtm .#jamia,in beghairto israel yahodi khanzeer kai bacho nai kia kuch nahen kia hain lekhin alhamdulillah islam wahid deen jo mohabbat sikhati hain nakai nafrat aur ye sab sai tezi sai phelta huwa deen hain is liye inko jalan ho rahi hain aur har koshish kar bhe chukai hain aur kar bhe,"pta nhi kon si uni se graduate hote ho aap log jnha aesi wahiyat education di jati hðÿ˜‚ðÿ˜‚ðÿ˜‚ halala, gazwa-e-hind, camel urine or pta nhi kya kyaðÿ˜‚ðÿ˜‚ðÿ˜‚ðÿ¤£ðÿ¤£ðÿ¤£ðÿ¤£ðÿ‘ðÿ»",qadiani ahmedi mirziee kaafir jo hen,gandu bhag mein ja,2,religious_hate_batch_008.csv
class2_batch006_sample011074,6,11074,2,Religious Hate,212074,216074,v3_original_demo_boundary_prompt,4-shot random authentic same-class,Shortlisted authentic RUHSOLD Religious Hate examples,118,tumri ma buhat hanzir hy jis ne tum jaise  yahodi kafir rhandi hanzir aurat ko paida kiya,ye bat tum yahoodi ko bolo atankwadi tum ho jo musalman se nafrat ki aag me insaniyat ke sabse bade dushman yahoodi ko support karte ho ye log to face to face mara hai unlog chote bache ka upar bom feka kisi aurat ya admi bacha ko goli mar diya wi bhi waha ke civilian hi hai,hindu dharm ka matlab samajh pehle puppet khali bhaunk aur bhaunk iam enjoying ur bark 😂😂😂😂,that nigga was yahoodi he probably lied to all the employees,haqiqat pata nahi hai wo tum logo ko pasand nahee hai,2,religious_hate_batch_006.csv
class2_batch008_sample011428,8,11428,2,Religious Hate,212428,216428,v3_original_demo_boundary_prompt,4-shot random authentic same-class,Shortlisted authentic RUHSOLD Religious Hate examples,118,please don't share his obnoxious face to me. below is the image of the book rohani khzain from ahmedi's official website see what your evil messiah has declared god but you had said you have read the books of mirza and accepted him mehdi may god give you hidyath,#stopisraeliterror   yahoodi mulk jisey israel ka naam diya gaya najaiz hai yahoodi sabse bada dahshatgard,or wahan tumhara jahanumi ahmedi jo naaowz billah nabi hona ka dawa dar tha wo wo case hara tha or court sa bhag gya tha.nabi pak p.b.u.h allah ka akhri nabi han or on ka bad koi nabi nahi ae ga.ya ak haqeqat ha jo quran ma bhi ha.or 1947 ma pak islam ka name par bana tha.,phir in yahodi khanzeer logo ko pata chalaiga kai kia ta aur kia nahen ye sirf dajjal kai liye aisa kar rahai hain kyunkai ye yahodi log khazeer log dajjal ko apna leader samjhtai hain aur tumhara pura bollywood bollyminati ban chuka hain tumharai dimagh ko programming ki ja rah,abhi to tumhari tasdeequat ki dukan chal rahi ha,2,religious_hate_batch_008.csv
class2_batch003_sample010478,3,10478,2,Religious Hate,211478,215478,v3_original_demo_boundary_prompt,4-shot random authentic same-class,Shortlisted authentic RUHSOLD Religious Hate examples,118,abe bharwe tum hindu hi duniya k sub se bara atankwaz ho haramiyon bt krte ho hamare age tumhari country me hindu k elawa koi safe nhi he  tumhari country ka name isi liye  lynchistan he  isi king all the world,bosdk yeh tumhare ghar me hota hai. saari k blouse me mote mote doodh dikhati firti hain tumhare dharam ki orate or hindu orat ko musalman ka l#nd aachaa lagta hai. yeh baat puri dunia janti hai,ahmedi mirziee qadiyani hargiz kuleedi uhdu pe nhee janay chahien warna hmari agencies pe swalia nishan hey,halala ki padayish ho aap aur kya expect karenge hum aapse,jis ney unke sath ye wo jo kisi ko bura kehta hy uski maa behn wohi bol rha hai jinke jaise log jahan tak tera naam bhi pata hay wahan tak tu kisi ko bura,1,religious_hate_batch_003.csv
class2_batch004_sample010620,4,10620,2,Religious Hate,211620,215620,v3_original_demo_boundary_prompt,4-shot random authentic same-class,Shortlisted authentic RUHSOLD Religious Hate examples,118,chal na randi ! we have spiritual connection with supreme leader imam khamnae !  we have our hearts and souls for holy cities of najaf and karbala !  dont give a fck to wahabi chutiyas,"abbey halala ki paidaish, 5 baap ki aulaad. patthar baazi ke alawa kuchh kaam kara kabhi teri kaum ne ?",imran qadyani yahoodi agent hy pti ki 18 bank account hy jis may qadyani yahoodi hondo ny funding ki hy . gold smith jimaima aneel musrst . atif miaan sub qadyani yahoodi hy,abe jaana mullle sale bhikari !! halala k maje krwa apni maa ko,rt : #stophalala  saali randi,1,religious_hate_batch_004.csv
class2_batch007_sample011232,7,11232,2,Religious Hate,212232,216232,v3_original_demo_boundary_prompt,4-shot random authentic same-class,Shortlisted authentic RUHSOLD Religious Hate examples,118,bus ya aur tafseel bataao  ahmdi aurtain beach pe bikini b pehnti hain  jalse aur ijlaas pe burqa b boht hai 🤫,oy ahmdi kuty. tum log smjhty ho k is trah kr k hm awam ko pagl bnao gy?? beta bajwa ne tere jeso ko nanga nachana he sbr kr. kahi ni ja rha hmara army chief. tum logo ne agly 3 sal me ye duniya hi chor jani bajwa k dar se. ye army chief nahi pakistan ka muhafiz he.,"gau mutr peeyo tum log lodu awkat bna phir aake muh lag, randwa saala",q teri bhen ko chuda hy dewbandion ny ..harami ki nasal,rt : yar sab qadiyani khanzeer kanjar hai,2,religious_hate_batch_007.csv
class2_batch010_sample011877,10,11877,2,Religious Hate,212877,216877,v3_original_demo_boundary_prompt,4-shot random authentic same-class,Shortlisted authentic RUHSOLD Religious Hate examples,118,pehle america jaiga ue begairaat musliman kehlwane kai laiq nh pehle he logh kehty h eske bary me ye yahoodi hai,kadiyani kafir thay hain aur hamesha harain gay. ye dajjali fitnay ki ek kari hain. aur inkay supporters hum main bhe jo chupay howay hain wo bhe khanzeer kafir he hain. lannat beshomar kadiyanio pr.,lanat abbtknews k khilaf trend bnane walye yazeedion pe r bibi k dushmano p bhi,"hogai izzat? mera jism meri marzi jc ghaleez or ghatiya terminologies hamare muslim muashrey me dene ki koshish me aapki so-called,vahiyat or ikhlaq se giri support ko khud ne hi reject kardiya.  apne yahoodi gods ko khush krne k liey kuch or karien",tujhy koi halala nahi diya?,2,religious_hate_batch_010.csv
class2_batch009_sample011711,9,11711,2,Religious Hate,212711,216711,v3_original_demo_boundary_prompt,4-shot random authentic same-class,Shortlisted authentic RUHSOLD Religious Hate examples,118,pehle america jaiga ue begairaat musliman kehlwane kai laiq nh pehle he logh kehty h eske bary me ye yahoodi hai,another endian hijra coward hindu terrorist army soldier dispatched to shamshangarh by pakistan army i want more endian hindu terrorist dead so keep it up pakistan,lanat abbtknews k khilaf trend bnane walye yazeedion pe r bibi k dushmano p bhi,chal fosdi ke mohammad kabile wale ki halala ki aulad,tum logon ne usne ko bhej diya tha na,2,religious_hate_batch_009.csv
class2_batch004_sample010679,4,10679,2,Religious Hate,211679,215679,v3_original_demo_boundary_prompt,4-shot random authentic same-class,Shortlisted authentic RUHSOLD Religious Hate examples,118,"huh wut you say u imbecile, i shat on you...toh toh toh kaafir",or wahan tumhara jahanumi ahmedi jo naaowz billah nabi hona ka dawa dar tha wo wo case hara tha or court sa bhag gya tha.nabi pak p.b.u.h allah ka akhri nabi han or on ka bad koi nabi nahi ae ga.ya ak haqeqat ha jo quran ma bhi ha.or 1947 ma pak islam ka name par bana tha.,1 balatkari muslim 3 balatkari tera baap hindu h uske bare m kuch bol  be,oeyy randdii k bachay ganddu hindu.. kyun jhoott baq raha hai gashti maa k ganndduu bachay. peshaab p k palnay wali qoum.,"agar tu ye bat kehna chahta ha to yeh suno yaad ker, india mein kafi admi hein jo apni maa ko chodta ha aur phir apni behno ki bhenchod chod dete ha.aur ye",1,religious_hate_batch_004.csv
class2_batch007_sample011342,7,11342,2,Religious Hate,212342,216342,v3_original_demo_boundary_prompt,4-shot random authentic same-class,Shortlisted authentic RUHSOLD Religious Hate examples,118,lul bukhari ye tum nahe tumaray yahoodi or hindu thuku bol rahay hain jin ko army sey bahot hi zeda takleef hai...🖕,or mujhe un ladkiyo se utni hi nafrat hai jo mullo se shadi karti hai jitni kisi normal hindu ko😡 or mujhe hindu ladko se bhi itni hi nafrat hai jo muslim ladkiyo se shadi karte hai... dharam me koi milawat mujhe pasand nahi,abe halala ki paidaish..  tumhara to wajood hi 800 years purana hai..  jab bhagwan ram ko kagaj dikhane ki jarurat par gayi to tum kaun ho.. kagaj to dikhana hi parega.. #nrc_caa_npr,"afghanio ne tme hindu se bachaya,randi k aulaad tareekh paro tm wo ganda khoon ho,jo siko aour hindu ki rape se paida woe ho,tme kalima tho sikaya afghano ne,magar tmari gandi dna wai ranjeet sing wali a,randi k aulaad tm ne kah pana di,am pashtono ne di,apnay bio ko hera mandi",chup teri maa ki choot,2,religious_hate_batch_007.csv
class2_batch006_sample011023,6,11023,2,Religious Hate,212023,216023,v3_original_demo_boundary_prompt,4-shot random authentic same-class,Shortlisted authentic RUHSOLD Religious Hate examples,118,chal fosdi ke mohammad kabile wale ki halala ki aulad,shia kaafir hai aur hum naam k musalmaan.,iran shia mulk ha or ye munafik log han,bosdk yeh tumhare ghar me hota hai. saari k blouse me mote mote doodh dikhati firti hain tumhare dharam ki orate or hindu orat ko musalman ka l#nd aachaa lagta hai. yeh baat puri dunia janti hai,rt : 🤬🤬😠😡😱🤯🌚🙈🐖💩👊🏻😂🤣🍀🙏💔🧐,2,religious_hate_batch_006.csv
class2_batch002_sample010310,2,10310,2,Religious Hate,211310,215310,v3_original_demo_boundary_prompt,4-shot random authentic same-class,Shortlisted authentic RUHSOLD Religious Hate examples,118,"waise madarso mein bahut achhi taaleem di jaati hai tum jihadi hijdo ko, asar dikh rha hai yahan, khud toh khud ki bhen chodte hi ho aur dusro ko bhi bhenchod samajhte ho.",yahoodi kabhi hamara dost nhi ho sakta,chal fosdi ke mohammad kabile wale ki halala ki aulad,yes they are involved in bomb blast... halala and bakrigiri,o ye kya aik yahodi se nhi hote he,1,religious_hate_batch_002.csv
class2_batch001_sample010056,1,10056,2,Religious Hate,211056,215056,v3_original_demo_boundary_prompt,4-shot random authentic same-class,Shortlisted authentic RUHSOLD Religious Hate examples,118,kitane maulviyon ne tumhari ammi jaan ka halala kiya hoga tab jakar tum jaisa suar nikla hoga .. ye bhi to bta re mulle..,q teri bhen ko chuda hy dewbandion ny ..harami ki nasal,bosdk yeh tumhare ghar me hota hai. saari k blouse me mote mote doodh dikhati firti hain tumhare dharam ki orate or hindu orat ko musalman ka l#nd aachaa lagta hai. yeh baat puri dunia janti hai,jahil k bachy kahan likha h k gair mazhb sy nikaah jaiz ha... tmari gand me jo keera ha wo nhi merna... khoty khany waly... yahoodi kahan sy hogaey ahle kitaab ....tm.b yahoodi to nhi,rt : allah apne shukran diye tumhary sath hain,1,religious_hate_batch_001.csv
class2_batch009_sample011752,9,11752,2,Religious Hate,212752,216752,v3_original_demo_boundary_prompt,4-shot random authentic same-class,Shortlisted authentic RUHSOLD Religious Hate examples,118,benchod randi  islam,hey are fighting amongst each other. #bajwa is compromise candidate. thats only reason why he a ahmadiya is a coas.,tum log yahoodi ho kisi ko shuck nahi hona chaheye bus kafi hogae musalmanon ko aur dhoka na dou👹,tumhri maa kk chodu sale apni maa ko chod ke paida hone wale randi ki aulad sale apni behan ko biwi bana ke rkhne wale muhammad ki nazayaj aulad,abe mera jism meri marzi tere ghar mein teri beti ka jism tu rakhna hai ye nhi toh saali ne bataya tha tumhari amma ka bacha hai,2,religious_hate_batch_009.csv
class2_batch003_sample010514,3,10514,2,Religious Hate,211514,215514,v3_original_demo_boundary_prompt,4-shot random authentic same-class,Shortlisted authentic RUHSOLD Religious Hate examples,118,abe mc mein bheju teri maa cow ka photo kat te hue bc. chod teri tarah andhbhakt nhi hu aur nhi illiterate.. go and drink cow piss.,shia kaafir hai aur hum naam k musalmaan.,"malala the product of halala pehle burke se, halala se, bacche paida kerne se or gulami ki jindgi se to azadi lelo hindustaan se azadi to tumhare kukarm tumhe dilwa hi denge. kyuki terrorism failaoge to lat mar ke desh se bhagae jaoge. i am with my country and support caa, nrcðÿ˜‰.",is cult  mein kisi boht hi pyare ko kho dene k baad uski qaber pe phool rakhna b jurm hai west mein qaberisat se phool chura k un ko sale kr k ahmdi chanda dia karte hain takey ragister se naam na kut jaye,teri maa chudwane k liye tu gandu hai bakwas karta hai,1,religious_hate_batch_003.csv
class2_batch007_sample011226,7,11226,2,Religious Hate,212226,216226,v3_original_demo_boundary_prompt,4-shot random authentic same-class,Shortlisted authentic RUHSOLD Religious Hate examples,118,"m firqa wariyat m nahi parhna chahta, muslims mjo ahktlaf hen wo apni jaga , lekin pichly 200 saal sy muslim is liye mar kha rhy hen k sunni shia wahabi dayobandi bla bla ,,yahodi or nasara ny na koi sunni mulk chora ha na koi shia,  wo bs yehi dekhtay ye muslman ha ..bs maro isk",wow halala's product on fire as usual porkistaniðÿ˜‚ðÿ˜‚ðÿ˜‚,apne profile mein whats app me fb twitter mein is bahadur nojawaan ki pic lga kr islam se or nabi ke din se mhbt ka izhaar kren or itna share kren ek yahoodi apne na pak iradoon se baaz ajaye is shakhs ne quraan pak ki hifazahat mein ek bhtareen mhbt ka jita jagta sabot dia hai,haha jaat dikha di bsdk antankbadi halala ki aulaad teri ammi ka halala hua tha phir to randi ke bacheðÿ¤£ðÿ¤£ðÿ˜…,tere jesa logon ko pata chal gaya hai jo kisi ka samajh mein aya hai,2,religious_hate_batch_007.csv
class2_batch008_sample011517,8,11517,2,Religious Hate,212517,216517,v3_original_demo_boundary_prompt,4-shot random authentic same-class,Shortlisted authentic RUHSOLD Religious Hate examples,118,kutto ki tarah america maar raha hai tumhari kaum ko...aasmani kitab walo...israel roj filistin may maa chod raha hai tumhari.... pahle unse nipto....dare hue log😂😂,tm jeso ki jb g**nd mari jaye na fir tm log thek rehty ho bc k bachy jb wo yahoodi lanti marty hn na wo muslim dekhty hn air kuch ni dekhty baki tm na toh apni pesh krni hoti ha unhy.,apne profile mein whats app me fb twitter mein is bahadur nojawaan ki pic lga kr islam se or nabi ke din se mhbt ka izhaar kren or itna share kren ek yahoodi apne na pak iradoon se baaz ajaye is shakhs ne quraan pak ki hifazahat mein ek bhtareen mhbt ka jita jagta sabot dia hai,chutiya azam ny kia kia ha ab tk sawa saal mein sirf 11600 arab ka izfa qarzoun mein kia or kuch nhi badlo apni soch ko yahodi na bano or ek muslim ki tarh socho,rt : #article_6_for_imran khan he was born as ahmedi,2,religious_hate_batch_008.csv
class2_batch006_sample011050,6,11050,2,Religious Hate,212050,216050,v3_original_demo_boundary_prompt,4-shot random authentic same-class,Shortlisted authentic RUHSOLD Religious Hate examples,118,get lost you kaafir.,wehshi darandy easai yahodi hindo islam amanka ka mazhab,"surprise!  surprise!  majority of the muslims are at just in different levels of ""usman khan"" ranging from mild to extreme (except ahmadiya may be, but they are not ""real muslims"")  that's from a person living in a country with 95% muslim    https://t.co/hq35u2xrrk,2009-05-25 17:25:26,sydney, new south wales",abe mc mein bheju teri maa cow ka photo kat te hue bc. chod teri tarah andhbhakt nhi hu aur nhi illiterate.. go and drink cow piss.,shukla ke baare mein apni tatti ko gand marwa kar dekh lete ho?,2,religious_hate_batch_006.csv
class2_batch001_sample010043,1,10043,2,Religious Hate,211043,215043,v3_original_demo_boundary_prompt,4-shot random authentic same-class,Shortlisted authentic RUHSOLD Religious Hate examples,118,meri tarbiyat yehi hai k jo amreca ko apna baap manta hai na wo muslman hai or na us s koi hanra taloq hai tum nasl e yazeedi ho masl e yahodi or yahoodio ki olad ho,tw kaafir tera peo kaafir tera pura khandaan kaafir ooo churry trump🐱🐱,sirf momin aya to yahoodi kum nasal marny laggaye agr sawa crore momin agaye to sochen kya hoga?hamen jagna hoga,uff pakiza muslim randi 😉😍,aur tu islam se nikla hai,1,religious_hate_batch_001.csv
class2_batch001_sample010100,1,10100,2,Religious Hate,211100,215100,v3_original_demo_boundary_prompt,4-shot random authentic same-class,Shortlisted authentic RUHSOLD Religious Hate examples,118,shia kaafir hai aur hum naam k musalmaan.,pislam me media ka estemal kerna haram hai  halala ki paidais,teri maa ka halala kra rha tha koi problem madarjat bhosdike mulle,aor hamary hkmran in k sath mily huy en ....yahudi aor hindun hmary sb sy bry dushman en,yahodi qadiyani aur ahmedi sahibon ko bhi hamari batain na samajhna chayyeen.,1,religious_hate_batch_001.csv
class2_batch002_sample010274,2,10274,2,Religious Hate,211274,215274,v3_original_demo_boundary_prompt,4-shot random authentic same-class,Shortlisted authentic RUHSOLD Religious Hate examples,118,pislam me media ka estemal kerna haram hai  halala ki paidais,sunni killing a shia....what's new?  thank god he wasn't a ahmedi muslim otherwise the motive would have been to acquire a passport to migrate to western countries and continue their islamic jihadi work after retirement,"insaniyat ko bache rahne do, jis mazhab me janwar ka gala ret ke khushi banti hai, jis mazhab me soorma logo ko 72 virgin ladkiya baati jaati, jo duniya pe kabze ke sapne dekhta ho us mazhab se duuri banane me hi insaniyat ki bhalayi hai.",tumhri maa kk chodu sale apni maa ko chod ke paida hone wale randi ki aulad sale apni behan ko biwi bana ke rkhne wale muhammad ki nazayaj aulad,sikh nhi hindu he aur yeh mazaq ka hai,1,religious_hate_batch_002.csv
class2_batch007_sample011329,7,11329,2,Religious Hate,212329,216329,v3_original_demo_boundary_prompt,4-shot random authentic same-class,Shortlisted authentic RUHSOLD Religious Hate examples,118,haha jaat dikha di bsdk antankbadi halala ki aulaad teri ammi ka halala hua tha phir to randi ke bacheðÿ¤£ðÿ¤£ðÿ˜…,"gau mutr peeyo tum log lodu awkat bna phir aake muh lag, randwa saala",bosdk yeh tumhare ghar me hota hai. saari k blouse me mote mote doodh dikhati firti hain tumhare dharam ki orate or hindu orat ko musalman ka l#nd aachaa lagta hai. yeh baat puri dunia janti hai,hindoo wo qom ha jinper koi nabi koi kitaab nazil nahi hoi. ye to yahoodi se bhi bad tar hen,apne baap ki maa ka naam bolo tera baap nawaz sharif,2,religious_hate_batch_007.csv
class2_batch002_sample010353,2,10353,2,Religious Hate,211353,215353,v3_original_demo_boundary_prompt,4-shot random authentic same-class,Shortlisted authentic RUHSOLD Religious Hate examples,118,in beghairto israel yahodi khanzeer kai bacho nai kia kuch nahen kia hain lekhin alhamdulillah islam wahid deen jo mohabbat sikhati hain nakai nafrat aur ye sab sai tezi sai phelta huwa deen hain is liye inko jalan ho rahi hain aur har koshish kar bhe chukai hain aur kar bhe,please sell up you yahoodi bastards,ye insan ik chaaal haaa dostoo .........zra smj k chliye gaa...sb jaanty hn qadyaani kaafir hn ......ye sb k sentiments gain kr rhaa haa......bad me ye apna chehra dikhiye gaaa fasad kii shkal me.....in chaaalo sy hosyar rhy baseerat paida kry sb apny andr.. shukria...,imran qadyani yahoodi agent hy pti ki 18 bank account hy jis may qadyani yahoodi hondo ny funding ki hy . gold smith jimaima aneel musrst . atif miaan sub qadyani yahoodi hy,abay saali kya baat hai,1,religious_hate_batch_002.csv
class2_batch001_sample010101,1,10101,2,Religious Hate,211101,215101,v3_original_demo_boundary_prompt,4-shot random authentic same-class,Shortlisted authentic RUHSOLD Religious Hate examples,118,but we have a firm belief now that qadiyani and ahmedi neither want muslims nor pakistanis to live in a harmony,pislam me media ka estemal kerna haram hai  halala ki paidais,kabi bi nai jo sakta ya shia log pora ka pora yahodi hn,"afghanio ne tme hindu se bachaya,randi k aulaad tareekh paro tm wo ganda khoon ho,jo siko aour hindu ki rape se paida woe ho,tme kalima tho sikaya afghano ne,magar tmari gandi dna wai ranjeet sing wali a,randi k aulaad tm ne kah pana di,am pashtono ne di,apnay bio ko hera mandi",tu randi k bache teri ammi ka bhosda ha,1,religious_hate_batch_001.csv
class2_batch004_sample010787,4,10787,2,Religious Hate,211787,215787,v3_original_demo_boundary_prompt,4-shot random authentic same-class,Shortlisted authentic RUHSOLD Religious Hate examples,118,well said.lanati hain ye qadyani kafir,ye bat tum yahoodi ko bolo atankwadi tum ho jo musalman se nafrat ki aag me insaniyat ke sabse bade dushman yahoodi ko support karte ho ye log to face to face mara hai unlog chote bache ka upar bom feka kisi aurat ya admi bacha ko goli mar diya wi bhi waha ke civilian hi hai,qadiani ahmedi mirziee kaafir jo hen,uff pakiza muslim randi 😉😍,lanati hain ye qadyani,1,religious_hate_batch_004.csv
class3_batch006_sample021034,6,21034,3,Sexism,322034,326034,v3_original_demo_boundary_prompt,4-shot random authentic same-class,Shortlisted authentic RUHSOLD Sexism examples,40,acha tareka dhondha hai larkun ko ganda sabit karny ka but aesi neech harkat larkyan he kar sakti hain larky nahi.,"ab iska sara credit har anchor le rha h jb k  rape,  ki asal jad h hi media jo mera jism.meri marzi,  hareem.shah , qandeel bloch , valentine day pe program krty hn phr rape hi hn gy",apni behn ko bhejo gay na aurat march me??,"madum ap gharailo maon behno ki terha na blkeh on maon behno ki terha bhi nahi jo moaashrat main ghar sy bahir nikal ker apni , maan baap ki .belky pory moaashry ki izzat ka kgayal rekhti hain .ap oss catogary main ati hain .jisy rundi,jisy tawaif,fahasha, jisy badqar kehty hain",chal randi tu,2,sexism_batch_006.csv
class3_batch006_sample021176,6,21176,3,Sexism,322176,326176,v3_original_demo_boundary_prompt,4-shot random authentic same-class,Shortlisted authentic RUHSOLD Sexism examples,40,teri chut me sabhi bhaiyo ka lund reply de randi,shazaib apni baji ko b bejna han aurat march ma agr itne he zruri hai to,"aurat ko islam nai galat lagta, ap log lagtay ho jo ye boltay hain k agar aurat ka rape hua to wo uski galtie usne sar par dupatta nai kiya us banday ki nahi wo bechara kesay control karay",aaaahhhhhh bhenchod.....jese tere is mangalsutra ki sahi jagah tere gale me nai balki mere mote kaale lund pr he.... vese hi tujh jesi chudakkad kuttiya ki jagah kewal mere pairo k niche he saali.... chal inbox me aa.....,madarchod,2,sexism_batch_006.csv
class3_batch001_sample020067,1,20067,3,Sexism,321067,325067,v3_original_demo_boundary_prompt,4-shot random authentic same-class,Shortlisted authentic RUHSOLD Sexism examples,40,"aurat ko islam nai galat lagta, ap log lagtay ho jo ye boltay hain k agar aurat ka rape hua to wo uski galtie usne sar par dupatta nai kiya us banday ki nahi wo bechara kesay control karay",lalchi aurat paisa dekhti hai aur khandani aurat sirf sehrat dekhti hai,randi kise kahte ha aap hi bata do? ye word ghatiya women ke liye hi use karta ha ab deepika ghatiya ha to randi hi bolenge na,bc ghar wale bhi soch rahe honge yeh kya system paida ho gya sala lagta programing galat ho gayi.... sabsi badi confusion iske liye ladka dhundheyge yaa ladki😉,teri maa chod denge tera jism meri marzi,1,sexism_batch_001.csv
class3_batch007_sample021330,7,21330,3,Sexism,322330,326330,v3_original_demo_boundary_prompt,4-shot random authentic same-class,Shortlisted authentic RUHSOLD Sexism examples,40,roads pe lab coat b ap ki gender hi pehnti ha 😂,"madum ap gharailo maon behno ki terha na blkeh on maon behno ki terha bhi nahi jo moaashrat main ghar sy bahir nikal ker apni , maan baap ki .belky pory moaashry ki izzat ka kgayal rekhti hain .ap oss catogary main ati hain .jisy rundi,jisy tawaif,fahasha, jisy badqar kehty hain",acha tareka dhondha hai larkun ko ganda sabit karny ka but aesi neech harkat larkyan he kar sakti hain larky nahi.,aaaahhhhhh bhenchod.....jese tere is mangalsutra ki sahi jagah tere gale me nai balki mere mote kaale lund pr he.... vese hi tujh jesi chudakkad kuttiya ki jagah kewal mere pairo k niche he saali.... chal inbox me aa.....,mera dimag thand ho raha hai aur ye randi kaam karti hai mujhy,2,sexism_batch_007.csv
class3_batch004_sample020650,4,20650,3,Sexism,321650,325650,v3_original_demo_boundary_prompt,4-shot random authentic same-class,Shortlisted authentic RUHSOLD Sexism examples,40,your leader  is hijra that's why he is not living with his wife.,randi kise kahte ha aap hi bata do? ye word ghatiya women ke liye hi use karta ha ab deepika ghatiya ha to randi hi bolenge na,bc ghar wale bhi soch rahe honge yeh kya system paida ho gya sala lagta programing galat ho gayi.... sabsi badi confusion iske liye ladka dhundheyge yaa ladki😉,mard muhbt kr bhi ly tu aksar aurat he dhoka dy jati h usy 💔,hijra ki nasl kia hoti ha,1,sexism_batch_004.csv
class3_batch010_sample021868,10,21868,3,Sexism,322868,326868,v3_original_demo_boundary_prompt,4-shot random authentic same-class,Shortlisted authentic RUHSOLD Sexism examples,40,acha tareka dhondha hai larkun ko ganda sabit karny ka but aesi neech harkat larkyan he kar sakti hain larky nahi.,#stopauratbarbadimarch who are you for arguing our tradition and islamic manners you bluddy 2 takay ki aurat   .,roads pe lab coat b ap ki gender hi pehnti ha 😂,ek randi larki ko itni pazeerai di hai. smjh se bahir hai,ye randi ke baacha,2,sexism_batch_010.csv
class3_batch005_sample020986,5,20986,3,Sexism,321986,325986,v3_original_demo_boundary_prompt,4-shot random authentic same-class,Shortlisted authentic RUHSOLD Sexism examples,40,you are just girlfriend material no one wants wife like you. itna jism jo sirf admi apni bivi ka dekhta h  apka to sary jahan ne dekha h,dhoka khane k baad oska aitbar uth jata haa sbsee or dosre mard mai b interest ni rehta...ku k aurat jism k ley ni chahti jbk mard jism k ley chahta😌🙂,muslim countries ki leaderships na mard napunsak or hijra hain.. in mein koi dum nahi.. ye kuch nahi kr sakty.. jinnah ki rooh tarapti hogi.. jinnah ne kashmir par attack ka order diya tha..,"apko kehna chahye tha na mard hoon, na aurat hoo. main hijra hoon main hijra hoon, main parchi hoon, main defected hoon, main accidental chairman hoon.  #joker420",abhi tak kisi se pooch lo mujhe unse kaisi relationship hoti hai?,2,sexism_batch_005.csv
class3_batch003_sample020552,3,20552,3,Sexism,321552,325552,v3_original_demo_boundary_prompt,4-shot random authentic same-class,Shortlisted authentic RUHSOLD Sexism examples,40,bilo rani tumhari pehchan sirf or sirf hijra huna hai.. na mard,#auratmarch2020 mera jism allah ki marzi.. allah ka to hukam ha tum char dewari me raho .. nd ya nikl k apni nimaish karna chahten,aur jesi ghatia aurat ke mun se ye bat achi ni lagti. logon ko garam karnay wali machine.,randi kise kahte ha aap hi bata do? ye word ghatiya women ke liye hi use karta ha ab deepika ghatiya ha to randi hi bolenge na,teri maa chodu tu bhi bhaunkna,1,sexism_batch_003.csv
class3_batch008_sample021427,8,21427,3,Sexism,322427,326427,v3_original_demo_boundary_prompt,4-shot random authentic same-class,Shortlisted authentic RUHSOLD Sexism examples,40,aisi or kis kis ki lund par uchel uchel kar moja lati ghar me.,"apko kehna chahye tha na mard hoon, na aurat hoo. main hijra hoon main hijra hoon, main parchi hoon, main defected hoon, main accidental chairman hoon.  #joker420",mard muhbt kr bhi ly tu aksar aurat he dhoka dy jati h usy 💔,randi kise kahte ha aap hi bata do? ye word ghatiya women ke liye hi use karta ha ab deepika ghatiya ha to randi hi bolenge na,yeh mohabbat nai aurat ko bhi kuch nahi deti wo sirf khanzeer insan k sath hoti ha,2,sexism_batch_008.csv
class3_batch009_sample021668,9,21668,3,Sexism,322668,326668,v3_original_demo_boundary_prompt,4-shot random authentic same-class,Shortlisted authentic RUHSOLD Sexism examples,40,lalchi aurat paisa dekhti hai aur khandani aurat sirf sehrat dekhti hai,bilo rani tumhari pehchan sirf or sirf hijra huna hai.. na mard,teri bhosdi or boobs me parda mat kar...logo ko dekne de.dhake hoge to kaise pata chalega ki tu hijra nehi hai.   hijra kahi ki.,tum jesi ghatia aurat ka kam hi ni hai media par.kisi kothhay pe ja aur ulta late ja ke.begherat,tera baap naya saal se jaldi ho ga,2,sexism_batch_009.csv
class3_batch008_sample021574,8,21574,3,Sexism,322574,326574,v3_original_demo_boundary_prompt,4-shot random authentic same-class,Shortlisted authentic RUHSOLD Sexism examples,40,shazaib apni baji ko b bejna han aurat march ma agr itne he zruri hai to,agar aaj se 40 saal pehley isi tarha ke banner pakarh kar mera jism meri marzi waala naara aapki amma ne maara hota to aap is duniya main ye tweet karney ke liye maujood hi na hoteen 😑😑😑,ek randi larki ko itni pazeerai di hai. smjh se bahir hai,teri chut me sabhi bhaiyo ka lund reply de randi,tumhari maa ki choot,2,sexism_batch_008.csv
class3_batch007_sample021317,7,21317,3,Sexism,322317,326317,v3_original_demo_boundary_prompt,4-shot random authentic same-class,Shortlisted authentic RUHSOLD Sexism examples,40,aur jesi ghatia aurat ke mun se ye bat achi ni lagti. logon ko garam karnay wali machine.,#auratmarch2020 mera jism allah ki marzi.. allah ka to hukam ha tum char dewari me raho .. nd ya nikl k apni nimaish karna chahten,tere jaise randiyo ki chudai ke liye to ham mard hain yaha pe,aisi or kis kis ki lund par uchel uchel kar moja lati ghar me.,teri maa ki bachi,2,sexism_batch_007.csv
class3_batch003_sample020494,3,20494,3,Sexism,321494,325494,v3_original_demo_boundary_prompt,4-shot random authentic same-class,Shortlisted authentic RUHSOLD Sexism examples,40,teri chut me sabhi bhaiyo ka lund reply de randi,you are just girlfriend material no one wants wife like you. itna jism jo sirf admi apni bivi ka dekhta h  apka to sary jahan ne dekha h,"apko kehna chahye tha na mard hoon, na aurat hoo. main hijra hoon main hijra hoon, main parchi hoon, main defected hoon, main accidental chairman hoon.  #joker420","madum ap gharailo maon behno ki terha na blkeh on maon behno ki terha bhi nahi jo moaashrat main ghar sy bahir nikal ker apni , maan baap ki .belky pory moaashry ki izzat ka kgayal rekhti hain .ap oss catogary main ati hain .jisy rundi,jisy tawaif,fahasha, jisy badqar kehty hain",yeh tu mera najaiz dost ho koi kuch bolta hy agar tu kisi ko bat krta h,1,sexism_batch_003.csv
class3_batch010_sample021978,10,21978,3,Sexism,322978,326978,v3_original_demo_boundary_prompt,4-shot random authentic same-class,Shortlisted authentic RUHSOLD Sexism examples,40,r mazy k bat mra jism wo auratn krti hn jin pr thokta bh koi nae.,original attitude boys ma hota ha aur fake girls ma,teri bhosdi or boobs me parda mat kar...logo ko dekne de.dhake hoge to kaise pata chalega ki tu hijra nehi hai.   hijra kahi ki.,70 saal ka mard is better than a 30 year old hijra😅,larkian ko gandu bolna hi nahi dikhaya hoga,2,sexism_batch_010.csv
class3_batch009_sample021760,9,21760,3,Sexism,322760,326760,v3_original_demo_boundary_prompt,4-shot random authentic same-class,Shortlisted authentic RUHSOLD Sexism examples,40,you are just girlfriend material no one wants wife like you. itna jism jo sirf admi apni bivi ka dekhta h  apka to sary jahan ne dekha h,#stopauratbarbadimarch aurat ghr k andr hi achi lgti he yu sarkon par nikalna kisi bhi aurat ki izzat par daag lga skta he,your leader  is hijra that's why he is not living with his wife.,roads pe lab coat b ap ki gender hi pehnti ha 😂,randi khud bachon ko bolo pata nahi na,2,sexism_batch_009.csv
class3_batch005_sample020865,5,20865,3,Sexism,321865,325865,v3_original_demo_boundary_prompt,4-shot random authentic same-class,Shortlisted authentic RUHSOLD Sexism examples,40,"aurat ko islam nai galat lagta, ap log lagtay ho jo ye boltay hain k agar aurat ka rape hua to wo uski galtie usne sar par dupatta nai kiya us banday ki nahi wo bechara kesay control karay",bc ghar wale bhi soch rahe honge yeh kya system paida ho gya sala lagta programing galat ho gayi.... sabsi badi confusion iske liye ladka dhundheyge yaa ladki😉,randi kise kahte ha aap hi bata do? ye word ghatiya women ke liye hi use karta ha ab deepika ghatiya ha to randi hi bolenge na,lalchi aurat paisa dekhti hai aur khandani aurat sirf sehrat dekhti hai,aik baar aik baron se bachna chahta tha mera jis ne mein pehle mila tha phir aisa hota hai..mere pass tumhari bat kr rha hai,2,sexism_batch_005.csv
class3_batch003_sample020529,3,20529,3,Sexism,321529,325529,v3_original_demo_boundary_prompt,4-shot random authentic same-class,Shortlisted authentic RUHSOLD Sexism examples,40,dhoka khane k baad oska aitbar uth jata haa sbsee or dosre mard mai b interest ni rehta...ku k aurat jism k ley ni chahti jbk mard jism k ley chahta😌🙂,your leader  is hijra that's why he is not living with his wife.,you are just girlfriend material no one wants wife like you. itna jism jo sirf admi apni bivi ka dekhta h  apka to sary jahan ne dekha h,mard muhbt kr bhi ly tu aksar aurat he dhoka dy jati h usy 💔,abay pakistan mein tere maa ka yaar hi nikla ha ghar ko gherat na kro,1,sexism_batch_003.csv
class3_batch008_sample021501,8,21501,3,Sexism,322501,326501,v3_original_demo_boundary_prompt,4-shot random authentic same-class,Shortlisted authentic RUHSOLD Sexism examples,40,we are supporting #islam and thank you #khalilurrahmanqamar for your beautiful comments against #gashti .  agar ye #aurat hoti to na me aesi zuban use krta aur na koi gairatmand #admi use krta.,#stopauratbarbadimarch who are you for arguing our tradition and islamic manners you bluddy 2 takay ki aurat   .,shazaib apni baji ko b bejna han aurat march ma agr itne he zruri hai to,"apko kehna chahye tha na mard hoon, na aurat hoo. main hijra hoon main hijra hoon, main parchi hoon, main defected hoon, main accidental chairman hoon.  #joker420",kisi jin kay pas koi bat nahi ho uski maa beti ka nashai ha,2,sexism_batch_008.csv
class3_batch001_sample020070,1,20070,3,Sexism,321070,325070,v3_original_demo_boundary_prompt,4-shot random authentic same-class,Shortlisted authentic RUHSOLD Sexism examples,40,#stopauratbarbadimarch aurat ghr k andr hi achi lgti he yu sarkon par nikalna kisi bhi aurat ki izzat par daag lga skta he,70 saal ka mard is better than a 30 year old hijra😅,aisi or kis kis ki lund par uchel uchel kar moja lati ghar me.,jahiliyat ki v had hai ye apne ghar me slave ki tarh rahti hai aur bahar kutto jaise bhaunk rhi hai... shame on these ladies,pakistan mein sab kuch khatm ho jay ga lekin ye randi rona nahi khatam ho skta😂,1,sexism_batch_001.csv
class3_batch010_sample021848,10,21848,3,Sexism,322848,326848,v3_original_demo_boundary_prompt,4-shot random authentic same-class,Shortlisted authentic RUHSOLD Sexism examples,40,"yeh wesy koi bht e zyda ounchi nasal ki randi niqli h wesy , mtlb i can't even imagine koi bughaz or paisy k pechay itna b girr skta h, nehayat e nichly darjay ki baighairat aurat ho, aurat zaat ko b badnaam kea h isny apny wajood sy !! akhh thooo iski zaat pay",your leader  is hijra that's why he is not living with his wife.,teri bhosdi or boobs me parda mat kar...logo ko dekne de.dhake hoge to kaise pata chalega ki tu hijra nehi hai.   hijra kahi ki.,"aurat ko islam nai galat lagta, ap log lagtay ho jo ye boltay hain k agar aurat ka rape hua to wo uski galtie usne sar par dupatta nai kiya us banday ki nahi wo bechara kesay control karay",tumhary qoum ki aurat to sab kuch karti hain lakin ye sab khud hi nahi hoti,2,sexism_batch_010.csv
class3_batch008_sample021448,8,21448,3,Sexism,322448,326448,v3_original_demo_boundary_prompt,4-shot random authentic same-class,Shortlisted authentic RUHSOLD Sexism examples,40,ek randi larki ko itni pazeerai di hai. smjh se bahir hai,lalchi aurat paisa dekhti hai aur khandani aurat sirf sehrat dekhti hai,mard muhbt kr bhi ly tu aksar aurat he dhoka dy jati h usy 💔,you are just girlfriend material no one wants wife like you. itna jism jo sirf admi apni bivi ka dekhta h  apka to sary jahan ne dekha h,teri maa ki choot maru ga,2,sexism_batch_008.csv
class3_batch003_sample020571,3,20571,3,Sexism,321571,325571,v3_original_demo_boundary_prompt,4-shot random authentic same-class,Shortlisted authentic RUHSOLD Sexism examples,40,tu kyun ro rahe hai hijra? tera buddhe hijra to kamjor mard hai. uska kara nehi hota. 🤣🤣🤣🤣,70 saal ka mard is better than a 30 year old hijra😅,roads pe lab coat b ap ki gender hi pehnti ha 😂,phir larky beard ky bagiar khusray q lgty hain  wo bhi beard ky bagiar khubsurat lgny chahiye ?,teri maa ko jaise randi rona kyu krta hai hijra,1,sexism_batch_003.csv
class3_batch003_sample020420,3,20420,3,Sexism,321420,325420,v3_original_demo_boundary_prompt,4-shot random authentic same-class,Shortlisted authentic RUHSOLD Sexism examples,40,#stopauratbarbadimarch who are you for arguing our tradition and islamic manners you bluddy 2 takay ki aurat   .,tum jesi ghatia aurat ka kam hi ni hai media par.kisi kothhay pe ja aur ulta late ja ke.begherat,70 saal ka mard is better than a 30 year old hijra😅,teri bhosdi or boobs me parda mat kar...logo ko dekne de.dhake hoge to kaise pata chalega ki tu hijra nehi hai.   hijra kahi ki.,tere baap kya baat kr rha tha?,1,sexism_batch_003.csv
class3_batch005_sample020948,5,20948,3,Sexism,321948,325948,v3_original_demo_boundary_prompt,4-shot random authentic same-class,Shortlisted authentic RUHSOLD Sexism examples,40,"yeh wesy koi bht e zyda ounchi nasal ki randi niqli h wesy , mtlb i can't even imagine koi bughaz or paisy k pechay itna b girr skta h, nehayat e nichly darjay ki baighairat aurat ho, aurat zaat ko b badnaam kea h isny apny wajood sy !! akhh thooo iski zaat pay","aurat ko islam nai galat lagta, ap log lagtay ho jo ye boltay hain k agar aurat ka rape hua to wo uski galtie usne sar par dupatta nai kiya us banday ki nahi wo bechara kesay control karay",#auratmarch2020 mera jism allah ki marzi.. allah ka to hukam ha tum char dewari me raho .. nd ya nikl k apni nimaish karna chahten,transgander   madarchood   hijra tu aik bara khoota ha  haram zada,"abe bhenchod, teri maa ki chut marwa denge",2,sexism_batch_005.csv
class3_batch008_sample021420,8,21420,3,Sexism,322420,326420,v3_original_demo_boundary_prompt,4-shot random authentic same-class,Shortlisted authentic RUHSOLD Sexism examples,40,jin ko hizab se nafrat he wo nangi ho k ghoome koi in pe thooke ga bhi nahi  aurat khoobsurat pure libas me lagti he mawazna karlen,apni behn ko bhejo gay na aurat march me??,dhoka khane k baad oska aitbar uth jata haa sbsee or dosre mard mai b interest ni rehta...ku k aurat jism k ley ni chahti jbk mard jism k ley chahta😌🙂,ap ko mard banny ki acting pasand i? agr ni to hijra hi bany rahye sir ye mardo k kam hn hijro k ni.,#auratmarch2020  bhenchod sab aurat ko chod do,2,sexism_batch_008.csv
class3_batch011_sample022007,11,22007,3,Sexism,323007,327007,v3_original_demo_boundary_prompt,4-shot random authentic same-class,Shortlisted authentic RUHSOLD Sexism examples,40,teri bhosdi or boobs me parda mat kar...logo ko dekne de.dhake hoge to kaise pata chalega ki tu hijra nehi hai.   hijra kahi ki.,teri chut me sabhi bhaiyo ka lund reply de randi,original attitude boys ma hota ha aur fake girls ma,agar aaj se 40 saal pehley isi tarha ke banner pakarh kar mera jism meri marzi waala naara aapki amma ne maara hota to aap is duniya main ye tweet karney ke liye maujood hi na hoteen 😑😑😑,bharwe randi,2,sexism_batch_011.csv
class3_batch006_sample021193,6,21193,3,Sexism,322193,326193,v3_original_demo_boundary_prompt,4-shot random authentic same-class,Shortlisted authentic RUHSOLD Sexism examples,40,teri bhosdi or boobs me parda mat kar...logo ko dekne de.dhake hoge to kaise pata chalega ki tu hijra nehi hai.   hijra kahi ki.,you are just girlfriend material no one wants wife like you. itna jism jo sirf admi apni bivi ka dekhta h  apka to sary jahan ne dekha h,"apko kehna chahye tha na mard hoon, na aurat hoo. main hijra hoon main hijra hoon, main parchi hoon, main defected hoon, main accidental chairman hoon.  #joker420",r mazy k bat mra jism wo auratn krti hn jin pr thokta bh koi nae.,rt : tera baap hi hoga hi gandu,2,sexism_batch_006.csv
class3_batch008_sample021571,8,21571,3,Sexism,322571,326571,v3_original_demo_boundary_prompt,4-shot random authentic same-class,Shortlisted authentic RUHSOLD Sexism examples,40,"aurat ko islam nai galat lagta, ap log lagtay ho jo ye boltay hain k agar aurat ka rape hua to wo uski galtie usne sar par dupatta nai kiya us banday ki nahi wo bechara kesay control karay","ab iska sara credit har anchor le rha h jb k  rape,  ki asal jad h hi media jo mera jism.meri marzi,  hareem.shah , qandeel bloch , valentine day pe program krty hn phr rape hi hn gy",agar aaj se 40 saal pehley isi tarha ke banner pakarh kar mera jism meri marzi waala naara aapki amma ne maara hota to aap is duniya main ye tweet karney ke liye maujood hi na hoteen 😑😑😑,shazaib apni baji ko b bejna han aurat march ma agr itne he zruri hai to,"tere baap nai thi, teri behno ka rape ha",2,sexism_batch_008.csv
class3_batch006_sample021192,6,21192,3,Sexism,322192,326192,v3_original_demo_boundary_prompt,4-shot random authentic same-class,Shortlisted authentic RUHSOLD Sexism examples,40,lalchi aurat paisa dekhti hai aur khandani aurat sirf sehrat dekhti hai,#stopauratbarbadimarch who are you for arguing our tradition and islamic manners you bluddy 2 takay ki aurat   .,teri bhosdi or boobs me parda mat kar...logo ko dekne de.dhake hoge to kaise pata chalega ki tu hijra nehi hai.   hijra kahi ki.,phir larky beard ky bagiar khusray q lgty hain  wo bhi beard ky bagiar khubsurat lgny chahiye ?,teri maa chod ke bachche ye tweets krte ho kya,2,sexism_batch_006.csv
class3_batch003_sample020583,3,20583,3,Sexism,321583,325583,v3_original_demo_boundary_prompt,4-shot random authentic same-class,Shortlisted authentic RUHSOLD Sexism examples,40,#auratmarch2020 mera jism allah ki marzi.. allah ka to hukam ha tum char dewari me raho .. nd ya nikl k apni nimaish karna chahten,"apko kehna chahye tha na mard hoon, na aurat hoo. main hijra hoon main hijra hoon, main parchi hoon, main defected hoon, main accidental chairman hoon.  #joker420",roads pe lab coat b ap ki gender hi pehnti ha 😂,"yeh wesy koi bht e zyda ounchi nasal ki randi niqli h wesy , mtlb i can't even imagine koi bughaz or paisy k pechay itna b girr skta h, nehayat e nichly darjay ki baighairat aurat ho, aurat zaat ko b badnaam kea h isny apny wajood sy !! akhh thooo iski zaat pay",teri maa behn ny galiya laga di tere sath,1,sexism_batch_003.csv
class3_batch001_sample020051,1,20051,3,Sexism,321051,325051,v3_original_demo_boundary_prompt,4-shot random authentic same-class,Shortlisted authentic RUHSOLD Sexism examples,40,#stopauratbarbadimarch aurat ghr k andr hi achi lgti he yu sarkon par nikalna kisi bhi aurat ki izzat par daag lga skta he,bilo rani tumhari pehchan sirf or sirf hijra huna hai.. na mard,jin ko hizab se nafrat he wo nangi ho k ghoome koi in pe thooke ga bhi nahi  aurat khoobsurat pure libas me lagti he mawazna karlen,aaaahhhhhh bhenchod.....jese tere is mangalsutra ki sahi jagah tere gale me nai balki mere mote kaale lund pr he.... vese hi tujh jesi chudakkad kuttiya ki jagah kewal mere pairo k niche he saali.... chal inbox me aa.....,ooooohhhhhhhh sher bhai ye randi k bache,1,sexism_batch_001.csv
class3_batch008_sample021444,8,21444,3,Sexism,322444,326444,v3_original_demo_boundary_prompt,4-shot random authentic same-class,Shortlisted authentic RUHSOLD Sexism examples,40,"ab iska sara credit har anchor le rha h jb k  rape,  ki asal jad h hi media jo mera jism.meri marzi,  hareem.shah , qandeel bloch , valentine day pe program krty hn phr rape hi hn gy",70 saal ka mard is better than a 30 year old hijra😅,#stopauratbarbadimarch who are you for arguing our tradition and islamic manners you bluddy 2 takay ki aurat   .,shazaib apni baji ko b bejna han aurat march ma agr itne he zruri hai to,rt : pakistan mein randi ka najaiz baaz aik charsi talaq se nahi hota,2,sexism_batch_008.csv
class3_batch007_sample021287,7,21287,3,Sexism,322287,326287,v3_original_demo_boundary_prompt,4-shot random authentic same-class,Shortlisted authentic RUHSOLD Sexism examples,40,"madum ap gharailo maon behno ki terha na blkeh on maon behno ki terha bhi nahi jo moaashrat main ghar sy bahir nikal ker apni , maan baap ki .belky pory moaashry ki izzat ka kgayal rekhti hain .ap oss catogary main ati hain .jisy rundi,jisy tawaif,fahasha, jisy badqar kehty hain",we are supporting #islam and thank you #khalilurrahmanqamar for your beautiful comments against #gashti .  agar ye #aurat hoti to na me aesi zuban use krta aur na koi gairatmand #admi use krta.,aisi or kis kis ki lund par uchel uchel kar moja lati ghar me.,original attitude boys ma hota ha aur fake girls ma,abe chutiye apne gandu sath me jaake mc,2,sexism_batch_007.csv
class3_batch006_sample021124,6,21124,3,Sexism,322124,326124,v3_original_demo_boundary_prompt,4-shot random authentic same-class,Shortlisted authentic RUHSOLD Sexism examples,40,"aurat ko islam nai galat lagta, ap log lagtay ho jo ye boltay hain k agar aurat ka rape hua to wo uski galtie usne sar par dupatta nai kiya us banday ki nahi wo bechara kesay control karay",ek randi larki ko itni pazeerai di hai. smjh se bahir hai,muslim countries ki leaderships na mard napunsak or hijra hain.. in mein koi dum nahi.. ye kuch nahi kr sakty.. jinnah ki rooh tarapti hogi.. jinnah ne kashmir par attack ka order diya tha..,randi kise kahte ha aap hi bata do? ye word ghatiya women ke liye hi use karta ha ab deepika ghatiya ha to randi hi bolenge na,tere jaise randio ne zindagi matr maana jaye,2,sexism_batch_006.csv
class3_batch001_sample020029,1,20029,3,Sexism,321029,325029,v3_original_demo_boundary_prompt,4-shot random authentic same-class,Shortlisted authentic RUHSOLD Sexism examples,40,apni behn ko bhejo gay na aurat march me??,"aurat ko islam nai galat lagta, ap log lagtay ho jo ye boltay hain k agar aurat ka rape hua to wo uski galtie usne sar par dupatta nai kiya us banday ki nahi wo bechara kesay control karay",your leader  is hijra that's why he is not living with his wife.,transgander   madarchood   hijra tu aik bara khoota ha  haram zada,yeh abhi tak kisi se pata nai chali ga,1,sexism_batch_001.csv
class3_batch007_sample021220,7,21220,3,Sexism,322220,326220,v3_original_demo_boundary_prompt,4-shot random authentic same-class,Shortlisted authentic RUHSOLD Sexism examples,40,original attitude boys ma hota ha aur fake girls ma,your leader  is hijra that's why he is not living with his wife.,bilo rani tumhari pehchan sirf or sirf hijra huna hai.. na mard,tu kyun ro rahe hai hijra? tera buddhe hijra to kamjor mard hai. uska kara nehi hota. 🤣🤣🤣🤣,rt : #abhinandanvjsharma #louis_tomlinson #priyankachopra koi baat nahi thi hijra sasti gandu kutta,2,sexism_batch_007.csv
class3_batch003_sample020479,3,20479,3,Sexism,321479,325479,v3_original_demo_boundary_prompt,4-shot random authentic same-class,Shortlisted authentic RUHSOLD Sexism examples,40,tum jesi ghatia aurat ka kam hi ni hai media par.kisi kothhay pe ja aur ulta late ja ke.begherat,we are supporting #islam and thank you #khalilurrahmanqamar for your beautiful comments against #gashti .  agar ye #aurat hoti to na me aesi zuban use krta aur na koi gairatmand #admi use krta.,"ab iska sara credit har anchor le rha h jb k  rape,  ki asal jad h hi media jo mera jism.meri marzi,  hareem.shah , qandeel bloch , valentine day pe program krty hn phr rape hi hn gy",#stopauratbarbadimarch aurat ghr k andr hi achi lgti he yu sarkon par nikalna kisi bhi aurat ki izzat par daag lga skta he,tum jese randdi kehte ho meri maa chodu ga,1,sexism_batch_003.csv
class3_batch007_sample021374,7,21374,3,Sexism,322374,326374,v3_original_demo_boundary_prompt,4-shot random authentic same-class,Shortlisted authentic RUHSOLD Sexism examples,40,ek randi larki ko itni pazeerai di hai. smjh se bahir hai,phir larky beard ky bagiar khusray q lgty hain  wo bhi beard ky bagiar khubsurat lgny chahiye ?,aur jesi ghatia aurat ke mun se ye bat achi ni lagti. logon ko garam karnay wali machine.,"apko kehna chahye tha na mard hoon, na aurat hoo. main hijra hoon main hijra hoon, main parchi hoon, main defected hoon, main accidental chairman hoon.  #joker420",bhenchod dusri aurat pe tu zindgi tera jism meri marzi ki bat kar raha hai,2,sexism_batch_007.csv
class3_batch006_sample021087,6,21087,3,Sexism,322087,326087,v3_original_demo_boundary_prompt,4-shot random authentic same-class,Shortlisted authentic RUHSOLD Sexism examples,40,tum jesi ghatia aurat ka kam hi ni hai media par.kisi kothhay pe ja aur ulta late ja ke.begherat,jahiliyat ki v had hai ye apne ghar me slave ki tarh rahti hai aur bahar kutto jaise bhaunk rhi hai... shame on these ladies,"yeh wesy koi bht e zyda ounchi nasal ki randi niqli h wesy , mtlb i can't even imagine koi bughaz or paisy k pechay itna b girr skta h, nehayat e nichly darjay ki baighairat aurat ho, aurat zaat ko b badnaam kea h isny apny wajood sy !! akhh thooo iski zaat pay",we are supporting #islam and thank you #khalilurrahmanqamar for your beautiful comments against #gashti .  agar ye #aurat hoti to na me aesi zuban use krta aur na koi gairatmand #admi use krta.,ab tujhe to larkian marwa dene ki fikr nahin hai,2,sexism_batch_006.csv
class3_batch002_sample020231,2,20231,3,Sexism,321231,325231,v3_original_demo_boundary_prompt,4-shot random authentic same-class,Shortlisted authentic RUHSOLD Sexism examples,40,jahiliyat ki v had hai ye apne ghar me slave ki tarh rahti hai aur bahar kutto jaise bhaunk rhi hai... shame on these ladies,mard muhbt kr bhi ly tu aksar aurat he dhoka dy jati h usy 💔,teri bhosdi or boobs me parda mat kar...logo ko dekne de.dhake hoge to kaise pata chalega ki tu hijra nehi hai.   hijra kahi ki.,tu kyun ro rahe hai hijra? tera buddhe hijra to kamjor mard hai. uska kara nehi hota. 🤣🤣🤣🤣,ye sab randi ho,1,sexism_batch_002.csv
class3_batch007_sample021259,7,21259,3,Sexism,322259,326259,v3_original_demo_boundary_prompt,4-shot random authentic same-class,Shortlisted authentic RUHSOLD Sexism examples,40,agar aaj se 40 saal pehley isi tarha ke banner pakarh kar mera jism meri marzi waala naara aapki amma ne maara hota to aap is duniya main ye tweet karney ke liye maujood hi na hoteen 😑😑😑,aisi or kis kis ki lund par uchel uchel kar moja lati ghar me.,roads pe lab coat b ap ki gender hi pehnti ha 😂,apni behn ko bhejo gay na aurat march me??,aesi randiyon ka koi chamcha nahi tha,2,sexism_batch_007.csv
class3_batch002_sample020212,2,20212,3,Sexism,321212,325212,v3_original_demo_boundary_prompt,4-shot random authentic same-class,Shortlisted authentic RUHSOLD Sexism examples,40,"ab iska sara credit har anchor le rha h jb k  rape,  ki asal jad h hi media jo mera jism.meri marzi,  hareem.shah , qandeel bloch , valentine day pe program krty hn phr rape hi hn gy","aurat ko islam nai galat lagta, ap log lagtay ho jo ye boltay hain k agar aurat ka rape hua to wo uski galtie usne sar par dupatta nai kiya us banday ki nahi wo bechara kesay control karay",dhoka khane k baad oska aitbar uth jata haa sbsee or dosre mard mai b interest ni rehta...ku k aurat jism k ley ni chahti jbk mard jism k ley chahta😌🙂,bc ghar wale bhi soch rahe honge yeh kya system paida ho gya sala lagta programing galat ho gayi.... sabsi badi confusion iske liye ladka dhundheyge yaa ladki😉,ek doosray jaisay aisey peshawri hain jinsey tauqeer rakhna chaye 😂,1,sexism_batch_002.csv
class3_batch002_sample020307,2,20307,3,Sexism,321307,325307,v3_original_demo_boundary_prompt,4-shot random authentic same-class,Shortlisted authentic RUHSOLD Sexism examples,40,jahiliyat ki v had hai ye apne ghar me slave ki tarh rahti hai aur bahar kutto jaise bhaunk rhi hai... shame on these ladies,70 saal ka mard is better than a 30 year old hijra😅,shazaib apni baji ko b bejna han aurat march ma agr itne he zruri hai to,agar aaj se 40 saal pehley isi tarha ke banner pakarh kar mera jism meri marzi waala naara aapki amma ne maara hota to aap is duniya main ye tweet karney ke liye maujood hi na hoteen 😑😑😑,apni behno ko chod lete ho ab kya kuch bhi hoga,1,sexism_batch_002.csv
class3_batch004_sample020727,4,20727,3,Sexism,321727,325727,v3_original_demo_boundary_prompt,4-shot random authentic same-class,Shortlisted authentic RUHSOLD Sexism examples,40,tu kyun ro rahe hai hijra? tera buddhe hijra to kamjor mard hai. uska kara nehi hota. 🤣🤣🤣🤣,jahiliyat ki v had hai ye apne ghar me slave ki tarh rahti hai aur bahar kutto jaise bhaunk rhi hai... shame on these ladies,#stopauratbarbadimarch who are you for arguing our tradition and islamic manners you bluddy 2 takay ki aurat   .,"aurat ko islam nai galat lagta, ap log lagtay ho jo ye boltay hain k agar aurat ka rape hua to wo uski galtie usne sar par dupatta nai kiya us banday ki nahi wo bechara kesay control karay",tu bacha tha kab se kya lund marwa raha hai,1,sexism_batch_004.csv
class3_batch007_sample021362,7,21362,3,Sexism,322362,326362,v3_original_demo_boundary_prompt,4-shot random authentic same-class,Shortlisted authentic RUHSOLD Sexism examples,40,mard muhbt kr bhi ly tu aksar aurat he dhoka dy jati h usy 💔,70 saal ka mard is better than a 30 year old hijra😅,ap ko mard banny ki acting pasand i? agr ni to hijra hi bany rahye sir ye mardo k kam hn hijro k ni.,aisi or kis kis ki lund par uchel uchel kar moja lati ghar me.,shukriya charsi tera baap hai,2,sexism_batch_007.csv
class3_batch003_sample020447,3,20447,3,Sexism,321447,325447,v3_original_demo_boundary_prompt,4-shot random authentic same-class,Shortlisted authentic RUHSOLD Sexism examples,40,aaaahhhhhh bhenchod.....jese tere is mangalsutra ki sahi jagah tere gale me nai balki mere mote kaale lund pr he.... vese hi tujh jesi chudakkad kuttiya ki jagah kewal mere pairo k niche he saali.... chal inbox me aa.....,#stopauratbarbadimarch who are you for arguing our tradition and islamic manners you bluddy 2 takay ki aurat   .,teri chut me sabhi bhaiyo ka lund reply de randi,dhoka khane k baad oska aitbar uth jata haa sbsee or dosre mard mai b interest ni rehta...ku k aurat jism k ley ni chahti jbk mard jism k ley chahta😌🙂,yeh toh huwa hai tu bachpan se nafrat krta tha tera jism meri marzi ke sath.. 😂😂,1,sexism_batch_003.csv
class3_batch002_sample020381,2,20381,3,Sexism,321381,325381,v3_original_demo_boundary_prompt,4-shot random authentic same-class,Shortlisted authentic RUHSOLD Sexism examples,40,70 saal ka mard is better than a 30 year old hijra😅,apni behn ko bhejo gay na aurat march me??,ek randi larki ko itni pazeerai di hai. smjh se bahir hai,teri chut me sabhi bhaiyo ka lund reply de randi,abe kya sasti randi ki nasal,1,sexism_batch_002.csv
class3_batch007_sample021338,7,21338,3,Sexism,322338,326338,v3_original_demo_boundary_prompt,4-shot random authentic same-class,Shortlisted authentic RUHSOLD Sexism examples,40,#stopauratbarbadimarch who are you for arguing our tradition and islamic manners you bluddy 2 takay ki aurat   .,agar aaj se 40 saal pehley isi tarha ke banner pakarh kar mera jism meri marzi waala naara aapki amma ne maara hota to aap is duniya main ye tweet karney ke liye maujood hi na hoteen 😑😑😑,70 saal ka mard is better than a 30 year old hijra😅,shazaib apni baji ko b bejna han aurat march ma agr itne he zruri hai to,nhi koi aurat ne sary din kuch nahi kr rhi thi uske bare me,2,sexism_batch_007.csv
class3_batch004_sample020694,4,20694,3,Sexism,321694,325694,v3_original_demo_boundary_prompt,4-shot random authentic same-class,Shortlisted authentic RUHSOLD Sexism examples,40,bilo rani tumhari pehchan sirf or sirf hijra huna hai.. na mard,agar aaj se 40 saal pehley isi tarha ke banner pakarh kar mera jism meri marzi waala naara aapki amma ne maara hota to aap is duniya main ye tweet karney ke liye maujood hi na hoteen 😑😑😑,lalchi aurat paisa dekhti hai aur khandani aurat sirf sehrat dekhti hai,#stopauratbarbadimarch who are you for arguing our tradition and islamic manners you bluddy 2 takay ki aurat   .,randi,1,sexism_batch_004.csv
class3_batch003_sample020567,3,20567,3,Sexism,321567,325567,v3_original_demo_boundary_prompt,4-shot random authentic same-class,Shortlisted authentic RUHSOLD Sexism examples,40,bc ghar wale bhi soch rahe honge yeh kya system paida ho gya sala lagta programing galat ho gayi.... sabsi badi confusion iske liye ladka dhundheyge yaa ladki😉,#stopauratbarbadimarch who are you for arguing our tradition and islamic manners you bluddy 2 takay ki aurat   .,jahiliyat ki v had hai ye apne ghar me slave ki tarh rahti hai aur bahar kutto jaise bhaunk rhi hai... shame on these ladies,lalchi aurat paisa dekhti hai aur khandani aurat sirf sehrat dekhti hai,acha tu bachpan mein tera baap nahi tha..tu ek aurat ka beta hai,1,sexism_batch_003.csv
class3_batch003_sample020588,3,20588,3,Sexism,321588,325588,v3_original_demo_boundary_prompt,4-shot random authentic same-class,Shortlisted authentic RUHSOLD Sexism examples,40,randi kise kahte ha aap hi bata do? ye word ghatiya women ke liye hi use karta ha ab deepika ghatiya ha to randi hi bolenge na,aaaahhhhhh bhenchod.....jese tere is mangalsutra ki sahi jagah tere gale me nai balki mere mote kaale lund pr he.... vese hi tujh jesi chudakkad kuttiya ki jagah kewal mere pairo k niche he saali.... chal inbox me aa.....,70 saal ka mard is better than a 30 year old hijra😅,roads pe lab coat b ap ki gender hi pehnti ha 😂,maa behn ne uska yaar bana diya tha lekin khud ko nahi pta 🤣,1,sexism_batch_003.csv
class3_batch008_sample021572,8,21572,3,Sexism,322572,326572,v3_original_demo_boundary_prompt,4-shot random authentic same-class,Shortlisted authentic RUHSOLD Sexism examples,40,aur jesi ghatia aurat ke mun se ye bat achi ni lagti. logon ko garam karnay wali machine.,aisi or kis kis ki lund par uchel uchel kar moja lati ghar me.,dhoka khane k baad oska aitbar uth jata haa sbsee or dosre mard mai b interest ni rehta...ku k aurat jism k ley ni chahti jbk mard jism k ley chahta😌🙂,"aurat ko islam nai galat lagta, ap log lagtay ho jo ye boltay hain k agar aurat ka rape hua to wo uski galtie usne sar par dupatta nai kiya us banday ki nahi wo bechara kesay control karay",chutiye tera ganda khanzeer mout pe pata kia tha,2,sexism_batch_008.csv
class3_batch010_sample021946,10,21946,3,Sexism,322946,326946,v3_original_demo_boundary_prompt,4-shot random authentic same-class,Shortlisted authentic RUHSOLD Sexism examples,40,your leader  is hijra that's why he is not living with his wife.,bilo rani tumhari pehchan sirf or sirf hijra huna hai.. na mard,acha tareka dhondha hai larkun ko ganda sabit karny ka but aesi neech harkat larkyan he kar sakti hain larky nahi.,tu kyun ro rahe hai hijra? tera buddhe hijra to kamjor mard hai. uska kara nehi hota. 🤣🤣🤣🤣,oooohhhhh hijra ki maa chod dete hain,2,sexism_batch_010.csv
class3_batch009_sample021687,9,21687,3,Sexism,322687,326687,v3_original_demo_boundary_prompt,4-shot random authentic same-class,Shortlisted authentic RUHSOLD Sexism examples,40,randi kise kahte ha aap hi bata do? ye word ghatiya women ke liye hi use karta ha ab deepika ghatiya ha to randi hi bolenge na,you are just girlfriend material no one wants wife like you. itna jism jo sirf admi apni bivi ka dekhta h  apka to sary jahan ne dekha h,shazaib apni baji ko b bejna han aurat march ma agr itne he zruri hai to,tum jesi ghatia aurat ka kam hi ni hai media par.kisi kothhay pe ja aur ulta late ja ke.begherat,ye tu bhi randi ki nasal,2,sexism_batch_009.csv
class3_batch008_sample021419,8,21419,3,Sexism,322419,326419,v3_original_demo_boundary_prompt,4-shot random authentic same-class,Shortlisted authentic RUHSOLD Sexism examples,40,"yeh wesy koi bht e zyda ounchi nasal ki randi niqli h wesy , mtlb i can't even imagine koi bughaz or paisy k pechay itna b girr skta h, nehayat e nichly darjay ki baighairat aurat ho, aurat zaat ko b badnaam kea h isny apny wajood sy !! akhh thooo iski zaat pay",transgander   madarchood   hijra tu aik bara khoota ha  haram zada,"madum ap gharailo maon behno ki terha na blkeh on maon behno ki terha bhi nahi jo moaashrat main ghar sy bahir nikal ker apni , maan baap ki .belky pory moaashry ki izzat ka kgayal rekhti hain .ap oss catogary main ati hain .jisy rundi,jisy tawaif,fahasha, jisy badqar kehty hain",shazaib apni baji ko b bejna han aurat march ma agr itne he zruri hai to,ye to sach ha aurat bhen chod hai,2,sexism_batch_008.csv
class3_batch007_sample021391,7,21391,3,Sexism,322391,326391,v3_original_demo_boundary_prompt,4-shot random authentic same-class,Shortlisted authentic RUHSOLD Sexism examples,40,#stopauratbarbadimarch aurat ghr k andr hi achi lgti he yu sarkon par nikalna kisi bhi aurat ki izzat par daag lga skta he,jahiliyat ki v had hai ye apne ghar me slave ki tarh rahti hai aur bahar kutto jaise bhaunk rhi hai... shame on these ladies,shazaib apni baji ko b bejna han aurat march ma agr itne he zruri hai to,transgander   madarchood   hijra tu aik bara khoota ha  haram zada,chalo ab tera jism meri marzi kahan se bakwas kr raha tha,2,sexism_batch_007.csv
class3_batch001_sample020120,1,20120,3,Sexism,321120,325120,v3_original_demo_boundary_prompt,4-shot random authentic same-class,Shortlisted authentic RUHSOLD Sexism examples,40,original attitude boys ma hota ha aur fake girls ma,randi kise kahte ha aap hi bata do? ye word ghatiya women ke liye hi use karta ha ab deepika ghatiya ha to randi hi bolenge na,bc ghar wale bhi soch rahe honge yeh kya system paida ho gya sala lagta programing galat ho gayi.... sabsi badi confusion iske liye ladka dhundheyge yaa ladki😉,jin ko hizab se nafrat he wo nangi ho k ghoome koi in pe thooke ga bhi nahi  aurat khoobsurat pure libas me lagti he mawazna karlen,chutiyae tu apni bahen ki choot mahira ko marunga yaar,1,sexism_batch_001.csv
class3_batch004_sample020744,4,20744,3,Sexism,321744,325744,v3_original_demo_boundary_prompt,4-shot random authentic same-class,Shortlisted authentic RUHSOLD Sexism examples,40,r mazy k bat mra jism wo auratn krti hn jin pr thokta bh koi nae.,agar aaj se 40 saal pehley isi tarha ke banner pakarh kar mera jism meri marzi waala naara aapki amma ne maara hota to aap is duniya main ye tweet karney ke liye maujood hi na hoteen 😑😑😑,teri chut me sabhi bhaiyo ka lund reply de randi,aur jesi ghatia aurat ke mun se ye bat achi ni lagti. logon ko garam karnay wali machine.,ajeeb hijra hy,1,sexism_batch_004.csv
class3_batch009_sample021775,9,21775,3,Sexism,322775,326775,v3_original_demo_boundary_prompt,4-shot random authentic same-class,Shortlisted authentic RUHSOLD Sexism examples,40,dhoka khane k baad oska aitbar uth jata haa sbsee or dosre mard mai b interest ni rehta...ku k aurat jism k ley ni chahti jbk mard jism k ley chahta😌🙂,bc ghar wale bhi soch rahe honge yeh kya system paida ho gya sala lagta programing galat ho gayi.... sabsi badi confusion iske liye ladka dhundheyge yaa ladki😉,#stopauratbarbadimarch aurat ghr k andr hi achi lgti he yu sarkon par nikalna kisi bhi aurat ki izzat par daag lga skta he,tere jaise randiyo ki chudai ke liye to ham mard hain yaha pe,aur tu bhi apni behn ko marne jaa rha hai na 😂,2,sexism_batch_009.csv
class3_batch010_sample021931,10,21931,3,Sexism,322931,326931,v3_original_demo_boundary_prompt,4-shot random authentic same-class,Shortlisted authentic RUHSOLD Sexism examples,40,we are supporting #islam and thank you #khalilurrahmanqamar for your beautiful comments against #gashti .  agar ye #aurat hoti to na me aesi zuban use krta aur na koi gairatmand #admi use krta.,aisi or kis kis ki lund par uchel uchel kar moja lati ghar me.,transgander   madarchood   hijra tu aik bara khoota ha  haram zada,aur jesi ghatia aurat ke mun se ye bat achi ni lagti. logon ko garam karnay wali machine.,apni maa ka yaar ka bachy yeh hai,2,sexism_batch_010.csv
class3_batch010_sample021804,10,21804,3,Sexism,322804,326804,v3_original_demo_boundary_prompt,4-shot random authentic same-class,Shortlisted authentic RUHSOLD Sexism examples,40,tum jesi ghatia aurat ka kam hi ni hai media par.kisi kothhay pe ja aur ulta late ja ke.begherat,muslim countries ki leaderships na mard napunsak or hijra hain.. in mein koi dum nahi.. ye kuch nahi kr sakty.. jinnah ki rooh tarapti hogi.. jinnah ne kashmir par attack ka order diya tha..,dhoka khane k baad oska aitbar uth jata haa sbsee or dosre mard mai b interest ni rehta...ku k aurat jism k ley ni chahti jbk mard jism k ley chahta😌🙂,"yeh wesy koi bht e zyda ounchi nasal ki randi niqli h wesy , mtlb i can't even imagine koi bughaz or paisy k pechay itna b girr skta h, nehayat e nichly darjay ki baighairat aurat ho, aurat zaat ko b badnaam kea h isny apny wajood sy !! akhh thooo iski zaat pay",wo kutti k utarwa rha ha aur unse aik saza milni chaye jo unke qatal krne pr hmari larkiyan ko samajh dete,2,sexism_batch_010.csv
class3_batch006_sample021103,6,21103,3,Sexism,322103,326103,v3_original_demo_boundary_prompt,4-shot random authentic same-class,Shortlisted authentic RUHSOLD Sexism examples,40,muslim countries ki leaderships na mard napunsak or hijra hain.. in mein koi dum nahi.. ye kuch nahi kr sakty.. jinnah ki rooh tarapti hogi.. jinnah ne kashmir par attack ka order diya tha..,original attitude boys ma hota ha aur fake girls ma,#stopauratbarbadimarch who are you for arguing our tradition and islamic manners you bluddy 2 takay ki aurat   .,lalchi aurat paisa dekhti hai aur khandani aurat sirf sehrat dekhti hai,charsi ko bhi aik randi rona hi ni karta...,2,sexism_batch_006.csv
class3_batch009_sample021699,9,21699,3,Sexism,322699,326699,v3_original_demo_boundary_prompt,4-shot random authentic same-class,Shortlisted authentic RUHSOLD Sexism examples,40,acha tareka dhondha hai larkun ko ganda sabit karny ka but aesi neech harkat larkyan he kar sakti hain larky nahi.,you are just girlfriend material no one wants wife like you. itna jism jo sirf admi apni bivi ka dekhta h  apka to sary jahan ne dekha h,"aurat ko islam nai galat lagta, ap log lagtay ho jo ye boltay hain k agar aurat ka rape hua to wo uski galtie usne sar par dupatta nai kiya us banday ki nahi wo bechara kesay control karay",dhoka khane k baad oska aitbar uth jata haa sbsee or dosre mard mai b interest ni rehta...ku k aurat jism k ley ni chahti jbk mard jism k ley chahta😌🙂,randi hai tum,2,sexism_batch_009.csv
class3_batch004_sample020785,4,20785,3,Sexism,321785,325785,v3_original_demo_boundary_prompt,4-shot random authentic same-class,Shortlisted authentic RUHSOLD Sexism examples,40,bc ghar wale bhi soch rahe honge yeh kya system paida ho gya sala lagta programing galat ho gayi.... sabsi badi confusion iske liye ladka dhundheyge yaa ladki😉,tere jaise randiyo ki chudai ke liye to ham mard hain yaha pe,your leader  is hijra that's why he is not living with his wife.,"yeh wesy koi bht e zyda ounchi nasal ki randi niqli h wesy , mtlb i can't even imagine koi bughaz or paisy k pechay itna b girr skta h, nehayat e nichly darjay ki baighairat aurat ho, aurat zaat ko b badnaam kea h isny apny wajood sy !! akhh thooo iski zaat pay",mard ka bacha kuttey,1,sexism_batch_004.csv
class3_batch011_sample022072,11,22072,3,Sexism,323072,327072,v3_original_demo_boundary_prompt,4-shot random authentic same-class,Shortlisted authentic RUHSOLD Sexism examples,40,muslim countries ki leaderships na mard napunsak or hijra hain.. in mein koi dum nahi.. ye kuch nahi kr sakty.. jinnah ki rooh tarapti hogi.. jinnah ne kashmir par attack ka order diya tha..,roads pe lab coat b ap ki gender hi pehnti ha 😂,randi kise kahte ha aap hi bata do? ye word ghatiya women ke liye hi use karta ha ab deepika ghatiya ha to randi hi bolenge na,tu kyun ro rahe hai hijra? tera buddhe hijra to kamjor mard hai. uska kara nehi hota. 🤣🤣🤣🤣,rt : i wish if i could see my bestfriend's mother's nipple when he was born,2,sexism_batch_011.csv
class3_batch003_sample020564,3,20564,3,Sexism,321564,325564,v3_original_demo_boundary_prompt,4-shot random authentic same-class,Shortlisted authentic RUHSOLD Sexism examples,40,apni behn ko bhejo gay na aurat march me??,agar aaj se 40 saal pehley isi tarha ke banner pakarh kar mera jism meri marzi waala naara aapki amma ne maara hota to aap is duniya main ye tweet karney ke liye maujood hi na hoteen 😑😑😑,ap ko mard banny ki acting pasand i? agr ni to hijra hi bany rahye sir ye mardo k kam hn hijro k ni.,teri bhosdi or boobs me parda mat kar...logo ko dekne de.dhake hoge to kaise pata chalega ki tu hijra nehi hai.   hijra kahi ki.,teri maa ka yaar abe hijra ha.,1,sexism_batch_003.csv
class3_batch005_sample020974,5,20974,3,Sexism,321974,325974,v3_original_demo_boundary_prompt,4-shot random authentic same-class,Shortlisted authentic RUHSOLD Sexism examples,40,"yeh wesy koi bht e zyda ounchi nasal ki randi niqli h wesy , mtlb i can't even imagine koi bughaz or paisy k pechay itna b girr skta h, nehayat e nichly darjay ki baighairat aurat ho, aurat zaat ko b badnaam kea h isny apny wajood sy !! akhh thooo iski zaat pay",roads pe lab coat b ap ki gender hi pehnti ha 😂,aaaahhhhhh bhenchod.....jese tere is mangalsutra ki sahi jagah tere gale me nai balki mere mote kaale lund pr he.... vese hi tujh jesi chudakkad kuttiya ki jagah kewal mere pairo k niche he saali.... chal inbox me aa.....,agar aaj se 40 saal pehley isi tarha ke banner pakarh kar mera jism meri marzi waala naara aapki amma ne maara hota to aap is duniya main ye tweet karney ke liye maujood hi na hoteen 😑😑😑,rt : koi bat nai tu hijra,2,sexism_batch_005.csv
class3_batch011_sample022035,11,22035,3,Sexism,323035,327035,v3_original_demo_boundary_prompt,4-shot random authentic same-class,Shortlisted authentic RUHSOLD Sexism examples,40,tum jesi ghatia aurat ka kam hi ni hai media par.kisi kothhay pe ja aur ulta late ja ke.begherat,#stopauratbarbadimarch aurat ghr k andr hi achi lgti he yu sarkon par nikalna kisi bhi aurat ki izzat par daag lga skta he,#stopauratbarbadimarch who are you for arguing our tradition and islamic manners you bluddy 2 takay ki aurat   .,apni behn ko bhejo gay na aurat march me??,oo..ye bhenchod...bahar na ho.,2,sexism_batch_011.csv
class3_batch004_sample020618,4,20618,3,Sexism,321618,325618,v3_original_demo_boundary_prompt,4-shot random authentic same-class,Shortlisted authentic RUHSOLD Sexism examples,40,we are supporting #islam and thank you #khalilurrahmanqamar for your beautiful comments against #gashti .  agar ye #aurat hoti to na me aesi zuban use krta aur na koi gairatmand #admi use krta.,shazaib apni baji ko b bejna han aurat march ma agr itne he zruri hai to,ap ko mard banny ki acting pasand i? agr ni to hijra hi bany rahye sir ye mardo k kam hn hijro k ni.,bilo rani tumhari pehchan sirf or sirf hijra huna hai.. na mard,wahi kya pata tha wo hijra hy or hijre ka kam hain hijra k kya hai,1,sexism_batch_004.csv
class3_batch002_sample020251,2,20251,3,Sexism,321251,325251,v3_original_demo_boundary_prompt,4-shot random authentic same-class,Shortlisted authentic RUHSOLD Sexism examples,40,aisi or kis kis ki lund par uchel uchel kar moja lati ghar me.,acha tareka dhondha hai larkun ko ganda sabit karny ka but aesi neech harkat larkyan he kar sakti hain larky nahi.,ek randi larki ko itni pazeerai di hai. smjh se bahir hai,70 saal ka mard is better than a 30 year old hijra😅,mtlb nafrat ho jaye ga aik hi baar kya,1,sexism_batch_002.csv
class3_batch002_sample020297,2,20297,3,Sexism,321297,325297,v3_original_demo_boundary_prompt,4-shot random authentic same-class,Shortlisted authentic RUHSOLD Sexism examples,40,dhoka khane k baad oska aitbar uth jata haa sbsee or dosre mard mai b interest ni rehta...ku k aurat jism k ley ni chahti jbk mard jism k ley chahta😌🙂,bc ghar wale bhi soch rahe honge yeh kya system paida ho gya sala lagta programing galat ho gayi.... sabsi badi confusion iske liye ladka dhundheyge yaa ladki😉,mard muhbt kr bhi ly tu aksar aurat he dhoka dy jati h usy 💔,"apko kehna chahye tha na mard hoon, na aurat hoo. main hijra hoon main hijra hoon, main parchi hoon, main defected hoon, main accidental chairman hoon.  #joker420",kisi randi ki nasl,1,sexism_batch_002.csv
class3_batch002_sample020366,2,20366,3,Sexism,321366,325366,v3_original_demo_boundary_prompt,4-shot random authentic same-class,Shortlisted authentic RUHSOLD Sexism examples,40,r mazy k bat mra jism wo auratn krti hn jin pr thokta bh koi nae.,jin ko hizab se nafrat he wo nangi ho k ghoome koi in pe thooke ga bhi nahi  aurat khoobsurat pure libas me lagti he mawazna karlen,muslim countries ki leaderships na mard napunsak or hijra hain.. in mein koi dum nahi.. ye kuch nahi kr sakty.. jinnah ki rooh tarapti hogi.. jinnah ne kashmir par attack ka order diya tha..,"ab iska sara credit har anchor le rha h jb k  rape,  ki asal jad h hi media jo mera jism.meri marzi,  hareem.shah , qandeel bloch , valentine day pe program krty hn phr rape hi hn gy",tere maa baap se pocha lene ke liye tu kutte ki nasal hota ha 😠😠,1,sexism_batch_002.csv
class3_batch003_sample020411,3,20411,3,Sexism,321411,325411,v3_original_demo_boundary_prompt,4-shot random authentic same-class,Shortlisted authentic RUHSOLD Sexism examples,40,acha tareka dhondha hai larkun ko ganda sabit karny ka but aesi neech harkat larkyan he kar sakti hain larky nahi.,aisi or kis kis ki lund par uchel uchel kar moja lati ghar me.,dhoka khane k baad oska aitbar uth jata haa sbsee or dosre mard mai b interest ni rehta...ku k aurat jism k ley ni chahti jbk mard jism k ley chahta😌🙂,phir larky beard ky bagiar khusray q lgty hain  wo bhi beard ky bagiar khubsurat lgny chahiye ?,mujhy apko nanga pta chalna tha😂,1,sexism_batch_003.csv
class3_batch003_sample020538,3,20538,3,Sexism,321538,325538,v3_original_demo_boundary_prompt,4-shot random authentic same-class,Shortlisted authentic RUHSOLD Sexism examples,40,bc ghar wale bhi soch rahe honge yeh kya system paida ho gya sala lagta programing galat ho gayi.... sabsi badi confusion iske liye ladka dhundheyge yaa ladki😉,#auratmarch2020 mera jism allah ki marzi.. allah ka to hukam ha tum char dewari me raho .. nd ya nikl k apni nimaish karna chahten,tu kyun ro rahe hai hijra? tera buddhe hijra to kamjor mard hai. uska kara nehi hota. 🤣🤣🤣🤣,aisi or kis kis ki lund par uchel uchel kar moja lati ghar me.,abe randi tu saali chod,1,sexism_batch_003.csv
class3_batch002_sample020233,2,20233,3,Sexism,321233,325233,v3_original_demo_boundary_prompt,4-shot random authentic same-class,Shortlisted authentic RUHSOLD Sexism examples,40,teri chut me sabhi bhaiyo ka lund reply de randi,dhoka khane k baad oska aitbar uth jata haa sbsee or dosre mard mai b interest ni rehta...ku k aurat jism k ley ni chahti jbk mard jism k ley chahta😌🙂,muslim countries ki leaderships na mard napunsak or hijra hain.. in mein koi dum nahi.. ye kuch nahi kr sakty.. jinnah ki rooh tarapti hogi.. jinnah ne kashmir par attack ka order diya tha..,ap ko mard banny ki acting pasand i? agr ni to hijra hi bany rahye sir ye mardo k kam hn hijro k ni.,bhosdike tere maa ki phudi se akhrot todne ke liye a gaya hu,1,sexism_batch_002.csv
class3_batch008_sample021582,8,21582,3,Sexism,322582,326582,v3_original_demo_boundary_prompt,4-shot random authentic same-class,Shortlisted authentic RUHSOLD Sexism examples,40,jin ko hizab se nafrat he wo nangi ho k ghoome koi in pe thooke ga bhi nahi  aurat khoobsurat pure libas me lagti he mawazna karlen,tere jaise randiyo ki chudai ke liye to ham mard hain yaha pe,teri bhosdi or boobs me parda mat kar...logo ko dekne de.dhake hoge to kaise pata chalega ki tu hijra nehi hai.   hijra kahi ki.,"aurat ko islam nai galat lagta, ap log lagtay ho jo ye boltay hain k agar aurat ka rape hua to wo uski galtie usne sar par dupatta nai kiya us banday ki nahi wo bechara kesay control karay",ek aurat maafi maang rahi thi lekin ab unse poora hindu samajh ni aaya..,2,sexism_batch_008.csv
class3_batch001_sample020100,1,20100,3,Sexism,321100,325100,v3_original_demo_boundary_prompt,4-shot random authentic same-class,Shortlisted authentic RUHSOLD Sexism examples,40,"apko kehna chahye tha na mard hoon, na aurat hoo. main hijra hoon main hijra hoon, main parchi hoon, main defected hoon, main accidental chairman hoon.  #joker420",shazaib apni baji ko b bejna han aurat march ma agr itne he zruri hai to,transgander   madarchood   hijra tu aik bara khoota ha  haram zada,your leader  is hijra that's why he is not living with his wife.,abe bharwe aise hi hain tere jaisay,1,sexism_batch_001.csv
class3_batch002_sample020367,2,20367,3,Sexism,321367,325367,v3_original_demo_boundary_prompt,4-shot random authentic same-class,Shortlisted authentic RUHSOLD Sexism examples,40,bc ghar wale bhi soch rahe honge yeh kya system paida ho gya sala lagta programing galat ho gayi.... sabsi badi confusion iske liye ladka dhundheyge yaa ladki😉,apni behn ko bhejo gay na aurat march me??,tere jaise randiyo ki chudai ke liye to ham mard hain yaha pe,aisi or kis kis ki lund par uchel uchel kar moja lati ghar me.,rt :   ye bhenchod ka yaar mard hai,1,sexism_batch_002.csv
class3_batch010_sample021942,10,21942,3,Sexism,322942,326942,v3_original_demo_boundary_prompt,4-shot random authentic same-class,Shortlisted authentic RUHSOLD Sexism examples,40,muslim countries ki leaderships na mard napunsak or hijra hain.. in mein koi dum nahi.. ye kuch nahi kr sakty.. jinnah ki rooh tarapti hogi.. jinnah ne kashmir par attack ka order diya tha..,70 saal ka mard is better than a 30 year old hijra😅,"yeh wesy koi bht e zyda ounchi nasal ki randi niqli h wesy , mtlb i can't even imagine koi bughaz or paisy k pechay itna b girr skta h, nehayat e nichly darjay ki baighairat aurat ho, aurat zaat ko b badnaam kea h isny apny wajood sy !! akhh thooo iski zaat pay",phir larky beard ky bagiar khusray q lgty hain  wo bhi beard ky bagiar khubsurat lgny chahiye ?,"yar teri maa ki choot maru, tu bhi bhenchod hai",2,sexism_batch_010.csv
class3_batch008_sample021436,8,21436,3,Sexism,322436,326436,v3_original_demo_boundary_prompt,4-shot random authentic same-class,Shortlisted authentic RUHSOLD Sexism examples,40,apni behn ko bhejo gay na aurat march me??,your leader  is hijra that's why he is not living with his wife.,ek randi larki ko itni pazeerai di hai. smjh se bahir hai,"ab iska sara credit har anchor le rha h jb k  rape,  ki asal jad h hi media jo mera jism.meri marzi,  hareem.shah , qandeel bloch , valentine day pe program krty hn phr rape hi hn gy",isko goli maaro teri ammi ka yaar tujhe,2,sexism_batch_008.csv
class3_batch001_sample020111,1,20111,3,Sexism,321111,325111,v3_original_demo_boundary_prompt,4-shot random authentic same-class,Shortlisted authentic RUHSOLD Sexism examples,40,"yeh wesy koi bht e zyda ounchi nasal ki randi niqli h wesy , mtlb i can't even imagine koi bughaz or paisy k pechay itna b girr skta h, nehayat e nichly darjay ki baighairat aurat ho, aurat zaat ko b badnaam kea h isny apny wajood sy !! akhh thooo iski zaat pay",tum jesi ghatia aurat ka kam hi ni hai media par.kisi kothhay pe ja aur ulta late ja ke.begherat,aur jesi ghatia aurat ke mun se ye bat achi ni lagti. logon ko garam karnay wali machine.,lalchi aurat paisa dekhti hai aur khandani aurat sirf sehrat dekhti hai,sana q kisi aurat ko dharna dy,1,sexism_batch_001.csv
class3_batch002_sample020254,2,20254,3,Sexism,321254,325254,v3_original_demo_boundary_prompt,4-shot random authentic same-class,Shortlisted authentic RUHSOLD Sexism examples,40,70 saal ka mard is better than a 30 year old hijra😅,"apko kehna chahye tha na mard hoon, na aurat hoo. main hijra hoon main hijra hoon, main parchi hoon, main defected hoon, main accidental chairman hoon.  #joker420",aur jesi ghatia aurat ke mun se ye bat achi ni lagti. logon ko garam karnay wali machine.,tu kyun ro rahe hai hijra? tera buddhe hijra to kamjor mard hai. uska kara nehi hota. 🤣🤣🤣🤣,chutiye tu kutta hi hai...aur yaha kya bhenchod...mard ki chudai karte hain aurat....😑😑,1,sexism_batch_002.csv
class3_batch005_sample020886,5,20886,3,Sexism,321886,325886,v3_original_demo_boundary_prompt,4-shot random authentic same-class,Shortlisted authentic RUHSOLD Sexism examples,40,aisi or kis kis ki lund par uchel uchel kar moja lati ghar me.,aur jesi ghatia aurat ke mun se ye bat achi ni lagti. logon ko garam karnay wali machine.,jin ko hizab se nafrat he wo nangi ho k ghoome koi in pe thooke ga bhi nahi  aurat khoobsurat pure libas me lagti he mawazna karlen,mard muhbt kr bhi ly tu aksar aurat he dhoka dy jati h usy 💔,chup kr ab teri maa ka yaar tu paisa nahi dete,2,sexism_batch_005.csv
class3_batch006_sample021050,6,21050,3,Sexism,322050,326050,v3_original_demo_boundary_prompt,4-shot random authentic same-class,Shortlisted authentic RUHSOLD Sexism examples,40,"ab iska sara credit har anchor le rha h jb k  rape,  ki asal jad h hi media jo mera jism.meri marzi,  hareem.shah , qandeel bloch , valentine day pe program krty hn phr rape hi hn gy",we are supporting #islam and thank you #khalilurrahmanqamar for your beautiful comments against #gashti .  agar ye #aurat hoti to na me aesi zuban use krta aur na koi gairatmand #admi use krta.,ek randi larki ko itni pazeerai di hai. smjh se bahir hai,your leader  is hijra that's why he is not living with his wife.,tum logon ne apny yahoodi agent ko moulana banaya hoa aur un ka yar sahi hae ye gashti,2,sexism_batch_006.csv
class3_batch009_sample021664,9,21664,3,Sexism,322664,326664,v3_original_demo_boundary_prompt,4-shot random authentic same-class,Shortlisted authentic RUHSOLD Sexism examples,40,you are just girlfriend material no one wants wife like you. itna jism jo sirf admi apni bivi ka dekhta h  apka to sary jahan ne dekha h,#stopauratbarbadimarch aurat ghr k andr hi achi lgti he yu sarkon par nikalna kisi bhi aurat ki izzat par daag lga skta he,"yeh wesy koi bht e zyda ounchi nasal ki randi niqli h wesy , mtlb i can't even imagine koi bughaz or paisy k pechay itna b girr skta h, nehayat e nichly darjay ki baighairat aurat ho, aurat zaat ko b badnaam kea h isny apny wajood sy !! akhh thooo iski zaat pay",70 saal ka mard is better than a 30 year old hijra😅,haan bhenchod bhai tu randi rona kr raha h..😂,2,sexism_batch_009.csv
class3_batch008_sample021549,8,21549,3,Sexism,322549,326549,v3_original_demo_boundary_prompt,4-shot random authentic same-class,Shortlisted authentic RUHSOLD Sexism examples,40,tu kyun ro rahe hai hijra? tera buddhe hijra to kamjor mard hai. uska kara nehi hota. 🤣🤣🤣🤣,teri bhosdi or boobs me parda mat kar...logo ko dekne de.dhake hoge to kaise pata chalega ki tu hijra nehi hai.   hijra kahi ki.,"aurat ko islam nai galat lagta, ap log lagtay ho jo ye boltay hain k agar aurat ka rape hua to wo uski galtie usne sar par dupatta nai kiya us banday ki nahi wo bechara kesay control karay",tum jesi ghatia aurat ka kam hi ni hai media par.kisi kothhay pe ja aur ulta late ja ke.begherat,abe randi apni duniya mein kahan laga hai,2,sexism_batch_008.csv
class3_batch009_sample021686,9,21686,3,Sexism,322686,326686,v3_original_demo_boundary_prompt,4-shot random authentic same-class,Shortlisted authentic RUHSOLD Sexism examples,40,#auratmarch2020 mera jism allah ki marzi.. allah ka to hukam ha tum char dewari me raho .. nd ya nikl k apni nimaish karna chahten,you are just girlfriend material no one wants wife like you. itna jism jo sirf admi apni bivi ka dekhta h  apka to sary jahan ne dekha h,we are supporting #islam and thank you #khalilurrahmanqamar for your beautiful comments against #gashti .  agar ye #aurat hoti to na me aesi zuban use krta aur na koi gairatmand #admi use krta.,70 saal ka mard is better than a 30 year old hijra😅,rt : hijra,2,sexism_batch_009.csv
class3_batch008_sample021474,8,21474,3,Sexism,322474,326474,v3_original_demo_boundary_prompt,4-shot random authentic same-class,Shortlisted authentic RUHSOLD Sexism examples,40,tum jesi ghatia aurat ka kam hi ni hai media par.kisi kothhay pe ja aur ulta late ja ke.begherat,aaaahhhhhh bhenchod.....jese tere is mangalsutra ki sahi jagah tere gale me nai balki mere mote kaale lund pr he.... vese hi tujh jesi chudakkad kuttiya ki jagah kewal mere pairo k niche he saali.... chal inbox me aa.....,transgander   madarchood   hijra tu aik bara khoota ha  haram zada,dhoka khane k baad oska aitbar uth jata haa sbsee or dosre mard mai b interest ni rehta...ku k aurat jism k ley ni chahti jbk mard jism k ley chahta😌🙂,ek saali ko chod kar kahin lagwa do teri maa ki chudiyo se akhrot todna chahegi..🤮,2,sexism_batch_008.csv
class3_batch002_sample020361,2,20361,3,Sexism,321361,325361,v3_original_demo_boundary_prompt,4-shot random authentic same-class,Shortlisted authentic RUHSOLD Sexism examples,40,ek randi larki ko itni pazeerai di hai. smjh se bahir hai,aisi or kis kis ki lund par uchel uchel kar moja lati ghar me.,we are supporting #islam and thank you #khalilurrahmanqamar for your beautiful comments against #gashti .  agar ye #aurat hoti to na me aesi zuban use krta aur na koi gairatmand #admi use krta.,acha tareka dhondha hai larkun ko ganda sabit karny ka but aesi neech harkat larkyan he kar sakti hain larky nahi.,kuch nhi larkian jinki maa baap nhi detay hn kisi randi k lode,1,sexism_batch_002.csv
class3_batch008_sample021428,8,21428,3,Sexism,322428,326428,v3_original_demo_boundary_prompt,4-shot random authentic same-class,Shortlisted authentic RUHSOLD Sexism examples,40,tu kyun ro rahe hai hijra? tera buddhe hijra to kamjor mard hai. uska kara nehi hota. 🤣🤣🤣🤣,muslim countries ki leaderships na mard napunsak or hijra hain.. in mein koi dum nahi.. ye kuch nahi kr sakty.. jinnah ki rooh tarapti hogi.. jinnah ne kashmir par attack ka order diya tha..,acha tareka dhondha hai larkun ko ganda sabit karny ka but aesi neech harkat larkyan he kar sakti hain larky nahi.,tum jesi ghatia aurat ka kam hi ni hai media par.kisi kothhay pe ja aur ulta late ja ke.begherat,abe bharwe teri maa chod raha hai,2,sexism_batch_008.csv
class3_batch003_sample020555,3,20555,3,Sexism,321555,325555,v3_original_demo_boundary_prompt,4-shot random authentic same-class,Shortlisted authentic RUHSOLD Sexism examples,40,muslim countries ki leaderships na mard napunsak or hijra hain.. in mein koi dum nahi.. ye kuch nahi kr sakty.. jinnah ki rooh tarapti hogi.. jinnah ne kashmir par attack ka order diya tha..,bc ghar wale bhi soch rahe honge yeh kya system paida ho gya sala lagta programing galat ho gayi.... sabsi badi confusion iske liye ladka dhundheyge yaa ladki😉,shazaib apni baji ko b bejna han aurat march ma agr itne he zruri hai to,tere jaise randiyo ki chudai ke liye to ham mard hain yaha pe,teri ammi ke leay mard hu,1,sexism_batch_003.csv
class3_batch001_sample020184,1,20184,3,Sexism,321184,325184,v3_original_demo_boundary_prompt,4-shot random authentic same-class,Shortlisted authentic RUHSOLD Sexism examples,40,randi kise kahte ha aap hi bata do? ye word ghatiya women ke liye hi use karta ha ab deepika ghatiya ha to randi hi bolenge na,bilo rani tumhari pehchan sirf or sirf hijra huna hai.. na mard,bc ghar wale bhi soch rahe honge yeh kya system paida ho gya sala lagta programing galat ho gayi.... sabsi badi confusion iske liye ladka dhundheyge yaa ladki😉,your leader  is hijra that's why he is not living with his wife.,kisi aur ki chudai mein tu aaj kabhi nahi sakta,1,sexism_batch_001.csv
class3_batch002_sample020210,2,20210,3,Sexism,321210,325210,v3_original_demo_boundary_prompt,4-shot random authentic same-class,Shortlisted authentic RUHSOLD Sexism examples,40,r mazy k bat mra jism wo auratn krti hn jin pr thokta bh koi nae.,"ab iska sara credit har anchor le rha h jb k  rape,  ki asal jad h hi media jo mera jism.meri marzi,  hareem.shah , qandeel bloch , valentine day pe program krty hn phr rape hi hn gy","apko kehna chahye tha na mard hoon, na aurat hoo. main hijra hoon main hijra hoon, main parchi hoon, main defected hoon, main accidental chairman hoon.  #joker420",dhoka khane k baad oska aitbar uth jata haa sbsee or dosre mard mai b interest ni rehta...ku k aurat jism k ley ni chahti jbk mard jism k ley chahta😌🙂,abu tujhe mard ka shakl kya hai.,1,sexism_batch_002.csv
class3_batch003_sample020478,3,20478,3,Sexism,321478,325478,v3_original_demo_boundary_prompt,4-shot random authentic same-class,Shortlisted authentic RUHSOLD Sexism examples,40,tum jesi ghatia aurat ka kam hi ni hai media par.kisi kothhay pe ja aur ulta late ja ke.begherat,phir larky beard ky bagiar khusray q lgty hain  wo bhi beard ky bagiar khubsurat lgny chahiye ?,#stopauratbarbadimarch who are you for arguing our tradition and islamic manners you bluddy 2 takay ki aurat   .,agar aaj se 40 saal pehley isi tarha ke banner pakarh kar mera jism meri marzi waala naara aapki amma ne maara hota to aap is duniya main ye tweet karney ke liye maujood hi na hoteen 😑😑😑,rt : ye wohi aurat hai jo ghar mein nikl lete hai,1,sexism_batch_003.csv
class3_batch007_sample021341,7,21341,3,Sexism,322341,326341,v3_original_demo_boundary_prompt,4-shot random authentic same-class,Shortlisted authentic RUHSOLD Sexism examples,40,aisi or kis kis ki lund par uchel uchel kar moja lati ghar me.,tu kyun ro rahe hai hijra? tera buddhe hijra to kamjor mard hai. uska kara nehi hota. 🤣🤣🤣🤣,teri chut me sabhi bhaiyo ka lund reply de randi,"ab iska sara credit har anchor le rha h jb k  rape,  ki asal jad h hi media jo mera jism.meri marzi,  hareem.shah , qandeel bloch , valentine day pe program krty hn phr rape hi hn gy",o ye tere baap hai hijre,2,sexism_batch_007.csv
class3_batch005_sample020849,5,20849,3,Sexism,321849,325849,v3_original_demo_boundary_prompt,4-shot random authentic same-class,Shortlisted authentic RUHSOLD Sexism examples,40,you are just girlfriend material no one wants wife like you. itna jism jo sirf admi apni bivi ka dekhta h  apka to sary jahan ne dekha h,"apko kehna chahye tha na mard hoon, na aurat hoo. main hijra hoon main hijra hoon, main parchi hoon, main defected hoon, main accidental chairman hoon.  #joker420","yeh wesy koi bht e zyda ounchi nasal ki randi niqli h wesy , mtlb i can't even imagine koi bughaz or paisy k pechay itna b girr skta h, nehayat e nichly darjay ki baighairat aurat ho, aurat zaat ko b badnaam kea h isny apny wajood sy !! akhh thooo iski zaat pay",acha tareka dhondha hai larkun ko ganda sabit karny ka but aesi neech harkat larkyan he kar sakti hain larky nahi.,teri maa ki phudi marunga,2,sexism_batch_005.csv
class3_batch010_sample021964,10,21964,3,Sexism,322964,326964,v3_original_demo_boundary_prompt,4-shot random authentic same-class,Shortlisted authentic RUHSOLD Sexism examples,40,r mazy k bat mra jism wo auratn krti hn jin pr thokta bh koi nae.,"aurat ko islam nai galat lagta, ap log lagtay ho jo ye boltay hain k agar aurat ka rape hua to wo uski galtie usne sar par dupatta nai kiya us banday ki nahi wo bechara kesay control karay",shazaib apni baji ko b bejna han aurat march ma agr itne he zruri hai to,aur jesi ghatia aurat ke mun se ye bat achi ni lagti. logon ko garam karnay wali machine.,abhi tum ny bhagaya pakistan,2,sexism_batch_010.csv
class3_batch006_sample021067,6,21067,3,Sexism,322067,326067,v3_original_demo_boundary_prompt,4-shot random authentic same-class,Shortlisted authentic RUHSOLD Sexism examples,40,tu kyun ro rahe hai hijra? tera buddhe hijra to kamjor mard hai. uska kara nehi hota. 🤣🤣🤣🤣,"apko kehna chahye tha na mard hoon, na aurat hoo. main hijra hoon main hijra hoon, main parchi hoon, main defected hoon, main accidental chairman hoon.  #joker420",lalchi aurat paisa dekhti hai aur khandani aurat sirf sehrat dekhti hai,transgander   madarchood   hijra tu aik bara khoota ha  haram zada,bhenchod hijra ke sath saari baatein karte ho,2,sexism_batch_006.csv
class3_batch002_sample020298,2,20298,3,Sexism,321298,325298,v3_original_demo_boundary_prompt,4-shot random authentic same-class,Shortlisted authentic RUHSOLD Sexism examples,40,r mazy k bat mra jism wo auratn krti hn jin pr thokta bh koi nae.,teri chut me sabhi bhaiyo ka lund reply de randi,"apko kehna chahye tha na mard hoon, na aurat hoo. main hijra hoon main hijra hoon, main parchi hoon, main defected hoon, main accidental chairman hoon.  #joker420",jahiliyat ki v had hai ye apne ghar me slave ki tarh rahti hai aur bahar kutto jaise bhaunk rhi hai... shame on these ladies,sharam nhi ati bhenchod,1,sexism_batch_002.csv
class3_batch001_sample020056,1,20056,3,Sexism,321056,325056,v3_original_demo_boundary_prompt,4-shot random authentic same-class,Shortlisted authentic RUHSOLD Sexism examples,40,mard muhbt kr bhi ly tu aksar aurat he dhoka dy jati h usy 💔,original attitude boys ma hota ha aur fake girls ma,your leader  is hijra that's why he is not living with his wife.,#auratmarch2020 mera jism allah ki marzi.. allah ka to hukam ha tum char dewari me raho .. nd ya nikl k apni nimaish karna chahten,yeh charsi kuttey k bachy,1,sexism_batch_001.csv
class3_batch003_sample020535,3,20535,3,Sexism,321535,325535,v3_original_demo_boundary_prompt,4-shot random authentic same-class,Shortlisted authentic RUHSOLD Sexism examples,40,your leader  is hijra that's why he is not living with his wife.,teri chut me sabhi bhaiyo ka lund reply de randi,we are supporting #islam and thank you #khalilurrahmanqamar for your beautiful comments against #gashti .  agar ye #aurat hoti to na me aesi zuban use krta aur na koi gairatmand #admi use krta.,original attitude boys ma hota ha aur fake girls ma,yahi hai wohi gashti,1,sexism_batch_003.csv
class3_batch001_sample020109,1,20109,3,Sexism,321109,325109,v3_original_demo_boundary_prompt,4-shot random authentic same-class,Shortlisted authentic RUHSOLD Sexism examples,40,#auratmarch2020 mera jism allah ki marzi.. allah ka to hukam ha tum char dewari me raho .. nd ya nikl k apni nimaish karna chahten,r mazy k bat mra jism wo auratn krti hn jin pr thokta bh koi nae.,tere jaise randiyo ki chudai ke liye to ham mard hain yaha pe,"aurat ko islam nai galat lagta, ap log lagtay ho jo ye boltay hain k agar aurat ka rape hua to wo uski galtie usne sar par dupatta nai kiya us banday ki nahi wo bechara kesay control karay",i am so glad they are talking about their problems but its also important to know what is our role as men when it comes to ending this problem...we can't just blame women,1,sexism_batch_001.csv
class3_batch007_sample021211,7,21211,3,Sexism,322211,326211,v3_original_demo_boundary_prompt,4-shot random authentic same-class,Shortlisted authentic RUHSOLD Sexism examples,40,teri chut me sabhi bhaiyo ka lund reply de randi,#stopauratbarbadimarch aurat ghr k andr hi achi lgti he yu sarkon par nikalna kisi bhi aurat ki izzat par daag lga skta he,tu kyun ro rahe hai hijra? tera buddhe hijra to kamjor mard hai. uska kara nehi hota. 🤣🤣🤣🤣,shazaib apni baji ko b bejna han aurat march ma agr itne he zruri hai to,abe halala wali... bahanchod,2,sexism_batch_007.csv
class3_batch002_sample020350,2,20350,3,Sexism,321350,325350,v3_original_demo_boundary_prompt,4-shot random authentic same-class,Shortlisted authentic RUHSOLD Sexism examples,40,ek randi larki ko itni pazeerai di hai. smjh se bahir hai,mard muhbt kr bhi ly tu aksar aurat he dhoka dy jati h usy 💔,"aurat ko islam nai galat lagta, ap log lagtay ho jo ye boltay hain k agar aurat ka rape hua to wo uski galtie usne sar par dupatta nai kiya us banday ki nahi wo bechara kesay control karay",aisi or kis kis ki lund par uchel uchel kar moja lati ghar me.,saali kehte hein k aurat ko asli rights milane chahye. lekin ye koi kya dikkat h.,1,sexism_batch_002.csv
class3_batch004_sample020670,4,20670,3,Sexism,321670,325670,v3_original_demo_boundary_prompt,4-shot random authentic same-class,Shortlisted authentic RUHSOLD Sexism examples,40,we are supporting #islam and thank you #khalilurrahmanqamar for your beautiful comments against #gashti .  agar ye #aurat hoti to na me aesi zuban use krta aur na koi gairatmand #admi use krta.,dhoka khane k baad oska aitbar uth jata haa sbsee or dosre mard mai b interest ni rehta...ku k aurat jism k ley ni chahti jbk mard jism k ley chahta😌🙂,phir larky beard ky bagiar khusray q lgty hain  wo bhi beard ky bagiar khubsurat lgny chahiye ?,original attitude boys ma hota ha aur fake girls ma,sher ka beta abe gaand marun khud ki maa ko,1,sexism_batch_004.csv
class3_batch001_sample020128,1,20128,3,Sexism,321128,325128,v3_original_demo_boundary_prompt,4-shot random authentic same-class,Shortlisted authentic RUHSOLD Sexism examples,40,your leader  is hijra that's why he is not living with his wife.,aaaahhhhhh bhenchod.....jese tere is mangalsutra ki sahi jagah tere gale me nai balki mere mote kaale lund pr he.... vese hi tujh jesi chudakkad kuttiya ki jagah kewal mere pairo k niche he saali.... chal inbox me aa.....,teri bhosdi or boobs me parda mat kar...logo ko dekne de.dhake hoge to kaise pata chalega ki tu hijra nehi hai.   hijra kahi ki.,ek randi larki ko itni pazeerai di hai. smjh se bahir hai,kuch nae apna maa baap bhaunk raha hai kisi randi ki aulad,1,sexism_batch_001.csv
class3_batch005_sample020923,5,20923,3,Sexism,321923,325923,v3_original_demo_boundary_prompt,4-shot random authentic same-class,Shortlisted authentic RUHSOLD Sexism examples,40,aaaahhhhhh bhenchod.....jese tere is mangalsutra ki sahi jagah tere gale me nai balki mere mote kaale lund pr he.... vese hi tujh jesi chudakkad kuttiya ki jagah kewal mere pairo k niche he saali.... chal inbox me aa.....,bc ghar wale bhi soch rahe honge yeh kya system paida ho gya sala lagta programing galat ho gayi.... sabsi badi confusion iske liye ladka dhundheyge yaa ladki😉,#stopauratbarbadimarch aurat ghr k andr hi achi lgti he yu sarkon par nikalna kisi bhi aurat ki izzat par daag lga skta he,randi kise kahte ha aap hi bata do? ye word ghatiya women ke liye hi use karta ha ab deepika ghatiya ha to randi hi bolenge na,chal tere baap ka naam kutte ka hai...  tera ghar hi nai jaana chahta tha tu,2,sexism_batch_005.csv
class3_batch004_sample020651,4,20651,3,Sexism,321651,325651,v3_original_demo_boundary_prompt,4-shot random authentic same-class,Shortlisted authentic RUHSOLD Sexism examples,40,bilo rani tumhari pehchan sirf or sirf hijra huna hai.. na mard,r mazy k bat mra jism wo auratn krti hn jin pr thokta bh koi nae.,transgander   madarchood   hijra tu aik bara khoota ha  haram zada,agar aaj se 40 saal pehley isi tarha ke banner pakarh kar mera jism meri marzi waala naara aapki amma ne maara hota to aap is duniya main ye tweet karney ke liye maujood hi na hoteen 😑😑😑,teri behn ki chut mein daale ga,1,sexism_batch_004.csv
class3_batch008_sample021594,8,21594,3,Sexism,322594,326594,v3_original_demo_boundary_prompt,4-shot random authentic same-class,Shortlisted authentic RUHSOLD Sexism examples,40,jahiliyat ki v had hai ye apne ghar me slave ki tarh rahti hai aur bahar kutto jaise bhaunk rhi hai... shame on these ladies,your leader  is hijra that's why he is not living with his wife.,"apko kehna chahye tha na mard hoon, na aurat hoo. main hijra hoon main hijra hoon, main parchi hoon, main defected hoon, main accidental chairman hoon.  #joker420",bilo rani tumhari pehchan sirf or sirf hijra huna hai.. na mard,agr tm ko pta hota tu jaake hi usse pooch,2,sexism_batch_008.csv
class3_batch010_sample021916,10,21916,3,Sexism,322916,326916,v3_original_demo_boundary_prompt,4-shot random authentic same-class,Shortlisted authentic RUHSOLD Sexism examples,40,#auratmarch2020 mera jism allah ki marzi.. allah ka to hukam ha tum char dewari me raho .. nd ya nikl k apni nimaish karna chahten,bilo rani tumhari pehchan sirf or sirf hijra huna hai.. na mard,you are just girlfriend material no one wants wife like you. itna jism jo sirf admi apni bivi ka dekhta h  apka to sary jahan ne dekha h,"yeh wesy koi bht e zyda ounchi nasal ki randi niqli h wesy , mtlb i can't even imagine koi bughaz or paisy k pechay itna b girr skta h, nehayat e nichly darjay ki baighairat aurat ho, aurat zaat ko b badnaam kea h isny apny wajood sy !! akhh thooo iski zaat pay","sharm se baat krte hai, esko nahin hota abhi tu kya bana le",2,sexism_batch_010.csv
class3_batch004_sample020611,4,20611,3,Sexism,321611,325611,v3_original_demo_boundary_prompt,4-shot random authentic same-class,Shortlisted authentic RUHSOLD Sexism examples,40,tu kyun ro rahe hai hijra? tera buddhe hijra to kamjor mard hai. uska kara nehi hota. 🤣🤣🤣🤣,mard muhbt kr bhi ly tu aksar aurat he dhoka dy jati h usy 💔,transgander   madarchood   hijra tu aik bara khoota ha  haram zada,"ab iska sara credit har anchor le rha h jb k  rape,  ki asal jad h hi media jo mera jism.meri marzi,  hareem.shah , qandeel bloch , valentine day pe program krty hn phr rape hi hn gy",ye hijra hi ho kya,1,sexism_batch_004.csv
class3_batch007_sample021375,7,21375,3,Sexism,322375,326375,v3_original_demo_boundary_prompt,4-shot random authentic same-class,Shortlisted authentic RUHSOLD Sexism examples,40,teri chut me sabhi bhaiyo ka lund reply de randi,r mazy k bat mra jism wo auratn krti hn jin pr thokta bh koi nae.,lalchi aurat paisa dekhti hai aur khandani aurat sirf sehrat dekhti hai,aaaahhhhhh bhenchod.....jese tere is mangalsutra ki sahi jagah tere gale me nai balki mere mote kaale lund pr he.... vese hi tujh jesi chudakkad kuttiya ki jagah kewal mere pairo k niche he saali.... chal inbox me aa.....,apni maa ko apne baap ke sath rooh dekh lo. yeh abhi tak tu hijra nahi,2,sexism_batch_007.csv
class3_batch009_sample021647,9,21647,3,Sexism,322647,326647,v3_original_demo_boundary_prompt,4-shot random authentic same-class,Shortlisted authentic RUHSOLD Sexism examples,40,70 saal ka mard is better than a 30 year old hijra😅,bc ghar wale bhi soch rahe honge yeh kya system paida ho gya sala lagta programing galat ho gayi.... sabsi badi confusion iske liye ladka dhundheyge yaa ladki😉,aisi or kis kis ki lund par uchel uchel kar moja lati ghar me.,"yeh wesy koi bht e zyda ounchi nasal ki randi niqli h wesy , mtlb i can't even imagine koi bughaz or paisy k pechay itna b girr skta h, nehayat e nichly darjay ki baighairat aurat ho, aurat zaat ko b badnaam kea h isny apny wajood sy !! akhh thooo iski zaat pay","tum logon ny ek number se jaldi ho rakha hai na, chup kr..",2,sexism_batch_009.csv
class3_batch008_sample021473,8,21473,3,Sexism,322473,326473,v3_original_demo_boundary_prompt,4-shot random authentic same-class,Shortlisted authentic RUHSOLD Sexism examples,40,tum jesi ghatia aurat ka kam hi ni hai media par.kisi kothhay pe ja aur ulta late ja ke.begherat,aisi or kis kis ki lund par uchel uchel kar moja lati ghar me.,mard muhbt kr bhi ly tu aksar aurat he dhoka dy jati h usy 💔,"madum ap gharailo maon behno ki terha na blkeh on maon behno ki terha bhi nahi jo moaashrat main ghar sy bahir nikal ker apni , maan baap ki .belky pory moaashry ki izzat ka kgayal rekhti hain .ap oss catogary main ati hain .jisy rundi,jisy tawaif,fahasha, jisy badqar kehty hain",chl bhenchod saali,2,sexism_batch_008.csv
class3_batch003_sample020508,3,20508,3,Sexism,321508,325508,v3_original_demo_boundary_prompt,4-shot random authentic same-class,Shortlisted authentic RUHSOLD Sexism examples,40,70 saal ka mard is better than a 30 year old hijra😅,teri bhosdi or boobs me parda mat kar...logo ko dekne de.dhake hoge to kaise pata chalega ki tu hijra nehi hai.   hijra kahi ki.,#stopauratbarbadimarch aurat ghr k andr hi achi lgti he yu sarkon par nikalna kisi bhi aurat ki izzat par daag lga skta he,jin ko hizab se nafrat he wo nangi ho k ghoome koi in pe thooke ga bhi nahi  aurat khoobsurat pure libas me lagti he mawazna karlen,ye log tere baap ko apne maa ke bare me bat krte hain.,1,sexism_batch_003.csv
class3_batch006_sample021134,6,21134,3,Sexism,322134,326134,v3_original_demo_boundary_prompt,4-shot random authentic same-class,Shortlisted authentic RUHSOLD Sexism examples,40,bilo rani tumhari pehchan sirf or sirf hijra huna hai.. na mard,apni behn ko bhejo gay na aurat march me??,tere jaise randiyo ki chudai ke liye to ham mard hain yaha pe,70 saal ka mard is better than a 30 year old hijra😅,aisi kya duniya ha jo hijre aurat march karne ki zarurat hoti ha,2,sexism_batch_006.csv
class3_batch009_sample021710,9,21710,3,Sexism,322710,326710,v3_original_demo_boundary_prompt,4-shot random authentic same-class,Shortlisted authentic RUHSOLD Sexism examples,40,"yeh wesy koi bht e zyda ounchi nasal ki randi niqli h wesy , mtlb i can't even imagine koi bughaz or paisy k pechay itna b girr skta h, nehayat e nichly darjay ki baighairat aurat ho, aurat zaat ko b badnaam kea h isny apny wajood sy !! akhh thooo iski zaat pay",dhoka khane k baad oska aitbar uth jata haa sbsee or dosre mard mai b interest ni rehta...ku k aurat jism k ley ni chahti jbk mard jism k ley chahta😌🙂,tum jesi ghatia aurat ka kam hi ni hai media par.kisi kothhay pe ja aur ulta late ja ke.begherat,#stopauratbarbadimarch aurat ghr k andr hi achi lgti he yu sarkon par nikalna kisi bhi aurat ki izzat par daag lga skta he,aurat ki baat nahi karte unke liye jo apni maa ko chod dete hain,2,sexism_batch_009.csv
class3_batch002_sample020289,2,20289,3,Sexism,321289,325289,v3_original_demo_boundary_prompt,4-shot random authentic same-class,Shortlisted authentic RUHSOLD Sexism examples,40,aur jesi ghatia aurat ke mun se ye bat achi ni lagti. logon ko garam karnay wali machine.,#stopauratbarbadimarch who are you for arguing our tradition and islamic manners you bluddy 2 takay ki aurat   .,teri bhosdi or boobs me parda mat kar...logo ko dekne de.dhake hoge to kaise pata chalega ki tu hijra nehi hai.   hijra kahi ki.,teri chut me sabhi bhaiyo ka lund reply de randi,"abe gashti, shakal kya hai?",1,sexism_batch_002.csv
class3_batch009_sample021741,9,21741,3,Sexism,322741,326741,v3_original_demo_boundary_prompt,4-shot random authentic same-class,Shortlisted authentic RUHSOLD Sexism examples,40,phir larky beard ky bagiar khusray q lgty hain  wo bhi beard ky bagiar khubsurat lgny chahiye ?,aur jesi ghatia aurat ke mun se ye bat achi ni lagti. logon ko garam karnay wali machine.,you are just girlfriend material no one wants wife like you. itna jism jo sirf admi apni bivi ka dekhta h  apka to sary jahan ne dekha h,bc ghar wale bhi soch rahe honge yeh kya system paida ho gya sala lagta programing galat ho gayi.... sabsi badi confusion iske liye ladka dhundheyge yaa ladki😉,ye randi ki nasal,2,sexism_batch_009.csv
class3_batch008_sample021429,8,21429,3,Sexism,322429,326429,v3_original_demo_boundary_prompt,4-shot random authentic same-class,Shortlisted authentic RUHSOLD Sexism examples,40,teri chut me sabhi bhaiyo ka lund reply de randi,teri bhosdi or boobs me parda mat kar...logo ko dekne de.dhake hoge to kaise pata chalega ki tu hijra nehi hai.   hijra kahi ki.,bc ghar wale bhi soch rahe honge yeh kya system paida ho gya sala lagta programing galat ho gayi.... sabsi badi confusion iske liye ladka dhundheyge yaa ladki😉,you are just girlfriend material no one wants wife like you. itna jism jo sirf admi apni bivi ka dekhta h  apka to sary jahan ne dekha h,bc tere baare mein toh mazeed hi bat krunga. tum ek aurat ke bare mein bhi bolega.,2,sexism_batch_008.csv
class3_batch003_sample020429,3,20429,3,Sexism,321429,325429,v3_original_demo_boundary_prompt,4-shot random authentic same-class,Shortlisted authentic RUHSOLD Sexism examples,40,r mazy k bat mra jism wo auratn krti hn jin pr thokta bh koi nae.,aisi or kis kis ki lund par uchel uchel kar moja lati ghar me.,ap ko mard banny ki acting pasand i? agr ni to hijra hi bany rahye sir ye mardo k kam hn hijro k ni.,#stopauratbarbadimarch who are you for arguing our tradition and islamic manners you bluddy 2 takay ki aurat   .,teri maa chodunga,1,sexism_batch_003.csv
class3_batch007_sample021380,7,21380,3,Sexism,322380,326380,v3_original_demo_boundary_prompt,4-shot random authentic same-class,Shortlisted authentic RUHSOLD Sexism examples,40,ap ko mard banny ki acting pasand i? agr ni to hijra hi bany rahye sir ye mardo k kam hn hijro k ni.,tu kyun ro rahe hai hijra? tera buddhe hijra to kamjor mard hai. uska kara nehi hota. 🤣🤣🤣🤣,teri bhosdi or boobs me parda mat kar...logo ko dekne de.dhake hoge to kaise pata chalega ki tu hijra nehi hai.   hijra kahi ki.,tere jaise randiyo ki chudai ke liye to ham mard hain yaha pe,apko to saja dega.. 😂😂,2,sexism_batch_007.csv
class3_batch009_sample021652,9,21652,3,Sexism,322652,326652,v3_original_demo_boundary_prompt,4-shot random authentic same-class,Shortlisted authentic RUHSOLD Sexism examples,40,jin ko hizab se nafrat he wo nangi ho k ghoome koi in pe thooke ga bhi nahi  aurat khoobsurat pure libas me lagti he mawazna karlen,teri chut me sabhi bhaiyo ka lund reply de randi,teri bhosdi or boobs me parda mat kar...logo ko dekne de.dhake hoge to kaise pata chalega ki tu hijra nehi hai.   hijra kahi ki.,phir larky beard ky bagiar khusray q lgty hain  wo bhi beard ky bagiar khubsurat lgny chahiye ?,ye randi hi apni maa behn ke sath rakh deti hai,2,sexism_batch_009.csv
class3_batch001_sample020196,1,20196,3,Sexism,321196,325196,v3_original_demo_boundary_prompt,4-shot random authentic same-class,Shortlisted authentic RUHSOLD Sexism examples,40,jahiliyat ki v had hai ye apne ghar me slave ki tarh rahti hai aur bahar kutto jaise bhaunk rhi hai... shame on these ladies,"yeh wesy koi bht e zyda ounchi nasal ki randi niqli h wesy , mtlb i can't even imagine koi bughaz or paisy k pechay itna b girr skta h, nehayat e nichly darjay ki baighairat aurat ho, aurat zaat ko b badnaam kea h isny apny wajood sy !! akhh thooo iski zaat pay",apni behn ko bhejo gay na aurat march me??,ap ko mard banny ki acting pasand i? agr ni to hijra hi bany rahye sir ye mardo k kam hn hijro k ni.,abey bhosari ka randi,1,sexism_batch_001.csv
class3_batch008_sample021532,8,21532,3,Sexism,322532,326532,v3_original_demo_boundary_prompt,4-shot random authentic same-class,Shortlisted authentic RUHSOLD Sexism examples,40,tere jaise randiyo ki chudai ke liye to ham mard hain yaha pe,dhoka khane k baad oska aitbar uth jata haa sbsee or dosre mard mai b interest ni rehta...ku k aurat jism k ley ni chahti jbk mard jism k ley chahta😌🙂,r mazy k bat mra jism wo auratn krti hn jin pr thokta bh koi nae.,roads pe lab coat b ap ki gender hi pehnti ha 😂,teri maa ka yaar hu tu jaake usse puch lega kya tujhe ye sikha diya tha,2,sexism_batch_008.csv
class3_batch002_sample020354,2,20354,3,Sexism,321354,325354,v3_original_demo_boundary_prompt,4-shot random authentic same-class,Shortlisted authentic RUHSOLD Sexism examples,40,tere jaise randiyo ki chudai ke liye to ham mard hain yaha pe,apni behn ko bhejo gay na aurat march me??,bc ghar wale bhi soch rahe honge yeh kya system paida ho gya sala lagta programing galat ho gayi.... sabsi badi confusion iske liye ladka dhundheyge yaa ladki😉,tum jesi ghatia aurat ka kam hi ni hai media par.kisi kothhay pe ja aur ulta late ja ke.begherat,teri maa ne pata hoga tera baap hua tha ab.,1,sexism_batch_002.csv
class3_batch011_sample022019,11,22019,3,Sexism,323019,327019,v3_original_demo_boundary_prompt,4-shot random authentic same-class,Shortlisted authentic RUHSOLD Sexism examples,40,"yeh wesy koi bht e zyda ounchi nasal ki randi niqli h wesy , mtlb i can't even imagine koi bughaz or paisy k pechay itna b girr skta h, nehayat e nichly darjay ki baighairat aurat ho, aurat zaat ko b badnaam kea h isny apny wajood sy !! akhh thooo iski zaat pay",bc ghar wale bhi soch rahe honge yeh kya system paida ho gya sala lagta programing galat ho gayi.... sabsi badi confusion iske liye ladka dhundheyge yaa ladki😉,"apko kehna chahye tha na mard hoon, na aurat hoo. main hijra hoon main hijra hoon, main parchi hoon, main defected hoon, main accidental chairman hoon.  #joker420",tu kyun ro rahe hai hijra? tera buddhe hijra to kamjor mard hai. uska kara nehi hota. 🤣🤣🤣🤣,wo bhenchod hijre ki jaldi kar raha hai,2,sexism_batch_011.csv
class3_batch011_sample022095,11,22095,3,Sexism,323095,327095,v3_original_demo_boundary_prompt,4-shot random authentic same-class,Shortlisted authentic RUHSOLD Sexism examples,40,"apko kehna chahye tha na mard hoon, na aurat hoo. main hijra hoon main hijra hoon, main parchi hoon, main defected hoon, main accidental chairman hoon.  #joker420",transgander   madarchood   hijra tu aik bara khoota ha  haram zada,tu kyun ro rahe hai hijra? tera buddhe hijra to kamjor mard hai. uska kara nehi hota. 🤣🤣🤣🤣,#stopauratbarbadimarch aurat ghr k andr hi achi lgti he yu sarkon par nikalna kisi bhi aurat ki izzat par daag lga skta he,teri ma ka yaar ko bhaunk raha hai,2,sexism_batch_011.csv
class3_batch010_sample021926,10,21926,3,Sexism,322926,326926,v3_original_demo_boundary_prompt,4-shot random authentic same-class,Shortlisted authentic RUHSOLD Sexism examples,40,tere jaise randiyo ki chudai ke liye to ham mard hain yaha pe,"madum ap gharailo maon behno ki terha na blkeh on maon behno ki terha bhi nahi jo moaashrat main ghar sy bahir nikal ker apni , maan baap ki .belky pory moaashry ki izzat ka kgayal rekhti hain .ap oss catogary main ati hain .jisy rundi,jisy tawaif,fahasha, jisy badqar kehty hain",bc ghar wale bhi soch rahe honge yeh kya system paida ho gya sala lagta programing galat ho gayi.... sabsi badi confusion iske liye ladka dhundheyge yaa ladki😉,transgander   madarchood   hijra tu aik bara khoota ha  haram zada,abe bhai saale sari gand me daalne se aaya,2,sexism_batch_010.csv
class3_batch009_sample021718,9,21718,3,Sexism,322718,326718,v3_original_demo_boundary_prompt,4-shot random authentic same-class,Shortlisted authentic RUHSOLD Sexism examples,40,you are just girlfriend material no one wants wife like you. itna jism jo sirf admi apni bivi ka dekhta h  apka to sary jahan ne dekha h,teri chut me sabhi bhaiyo ka lund reply de randi,tere jaise randiyo ki chudai ke liye to ham mard hain yaha pe,teri bhosdi or boobs me parda mat kar...logo ko dekne de.dhake hoge to kaise pata chalega ki tu hijra nehi hai.   hijra kahi ki.,teri maa ki chut maa chod do tumhari maa ki paidaish hai,2,sexism_batch_009.csv
class3_batch009_sample021777,9,21777,3,Sexism,322777,326777,v3_original_demo_boundary_prompt,4-shot random authentic same-class,Shortlisted authentic RUHSOLD Sexism examples,40,#stopauratbarbadimarch aurat ghr k andr hi achi lgti he yu sarkon par nikalna kisi bhi aurat ki izzat par daag lga skta he,roads pe lab coat b ap ki gender hi pehnti ha 😂,aaaahhhhhh bhenchod.....jese tere is mangalsutra ki sahi jagah tere gale me nai balki mere mote kaale lund pr he.... vese hi tujh jesi chudakkad kuttiya ki jagah kewal mere pairo k niche he saali.... chal inbox me aa.....,randi kise kahte ha aap hi bata do? ye word ghatiya women ke liye hi use karta ha ab deepika ghatiya ha to randi hi bolenge na,mera zarorat hai baji meri maa ko nikalne ki wja se,2,sexism_batch_009.csv
class3_batch003_sample020530,3,20530,3,Sexism,321530,325530,v3_original_demo_boundary_prompt,4-shot random authentic same-class,Shortlisted authentic RUHSOLD Sexism examples,40,you are just girlfriend material no one wants wife like you. itna jism jo sirf admi apni bivi ka dekhta h  apka to sary jahan ne dekha h,randi kise kahte ha aap hi bata do? ye word ghatiya women ke liye hi use karta ha ab deepika ghatiya ha to randi hi bolenge na,ek randi larki ko itni pazeerai di hai. smjh se bahir hai,roads pe lab coat b ap ki gender hi pehnti ha 😂,teri maa chodu ga,1,sexism_batch_003.csv
class3_batch005_sample020926,5,20926,3,Sexism,321926,325926,v3_original_demo_boundary_prompt,4-shot random authentic same-class,Shortlisted authentic RUHSOLD Sexism examples,40,phir larky beard ky bagiar khusray q lgty hain  wo bhi beard ky bagiar khubsurat lgny chahiye ?,"aurat ko islam nai galat lagta, ap log lagtay ho jo ye boltay hain k agar aurat ka rape hua to wo uski galtie usne sar par dupatta nai kiya us banday ki nahi wo bechara kesay control karay",dhoka khane k baad oska aitbar uth jata haa sbsee or dosre mard mai b interest ni rehta...ku k aurat jism k ley ni chahti jbk mard jism k ley chahta😌🙂,apni behn ko bhejo gay na aurat march me??,wo bhi beard ky bagair khubsurat lgi hoti,2,sexism_batch_005.csv
class3_batch001_sample020069,1,20069,3,Sexism,321069,325069,v3_original_demo_boundary_prompt,4-shot random authentic same-class,Shortlisted authentic RUHSOLD Sexism examples,40,#stopauratbarbadimarch who are you for arguing our tradition and islamic manners you bluddy 2 takay ki aurat   .,jahiliyat ki v had hai ye apne ghar me slave ki tarh rahti hai aur bahar kutto jaise bhaunk rhi hai... shame on these ladies,70 saal ka mard is better than a 30 year old hijra😅,"aurat ko islam nai galat lagta, ap log lagtay ho jo ye boltay hain k agar aurat ka rape hua to wo uski galtie usne sar par dupatta nai kiya us banday ki nahi wo bechara kesay control karay",#jawani_jaan_mera_murdaad,1,sexism_batch_001.csv
class3_batch007_sample021316,7,21316,3,Sexism,322316,326316,v3_original_demo_boundary_prompt,4-shot random authentic same-class,Shortlisted authentic RUHSOLD Sexism examples,40,agar aaj se 40 saal pehley isi tarha ke banner pakarh kar mera jism meri marzi waala naara aapki amma ne maara hota to aap is duniya main ye tweet karney ke liye maujood hi na hoteen 😑😑😑,"ab iska sara credit har anchor le rha h jb k  rape,  ki asal jad h hi media jo mera jism.meri marzi,  hareem.shah , qandeel bloch , valentine day pe program krty hn phr rape hi hn gy","yeh wesy koi bht e zyda ounchi nasal ki randi niqli h wesy , mtlb i can't even imagine koi bughaz or paisy k pechay itna b girr skta h, nehayat e nichly darjay ki baighairat aurat ho, aurat zaat ko b badnaam kea h isny apny wajood sy !! akhh thooo iski zaat pay",tum jesi ghatia aurat ka kam hi ni hai media par.kisi kothhay pe ja aur ulta late ja ke.begherat,uski maa behn ko chod raha h,2,sexism_batch_007.csv
class3_batch005_sample020938,5,20938,3,Sexism,321938,325938,v3_original_demo_boundary_prompt,4-shot random authentic same-class,Shortlisted authentic RUHSOLD Sexism examples,40,r mazy k bat mra jism wo auratn krti hn jin pr thokta bh koi nae.,bilo rani tumhari pehchan sirf or sirf hijra huna hai.. na mard,your leader  is hijra that's why he is not living with his wife.,phir larky beard ky bagiar khusray q lgty hain  wo bhi beard ky bagiar khubsurat lgny chahiye ?,rt : galiyan teri maa ko bolo... teri ammi ki jaldi kar liya.,2,sexism_batch_005.csv
class3_batch003_sample020432,3,20432,3,Sexism,321432,325432,v3_original_demo_boundary_prompt,4-shot random authentic same-class,Shortlisted authentic RUHSOLD Sexism examples,40,#stopauratbarbadimarch who are you for arguing our tradition and islamic manners you bluddy 2 takay ki aurat   .,tu kyun ro rahe hai hijra? tera buddhe hijra to kamjor mard hai. uska kara nehi hota. 🤣🤣🤣🤣,randi kise kahte ha aap hi bata do? ye word ghatiya women ke liye hi use karta ha ab deepika ghatiya ha to randi hi bolenge na,original attitude boys ma hota ha aur fake girls ma,teri ammi ko chod denge tujhy samjha sakta ha kisi aurat ko chodne se pehle apna jism apni marzi hi karke hi rakh lo,1,sexism_batch_003.csv
class3_batch002_sample020240,2,20240,3,Sexism,321240,325240,v3_original_demo_boundary_prompt,4-shot random authentic same-class,Shortlisted authentic RUHSOLD Sexism examples,40,tu kyun ro rahe hai hijra? tera buddhe hijra to kamjor mard hai. uska kara nehi hota. 🤣🤣🤣🤣,teri bhosdi or boobs me parda mat kar...logo ko dekne de.dhake hoge to kaise pata chalega ki tu hijra nehi hai.   hijra kahi ki.,phir larky beard ky bagiar khusray q lgty hain  wo bhi beard ky bagiar khubsurat lgny chahiye ?,muslim countries ki leaderships na mard napunsak or hijra hain.. in mein koi dum nahi.. ye kuch nahi kr sakty.. jinnah ki rooh tarapti hogi.. jinnah ne kashmir par attack ka order diya tha..,hijra hai tum,1,sexism_batch_002.csv
class3_batch011_sample022070,11,22070,3,Sexism,323070,327070,v3_original_demo_boundary_prompt,4-shot random authentic same-class,Shortlisted authentic RUHSOLD Sexism examples,40,#stopauratbarbadimarch who are you for arguing our tradition and islamic manners you bluddy 2 takay ki aurat   .,dhoka khane k baad oska aitbar uth jata haa sbsee or dosre mard mai b interest ni rehta...ku k aurat jism k ley ni chahti jbk mard jism k ley chahta😌🙂,#stopauratbarbadimarch aurat ghr k andr hi achi lgti he yu sarkon par nikalna kisi bhi aurat ki izzat par daag lga skta he,shazaib apni baji ko b bejna han aurat march ma agr itne he zruri hai to,naaa saali ghar wala tha kya,2,sexism_batch_011.csv
class3_batch002_sample020387,2,20387,3,Sexism,321387,325387,v3_original_demo_boundary_prompt,4-shot random authentic same-class,Shortlisted authentic RUHSOLD Sexism examples,40,tere jaise randiyo ki chudai ke liye to ham mard hain yaha pe,aaaahhhhhh bhenchod.....jese tere is mangalsutra ki sahi jagah tere gale me nai balki mere mote kaale lund pr he.... vese hi tujh jesi chudakkad kuttiya ki jagah kewal mere pairo k niche he saali.... chal inbox me aa.....,we are supporting #islam and thank you #khalilurrahmanqamar for your beautiful comments against #gashti .  agar ye #aurat hoti to na me aesi zuban use krta aur na koi gairatmand #admi use krta.,apni behn ko bhejo gay na aurat march me??,teri maa ko chodu ga randi,1,sexism_batch_002.csv
class3_batch002_sample020306,2,20306,3,Sexism,321306,325306,v3_original_demo_boundary_prompt,4-shot random authentic same-class,Shortlisted authentic RUHSOLD Sexism examples,40,"apko kehna chahye tha na mard hoon, na aurat hoo. main hijra hoon main hijra hoon, main parchi hoon, main defected hoon, main accidental chairman hoon.  #joker420",dhoka khane k baad oska aitbar uth jata haa sbsee or dosre mard mai b interest ni rehta...ku k aurat jism k ley ni chahti jbk mard jism k ley chahta😌🙂,jin ko hizab se nafrat he wo nangi ho k ghoome koi in pe thooke ga bhi nahi  aurat khoobsurat pure libas me lagti he mawazna karlen,"yeh wesy koi bht e zyda ounchi nasal ki randi niqli h wesy , mtlb i can't even imagine koi bughaz or paisy k pechay itna b girr skta h, nehayat e nichly darjay ki baighairat aurat ho, aurat zaat ko b badnaam kea h isny apny wajood sy !! akhh thooo iski zaat pay",ye bhi tu samnay per khabar k lia thaa,1,sexism_batch_002.csv
class3_batch009_sample021752,9,21752,3,Sexism,322752,326752,v3_original_demo_boundary_prompt,4-shot random authentic same-class,Shortlisted authentic RUHSOLD Sexism examples,40,roads pe lab coat b ap ki gender hi pehnti ha 😂,phir larky beard ky bagiar khusray q lgty hain  wo bhi beard ky bagiar khubsurat lgny chahiye ?,you are just girlfriend material no one wants wife like you. itna jism jo sirf admi apni bivi ka dekhta h  apka to sary jahan ne dekha h,teri chut me sabhi bhaiyo ka lund reply de randi,teri maa ko dikhty ho na. ye logon ny 50 saal tak aapki maa ko ghar ke baarein bataya tha.,2,sexism_batch_009.csv
class3_batch004_sample020680,4,20680,3,Sexism,321680,325680,v3_original_demo_boundary_prompt,4-shot random authentic same-class,Shortlisted authentic RUHSOLD Sexism examples,40,tere jaise randiyo ki chudai ke liye to ham mard hain yaha pe,randi kise kahte ha aap hi bata do? ye word ghatiya women ke liye hi use karta ha ab deepika ghatiya ha to randi hi bolenge na,#stopauratbarbadimarch who are you for arguing our tradition and islamic manners you bluddy 2 takay ki aurat   .,shazaib apni baji ko b bejna han aurat march ma agr itne he zruri hai to,randi rona hai tu,1,sexism_batch_004.csv
class3_batch005_sample020889,5,20889,3,Sexism,321889,325889,v3_original_demo_boundary_prompt,4-shot random authentic same-class,Shortlisted authentic RUHSOLD Sexism examples,40,dhoka khane k baad oska aitbar uth jata haa sbsee or dosre mard mai b interest ni rehta...ku k aurat jism k ley ni chahti jbk mard jism k ley chahta😌🙂,#stopauratbarbadimarch aurat ghr k andr hi achi lgti he yu sarkon par nikalna kisi bhi aurat ki izzat par daag lga skta he,"madum ap gharailo maon behno ki terha na blkeh on maon behno ki terha bhi nahi jo moaashrat main ghar sy bahir nikal ker apni , maan baap ki .belky pory moaashry ki izzat ka kgayal rekhti hain .ap oss catogary main ati hain .jisy rundi,jisy tawaif,fahasha, jisy badqar kehty hain",tere jaise randiyo ki chudai ke liye to ham mard hain yaha pe,ye mard hai wohi jinse randi rona hai,2,sexism_batch_005.csv
class3_batch005_sample020936,5,20936,3,Sexism,321936,325936,v3_original_demo_boundary_prompt,4-shot random authentic same-class,Shortlisted authentic RUHSOLD Sexism examples,40,#stopauratbarbadimarch aurat ghr k andr hi achi lgti he yu sarkon par nikalna kisi bhi aurat ki izzat par daag lga skta he,bilo rani tumhari pehchan sirf or sirf hijra huna hai.. na mard,tum jesi ghatia aurat ka kam hi ni hai media par.kisi kothhay pe ja aur ulta late ja ke.begherat,aaaahhhhhh bhenchod.....jese tere is mangalsutra ki sahi jagah tere gale me nai balki mere mote kaale lund pr he.... vese hi tujh jesi chudakkad kuttiya ki jagah kewal mere pairo k niche he saali.... chal inbox me aa.....,abe ye randi ka beta,2,sexism_batch_005.csv
class3_batch005_sample020984,5,20984,3,Sexism,321984,325984,v3_original_demo_boundary_prompt,4-shot random authentic same-class,Shortlisted authentic RUHSOLD Sexism examples,40,dhoka khane k baad oska aitbar uth jata haa sbsee or dosre mard mai b interest ni rehta...ku k aurat jism k ley ni chahti jbk mard jism k ley chahta😌🙂,tere jaise randiyo ki chudai ke liye to ham mard hain yaha pe,jin ko hizab se nafrat he wo nangi ho k ghoome koi in pe thooke ga bhi nahi  aurat khoobsurat pure libas me lagti he mawazna karlen,"yeh wesy koi bht e zyda ounchi nasal ki randi niqli h wesy , mtlb i can't even imagine koi bughaz or paisy k pechay itna b girr skta h, nehayat e nichly darjay ki baighairat aurat ho, aurat zaat ko b badnaam kea h isny apny wajood sy !! akhh thooo iski zaat pay",rt : abe gandu madarchod tu saale modi ka fan hy kya,2,sexism_batch_005.csv
class3_batch006_sample021113,6,21113,3,Sexism,322113,326113,v3_original_demo_boundary_prompt,4-shot random authentic same-class,Shortlisted authentic RUHSOLD Sexism examples,40,tu kyun ro rahe hai hijra? tera buddhe hijra to kamjor mard hai. uska kara nehi hota. 🤣🤣🤣🤣,you are just girlfriend material no one wants wife like you. itna jism jo sirf admi apni bivi ka dekhta h  apka to sary jahan ne dekha h,"yeh wesy koi bht e zyda ounchi nasal ki randi niqli h wesy , mtlb i can't even imagine koi bughaz or paisy k pechay itna b girr skta h, nehayat e nichly darjay ki baighairat aurat ho, aurat zaat ko b badnaam kea h isny apny wajood sy !! akhh thooo iski zaat pay",jin ko hizab se nafrat he wo nangi ho k ghoome koi in pe thooke ga bhi nahi  aurat khoobsurat pure libas me lagti he mawazna karlen,baki ab hume kuch nahi chahye teri maa ka yaar,2,sexism_batch_006.csv
class3_batch008_sample021433,8,21433,3,Sexism,322433,326433,v3_original_demo_boundary_prompt,4-shot random authentic same-class,Shortlisted authentic RUHSOLD Sexism examples,40,you are just girlfriend material no one wants wife like you. itna jism jo sirf admi apni bivi ka dekhta h  apka to sary jahan ne dekha h,randi kise kahte ha aap hi bata do? ye word ghatiya women ke liye hi use karta ha ab deepika ghatiya ha to randi hi bolenge na,agar aaj se 40 saal pehley isi tarha ke banner pakarh kar mera jism meri marzi waala naara aapki amma ne maara hota to aap is duniya main ye tweet karney ke liye maujood hi na hoteen 😑😑😑,tu kyun ro rahe hai hijra? tera buddhe hijra to kamjor mard hai. uska kara nehi hota. 🤣🤣🤣🤣,bahanchod,2,sexism_batch_008.csv
class3_batch010_sample021958,10,21958,3,Sexism,322958,326958,v3_original_demo_boundary_prompt,4-shot random authentic same-class,Shortlisted authentic RUHSOLD Sexism examples,40,"aurat ko islam nai galat lagta, ap log lagtay ho jo ye boltay hain k agar aurat ka rape hua to wo uski galtie usne sar par dupatta nai kiya us banday ki nahi wo bechara kesay control karay",acha tareka dhondha hai larkun ko ganda sabit karny ka but aesi neech harkat larkyan he kar sakti hain larky nahi.,#stopauratbarbadimarch aurat ghr k andr hi achi lgti he yu sarkon par nikalna kisi bhi aurat ki izzat par daag lga skta he,"yeh wesy koi bht e zyda ounchi nasal ki randi niqli h wesy , mtlb i can't even imagine koi bughaz or paisy k pechay itna b girr skta h, nehayat e nichly darjay ki baighairat aurat ho, aurat zaat ko b badnaam kea h isny apny wajood sy !! akhh thooo iski zaat pay",mujhy bataye jab tak apni maa se paida hota he tab tak tu kuch na bol..,2,sexism_batch_010.csv
class3_batch010_sample021867,10,21867,3,Sexism,322867,326867,v3_original_demo_boundary_prompt,4-shot random authentic same-class,Shortlisted authentic RUHSOLD Sexism examples,40,bilo rani tumhari pehchan sirf or sirf hijra huna hai.. na mard,#stopauratbarbadimarch aurat ghr k andr hi achi lgti he yu sarkon par nikalna kisi bhi aurat ki izzat par daag lga skta he,jin ko hizab se nafrat he wo nangi ho k ghoome koi in pe thooke ga bhi nahi  aurat khoobsurat pure libas me lagti he mawazna karlen,agar aaj se 40 saal pehley isi tarha ke banner pakarh kar mera jism meri marzi waala naara aapki amma ne maara hota to aap is duniya main ye tweet karney ke liye maujood hi na hoteen 😑😑😑,haath me akhrot todne ki bat kr raha tha tumhare baap ka,2,sexism_batch_010.csv
class3_batch002_sample020211,2,20211,3,Sexism,321211,325211,v3_original_demo_boundary_prompt,4-shot random authentic same-class,Shortlisted authentic RUHSOLD Sexism examples,40,shazaib apni baji ko b bejna han aurat march ma agr itne he zruri hai to,tere jaise randiyo ki chudai ke liye to ham mard hain yaha pe,"yeh wesy koi bht e zyda ounchi nasal ki randi niqli h wesy , mtlb i can't even imagine koi bughaz or paisy k pechay itna b girr skta h, nehayat e nichly darjay ki baighairat aurat ho, aurat zaat ko b badnaam kea h isny apny wajood sy !! akhh thooo iski zaat pay",bilo rani tumhari pehchan sirf or sirf hijra huna hai.. na mard,teri maa ki choot maroon ga us ny tera ghar dhoka diya,1,sexism_batch_002.csv
class3_batch002_sample020247,2,20247,3,Sexism,321247,325247,v3_original_demo_boundary_prompt,4-shot random authentic same-class,Shortlisted authentic RUHSOLD Sexism examples,40,agar aaj se 40 saal pehley isi tarha ke banner pakarh kar mera jism meri marzi waala naara aapki amma ne maara hota to aap is duniya main ye tweet karney ke liye maujood hi na hoteen 😑😑😑,"ab iska sara credit har anchor le rha h jb k  rape,  ki asal jad h hi media jo mera jism.meri marzi,  hareem.shah , qandeel bloch , valentine day pe program krty hn phr rape hi hn gy",we are supporting #islam and thank you #khalilurrahmanqamar for your beautiful comments against #gashti .  agar ye #aurat hoti to na me aesi zuban use krta aur na koi gairatmand #admi use krta.,r mazy k bat mra jism wo auratn krti hn jin pr thokta bh koi nae.,randi k bachy tumhari chutiyon ko lgti ho,1,sexism_batch_002.csv
class3_batch003_sample020561,3,20561,3,Sexism,321561,325561,v3_original_demo_boundary_prompt,4-shot random authentic same-class,Shortlisted authentic RUHSOLD Sexism examples,40,#auratmarch2020 mera jism allah ki marzi.. allah ka to hukam ha tum char dewari me raho .. nd ya nikl k apni nimaish karna chahten,aaaahhhhhh bhenchod.....jese tere is mangalsutra ki sahi jagah tere gale me nai balki mere mote kaale lund pr he.... vese hi tujh jesi chudakkad kuttiya ki jagah kewal mere pairo k niche he saali.... chal inbox me aa.....,aur jesi ghatia aurat ke mun se ye bat achi ni lagti. logon ko garam karnay wali machine.,you are just girlfriend material no one wants wife like you. itna jism jo sirf admi apni bivi ka dekhta h  apka to sary jahan ne dekha h,jab tu thora sa ghum kr ghusa kar ghar me aata hu to mujhe nahi dikhane dete😂,1,sexism_batch_003.csv
class3_batch009_sample021679,9,21679,3,Sexism,322679,326679,v3_original_demo_boundary_prompt,4-shot random authentic same-class,Shortlisted authentic RUHSOLD Sexism examples,40,tum jesi ghatia aurat ka kam hi ni hai media par.kisi kothhay pe ja aur ulta late ja ke.begherat,phir larky beard ky bagiar khusray q lgty hain  wo bhi beard ky bagiar khubsurat lgny chahiye ?,jin ko hizab se nafrat he wo nangi ho k ghoome koi in pe thooke ga bhi nahi  aurat khoobsurat pure libas me lagti he mawazna karlen,"ab iska sara credit har anchor le rha h jb k  rape,  ki asal jad h hi media jo mera jism.meri marzi,  hareem.shah , qandeel bloch , valentine day pe program krty hn phr rape hi hn gy",yeh saali bhenchod nikl.,2,sexism_batch_009.csv
class3_batch002_sample020259,2,20259,3,Sexism,321259,325259,v3_original_demo_boundary_prompt,4-shot random authentic same-class,Shortlisted authentic RUHSOLD Sexism examples,40,"apko kehna chahye tha na mard hoon, na aurat hoo. main hijra hoon main hijra hoon, main parchi hoon, main defected hoon, main accidental chairman hoon.  #joker420","ab iska sara credit har anchor le rha h jb k  rape,  ki asal jad h hi media jo mera jism.meri marzi,  hareem.shah , qandeel bloch , valentine day pe program krty hn phr rape hi hn gy",tum jesi ghatia aurat ka kam hi ni hai media par.kisi kothhay pe ja aur ulta late ja ke.begherat,70 saal ka mard is better than a 30 year old hijra😅,tu kya pakistan mein bacha ho usne dikhaya hai tujhe...😌,1,sexism_batch_002.csv
class3_batch002_sample020342,2,20342,3,Sexism,321342,325342,v3_original_demo_boundary_prompt,4-shot random authentic same-class,Shortlisted authentic RUHSOLD Sexism examples,40,"madum ap gharailo maon behno ki terha na blkeh on maon behno ki terha bhi nahi jo moaashrat main ghar sy bahir nikal ker apni , maan baap ki .belky pory moaashry ki izzat ka kgayal rekhti hain .ap oss catogary main ati hain .jisy rundi,jisy tawaif,fahasha, jisy badqar kehty hain","ab iska sara credit har anchor le rha h jb k  rape,  ki asal jad h hi media jo mera jism.meri marzi,  hareem.shah , qandeel bloch , valentine day pe program krty hn phr rape hi hn gy",apni behn ko bhejo gay na aurat march me??,agar aaj se 40 saal pehley isi tarha ke banner pakarh kar mera jism meri marzi waala naara aapki amma ne maara hota to aap is duniya main ye tweet karney ke liye maujood hi na hoteen 😑😑😑,randi,1,sexism_batch_002.csv
class3_batch010_sample021879,10,21879,3,Sexism,322879,326879,v3_original_demo_boundary_prompt,4-shot random authentic same-class,Shortlisted authentic RUHSOLD Sexism examples,40,ek randi larki ko itni pazeerai di hai. smjh se bahir hai,muslim countries ki leaderships na mard napunsak or hijra hain.. in mein koi dum nahi.. ye kuch nahi kr sakty.. jinnah ki rooh tarapti hogi.. jinnah ne kashmir par attack ka order diya tha..,#auratmarch2020 mera jism allah ki marzi.. allah ka to hukam ha tum char dewari me raho .. nd ya nikl k apni nimaish karna chahten,your leader  is hijra that's why he is not living with his wife.,mtlb apnay tattay aurat ko dushman banwaye ho,2,sexism_batch_010.csv
class3_batch010_sample021892,10,21892,3,Sexism,322892,326892,v3_original_demo_boundary_prompt,4-shot random authentic same-class,Shortlisted authentic RUHSOLD Sexism examples,40,r mazy k bat mra jism wo auratn krti hn jin pr thokta bh koi nae.,agar aaj se 40 saal pehley isi tarha ke banner pakarh kar mera jism meri marzi waala naara aapki amma ne maara hota to aap is duniya main ye tweet karney ke liye maujood hi na hoteen 😑😑😑,teri chut me sabhi bhaiyo ka lund reply de randi,bc ghar wale bhi soch rahe honge yeh kya system paida ho gya sala lagta programing galat ho gayi.... sabsi badi confusion iske liye ladka dhundheyge yaa ladki😉,abay tmne apni behno ko nanga krna hy apko gadhey jana hy,2,sexism_batch_010.csv
class3_batch008_sample021456,8,21456,3,Sexism,322456,326456,v3_original_demo_boundary_prompt,4-shot random authentic same-class,Shortlisted authentic RUHSOLD Sexism examples,40,#stopauratbarbadimarch who are you for arguing our tradition and islamic manners you bluddy 2 takay ki aurat   .,teri chut me sabhi bhaiyo ka lund reply de randi,ek randi larki ko itni pazeerai di hai. smjh se bahir hai,aaaahhhhhh bhenchod.....jese tere is mangalsutra ki sahi jagah tere gale me nai balki mere mote kaale lund pr he.... vese hi tujh jesi chudakkad kuttiya ki jagah kewal mere pairo k niche he saali.... chal inbox me aa.....,rt : bc kisi ne ye sana marvadi kehty hn,2,sexism_batch_008.csv
class3_batch009_sample021641,9,21641,3,Sexism,322641,326641,v3_original_demo_boundary_prompt,4-shot random authentic same-class,Shortlisted authentic RUHSOLD Sexism examples,40,r mazy k bat mra jism wo auratn krti hn jin pr thokta bh koi nae.,teri bhosdi or boobs me parda mat kar...logo ko dekne de.dhake hoge to kaise pata chalega ki tu hijra nehi hai.   hijra kahi ki.,acha tareka dhondha hai larkun ko ganda sabit karny ka but aesi neech harkat larkyan he kar sakti hain larky nahi.,tere jaise randiyo ki chudai ke liye to ham mard hain yaha pe,bc mujhe nai paata esay hi tu hijra ho,2,sexism_batch_009.csv
class3_batch001_sample020124,1,20124,3,Sexism,321124,325124,v3_original_demo_boundary_prompt,4-shot random authentic same-class,Shortlisted authentic RUHSOLD Sexism examples,40,"aurat ko islam nai galat lagta, ap log lagtay ho jo ye boltay hain k agar aurat ka rape hua to wo uski galtie usne sar par dupatta nai kiya us banday ki nahi wo bechara kesay control karay",agar aaj se 40 saal pehley isi tarha ke banner pakarh kar mera jism meri marzi waala naara aapki amma ne maara hota to aap is duniya main ye tweet karney ke liye maujood hi na hoteen 😑😑😑,randi kise kahte ha aap hi bata do? ye word ghatiya women ke liye hi use karta ha ab deepika ghatiya ha to randi hi bolenge na,aur jesi ghatia aurat ke mun se ye bat achi ni lagti. logon ko garam karnay wali machine.,kaha thaaa..??   teri maa ka yaar phudiya,1,sexism_batch_001.csv
class3_batch009_sample021737,9,21737,3,Sexism,322737,326737,v3_original_demo_boundary_prompt,4-shot random authentic same-class,Shortlisted authentic RUHSOLD Sexism examples,40,teri chut me sabhi bhaiyo ka lund reply de randi,#stopauratbarbadimarch who are you for arguing our tradition and islamic manners you bluddy 2 takay ki aurat   .,muslim countries ki leaderships na mard napunsak or hijra hain.. in mein koi dum nahi.. ye kuch nahi kr sakty.. jinnah ki rooh tarapti hogi.. jinnah ne kashmir par attack ka order diya tha..,roads pe lab coat b ap ki gender hi pehnti ha 😂,oooo woh hijra ho..😂,2,sexism_batch_009.csv
class3_batch007_sample021342,7,21342,3,Sexism,322342,326342,v3_original_demo_boundary_prompt,4-shot random authentic same-class,Shortlisted authentic RUHSOLD Sexism examples,40,aisi or kis kis ki lund par uchel uchel kar moja lati ghar me.,tere jaise randiyo ki chudai ke liye to ham mard hain yaha pe,teri bhosdi or boobs me parda mat kar...logo ko dekne de.dhake hoge to kaise pata chalega ki tu hijra nehi hai.   hijra kahi ki.,"aurat ko islam nai galat lagta, ap log lagtay ho jo ye boltay hain k agar aurat ka rape hua to wo uski galtie usne sar par dupatta nai kiya us banday ki nahi wo bechara kesay control karay",rt : chod do mujhe hi tumhari maa ki phudi marun,2,sexism_batch_007.csv
class3_batch004_sample020765,4,20765,3,Sexism,321765,325765,v3_original_demo_boundary_prompt,4-shot random authentic same-class,Shortlisted authentic RUHSOLD Sexism examples,40,randi kise kahte ha aap hi bata do? ye word ghatiya women ke liye hi use karta ha ab deepika ghatiya ha to randi hi bolenge na,your leader  is hijra that's why he is not living with his wife.,mard muhbt kr bhi ly tu aksar aurat he dhoka dy jati h usy 💔,you are just girlfriend material no one wants wife like you. itna jism jo sirf admi apni bivi ka dekhta h  apka to sary jahan ne dekha h,yeh awam kehti ha hijra ho,1,sexism_batch_004.csv
class3_batch008_sample021454,8,21454,3,Sexism,322454,326454,v3_original_demo_boundary_prompt,4-shot random authentic same-class,Shortlisted authentic RUHSOLD Sexism examples,40,70 saal ka mard is better than a 30 year old hijra😅,teri chut me sabhi bhaiyo ka lund reply de randi,dhoka khane k baad oska aitbar uth jata haa sbsee or dosre mard mai b interest ni rehta...ku k aurat jism k ley ni chahti jbk mard jism k ley chahta😌🙂,ek randi larki ko itni pazeerai di hai. smjh se bahir hai,abe tu randi ki nasal hai😂😂,2,sexism_batch_008.csv
class3_batch004_sample020613,4,20613,3,Sexism,321613,325613,v3_original_demo_boundary_prompt,4-shot random authentic same-class,Shortlisted authentic RUHSOLD Sexism examples,40,your leader  is hijra that's why he is not living with his wife.,#stopauratbarbadimarch who are you for arguing our tradition and islamic manners you bluddy 2 takay ki aurat   .,70 saal ka mard is better than a 30 year old hijra😅,dhoka khane k baad oska aitbar uth jata haa sbsee or dosre mard mai b interest ni rehta...ku k aurat jism k ley ni chahti jbk mard jism k ley chahta😌🙂,haha yaar ye hi na ho.. mahira ko jo yahan se hai uski trha aesi nhi hoti😂,1,sexism_batch_004.csv
class3_batch003_sample020590,3,20590,3,Sexism,321590,325590,v3_original_demo_boundary_prompt,4-shot random authentic same-class,Shortlisted authentic RUHSOLD Sexism examples,40,jin ko hizab se nafrat he wo nangi ho k ghoome koi in pe thooke ga bhi nahi  aurat khoobsurat pure libas me lagti he mawazna karlen,"apko kehna chahye tha na mard hoon, na aurat hoo. main hijra hoon main hijra hoon, main parchi hoon, main defected hoon, main accidental chairman hoon.  #joker420",dhoka khane k baad oska aitbar uth jata haa sbsee or dosre mard mai b interest ni rehta...ku k aurat jism k ley ni chahti jbk mard jism k ley chahta😌🙂,r mazy k bat mra jism wo auratn krti hn jin pr thokta bh koi nae.,tum logon ne ye jo pakistan hai kya bana diya ha?,1,sexism_batch_003.csv
class3_batch001_sample020065,1,20065,3,Sexism,321065,325065,v3_original_demo_boundary_prompt,4-shot random authentic same-class,Shortlisted authentic RUHSOLD Sexism examples,40,roads pe lab coat b ap ki gender hi pehnti ha 😂,r mazy k bat mra jism wo auratn krti hn jin pr thokta bh koi nae.,tere jaise randiyo ki chudai ke liye to ham mard hain yaha pe,you are just girlfriend material no one wants wife like you. itna jism jo sirf admi apni bivi ka dekhta h  apka to sary jahan ne dekha h,teri maa se bhi abba se pata nhi ki unke jaise larkian ko apki zindagi me chod do.,1,sexism_batch_001.csv
class3_batch007_sample021280,7,21280,3,Sexism,322280,326280,v3_original_demo_boundary_prompt,4-shot random authentic same-class,Shortlisted authentic RUHSOLD Sexism examples,40,bilo rani tumhari pehchan sirf or sirf hijra huna hai.. na mard,shazaib apni baji ko b bejna han aurat march ma agr itne he zruri hai to,teri bhosdi or boobs me parda mat kar...logo ko dekne de.dhake hoge to kaise pata chalega ki tu hijra nehi hai.   hijra kahi ki.,agar aaj se 40 saal pehley isi tarha ke banner pakarh kar mera jism meri marzi waala naara aapki amma ne maara hota to aap is duniya main ye tweet karney ke liye maujood hi na hoteen 😑😑😑,i guess u r also hijra,2,sexism_batch_007.csv
class3_batch006_sample021160,6,21160,3,Sexism,322160,326160,v3_original_demo_boundary_prompt,4-shot random authentic same-class,Shortlisted authentic RUHSOLD Sexism examples,40,bc ghar wale bhi soch rahe honge yeh kya system paida ho gya sala lagta programing galat ho gayi.... sabsi badi confusion iske liye ladka dhundheyge yaa ladki😉,r mazy k bat mra jism wo auratn krti hn jin pr thokta bh koi nae.,aur jesi ghatia aurat ke mun se ye bat achi ni lagti. logon ko garam karnay wali machine.,original attitude boys ma hota ha aur fake girls ma,oooo chal bhenchod bethi phir bhaunk rahi,2,sexism_batch_006.csv
class3_batch004_sample020710,4,20710,3,Sexism,321710,325710,v3_original_demo_boundary_prompt,4-shot random authentic same-class,Shortlisted authentic RUHSOLD Sexism examples,40,original attitude boys ma hota ha aur fake girls ma,r mazy k bat mra jism wo auratn krti hn jin pr thokta bh koi nae.,"apko kehna chahye tha na mard hoon, na aurat hoo. main hijra hoon main hijra hoon, main parchi hoon, main defected hoon, main accidental chairman hoon.  #joker420",apni behn ko bhejo gay na aurat march me??,tumhari gand maru ga bhenchod,1,sexism_batch_004.csv
class3_batch004_sample020617,4,20617,3,Sexism,321617,325617,v3_original_demo_boundary_prompt,4-shot random authentic same-class,Shortlisted authentic RUHSOLD Sexism examples,40,mard muhbt kr bhi ly tu aksar aurat he dhoka dy jati h usy 💔,"yeh wesy koi bht e zyda ounchi nasal ki randi niqli h wesy , mtlb i can't even imagine koi bughaz or paisy k pechay itna b girr skta h, nehayat e nichly darjay ki baighairat aurat ho, aurat zaat ko b badnaam kea h isny apny wajood sy !! akhh thooo iski zaat pay",aisi or kis kis ki lund par uchel uchel kar moja lati ghar me.,#stopauratbarbadimarch who are you for arguing our tradition and islamic manners you bluddy 2 takay ki aurat   .,ye hi to sirf hijra thaa kya,1,sexism_batch_004.csv
class3_batch010_sample021844,10,21844,3,Sexism,322844,326844,v3_original_demo_boundary_prompt,4-shot random authentic same-class,Shortlisted authentic RUHSOLD Sexism examples,40,"madum ap gharailo maon behno ki terha na blkeh on maon behno ki terha bhi nahi jo moaashrat main ghar sy bahir nikal ker apni , maan baap ki .belky pory moaashry ki izzat ka kgayal rekhti hain .ap oss catogary main ati hain .jisy rundi,jisy tawaif,fahasha, jisy badqar kehty hain",dhoka khane k baad oska aitbar uth jata haa sbsee or dosre mard mai b interest ni rehta...ku k aurat jism k ley ni chahti jbk mard jism k ley chahta😌🙂,agar aaj se 40 saal pehley isi tarha ke banner pakarh kar mera jism meri marzi waala naara aapki amma ne maara hota to aap is duniya main ye tweet karney ke liye maujood hi na hoteen 😑😑😑,#auratmarch2020 mera jism allah ki marzi.. allah ka to hukam ha tum char dewari me raho .. nd ya nikl k apni nimaish karna chahten,rt : aurat march 2020 hum sab randi ho,2,sexism_batch_010.csv
class3_batch003_sample020482,3,20482,3,Sexism,321482,325482,v3_original_demo_boundary_prompt,4-shot random authentic same-class,Shortlisted authentic RUHSOLD Sexism examples,40,lalchi aurat paisa dekhti hai aur khandani aurat sirf sehrat dekhti hai,original attitude boys ma hota ha aur fake girls ma,"aurat ko islam nai galat lagta, ap log lagtay ho jo ye boltay hain k agar aurat ka rape hua to wo uski galtie usne sar par dupatta nai kiya us banday ki nahi wo bechara kesay control karay","apko kehna chahye tha na mard hoon, na aurat hoo. main hijra hoon main hijra hoon, main parchi hoon, main defected hoon, main accidental chairman hoon.  #joker420",aurat ki baat pe bhaunk raha hai.. tera baap tha to tujhe kabhi nahi bolaya,1,sexism_batch_003.csv
class3_batch004_sample020602,4,20602,3,Sexism,321602,325602,v3_original_demo_boundary_prompt,4-shot random authentic same-class,Shortlisted authentic RUHSOLD Sexism examples,40,ap ko mard banny ki acting pasand i? agr ni to hijra hi bany rahye sir ye mardo k kam hn hijro k ni.,roads pe lab coat b ap ki gender hi pehnti ha 😂,aisi or kis kis ki lund par uchel uchel kar moja lati ghar me.,#stopauratbarbadimarch aurat ghr k andr hi achi lgti he yu sarkon par nikalna kisi bhi aurat ki izzat par daag lga skta he,chalo bc tum ne jab niazi ka khatam ho gaya tha to tu nae pata kya yeh kia cheez hota hai.,1,sexism_batch_004.csv
class3_batch008_sample021503,8,21503,3,Sexism,322503,326503,v3_original_demo_boundary_prompt,4-shot random authentic same-class,Shortlisted authentic RUHSOLD Sexism examples,40,tum jesi ghatia aurat ka kam hi ni hai media par.kisi kothhay pe ja aur ulta late ja ke.begherat,r mazy k bat mra jism wo auratn krti hn jin pr thokta bh koi nae.,70 saal ka mard is better than a 30 year old hijra😅,teri bhosdi or boobs me parda mat kar...logo ko dekne de.dhake hoge to kaise pata chalega ki tu hijra nehi hai.   hijra kahi ki.,ye randi se bachcha hai,2,sexism_batch_008.csv
class3_batch009_sample021689,9,21689,3,Sexism,322689,326689,v3_original_demo_boundary_prompt,4-shot random authentic same-class,Shortlisted authentic RUHSOLD Sexism examples,40,ap ko mard banny ki acting pasand i? agr ni to hijra hi bany rahye sir ye mardo k kam hn hijro k ni.,teri chut me sabhi bhaiyo ka lund reply de randi,bilo rani tumhari pehchan sirf or sirf hijra huna hai.. na mard,we are supporting #islam and thank you #khalilurrahmanqamar for your beautiful comments against #gashti .  agar ye #aurat hoti to na me aesi zuban use krta aur na koi gairatmand #admi use krta.,tu ab tak dusri wali maa se mili ha ?,2,sexism_batch_009.csv
class3_batch003_sample020585,3,20585,3,Sexism,321585,325585,v3_original_demo_boundary_prompt,4-shot random authentic same-class,Shortlisted authentic RUHSOLD Sexism examples,40,bilo rani tumhari pehchan sirf or sirf hijra huna hai.. na mard,"yeh wesy koi bht e zyda ounchi nasal ki randi niqli h wesy , mtlb i can't even imagine koi bughaz or paisy k pechay itna b girr skta h, nehayat e nichly darjay ki baighairat aurat ho, aurat zaat ko b badnaam kea h isny apny wajood sy !! akhh thooo iski zaat pay",tu kyun ro rahe hai hijra? tera buddhe hijra to kamjor mard hai. uska kara nehi hota. 🤣🤣🤣🤣,"ab iska sara credit har anchor le rha h jb k  rape,  ki asal jad h hi media jo mera jism.meri marzi,  hareem.shah , qandeel bloch , valentine day pe program krty hn phr rape hi hn gy",ye nawaz sharif k shakl py mil gya h mtlb ye randi ka beta hy,1,sexism_batch_003.csv
class3_batch009_sample021657,9,21657,3,Sexism,322657,326657,v3_original_demo_boundary_prompt,4-shot random authentic same-class,Shortlisted authentic RUHSOLD Sexism examples,40,tu kyun ro rahe hai hijra? tera buddhe hijra to kamjor mard hai. uska kara nehi hota. 🤣🤣🤣🤣,roads pe lab coat b ap ki gender hi pehnti ha 😂,"yeh wesy koi bht e zyda ounchi nasal ki randi niqli h wesy , mtlb i can't even imagine koi bughaz or paisy k pechay itna b girr skta h, nehayat e nichly darjay ki baighairat aurat ho, aurat zaat ko b badnaam kea h isny apny wajood sy !! akhh thooo iski zaat pay",teri chut me sabhi bhaiyo ka lund reply de randi,apni maa ko aisa kah rha h 😒,2,sexism_batch_009.csv
class3_batch006_sample021121,6,21121,3,Sexism,322121,326121,v3_original_demo_boundary_prompt,4-shot random authentic same-class,Shortlisted authentic RUHSOLD Sexism examples,40,"aurat ko islam nai galat lagta, ap log lagtay ho jo ye boltay hain k agar aurat ka rape hua to wo uski galtie usne sar par dupatta nai kiya us banday ki nahi wo bechara kesay control karay",agar aaj se 40 saal pehley isi tarha ke banner pakarh kar mera jism meri marzi waala naara aapki amma ne maara hota to aap is duniya main ye tweet karney ke liye maujood hi na hoteen 😑😑😑,#stopauratbarbadimarch who are you for arguing our tradition and islamic manners you bluddy 2 takay ki aurat   .,aur jesi ghatia aurat ke mun se ye bat achi ni lagti. logon ko garam karnay wali machine.,yeh sasti randiyo ka chutya hai..,2,sexism_batch_006.csv
class3_batch002_sample020275,2,20275,3,Sexism,321275,325275,v3_original_demo_boundary_prompt,4-shot random authentic same-class,Shortlisted authentic RUHSOLD Sexism examples,40,#auratmarch2020 mera jism allah ki marzi.. allah ka to hukam ha tum char dewari me raho .. nd ya nikl k apni nimaish karna chahten,agar aaj se 40 saal pehley isi tarha ke banner pakarh kar mera jism meri marzi waala naara aapki amma ne maara hota to aap is duniya main ye tweet karney ke liye maujood hi na hoteen 😑😑😑,lalchi aurat paisa dekhti hai aur khandani aurat sirf sehrat dekhti hai,we are supporting #islam and thank you #khalilurrahmanqamar for your beautiful comments against #gashti .  agar ye #aurat hoti to na me aesi zuban use krta aur na koi gairatmand #admi use krta.,randi kutte,1,sexism_batch_002.csv
class3_batch005_sample020817,5,20817,3,Sexism,321817,325817,v3_original_demo_boundary_prompt,4-shot random authentic same-class,Shortlisted authentic RUHSOLD Sexism examples,40,teri bhosdi or boobs me parda mat kar...logo ko dekne de.dhake hoge to kaise pata chalega ki tu hijra nehi hai.   hijra kahi ki.,"yeh wesy koi bht e zyda ounchi nasal ki randi niqli h wesy , mtlb i can't even imagine koi bughaz or paisy k pechay itna b girr skta h, nehayat e nichly darjay ki baighairat aurat ho, aurat zaat ko b badnaam kea h isny apny wajood sy !! akhh thooo iski zaat pay",your leader  is hijra that's why he is not living with his wife.,you are just girlfriend material no one wants wife like you. itna jism jo sirf admi apni bivi ka dekhta h  apka to sary jahan ne dekha h,teri maa ki phudi mein ab tera jism hoga aurat ko jaan se puch raha hy usko kya samajhain,2,sexism_batch_005.csv
class3_batch005_sample020903,5,20903,3,Sexism,321903,325903,v3_original_demo_boundary_prompt,4-shot random authentic same-class,Shortlisted authentic RUHSOLD Sexism examples,40,tu kyun ro rahe hai hijra? tera buddhe hijra to kamjor mard hai. uska kara nehi hota. 🤣🤣🤣🤣,agar aaj se 40 saal pehley isi tarha ke banner pakarh kar mera jism meri marzi waala naara aapki amma ne maara hota to aap is duniya main ye tweet karney ke liye maujood hi na hoteen 😑😑😑,apni behn ko bhejo gay na aurat march me??,jahiliyat ki v had hai ye apne ghar me slave ki tarh rahti hai aur bahar kutto jaise bhaunk rhi hai... shame on these ladies,tumhari maa chod doo..,2,sexism_batch_005.csv
class3_batch008_sample021559,8,21559,3,Sexism,322559,326559,v3_original_demo_boundary_prompt,4-shot random authentic same-class,Shortlisted authentic RUHSOLD Sexism examples,40,"aurat ko islam nai galat lagta, ap log lagtay ho jo ye boltay hain k agar aurat ka rape hua to wo uski galtie usne sar par dupatta nai kiya us banday ki nahi wo bechara kesay control karay",r mazy k bat mra jism wo auratn krti hn jin pr thokta bh koi nae.,you are just girlfriend material no one wants wife like you. itna jism jo sirf admi apni bivi ka dekhta h  apka to sary jahan ne dekha h,"apko kehna chahye tha na mard hoon, na aurat hoo. main hijra hoon main hijra hoon, main parchi hoon, main defected hoon, main accidental chairman hoon.  #joker420","rt : ""aurat march"" wala banda hi hai",2,sexism_batch_008.csv
class3_batch009_sample021761,9,21761,3,Sexism,322761,326761,v3_original_demo_boundary_prompt,4-shot random authentic same-class,Shortlisted authentic RUHSOLD Sexism examples,40,"yeh wesy koi bht e zyda ounchi nasal ki randi niqli h wesy , mtlb i can't even imagine koi bughaz or paisy k pechay itna b girr skta h, nehayat e nichly darjay ki baighairat aurat ho, aurat zaat ko b badnaam kea h isny apny wajood sy !! akhh thooo iski zaat pay",randi kise kahte ha aap hi bata do? ye word ghatiya women ke liye hi use karta ha ab deepika ghatiya ha to randi hi bolenge na,roads pe lab coat b ap ki gender hi pehnti ha 😂,jahiliyat ki v had hai ye apne ghar me slave ki tarh rahti hai aur bahar kutto jaise bhaunk rhi hai... shame on these ladies,sana sab randi,2,sexism_batch_009.csv
class3_batch002_sample020281,2,20281,3,Sexism,321281,325281,v3_original_demo_boundary_prompt,4-shot random authentic same-class,Shortlisted authentic RUHSOLD Sexism examples,40,jin ko hizab se nafrat he wo nangi ho k ghoome koi in pe thooke ga bhi nahi  aurat khoobsurat pure libas me lagti he mawazna karlen,r mazy k bat mra jism wo auratn krti hn jin pr thokta bh koi nae.,"apko kehna chahye tha na mard hoon, na aurat hoo. main hijra hoon main hijra hoon, main parchi hoon, main defected hoon, main accidental chairman hoon.  #joker420","ab iska sara credit har anchor le rha h jb k  rape,  ki asal jad h hi media jo mera jism.meri marzi,  hareem.shah , qandeel bloch , valentine day pe program krty hn phr rape hi hn gy",ye tere maa baap ne bana hua hai ya teri amma ne bana hua hai,1,sexism_batch_002.csv
class3_batch010_sample021996,10,21996,3,Sexism,322996,326996,v3_original_demo_boundary_prompt,4-shot random authentic same-class,Shortlisted authentic RUHSOLD Sexism examples,40,bc ghar wale bhi soch rahe honge yeh kya system paida ho gya sala lagta programing galat ho gayi.... sabsi badi confusion iske liye ladka dhundheyge yaa ladki😉,bilo rani tumhari pehchan sirf or sirf hijra huna hai.. na mard,apni behn ko bhejo gay na aurat march me??,"madum ap gharailo maon behno ki terha na blkeh on maon behno ki terha bhi nahi jo moaashrat main ghar sy bahir nikal ker apni , maan baap ki .belky pory moaashry ki izzat ka kgayal rekhti hain .ap oss catogary main ati hain .jisy rundi,jisy tawaif,fahasha, jisy badqar kehty hain",bc usko marna chahiye tha fir uss ki sath hai,2,sexism_batch_010.csv
class3_batch008_sample021489,8,21489,3,Sexism,322489,326489,v3_original_demo_boundary_prompt,4-shot random authentic same-class,Shortlisted authentic RUHSOLD Sexism examples,40,agar aaj se 40 saal pehley isi tarha ke banner pakarh kar mera jism meri marzi waala naara aapki amma ne maara hota to aap is duniya main ye tweet karney ke liye maujood hi na hoteen 😑😑😑,aisi or kis kis ki lund par uchel uchel kar moja lati ghar me.,tum jesi ghatia aurat ka kam hi ni hai media par.kisi kothhay pe ja aur ulta late ja ke.begherat,bilo rani tumhari pehchan sirf or sirf hijra huna hai.. na mard,randi rona wali,2,sexism_batch_008.csv
class3_batch004_sample020792,4,20792,3,Sexism,321792,325792,v3_original_demo_boundary_prompt,4-shot random authentic same-class,Shortlisted authentic RUHSOLD Sexism examples,40,ap ko mard banny ki acting pasand i? agr ni to hijra hi bany rahye sir ye mardo k kam hn hijro k ni.,dhoka khane k baad oska aitbar uth jata haa sbsee or dosre mard mai b interest ni rehta...ku k aurat jism k ley ni chahti jbk mard jism k ley chahta😌🙂,randi kise kahte ha aap hi bata do? ye word ghatiya women ke liye hi use karta ha ab deepika ghatiya ha to randi hi bolenge na,ek randi larki ko itni pazeerai di hai. smjh se bahir hai,oooo chal teri maa ki choot marunga tumhe,1,sexism_batch_004.csv
class3_batch002_sample020321,2,20321,3,Sexism,321321,325321,v3_original_demo_boundary_prompt,4-shot random authentic same-class,Shortlisted authentic RUHSOLD Sexism examples,40,r mazy k bat mra jism wo auratn krti hn jin pr thokta bh koi nae.,transgander   madarchood   hijra tu aik bara khoota ha  haram zada,we are supporting #islam and thank you #khalilurrahmanqamar for your beautiful comments against #gashti .  agar ye #aurat hoti to na me aesi zuban use krta aur na koi gairatmand #admi use krta.,#stopauratbarbadimarch who are you for arguing our tradition and islamic manners you bluddy 2 takay ki aurat   .,iske pakistan ke chutiye auratmard hi kehty hain,1,sexism_batch_002.csv
class3_batch001_sample020188,1,20188,3,Sexism,321188,325188,v3_original_demo_boundary_prompt,4-shot random authentic same-class,Shortlisted authentic RUHSOLD Sexism examples,40,jin ko hizab se nafrat he wo nangi ho k ghoome koi in pe thooke ga bhi nahi  aurat khoobsurat pure libas me lagti he mawazna karlen,muslim countries ki leaderships na mard napunsak or hijra hain.. in mein koi dum nahi.. ye kuch nahi kr sakty.. jinnah ki rooh tarapti hogi.. jinnah ne kashmir par attack ka order diya tha..,aisi or kis kis ki lund par uchel uchel kar moja lati ghar me.,#stopauratbarbadimarch aurat ghr k andr hi achi lgti he yu sarkon par nikalna kisi bhi aurat ki izzat par daag lga skta he,paisay paise bachai apni maa ka yaar,1,sexism_batch_001.csv
class3_batch008_sample021508,8,21508,3,Sexism,322508,326508,v3_original_demo_boundary_prompt,4-shot random authentic same-class,Shortlisted authentic RUHSOLD Sexism examples,40,bc ghar wale bhi soch rahe honge yeh kya system paida ho gya sala lagta programing galat ho gayi.... sabsi badi confusion iske liye ladka dhundheyge yaa ladki😉,"apko kehna chahye tha na mard hoon, na aurat hoo. main hijra hoon main hijra hoon, main parchi hoon, main defected hoon, main accidental chairman hoon.  #joker420",muslim countries ki leaderships na mard napunsak or hijra hain.. in mein koi dum nahi.. ye kuch nahi kr sakty.. jinnah ki rooh tarapti hogi.. jinnah ne kashmir par attack ka order diya tha..,70 saal ka mard is better than a 30 year old hijra😅,rt : abe bhenchod 😥,2,sexism_batch_008.csv
class3_batch005_sample020879,5,20879,3,Sexism,321879,325879,v3_original_demo_boundary_prompt,4-shot random authentic same-class,Shortlisted authentic RUHSOLD Sexism examples,40,dhoka khane k baad oska aitbar uth jata haa sbsee or dosre mard mai b interest ni rehta...ku k aurat jism k ley ni chahti jbk mard jism k ley chahta😌🙂,your leader  is hijra that's why he is not living with his wife.,phir larky beard ky bagiar khusray q lgty hain  wo bhi beard ky bagiar khubsurat lgny chahiye ?,lalchi aurat paisa dekhti hai aur khandani aurat sirf sehrat dekhti hai,tere maa ki phudi mein teri ammi ke gandu se,2,sexism_batch_005.csv
class3_batch003_sample020599,3,20599,3,Sexism,321599,325599,v3_original_demo_boundary_prompt,4-shot random authentic same-class,Shortlisted authentic RUHSOLD Sexism examples,40,teri chut me sabhi bhaiyo ka lund reply de randi,you are just girlfriend material no one wants wife like you. itna jism jo sirf admi apni bivi ka dekhta h  apka to sary jahan ne dekha h,ek randi larki ko itni pazeerai di hai. smjh se bahir hai,"apko kehna chahye tha na mard hoon, na aurat hoo. main hijra hoon main hijra hoon, main parchi hoon, main defected hoon, main accidental chairman hoon.  #joker420","abe salay, saali maa ki phudi marne wale randi k bachy",1,sexism_batch_003.csv
class3_batch003_sample020450,3,20450,3,Sexism,321450,325450,v3_original_demo_boundary_prompt,4-shot random authentic same-class,Shortlisted authentic RUHSOLD Sexism examples,40,teri chut me sabhi bhaiyo ka lund reply de randi,jahiliyat ki v had hai ye apne ghar me slave ki tarh rahti hai aur bahar kutto jaise bhaunk rhi hai... shame on these ladies,roads pe lab coat b ap ki gender hi pehnti ha 😂,r mazy k bat mra jism wo auratn krti hn jin pr thokta bh koi nae.,kabhi ajeeb se azeem nahi bolti hu apki marzi pe hmari wajib e zarurat,1,sexism_batch_003.csv
class3_batch007_sample021290,7,21290,3,Sexism,322290,326290,v3_original_demo_boundary_prompt,4-shot random authentic same-class,Shortlisted authentic RUHSOLD Sexism examples,40,jin ko hizab se nafrat he wo nangi ho k ghoome koi in pe thooke ga bhi nahi  aurat khoobsurat pure libas me lagti he mawazna karlen,you are just girlfriend material no one wants wife like you. itna jism jo sirf admi apni bivi ka dekhta h  apka to sary jahan ne dekha h,"yeh wesy koi bht e zyda ounchi nasal ki randi niqli h wesy , mtlb i can't even imagine koi bughaz or paisy k pechay itna b girr skta h, nehayat e nichly darjay ki baighairat aurat ho, aurat zaat ko b badnaam kea h isny apny wajood sy !! akhh thooo iski zaat pay",tu kyun ro rahe hai hijra? tera buddhe hijra to kamjor mard hai. uska kara nehi hota. 🤣🤣🤣🤣,ye abe teri maa ka yaar lund bacha hai aur danda bola hai,2,sexism_batch_007.csv
class3_batch008_sample021521,8,21521,3,Sexism,322521,326521,v3_original_demo_boundary_prompt,4-shot random authentic same-class,Shortlisted authentic RUHSOLD Sexism examples,40,we are supporting #islam and thank you #khalilurrahmanqamar for your beautiful comments against #gashti .  agar ye #aurat hoti to na me aesi zuban use krta aur na koi gairatmand #admi use krta.,original attitude boys ma hota ha aur fake girls ma,bilo rani tumhari pehchan sirf or sirf hijra huna hai.. na mard,agar aaj se 40 saal pehley isi tarha ke banner pakarh kar mera jism meri marzi waala naara aapki amma ne maara hota to aap is duniya main ye tweet karney ke liye maujood hi na hoteen 😑😑😑,randiyon ki bhi chutia,2,sexism_batch_008.csv
class3_batch008_sample021542,8,21542,3,Sexism,322542,326542,v3_original_demo_boundary_prompt,4-shot random authentic same-class,Shortlisted authentic RUHSOLD Sexism examples,40,we are supporting #islam and thank you #khalilurrahmanqamar for your beautiful comments against #gashti .  agar ye #aurat hoti to na me aesi zuban use krta aur na koi gairatmand #admi use krta.,you are just girlfriend material no one wants wife like you. itna jism jo sirf admi apni bivi ka dekhta h  apka to sary jahan ne dekha h,tu kyun ro rahe hai hijra? tera buddhe hijra to kamjor mard hai. uska kara nehi hota. 🤣🤣🤣🤣,"ab iska sara credit har anchor le rha h jb k  rape,  ki asal jad h hi media jo mera jism.meri marzi,  hareem.shah , qandeel bloch , valentine day pe program krty hn phr rape hi hn gy",rt :  aise gashtiyon ko humara pata nahi ha ke unko kya baat ho rhi h..,2,sexism_batch_008.csv
class3_batch010_sample021965,10,21965,3,Sexism,322965,326965,v3_original_demo_boundary_prompt,4-shot random authentic same-class,Shortlisted authentic RUHSOLD Sexism examples,40,transgander   madarchood   hijra tu aik bara khoota ha  haram zada,acha tareka dhondha hai larkun ko ganda sabit karny ka but aesi neech harkat larkyan he kar sakti hain larky nahi.,r mazy k bat mra jism wo auratn krti hn jin pr thokta bh koi nae.,apni behn ko bhejo gay na aurat march me??,oye randi,2,sexism_batch_010.csv
class3_batch010_sample021841,10,21841,3,Sexism,322841,326841,v3_original_demo_boundary_prompt,4-shot random authentic same-class,Shortlisted authentic RUHSOLD Sexism examples,40,bc ghar wale bhi soch rahe honge yeh kya system paida ho gya sala lagta programing galat ho gayi.... sabsi badi confusion iske liye ladka dhundheyge yaa ladki😉,mard muhbt kr bhi ly tu aksar aurat he dhoka dy jati h usy 💔,we are supporting #islam and thank you #khalilurrahmanqamar for your beautiful comments against #gashti .  agar ye #aurat hoti to na me aesi zuban use krta aur na koi gairatmand #admi use krta.,#auratmarch2020 mera jism allah ki marzi.. allah ka to hukam ha tum char dewari me raho .. nd ya nikl k apni nimaish karna chahten,ooooohhhh bhai abi tak ye thakna hua hi hoga..😂,2,sexism_batch_010.csv
class3_batch011_sample022053,11,22053,3,Sexism,323053,327053,v3_original_demo_boundary_prompt,4-shot random authentic same-class,Shortlisted authentic RUHSOLD Sexism examples,40,bc ghar wale bhi soch rahe honge yeh kya system paida ho gya sala lagta programing galat ho gayi.... sabsi badi confusion iske liye ladka dhundheyge yaa ladki😉,acha tareka dhondha hai larkun ko ganda sabit karny ka but aesi neech harkat larkyan he kar sakti hain larky nahi.,apni behn ko bhejo gay na aurat march me??,we are supporting #islam and thank you #khalilurrahmanqamar for your beautiful comments against #gashti .  agar ye #aurat hoti to na me aesi zuban use krta aur na koi gairatmand #admi use krta.,teri maa ki choot marunga,2,sexism_batch_011.csv
class3_batch011_sample022014,11,22014,3,Sexism,323014,327014,v3_original_demo_boundary_prompt,4-shot random authentic same-class,Shortlisted authentic RUHSOLD Sexism examples,40,shazaib apni baji ko b bejna han aurat march ma agr itne he zruri hai to,#stopauratbarbadimarch who are you for arguing our tradition and islamic manners you bluddy 2 takay ki aurat   .,tu kyun ro rahe hai hijra? tera buddhe hijra to kamjor mard hai. uska kara nehi hota. 🤣🤣🤣🤣,r mazy k bat mra jism wo auratn krti hn jin pr thokta bh koi nae.,yehi hain isse gandu aurat,2,sexism_batch_011.csv
class3_batch003_sample020438,3,20438,3,Sexism,321438,325438,v3_original_demo_boundary_prompt,4-shot random authentic same-class,Shortlisted authentic RUHSOLD Sexism examples,40,#stopauratbarbadimarch who are you for arguing our tradition and islamic manners you bluddy 2 takay ki aurat   .,"ab iska sara credit har anchor le rha h jb k  rape,  ki asal jad h hi media jo mera jism.meri marzi,  hareem.shah , qandeel bloch , valentine day pe program krty hn phr rape hi hn gy",tum jesi ghatia aurat ka kam hi ni hai media par.kisi kothhay pe ja aur ulta late ja ke.begherat,teri bhosdi or boobs me parda mat kar...logo ko dekne de.dhake hoge to kaise pata chalega ki tu hijra nehi hai.   hijra kahi ki.,haath chod dene wale hijre,1,sexism_batch_003.csv
class3_batch006_sample021190,6,21190,3,Sexism,322190,326190,v3_original_demo_boundary_prompt,4-shot random authentic same-class,Shortlisted authentic RUHSOLD Sexism examples,40,jahiliyat ki v had hai ye apne ghar me slave ki tarh rahti hai aur bahar kutto jaise bhaunk rhi hai... shame on these ladies,shazaib apni baji ko b bejna han aurat march ma agr itne he zruri hai to,transgander   madarchood   hijra tu aik bara khoota ha  haram zada,acha tareka dhondha hai larkun ko ganda sabit karny ka but aesi neech harkat larkyan he kar sakti hain larky nahi.,randi ka beta,2,sexism_batch_006.csv
class3_batch005_sample020807,5,20807,3,Sexism,321807,325807,v3_original_demo_boundary_prompt,4-shot random authentic same-class,Shortlisted authentic RUHSOLD Sexism examples,40,phir larky beard ky bagiar khusray q lgty hain  wo bhi beard ky bagiar khubsurat lgny chahiye ?,mard muhbt kr bhi ly tu aksar aurat he dhoka dy jati h usy 💔,teri bhosdi or boobs me parda mat kar...logo ko dekne de.dhake hoge to kaise pata chalega ki tu hijra nehi hai.   hijra kahi ki.,"ab iska sara credit har anchor le rha h jb k  rape,  ki asal jad h hi media jo mera jism.meri marzi,  hareem.shah , qandeel bloch , valentine day pe program krty hn phr rape hi hn gy",ye tu hijra ha,2,sexism_batch_005.csv
class3_batch002_sample020290,2,20290,3,Sexism,321290,325290,v3_original_demo_boundary_prompt,4-shot random authentic same-class,Shortlisted authentic RUHSOLD Sexism examples,40,"ab iska sara credit har anchor le rha h jb k  rape,  ki asal jad h hi media jo mera jism.meri marzi,  hareem.shah , qandeel bloch , valentine day pe program krty hn phr rape hi hn gy",70 saal ka mard is better than a 30 year old hijra😅,apni behn ko bhejo gay na aurat march me??,acha tareka dhondha hai larkun ko ganda sabit karny ka but aesi neech harkat larkyan he kar sakti hain larky nahi.,bhenchod ye logon ne to ye uthaya tha na ye,1,sexism_batch_002.csv
class3_batch006_sample021013,6,21013,3,Sexism,322013,326013,v3_original_demo_boundary_prompt,4-shot random authentic same-class,Shortlisted authentic RUHSOLD Sexism examples,40,lalchi aurat paisa dekhti hai aur khandani aurat sirf sehrat dekhti hai,r mazy k bat mra jism wo auratn krti hn jin pr thokta bh koi nae.,muslim countries ki leaderships na mard napunsak or hijra hain.. in mein koi dum nahi.. ye kuch nahi kr sakty.. jinnah ki rooh tarapti hogi.. jinnah ne kashmir par attack ka order diya tha..,bc ghar wale bhi soch rahe honge yeh kya system paida ho gya sala lagta programing galat ho gayi.... sabsi badi confusion iske liye ladka dhundheyge yaa ladki😉,is ko kabhi samjhao tu nikla,2,sexism_batch_006.csv
class3_batch007_sample021379,7,21379,3,Sexism,322379,326379,v3_original_demo_boundary_prompt,4-shot random authentic same-class,Shortlisted authentic RUHSOLD Sexism examples,40,"yeh wesy koi bht e zyda ounchi nasal ki randi niqli h wesy , mtlb i can't even imagine koi bughaz or paisy k pechay itna b girr skta h, nehayat e nichly darjay ki baighairat aurat ho, aurat zaat ko b badnaam kea h isny apny wajood sy !! akhh thooo iski zaat pay","aurat ko islam nai galat lagta, ap log lagtay ho jo ye boltay hain k agar aurat ka rape hua to wo uski galtie usne sar par dupatta nai kiya us banday ki nahi wo bechara kesay control karay",jahiliyat ki v had hai ye apne ghar me slave ki tarh rahti hai aur bahar kutto jaise bhaunk rhi hai... shame on these ladies,original attitude boys ma hota ha aur fake girls ma,ye bhenchod hi hai tera dimagh,2,sexism_batch_007.csv
class3_batch011_sample022088,11,22088,3,Sexism,323088,327088,v3_original_demo_boundary_prompt,4-shot random authentic same-class,Shortlisted authentic RUHSOLD Sexism examples,40,ap ko mard banny ki acting pasand i? agr ni to hijra hi bany rahye sir ye mardo k kam hn hijro k ni.,transgander   madarchood   hijra tu aik bara khoota ha  haram zada,"yeh wesy koi bht e zyda ounchi nasal ki randi niqli h wesy , mtlb i can't even imagine koi bughaz or paisy k pechay itna b girr skta h, nehayat e nichly darjay ki baighairat aurat ho, aurat zaat ko b badnaam kea h isny apny wajood sy !! akhh thooo iski zaat pay",you are just girlfriend material no one wants wife like you. itna jism jo sirf admi apni bivi ka dekhta h  apka to sary jahan ne dekha h,me ny bhi uni mein phudi ke dushman ko chod dia,2,sexism_batch_011.csv
class3_batch001_sample020135,1,20135,3,Sexism,321135,325135,v3_original_demo_boundary_prompt,4-shot random authentic same-class,Shortlisted authentic RUHSOLD Sexism examples,40,roads pe lab coat b ap ki gender hi pehnti ha 😂,shazaib apni baji ko b bejna han aurat march ma agr itne he zruri hai to,aur jesi ghatia aurat ke mun se ye bat achi ni lagti. logon ko garam karnay wali machine.,jin ko hizab se nafrat he wo nangi ho k ghoome koi in pe thooke ga bhi nahi  aurat khoobsurat pure libas me lagti he mawazna karlen,abe chod randi,1,sexism_batch_001.csv
class3_batch006_sample021090,6,21090,3,Sexism,322090,326090,v3_original_demo_boundary_prompt,4-shot random authentic same-class,Shortlisted authentic RUHSOLD Sexism examples,40,mard muhbt kr bhi ly tu aksar aurat he dhoka dy jati h usy 💔,transgander   madarchood   hijra tu aik bara khoota ha  haram zada,70 saal ka mard is better than a 30 year old hijra😅,randi kise kahte ha aap hi bata do? ye word ghatiya women ke liye hi use karta ha ab deepika ghatiya ha to randi hi bolenge na,mera jism meri marzi ha randi rona nhi apni maa behn ko chodne ki baat kar rahe ho,2,sexism_batch_006.csv
class3_batch001_sample020099,1,20099,3,Sexism,321099,325099,v3_original_demo_boundary_prompt,4-shot random authentic same-class,Shortlisted authentic RUHSOLD Sexism examples,40,#stopauratbarbadimarch aurat ghr k andr hi achi lgti he yu sarkon par nikalna kisi bhi aurat ki izzat par daag lga skta he,tu kyun ro rahe hai hijra? tera buddhe hijra to kamjor mard hai. uska kara nehi hota. 🤣🤣🤣🤣,muslim countries ki leaderships na mard napunsak or hijra hain.. in mein koi dum nahi.. ye kuch nahi kr sakty.. jinnah ki rooh tarapti hogi.. jinnah ne kashmir par attack ka order diya tha..,tere jaise randiyo ki chudai ke liye to ham mard hain yaha pe,tumhari maa ko chodunga.. tumhare baap ko chodunga... tu bahanchod hai,1,sexism_batch_001.csv
class3_batch004_sample020707,4,20707,3,Sexism,321707,325707,v3_original_demo_boundary_prompt,4-shot random authentic same-class,Shortlisted authentic RUHSOLD Sexism examples,40,roads pe lab coat b ap ki gender hi pehnti ha 😂,teri bhosdi or boobs me parda mat kar...logo ko dekne de.dhake hoge to kaise pata chalega ki tu hijra nehi hai.   hijra kahi ki.,tu kyun ro rahe hai hijra? tera buddhe hijra to kamjor mard hai. uska kara nehi hota. 🤣🤣🤣🤣,r mazy k bat mra jism wo auratn krti hn jin pr thokta bh koi nae.,abb to ghar mein dandiya nikli thi. mery pass kuch nahi hai,1,sexism_batch_004.csv
class3_batch009_sample021602,9,21602,3,Sexism,322602,326602,v3_original_demo_boundary_prompt,4-shot random authentic same-class,Shortlisted authentic RUHSOLD Sexism examples,40,bc ghar wale bhi soch rahe honge yeh kya system paida ho gya sala lagta programing galat ho gayi.... sabsi badi confusion iske liye ladka dhundheyge yaa ladki😉,muslim countries ki leaderships na mard napunsak or hijra hain.. in mein koi dum nahi.. ye kuch nahi kr sakty.. jinnah ki rooh tarapti hogi.. jinnah ne kashmir par attack ka order diya tha..,dhoka khane k baad oska aitbar uth jata haa sbsee or dosre mard mai b interest ni rehta...ku k aurat jism k ley ni chahti jbk mard jism k ley chahta😌🙂,original attitude boys ma hota ha aur fake girls ma,isse phir teri niklaui randi ko pata chaly ga,2,sexism_batch_009.csv
class3_batch008_sample021510,8,21510,3,Sexism,322510,326510,v3_original_demo_boundary_prompt,4-shot random authentic same-class,Shortlisted authentic RUHSOLD Sexism examples,40,apni behn ko bhejo gay na aurat march me??,bilo rani tumhari pehchan sirf or sirf hijra huna hai.. na mard,"aurat ko islam nai galat lagta, ap log lagtay ho jo ye boltay hain k agar aurat ka rape hua to wo uski galtie usne sar par dupatta nai kiya us banday ki nahi wo bechara kesay control karay",tu kyun ro rahe hai hijra? tera buddhe hijra to kamjor mard hai. uska kara nehi hota. 🤣🤣🤣🤣,jab tak teri maa behn chodti thi to sakoon se aadmi hote thay. aaj wahan paise bachane ke liye kisi ko bola nahi sakte.,2,sexism_batch_008.csv
class3_batch003_sample020433,3,20433,3,Sexism,321433,325433,v3_original_demo_boundary_prompt,4-shot random authentic same-class,Shortlisted authentic RUHSOLD Sexism examples,40,muslim countries ki leaderships na mard napunsak or hijra hain.. in mein koi dum nahi.. ye kuch nahi kr sakty.. jinnah ki rooh tarapti hogi.. jinnah ne kashmir par attack ka order diya tha..,"apko kehna chahye tha na mard hoon, na aurat hoo. main hijra hoon main hijra hoon, main parchi hoon, main defected hoon, main accidental chairman hoon.  #joker420",transgander   madarchood   hijra tu aik bara khoota ha  haram zada,acha tareka dhondha hai larkun ko ganda sabit karny ka but aesi neech harkat larkyan he kar sakti hain larky nahi.,hijra pti ka muh se nikla hoga,1,sexism_batch_003.csv
class3_batch009_sample021713,9,21713,3,Sexism,322713,326713,v3_original_demo_boundary_prompt,4-shot random authentic same-class,Shortlisted authentic RUHSOLD Sexism examples,40,tu kyun ro rahe hai hijra? tera buddhe hijra to kamjor mard hai. uska kara nehi hota. 🤣🤣🤣🤣,"apko kehna chahye tha na mard hoon, na aurat hoo. main hijra hoon main hijra hoon, main parchi hoon, main defected hoon, main accidental chairman hoon.  #joker420",muslim countries ki leaderships na mard napunsak or hijra hain.. in mein koi dum nahi.. ye kuch nahi kr sakty.. jinnah ki rooh tarapti hogi.. jinnah ne kashmir par attack ka order diya tha..,teri bhosdi or boobs me parda mat kar...logo ko dekne de.dhake hoge to kaise pata chalega ki tu hijra nehi hai.   hijra kahi ki.,tu kis se hijra ho gaya hai,2,sexism_batch_009.csv
class3_batch005_sample020808,5,20808,3,Sexism,321808,325808,v3_original_demo_boundary_prompt,4-shot random authentic same-class,Shortlisted authentic RUHSOLD Sexism examples,40,aaaahhhhhh bhenchod.....jese tere is mangalsutra ki sahi jagah tere gale me nai balki mere mote kaale lund pr he.... vese hi tujh jesi chudakkad kuttiya ki jagah kewal mere pairo k niche he saali.... chal inbox me aa.....,randi kise kahte ha aap hi bata do? ye word ghatiya women ke liye hi use karta ha ab deepika ghatiya ha to randi hi bolenge na,ap ko mard banny ki acting pasand i? agr ni to hijra hi bany rahye sir ye mardo k kam hn hijro k ni.,we are supporting #islam and thank you #khalilurrahmanqamar for your beautiful comments against #gashti .  agar ye #aurat hoti to na me aesi zuban use krta aur na koi gairatmand #admi use krta.,tu to randi ho ya hijra?,2,sexism_batch_005.csv
class3_batch002_sample020220,2,20220,3,Sexism,321220,325220,v3_original_demo_boundary_prompt,4-shot random authentic same-class,Shortlisted authentic RUHSOLD Sexism examples,40,jin ko hizab se nafrat he wo nangi ho k ghoome koi in pe thooke ga bhi nahi  aurat khoobsurat pure libas me lagti he mawazna karlen,lalchi aurat paisa dekhti hai aur khandani aurat sirf sehrat dekhti hai,tere jaise randiyo ki chudai ke liye to ham mard hain yaha pe,#stopauratbarbadimarch aurat ghr k andr hi achi lgti he yu sarkon par nikalna kisi bhi aurat ki izzat par daag lga skta he,ye teri maa ki bhen wali hai,1,sexism_batch_002.csv
class3_batch009_sample021765,9,21765,3,Sexism,322765,326765,v3_original_demo_boundary_prompt,4-shot random authentic same-class,Shortlisted authentic RUHSOLD Sexism examples,40,"aurat ko islam nai galat lagta, ap log lagtay ho jo ye boltay hain k agar aurat ka rape hua to wo uski galtie usne sar par dupatta nai kiya us banday ki nahi wo bechara kesay control karay","apko kehna chahye tha na mard hoon, na aurat hoo. main hijra hoon main hijra hoon, main parchi hoon, main defected hoon, main accidental chairman hoon.  #joker420",muslim countries ki leaderships na mard napunsak or hijra hain.. in mein koi dum nahi.. ye kuch nahi kr sakty.. jinnah ki rooh tarapti hogi.. jinnah ne kashmir par attack ka order diya tha..,aur jesi ghatia aurat ke mun se ye bat achi ni lagti. logon ko garam karnay wali machine.,yeh randi rona ha bhenchod,2,sexism_batch_009.csv
class3_batch004_sample020630,4,20630,3,Sexism,321630,325630,v3_original_demo_boundary_prompt,4-shot random authentic same-class,Shortlisted authentic RUHSOLD Sexism examples,40,phir larky beard ky bagiar khusray q lgty hain  wo bhi beard ky bagiar khubsurat lgny chahiye ?,acha tareka dhondha hai larkun ko ganda sabit karny ka but aesi neech harkat larkyan he kar sakti hain larky nahi.,"apko kehna chahye tha na mard hoon, na aurat hoo. main hijra hoon main hijra hoon, main parchi hoon, main defected hoon, main accidental chairman hoon.  #joker420",ap ko mard banny ki acting pasand i? agr ni to hijra hi bany rahye sir ye mardo k kam hn hijro k ni.,rt : randi kutte bacho,1,sexism_batch_004.csv
class3_batch011_sample022003,11,22003,3,Sexism,323003,327003,v3_original_demo_boundary_prompt,4-shot random authentic same-class,Shortlisted authentic RUHSOLD Sexism examples,40,#auratmarch2020 mera jism allah ki marzi.. allah ka to hukam ha tum char dewari me raho .. nd ya nikl k apni nimaish karna chahten,dhoka khane k baad oska aitbar uth jata haa sbsee or dosre mard mai b interest ni rehta...ku k aurat jism k ley ni chahti jbk mard jism k ley chahta😌🙂,tum jesi ghatia aurat ka kam hi ni hai media par.kisi kothhay pe ja aur ulta late ja ke.begherat,transgander   madarchood   hijra tu aik bara khoota ha  haram zada,yar teri maa ko dekhna hoga na bsdk,2,sexism_batch_011.csv
class3_batch002_sample020237,2,20237,3,Sexism,321237,325237,v3_original_demo_boundary_prompt,4-shot random authentic same-class,Shortlisted authentic RUHSOLD Sexism examples,40,tere jaise randiyo ki chudai ke liye to ham mard hain yaha pe,shazaib apni baji ko b bejna han aurat march ma agr itne he zruri hai to,aisi or kis kis ki lund par uchel uchel kar moja lati ghar me.,apni behn ko bhejo gay na aurat march me??,teri maa ka yaar teri aukat nhi thi.,1,sexism_batch_002.csv
class3_batch001_sample020013,1,20013,3,Sexism,321013,325013,v3_original_demo_boundary_prompt,4-shot random authentic same-class,Shortlisted authentic RUHSOLD Sexism examples,40,tere jaise randiyo ki chudai ke liye to ham mard hain yaha pe,ek randi larki ko itni pazeerai di hai. smjh se bahir hai,teri bhosdi or boobs me parda mat kar...logo ko dekne de.dhake hoge to kaise pata chalega ki tu hijra nehi hai.   hijra kahi ki.,transgander   madarchood   hijra tu aik bara khoota ha  haram zada,bharwe nawaz sharif ki maa ka yaar gandu saali,1,sexism_batch_001.csv
class3_batch004_sample020767,4,20767,3,Sexism,321767,325767,v3_original_demo_boundary_prompt,4-shot random authentic same-class,Shortlisted authentic RUHSOLD Sexism examples,40,"ab iska sara credit har anchor le rha h jb k  rape,  ki asal jad h hi media jo mera jism.meri marzi,  hareem.shah , qandeel bloch , valentine day pe program krty hn phr rape hi hn gy","apko kehna chahye tha na mard hoon, na aurat hoo. main hijra hoon main hijra hoon, main parchi hoon, main defected hoon, main accidental chairman hoon.  #joker420",randi kise kahte ha aap hi bata do? ye word ghatiya women ke liye hi use karta ha ab deepika ghatiya ha to randi hi bolenge na,70 saal ka mard is better than a 30 year old hijra😅,aap ko to dikhao wo larkia hai,1,sexism_batch_004.csv
class3_batch010_sample021992,10,21992,3,Sexism,322992,326992,v3_original_demo_boundary_prompt,4-shot random authentic same-class,Shortlisted authentic RUHSOLD Sexism examples,40,you are just girlfriend material no one wants wife like you. itna jism jo sirf admi apni bivi ka dekhta h  apka to sary jahan ne dekha h,jin ko hizab se nafrat he wo nangi ho k ghoome koi in pe thooke ga bhi nahi  aurat khoobsurat pure libas me lagti he mawazna karlen,teri bhosdi or boobs me parda mat kar...logo ko dekne de.dhake hoge to kaise pata chalega ki tu hijra nehi hai.   hijra kahi ki.,lalchi aurat paisa dekhti hai aur khandani aurat sirf sehrat dekhti hai,teri maa chodu tujhe bhi 😂,2,sexism_batch_010.csv
class3_batch008_sample021565,8,21565,3,Sexism,322565,326565,v3_original_demo_boundary_prompt,4-shot random authentic same-class,Shortlisted authentic RUHSOLD Sexism examples,40,#auratmarch2020 mera jism allah ki marzi.. allah ka to hukam ha tum char dewari me raho .. nd ya nikl k apni nimaish karna chahten,70 saal ka mard is better than a 30 year old hijra😅,randi kise kahte ha aap hi bata do? ye word ghatiya women ke liye hi use karta ha ab deepika ghatiya ha to randi hi bolenge na,your leader  is hijra that's why he is not living with his wife.,teri maa ko chodta hun,2,sexism_batch_008.csv
class3_batch009_sample021731,9,21731,3,Sexism,322731,326731,v3_original_demo_boundary_prompt,4-shot random authentic same-class,Shortlisted authentic RUHSOLD Sexism examples,40,#auratmarch2020 mera jism allah ki marzi.. allah ka to hukam ha tum char dewari me raho .. nd ya nikl k apni nimaish karna chahten,teri chut me sabhi bhaiyo ka lund reply de randi,mard muhbt kr bhi ly tu aksar aurat he dhoka dy jati h usy 💔,muslim countries ki leaderships na mard napunsak or hijra hain.. in mein koi dum nahi.. ye kuch nahi kr sakty.. jinnah ki rooh tarapti hogi.. jinnah ne kashmir par attack ka order diya tha..,abu zaror kisi ki maa chod k aag lgta hua h,2,sexism_batch_009.csv
class3_batch003_sample020519,3,20519,3,Sexism,321519,325519,v3_original_demo_boundary_prompt,4-shot random authentic same-class,Shortlisted authentic RUHSOLD Sexism examples,40,lalchi aurat paisa dekhti hai aur khandani aurat sirf sehrat dekhti hai,r mazy k bat mra jism wo auratn krti hn jin pr thokta bh koi nae.,ap ko mard banny ki acting pasand i? agr ni to hijra hi bany rahye sir ye mardo k kam hn hijro k ni.,jin ko hizab se nafrat he wo nangi ho k ghoome koi in pe thooke ga bhi nahi  aurat khoobsurat pure libas me lagti he mawazna karlen,oooohhh tera jism meri marzi kya mzak haaaa,1,sexism_batch_003.csv
class3_batch002_sample020239,2,20239,3,Sexism,321239,325239,v3_original_demo_boundary_prompt,4-shot random authentic same-class,Shortlisted authentic RUHSOLD Sexism examples,40,mard muhbt kr bhi ly tu aksar aurat he dhoka dy jati h usy 💔,jahiliyat ki v had hai ye apne ghar me slave ki tarh rahti hai aur bahar kutto jaise bhaunk rhi hai... shame on these ladies,agar aaj se 40 saal pehley isi tarha ke banner pakarh kar mera jism meri marzi waala naara aapki amma ne maara hota to aap is duniya main ye tweet karney ke liye maujood hi na hoteen 😑😑😑,we are supporting #islam and thank you #khalilurrahmanqamar for your beautiful comments against #gashti .  agar ye #aurat hoti to na me aesi zuban use krta aur na koi gairatmand #admi use krta.,apni behno ko randi bolna badwa ki cheez hai..,1,sexism_batch_002.csv
class3_batch004_sample020756,4,20756,3,Sexism,321756,325756,v3_original_demo_boundary_prompt,4-shot random authentic same-class,Shortlisted authentic RUHSOLD Sexism examples,40,your leader  is hijra that's why he is not living with his wife.,roads pe lab coat b ap ki gender hi pehnti ha 😂,70 saal ka mard is better than a 30 year old hijra😅,lalchi aurat paisa dekhti hai aur khandani aurat sirf sehrat dekhti hai,gandu jisne dusre ko hi bol rha ha ab tu gandu bhi,1,sexism_batch_004.csv
class3_batch007_sample021353,7,21353,3,Sexism,322353,326353,v3_original_demo_boundary_prompt,4-shot random authentic same-class,Shortlisted authentic RUHSOLD Sexism examples,40,acha tareka dhondha hai larkun ko ganda sabit karny ka but aesi neech harkat larkyan he kar sakti hain larky nahi.,apni behn ko bhejo gay na aurat march me??,jahiliyat ki v had hai ye apne ghar me slave ki tarh rahti hai aur bahar kutto jaise bhaunk rhi hai... shame on these ladies,muslim countries ki leaderships na mard napunsak or hijra hain.. in mein koi dum nahi.. ye kuch nahi kr sakty.. jinnah ki rooh tarapti hogi.. jinnah ne kashmir par attack ka order diya tha..,teri maa ki phudi se akhrot todna chahte hai aurat march me,2,sexism_batch_007.csv
class3_batch007_sample021323,7,21323,3,Sexism,322323,326323,v3_original_demo_boundary_prompt,4-shot random authentic same-class,Shortlisted authentic RUHSOLD Sexism examples,40,"apko kehna chahye tha na mard hoon, na aurat hoo. main hijra hoon main hijra hoon, main parchi hoon, main defected hoon, main accidental chairman hoon.  #joker420",aur jesi ghatia aurat ke mun se ye bat achi ni lagti. logon ko garam karnay wali machine.,teri chut me sabhi bhaiyo ka lund reply de randi,dhoka khane k baad oska aitbar uth jata haa sbsee or dosre mard mai b interest ni rehta...ku k aurat jism k ley ni chahti jbk mard jism k ley chahta😌🙂,tere chudwe mae gaand peeth jaye,2,sexism_batch_007.csv
class3_batch008_sample021518,8,21518,3,Sexism,322518,326518,v3_original_demo_boundary_prompt,4-shot random authentic same-class,Shortlisted authentic RUHSOLD Sexism examples,40,aur jesi ghatia aurat ke mun se ye bat achi ni lagti. logon ko garam karnay wali machine.,muslim countries ki leaderships na mard napunsak or hijra hain.. in mein koi dum nahi.. ye kuch nahi kr sakty.. jinnah ki rooh tarapti hogi.. jinnah ne kashmir par attack ka order diya tha..,mard muhbt kr bhi ly tu aksar aurat he dhoka dy jati h usy 💔,tere jaise randiyo ki chudai ke liye to ham mard hain yaha pe,tujhe pata nhi kon he tera baap,2,sexism_batch_008.csv
class3_batch006_sample021047,6,21047,3,Sexism,322047,326047,v3_original_demo_boundary_prompt,4-shot random authentic same-class,Shortlisted authentic RUHSOLD Sexism examples,40,tu kyun ro rahe hai hijra? tera buddhe hijra to kamjor mard hai. uska kara nehi hota. 🤣🤣🤣🤣,shazaib apni baji ko b bejna han aurat march ma agr itne he zruri hai to,your leader  is hijra that's why he is not living with his wife.,phir larky beard ky bagiar khusray q lgty hain  wo bhi beard ky bagiar khubsurat lgny chahiye ?,hijra ki tarha bachy wali,2,sexism_batch_006.csv
class3_batch006_sample021007,6,21007,3,Sexism,322007,326007,v3_original_demo_boundary_prompt,4-shot random authentic same-class,Shortlisted authentic RUHSOLD Sexism examples,40,muslim countries ki leaderships na mard napunsak or hijra hain.. in mein koi dum nahi.. ye kuch nahi kr sakty.. jinnah ki rooh tarapti hogi.. jinnah ne kashmir par attack ka order diya tha..,ap ko mard banny ki acting pasand i? agr ni to hijra hi bany rahye sir ye mardo k kam hn hijro k ni.,dhoka khane k baad oska aitbar uth jata haa sbsee or dosre mard mai b interest ni rehta...ku k aurat jism k ley ni chahti jbk mard jism k ley chahta😌🙂,#stopauratbarbadimarch who are you for arguing our tradition and islamic manners you bluddy 2 takay ki aurat   .,haha hijra bhenchod,2,sexism_batch_006.csv
class3_batch007_sample021332,7,21332,3,Sexism,322332,326332,v3_original_demo_boundary_prompt,4-shot random authentic same-class,Shortlisted authentic RUHSOLD Sexism examples,40,agar aaj se 40 saal pehley isi tarha ke banner pakarh kar mera jism meri marzi waala naara aapki amma ne maara hota to aap is duniya main ye tweet karney ke liye maujood hi na hoteen 😑😑😑,dhoka khane k baad oska aitbar uth jata haa sbsee or dosre mard mai b interest ni rehta...ku k aurat jism k ley ni chahti jbk mard jism k ley chahta😌🙂,randi kise kahte ha aap hi bata do? ye word ghatiya women ke liye hi use karta ha ab deepika ghatiya ha to randi hi bolenge na,muslim countries ki leaderships na mard napunsak or hijra hain.. in mein koi dum nahi.. ye kuch nahi kr sakty.. jinnah ki rooh tarapti hogi.. jinnah ne kashmir par attack ka order diya tha..,ye randi ke baare mein kia hoga?,2,sexism_batch_007.csv
class3_batch007_sample021358,7,21358,3,Sexism,322358,326358,v3_original_demo_boundary_prompt,4-shot random authentic same-class,Shortlisted authentic RUHSOLD Sexism examples,40,jahiliyat ki v had hai ye apne ghar me slave ki tarh rahti hai aur bahar kutto jaise bhaunk rhi hai... shame on these ladies,bilo rani tumhari pehchan sirf or sirf hijra huna hai.. na mard,aisi or kis kis ki lund par uchel uchel kar moja lati ghar me.,you are just girlfriend material no one wants wife like you. itna jism jo sirf admi apni bivi ka dekhta h  apka to sary jahan ne dekha h,haha hijre randi chod rhe,2,sexism_batch_007.csv
class3_batch002_sample020368,2,20368,3,Sexism,321368,325368,v3_original_demo_boundary_prompt,4-shot random authentic same-class,Shortlisted authentic RUHSOLD Sexism examples,40,tu kyun ro rahe hai hijra? tera buddhe hijra to kamjor mard hai. uska kara nehi hota. 🤣🤣🤣🤣,agar aaj se 40 saal pehley isi tarha ke banner pakarh kar mera jism meri marzi waala naara aapki amma ne maara hota to aap is duniya main ye tweet karney ke liye maujood hi na hoteen 😑😑😑,70 saal ka mard is better than a 30 year old hijra😅,apni behn ko bhejo gay na aurat march me??,abe tu samna le ga teri maa ki choot,1,sexism_batch_002.csv
class3_batch009_sample021789,9,21789,3,Sexism,322789,326789,v3_original_demo_boundary_prompt,4-shot random authentic same-class,Shortlisted authentic RUHSOLD Sexism examples,40,teri chut me sabhi bhaiyo ka lund reply de randi,aaaahhhhhh bhenchod.....jese tere is mangalsutra ki sahi jagah tere gale me nai balki mere mote kaale lund pr he.... vese hi tujh jesi chudakkad kuttiya ki jagah kewal mere pairo k niche he saali.... chal inbox me aa.....,agar aaj se 40 saal pehley isi tarha ke banner pakarh kar mera jism meri marzi waala naara aapki amma ne maara hota to aap is duniya main ye tweet karney ke liye maujood hi na hoteen 😑😑😑,"aurat ko islam nai galat lagta, ap log lagtay ho jo ye boltay hain k agar aurat ka rape hua to wo uski galtie usne sar par dupatta nai kiya us banday ki nahi wo bechara kesay control karay",waisay tum apni baas kiya hai???,2,sexism_batch_009.csv
class3_batch007_sample021225,7,21225,3,Sexism,322225,326225,v3_original_demo_boundary_prompt,4-shot random authentic same-class,Shortlisted authentic RUHSOLD Sexism examples,40,original attitude boys ma hota ha aur fake girls ma,acha tareka dhondha hai larkun ko ganda sabit karny ka but aesi neech harkat larkyan he kar sakti hain larky nahi.,teri bhosdi or boobs me parda mat kar...logo ko dekne de.dhake hoge to kaise pata chalega ki tu hijra nehi hai.   hijra kahi ki.,aur jesi ghatia aurat ke mun se ye bat achi ni lagti. logon ko garam karnay wali machine.,nawaz shareef ko nae banaya..yahan pehle mian sb ko jail mai daikha..yaad rakhna ..,2,sexism_batch_007.csv
class3_batch004_sample020674,4,20674,3,Sexism,321674,325674,v3_original_demo_boundary_prompt,4-shot random authentic same-class,Shortlisted authentic RUHSOLD Sexism examples,40,aur jesi ghatia aurat ke mun se ye bat achi ni lagti. logon ko garam karnay wali machine.,jin ko hizab se nafrat he wo nangi ho k ghoome koi in pe thooke ga bhi nahi  aurat khoobsurat pure libas me lagti he mawazna karlen,jahiliyat ki v had hai ye apne ghar me slave ki tarh rahti hai aur bahar kutto jaise bhaunk rhi hai... shame on these ladies,"aurat ko islam nai galat lagta, ap log lagtay ho jo ye boltay hain k agar aurat ka rape hua to wo uski galtie usne sar par dupatta nai kiya us banday ki nahi wo bechara kesay control karay",randi tu apni maa ki choot maro,1,sexism_batch_004.csv
class3_batch008_sample021550,8,21550,3,Sexism,322550,326550,v3_original_demo_boundary_prompt,4-shot random authentic same-class,Shortlisted authentic RUHSOLD Sexism examples,40,aur jesi ghatia aurat ke mun se ye bat achi ni lagti. logon ko garam karnay wali machine.,muslim countries ki leaderships na mard napunsak or hijra hain.. in mein koi dum nahi.. ye kuch nahi kr sakty.. jinnah ki rooh tarapti hogi.. jinnah ne kashmir par attack ka order diya tha..,tere jaise randiyo ki chudai ke liye to ham mard hain yaha pe,transgander   madarchood   hijra tu aik bara khoota ha  haram zada,bharwe...tujhe pata hai na...aur tera baap hai na..,2,sexism_batch_008.csv
class3_batch004_sample020787,4,20787,3,Sexism,321787,325787,v3_original_demo_boundary_prompt,4-shot random authentic same-class,Shortlisted authentic RUHSOLD Sexism examples,40,tum jesi ghatia aurat ka kam hi ni hai media par.kisi kothhay pe ja aur ulta late ja ke.begherat,phir larky beard ky bagiar khusray q lgty hain  wo bhi beard ky bagiar khubsurat lgny chahiye ?,"aurat ko islam nai galat lagta, ap log lagtay ho jo ye boltay hain k agar aurat ka rape hua to wo uski galtie usne sar par dupatta nai kiya us banday ki nahi wo bechara kesay control karay","apko kehna chahye tha na mard hoon, na aurat hoo. main hijra hoon main hijra hoon, main parchi hoon, main defected hoon, main accidental chairman hoon.  #joker420",yeh tera baap huwa?,1,sexism_batch_004.csv
class3_batch003_sample020576,3,20576,3,Sexism,321576,325576,v3_original_demo_boundary_prompt,4-shot random authentic same-class,Shortlisted authentic RUHSOLD Sexism examples,40,agar aaj se 40 saal pehley isi tarha ke banner pakarh kar mera jism meri marzi waala naara aapki amma ne maara hota to aap is duniya main ye tweet karney ke liye maujood hi na hoteen 😑😑😑,ek randi larki ko itni pazeerai di hai. smjh se bahir hai,#auratmarch2020 mera jism allah ki marzi.. allah ka to hukam ha tum char dewari me raho .. nd ya nikl k apni nimaish karna chahten,original attitude boys ma hota ha aur fake girls ma,#auratmarch2020   randi,1,sexism_batch_003.csv
class3_batch009_sample021758,9,21758,3,Sexism,322758,326758,v3_original_demo_boundary_prompt,4-shot random authentic same-class,Shortlisted authentic RUHSOLD Sexism examples,40,muslim countries ki leaderships na mard napunsak or hijra hain.. in mein koi dum nahi.. ye kuch nahi kr sakty.. jinnah ki rooh tarapti hogi.. jinnah ne kashmir par attack ka order diya tha..,"apko kehna chahye tha na mard hoon, na aurat hoo. main hijra hoon main hijra hoon, main parchi hoon, main defected hoon, main accidental chairman hoon.  #joker420",ek randi larki ko itni pazeerai di hai. smjh se bahir hai,mard muhbt kr bhi ly tu aksar aurat he dhoka dy jati h usy 💔,bhenchod tere jaise hijra ho raha hai,2,sexism_batch_009.csv
class3_batch006_sample021036,6,21036,3,Sexism,322036,326036,v3_original_demo_boundary_prompt,4-shot random authentic same-class,Shortlisted authentic RUHSOLD Sexism examples,40,#stopauratbarbadimarch aurat ghr k andr hi achi lgti he yu sarkon par nikalna kisi bhi aurat ki izzat par daag lga skta he,"madum ap gharailo maon behno ki terha na blkeh on maon behno ki terha bhi nahi jo moaashrat main ghar sy bahir nikal ker apni , maan baap ki .belky pory moaashry ki izzat ka kgayal rekhti hain .ap oss catogary main ati hain .jisy rundi,jisy tawaif,fahasha, jisy badqar kehty hain",agar aaj se 40 saal pehley isi tarha ke banner pakarh kar mera jism meri marzi waala naara aapki amma ne maara hota to aap is duniya main ye tweet karney ke liye maujood hi na hoteen 😑😑😑,aaaahhhhhh bhenchod.....jese tere is mangalsutra ki sahi jagah tere gale me nai balki mere mote kaale lund pr he.... vese hi tujh jesi chudakkad kuttiya ki jagah kewal mere pairo k niche he saali.... chal inbox me aa.....,rt :  abey randi rona mat karo..,2,sexism_batch_006.csv
class3_batch002_sample020332,2,20332,3,Sexism,321332,325332,v3_original_demo_boundary_prompt,4-shot random authentic same-class,Shortlisted authentic RUHSOLD Sexism examples,40,ek randi larki ko itni pazeerai di hai. smjh se bahir hai,"ab iska sara credit har anchor le rha h jb k  rape,  ki asal jad h hi media jo mera jism.meri marzi,  hareem.shah , qandeel bloch , valentine day pe program krty hn phr rape hi hn gy",dhoka khane k baad oska aitbar uth jata haa sbsee or dosre mard mai b interest ni rehta...ku k aurat jism k ley ni chahti jbk mard jism k ley chahta😌🙂,agar aaj se 40 saal pehley isi tarha ke banner pakarh kar mera jism meri marzi waala naara aapki amma ne maara hota to aap is duniya main ye tweet karney ke liye maujood hi na hoteen 😑😑😑,tujhe apni ammi k liay apna charsi jism ko show karta hae.,1,sexism_batch_002.csv
class3_batch007_sample021339,7,21339,3,Sexism,322339,326339,v3_original_demo_boundary_prompt,4-shot random authentic same-class,Shortlisted authentic RUHSOLD Sexism examples,40,bc ghar wale bhi soch rahe honge yeh kya system paida ho gya sala lagta programing galat ho gayi.... sabsi badi confusion iske liye ladka dhundheyge yaa ladki😉,randi kise kahte ha aap hi bata do? ye word ghatiya women ke liye hi use karta ha ab deepika ghatiya ha to randi hi bolenge na,teri chut me sabhi bhaiyo ka lund reply de randi,bilo rani tumhari pehchan sirf or sirf hijra huna hai.. na mard,"abhi tk teri maa ki phudi mein koi baat nahi hai, agar pichwade se akela hi khol jaye to pakistan mein bada admi ban sakte hain.",2,sexism_batch_007.csv
class3_batch007_sample021288,7,21288,3,Sexism,322288,326288,v3_original_demo_boundary_prompt,4-shot random authentic same-class,Shortlisted authentic RUHSOLD Sexism examples,40,original attitude boys ma hota ha aur fake girls ma,"aurat ko islam nai galat lagta, ap log lagtay ho jo ye boltay hain k agar aurat ka rape hua to wo uski galtie usne sar par dupatta nai kiya us banday ki nahi wo bechara kesay control karay",you are just girlfriend material no one wants wife like you. itna jism jo sirf admi apni bivi ka dekhta h  apka to sary jahan ne dekha h,"yeh wesy koi bht e zyda ounchi nasal ki randi niqli h wesy , mtlb i can't even imagine koi bughaz or paisy k pechay itna b girr skta h, nehayat e nichly darjay ki baighairat aurat ho, aurat zaat ko b badnaam kea h isny apny wajood sy !! akhh thooo iski zaat pay","mera opinion h ye to tiktoker ho to tu kisi aurat k boyfriend ko teri maa ki choot mara h, tera baap tu h???",2,sexism_batch_007.csv
class3_batch005_sample020978,5,20978,3,Sexism,321978,325978,v3_original_demo_boundary_prompt,4-shot random authentic same-class,Shortlisted authentic RUHSOLD Sexism examples,40,70 saal ka mard is better than a 30 year old hijra😅,"madum ap gharailo maon behno ki terha na blkeh on maon behno ki terha bhi nahi jo moaashrat main ghar sy bahir nikal ker apni , maan baap ki .belky pory moaashry ki izzat ka kgayal rekhti hain .ap oss catogary main ati hain .jisy rundi,jisy tawaif,fahasha, jisy badqar kehty hain",phir larky beard ky bagiar khusray q lgty hain  wo bhi beard ky bagiar khubsurat lgny chahiye ?,jin ko hizab se nafrat he wo nangi ho k ghoome koi in pe thooke ga bhi nahi  aurat khoobsurat pure libas me lagti he mawazna karlen,i am not talking about her body just say no to feminist,2,sexism_batch_005.csv
class3_batch011_sample022092,11,22092,3,Sexism,323092,327092,v3_original_demo_boundary_prompt,4-shot random authentic same-class,Shortlisted authentic RUHSOLD Sexism examples,40,teri bhosdi or boobs me parda mat kar...logo ko dekne de.dhake hoge to kaise pata chalega ki tu hijra nehi hai.   hijra kahi ki.,"aurat ko islam nai galat lagta, ap log lagtay ho jo ye boltay hain k agar aurat ka rape hua to wo uski galtie usne sar par dupatta nai kiya us banday ki nahi wo bechara kesay control karay",ek randi larki ko itni pazeerai di hai. smjh se bahir hai,"yeh wesy koi bht e zyda ounchi nasal ki randi niqli h wesy , mtlb i can't even imagine koi bughaz or paisy k pechay itna b girr skta h, nehayat e nichly darjay ki baighairat aurat ho, aurat zaat ko b badnaam kea h isny apny wajood sy !! akhh thooo iski zaat pay",hawwwwwwwn tum logo nai ghar wali hogi ho tmari maa behno,2,sexism_batch_011.csv
class3_batch007_sample021370,7,21370,3,Sexism,322370,326370,v3_original_demo_boundary_prompt,4-shot random authentic same-class,Shortlisted authentic RUHSOLD Sexism examples,40,r mazy k bat mra jism wo auratn krti hn jin pr thokta bh koi nae.,transgander   madarchood   hijra tu aik bara khoota ha  haram zada,tum jesi ghatia aurat ka kam hi ni hai media par.kisi kothhay pe ja aur ulta late ja ke.begherat,shazaib apni baji ko b bejna han aurat march ma agr itne he zruri hai to,randi k bachy,2,sexism_batch_007.csv
class3_batch005_sample020921,5,20921,3,Sexism,321921,325921,v3_original_demo_boundary_prompt,4-shot random authentic same-class,Shortlisted authentic RUHSOLD Sexism examples,40,"ab iska sara credit har anchor le rha h jb k  rape,  ki asal jad h hi media jo mera jism.meri marzi,  hareem.shah , qandeel bloch , valentine day pe program krty hn phr rape hi hn gy",roads pe lab coat b ap ki gender hi pehnti ha 😂,"aurat ko islam nai galat lagta, ap log lagtay ho jo ye boltay hain k agar aurat ka rape hua to wo uski galtie usne sar par dupatta nai kiya us banday ki nahi wo bechara kesay control karay",tere jaise randiyo ki chudai ke liye to ham mard hain yaha pe,aur teri maa ka yaar mujhe pata chalta hy,2,sexism_batch_005.csv
class3_batch008_sample021424,8,21424,3,Sexism,322424,326424,v3_original_demo_boundary_prompt,4-shot random authentic same-class,Shortlisted authentic RUHSOLD Sexism examples,40,apni behn ko bhejo gay na aurat march me??,bilo rani tumhari pehchan sirf or sirf hijra huna hai.. na mard,aaaahhhhhh bhenchod.....jese tere is mangalsutra ki sahi jagah tere gale me nai balki mere mote kaale lund pr he.... vese hi tujh jesi chudakkad kuttiya ki jagah kewal mere pairo k niche he saali.... chal inbox me aa.....,#stopauratbarbadimarch who are you for arguing our tradition and islamic manners you bluddy 2 takay ki aurat   .,"i am sorry but u are wrong 😂 randiyo ko bolne se koi problem nahi hai , tu ek bat yahi samjhae usmein humara sath bhi nahi hai",2,sexism_batch_008.csv
class3_batch010_sample021872,10,21872,3,Sexism,322872,326872,v3_original_demo_boundary_prompt,4-shot random authentic same-class,Shortlisted authentic RUHSOLD Sexism examples,40,bilo rani tumhari pehchan sirf or sirf hijra huna hai.. na mard,dhoka khane k baad oska aitbar uth jata haa sbsee or dosre mard mai b interest ni rehta...ku k aurat jism k ley ni chahti jbk mard jism k ley chahta😌🙂,roads pe lab coat b ap ki gender hi pehnti ha 😂,mard muhbt kr bhi ly tu aksar aurat he dhoka dy jati h usy 💔,sara sher huwa gashti ke sath ha,2,sexism_batch_010.csv
class3_batch003_sample020584,3,20584,3,Sexism,321584,325584,v3_original_demo_boundary_prompt,4-shot random authentic same-class,Shortlisted authentic RUHSOLD Sexism examples,40,tere jaise randiyo ki chudai ke liye to ham mard hain yaha pe,aaaahhhhhh bhenchod.....jese tere is mangalsutra ki sahi jagah tere gale me nai balki mere mote kaale lund pr he.... vese hi tujh jesi chudakkad kuttiya ki jagah kewal mere pairo k niche he saali.... chal inbox me aa.....,jahiliyat ki v had hai ye apne ghar me slave ki tarh rahti hai aur bahar kutto jaise bhaunk rhi hai... shame on these ladies,"aurat ko islam nai galat lagta, ap log lagtay ho jo ye boltay hain k agar aurat ka rape hua to wo uski galtie usne sar par dupatta nai kiya us banday ki nahi wo bechara kesay control karay",abey bhosariwalo ne bhee sari shakl dekh lete hain na,1,sexism_batch_003.csv
class3_batch007_sample021289,7,21289,3,Sexism,322289,326289,v3_original_demo_boundary_prompt,4-shot random authentic same-class,Shortlisted authentic RUHSOLD Sexism examples,40,"apko kehna chahye tha na mard hoon, na aurat hoo. main hijra hoon main hijra hoon, main parchi hoon, main defected hoon, main accidental chairman hoon.  #joker420",r mazy k bat mra jism wo auratn krti hn jin pr thokta bh koi nae.,teri chut me sabhi bhaiyo ka lund reply de randi,we are supporting #islam and thank you #khalilurrahmanqamar for your beautiful comments against #gashti .  agar ye #aurat hoti to na me aesi zuban use krta aur na koi gairatmand #admi use krta.,tu tu randi ki nasal,2,sexism_batch_007.csv
class3_batch008_sample021412,8,21412,3,Sexism,322412,326412,v3_original_demo_boundary_prompt,4-shot random authentic same-class,Shortlisted authentic RUHSOLD Sexism examples,40,aur jesi ghatia aurat ke mun se ye bat achi ni lagti. logon ko garam karnay wali machine.,"apko kehna chahye tha na mard hoon, na aurat hoo. main hijra hoon main hijra hoon, main parchi hoon, main defected hoon, main accidental chairman hoon.  #joker420",apni behn ko bhejo gay na aurat march me??,aaaahhhhhh bhenchod.....jese tere is mangalsutra ki sahi jagah tere gale me nai balki mere mote kaale lund pr he.... vese hi tujh jesi chudakkad kuttiya ki jagah kewal mere pairo k niche he saali.... chal inbox me aa.....,ab ye aisi randi rona krte hain ke unke mard sath hona chahte hain,2,sexism_batch_008.csv
class3_batch007_sample021337,7,21337,3,Sexism,322337,326337,v3_original_demo_boundary_prompt,4-shot random authentic same-class,Shortlisted authentic RUHSOLD Sexism examples,40,shazaib apni baji ko b bejna han aurat march ma agr itne he zruri hai to,aur jesi ghatia aurat ke mun se ye bat achi ni lagti. logon ko garam karnay wali machine.,aaaahhhhhh bhenchod.....jese tere is mangalsutra ki sahi jagah tere gale me nai balki mere mote kaale lund pr he.... vese hi tujh jesi chudakkad kuttiya ki jagah kewal mere pairo k niche he saali.... chal inbox me aa.....,jahiliyat ki v had hai ye apne ghar me slave ki tarh rahti hai aur bahar kutto jaise bhaunk rhi hai... shame on these ladies,ab tera baap yeh kon hai chutiye.. aur tu gandu bacha,2,sexism_batch_007.csv
class3_batch001_sample020121,1,20121,3,Sexism,321121,325121,v3_original_demo_boundary_prompt,4-shot random authentic same-class,Shortlisted authentic RUHSOLD Sexism examples,40,teri bhosdi or boobs me parda mat kar...logo ko dekne de.dhake hoge to kaise pata chalega ki tu hijra nehi hai.   hijra kahi ki.,#stopauratbarbadimarch who are you for arguing our tradition and islamic manners you bluddy 2 takay ki aurat   .,you are just girlfriend material no one wants wife like you. itna jism jo sirf admi apni bivi ka dekhta h  apka to sary jahan ne dekha h,bc ghar wale bhi soch rahe honge yeh kya system paida ho gya sala lagta programing galat ho gayi.... sabsi badi confusion iske liye ladka dhundheyge yaa ladki😉,isse randi keh raha tha mujhe..,1,sexism_batch_001.csv
class3_batch002_sample020316,2,20316,3,Sexism,321316,325316,v3_original_demo_boundary_prompt,4-shot random authentic same-class,Shortlisted authentic RUHSOLD Sexism examples,40,we are supporting #islam and thank you #khalilurrahmanqamar for your beautiful comments against #gashti .  agar ye #aurat hoti to na me aesi zuban use krta aur na koi gairatmand #admi use krta.,#stopauratbarbadimarch aurat ghr k andr hi achi lgti he yu sarkon par nikalna kisi bhi aurat ki izzat par daag lga skta he,r mazy k bat mra jism wo auratn krti hn jin pr thokta bh koi nae.,aisi or kis kis ki lund par uchel uchel kar moja lati ghar me.,teri maa chod denge tere jaise gashti,1,sexism_batch_002.csv
class3_batch003_sample020486,3,20486,3,Sexism,321486,325486,v3_original_demo_boundary_prompt,4-shot random authentic same-class,Shortlisted authentic RUHSOLD Sexism examples,40,"ab iska sara credit har anchor le rha h jb k  rape,  ki asal jad h hi media jo mera jism.meri marzi,  hareem.shah , qandeel bloch , valentine day pe program krty hn phr rape hi hn gy",bilo rani tumhari pehchan sirf or sirf hijra huna hai.. na mard,jahiliyat ki v had hai ye apne ghar me slave ki tarh rahti hai aur bahar kutto jaise bhaunk rhi hai... shame on these ladies,your leader  is hijra that's why he is not living with his wife.,yeh lanti hijra kehte hain,1,sexism_batch_003.csv
class3_batch007_sample021334,7,21334,3,Sexism,322334,326334,v3_original_demo_boundary_prompt,4-shot random authentic same-class,Shortlisted authentic RUHSOLD Sexism examples,40,we are supporting #islam and thank you #khalilurrahmanqamar for your beautiful comments against #gashti .  agar ye #aurat hoti to na me aesi zuban use krta aur na koi gairatmand #admi use krta.,jin ko hizab se nafrat he wo nangi ho k ghoome koi in pe thooke ga bhi nahi  aurat khoobsurat pure libas me lagti he mawazna karlen,"apko kehna chahye tha na mard hoon, na aurat hoo. main hijra hoon main hijra hoon, main parchi hoon, main defected hoon, main accidental chairman hoon.  #joker420",aaaahhhhhh bhenchod.....jese tere is mangalsutra ki sahi jagah tere gale me nai balki mere mote kaale lund pr he.... vese hi tujh jesi chudakkad kuttiya ki jagah kewal mere pairo k niche he saali.... chal inbox me aa.....,abe bharwe aise logon ko yahan kuch nahi samjata?,2,sexism_batch_007.csv
class3_batch005_sample020973,5,20973,3,Sexism,321973,325973,v3_original_demo_boundary_prompt,4-shot random authentic same-class,Shortlisted authentic RUHSOLD Sexism examples,40,shazaib apni baji ko b bejna han aurat march ma agr itne he zruri hai to,transgander   madarchood   hijra tu aik bara khoota ha  haram zada,tere jaise randiyo ki chudai ke liye to ham mard hain yaha pe,"ab iska sara credit har anchor le rha h jb k  rape,  ki asal jad h hi media jo mera jism.meri marzi,  hareem.shah , qandeel bloch , valentine day pe program krty hn phr rape hi hn gy",ab tum logon ne ye kaam kiya hai... 😂😂,2,sexism_batch_005.csv
class3_batch011_sample022044,11,22044,3,Sexism,323044,327044,v3_original_demo_boundary_prompt,4-shot random authentic same-class,Shortlisted authentic RUHSOLD Sexism examples,40,mard muhbt kr bhi ly tu aksar aurat he dhoka dy jati h usy 💔,teri bhosdi or boobs me parda mat kar...logo ko dekne de.dhake hoge to kaise pata chalega ki tu hijra nehi hai.   hijra kahi ki.,we are supporting #islam and thank you #khalilurrahmanqamar for your beautiful comments against #gashti .  agar ye #aurat hoti to na me aesi zuban use krta aur na koi gairatmand #admi use krta.,ap ko mard banny ki acting pasand i? agr ni to hijra hi bany rahye sir ye mardo k kam hn hijro k ni.,abe bhenchod tmhare liye sabse bada nawaz sharif hai yeh gashti bacha nawaz sharif,2,sexism_batch_011.csv
class3_batch004_sample020668,4,20668,3,Sexism,321668,325668,v3_original_demo_boundary_prompt,4-shot random authentic same-class,Shortlisted authentic RUHSOLD Sexism examples,40,we are supporting #islam and thank you #khalilurrahmanqamar for your beautiful comments against #gashti .  agar ye #aurat hoti to na me aesi zuban use krta aur na koi gairatmand #admi use krta.,bc ghar wale bhi soch rahe honge yeh kya system paida ho gya sala lagta programing galat ho gayi.... sabsi badi confusion iske liye ladka dhundheyge yaa ladki😉,aur jesi ghatia aurat ke mun se ye bat achi ni lagti. logon ko garam karnay wali machine.,"aurat ko islam nai galat lagta, ap log lagtay ho jo ye boltay hain k agar aurat ka rape hua to wo uski galtie usne sar par dupatta nai kiya us banday ki nahi wo bechara kesay control karay",aur tujhy pata chal raha hai ismein ye kaam hi nahi tha,1,sexism_batch_004.csv
class3_batch001_sample020115,1,20115,3,Sexism,321115,325115,v3_original_demo_boundary_prompt,4-shot random authentic same-class,Shortlisted authentic RUHSOLD Sexism examples,40,shazaib apni baji ko b bejna han aurat march ma agr itne he zruri hai to,tum jesi ghatia aurat ka kam hi ni hai media par.kisi kothhay pe ja aur ulta late ja ke.begherat,"ab iska sara credit har anchor le rha h jb k  rape,  ki asal jad h hi media jo mera jism.meri marzi,  hareem.shah , qandeel bloch , valentine day pe program krty hn phr rape hi hn gy","apko kehna chahye tha na mard hoon, na aurat hoo. main hijra hoon main hijra hoon, main parchi hoon, main defected hoon, main accidental chairman hoon.  #joker420",aurat hai to yehi hoti h,1,sexism_batch_001.csv
class3_batch006_sample021169,6,21169,3,Sexism,322169,326169,v3_original_demo_boundary_prompt,4-shot random authentic same-class,Shortlisted authentic RUHSOLD Sexism examples,40,teri bhosdi or boobs me parda mat kar...logo ko dekne de.dhake hoge to kaise pata chalega ki tu hijra nehi hai.   hijra kahi ki.,your leader  is hijra that's why he is not living with his wife.,tu kyun ro rahe hai hijra? tera buddhe hijra to kamjor mard hai. uska kara nehi hota. 🤣🤣🤣🤣,#auratmarch2020 mera jism allah ki marzi.. allah ka to hukam ha tum char dewari me raho .. nd ya nikl k apni nimaish karna chahten,ab yeh bhenchod hijra bhi nahi hai.,2,sexism_batch_006.csv
class3_batch003_sample020554,3,20554,3,Sexism,321554,325554,v3_original_demo_boundary_prompt,4-shot random authentic same-class,Shortlisted authentic RUHSOLD Sexism examples,40,teri chut me sabhi bhaiyo ka lund reply de randi,"aurat ko islam nai galat lagta, ap log lagtay ho jo ye boltay hain k agar aurat ka rape hua to wo uski galtie usne sar par dupatta nai kiya us banday ki nahi wo bechara kesay control karay",aisi or kis kis ki lund par uchel uchel kar moja lati ghar me.,"apko kehna chahye tha na mard hoon, na aurat hoo. main hijra hoon main hijra hoon, main parchi hoon, main defected hoon, main accidental chairman hoon.  #joker420",tu ab to yahan se hi aagaya tha,1,sexism_batch_003.csv
class3_batch011_sample022011,11,22011,3,Sexism,323011,327011,v3_original_demo_boundary_prompt,4-shot random authentic same-class,Shortlisted authentic RUHSOLD Sexism examples,40,apni behn ko bhejo gay na aurat march me??,randi kise kahte ha aap hi bata do? ye word ghatiya women ke liye hi use karta ha ab deepika ghatiya ha to randi hi bolenge na,#stopauratbarbadimarch who are you for arguing our tradition and islamic manners you bluddy 2 takay ki aurat   .,"apko kehna chahye tha na mard hoon, na aurat hoo. main hijra hoon main hijra hoon, main parchi hoon, main defected hoon, main accidental chairman hoon.  #joker420",tu yahan koi kaam nahi kar raha,2,sexism_batch_011.csv
class3_batch011_sample022002,11,22002,3,Sexism,323002,327002,v3_original_demo_boundary_prompt,4-shot random authentic same-class,Shortlisted authentic RUHSOLD Sexism examples,40,#auratmarch2020 mera jism allah ki marzi.. allah ka to hukam ha tum char dewari me raho .. nd ya nikl k apni nimaish karna chahten,randi kise kahte ha aap hi bata do? ye word ghatiya women ke liye hi use karta ha ab deepika ghatiya ha to randi hi bolenge na,#stopauratbarbadimarch aurat ghr k andr hi achi lgti he yu sarkon par nikalna kisi bhi aurat ki izzat par daag lga skta he,ap ko mard banny ki acting pasand i? agr ni to hijra hi bany rahye sir ye mardo k kam hn hijro k ni.,teri maa chod di thi tu samjh le,2,sexism_batch_011.csv
class3_batch010_sample021973,10,21973,3,Sexism,322973,326973,v3_original_demo_boundary_prompt,4-shot random authentic same-class,Shortlisted authentic RUHSOLD Sexism examples,40,agar aaj se 40 saal pehley isi tarha ke banner pakarh kar mera jism meri marzi waala naara aapki amma ne maara hota to aap is duniya main ye tweet karney ke liye maujood hi na hoteen 😑😑😑,jahiliyat ki v had hai ye apne ghar me slave ki tarh rahti hai aur bahar kutto jaise bhaunk rhi hai... shame on these ladies,tum jesi ghatia aurat ka kam hi ni hai media par.kisi kothhay pe ja aur ulta late ja ke.begherat,"madum ap gharailo maon behno ki terha na blkeh on maon behno ki terha bhi nahi jo moaashrat main ghar sy bahir nikal ker apni , maan baap ki .belky pory moaashry ki izzat ka kgayal rekhti hain .ap oss catogary main ati hain .jisy rundi,jisy tawaif,fahasha, jisy badqar kehty hain",bhenchod tu randi ho..,2,sexism_batch_010.csv
class3_batch005_sample020914,5,20914,3,Sexism,321914,325914,v3_original_demo_boundary_prompt,4-shot random authentic same-class,Shortlisted authentic RUHSOLD Sexism examples,40,"apko kehna chahye tha na mard hoon, na aurat hoo. main hijra hoon main hijra hoon, main parchi hoon, main defected hoon, main accidental chairman hoon.  #joker420",original attitude boys ma hota ha aur fake girls ma,aur jesi ghatia aurat ke mun se ye bat achi ni lagti. logon ko garam karnay wali machine.,we are supporting #islam and thank you #khalilurrahmanqamar for your beautiful comments against #gashti .  agar ye #aurat hoti to na me aesi zuban use krta aur na koi gairatmand #admi use krta.,bhenchod ye kya gaand marwa raha hai... aurat ke liye abhi tak kiya sachcha dikhaya nhi hoga..?,2,sexism_batch_005.csv
class3_batch009_sample021620,9,21620,3,Sexism,322620,326620,v3_original_demo_boundary_prompt,4-shot random authentic same-class,Shortlisted authentic RUHSOLD Sexism examples,40,you are just girlfriend material no one wants wife like you. itna jism jo sirf admi apni bivi ka dekhta h  apka to sary jahan ne dekha h,tu kyun ro rahe hai hijra? tera buddhe hijra to kamjor mard hai. uska kara nehi hota. 🤣🤣🤣🤣,ap ko mard banny ki acting pasand i? agr ni to hijra hi bany rahye sir ye mardo k kam hn hijro k ni.,#stopauratbarbadimarch who are you for arguing our tradition and islamic manners you bluddy 2 takay ki aurat   .,tumhari maa behn ko chod ke gandoo se puchlegi kon thi,2,sexism_batch_009.csv
class3_batch004_sample020721,4,20721,3,Sexism,321721,325721,v3_original_demo_boundary_prompt,4-shot random authentic same-class,Shortlisted authentic RUHSOLD Sexism examples,40,70 saal ka mard is better than a 30 year old hijra😅,you are just girlfriend material no one wants wife like you. itna jism jo sirf admi apni bivi ka dekhta h  apka to sary jahan ne dekha h,ek randi larki ko itni pazeerai di hai. smjh se bahir hai,aaaahhhhhh bhenchod.....jese tere is mangalsutra ki sahi jagah tere gale me nai balki mere mote kaale lund pr he.... vese hi tujh jesi chudakkad kuttiya ki jagah kewal mere pairo k niche he saali.... chal inbox me aa.....,ise bata do..jab tak usne aurat marzi ko naaz banaya hai tab tak unke sath humari wajah se zarurat nahin...,1,sexism_batch_004.csv
class3_batch009_sample021780,9,21780,3,Sexism,322780,326780,v3_original_demo_boundary_prompt,4-shot random authentic same-class,Shortlisted authentic RUHSOLD Sexism examples,40,tere jaise randiyo ki chudai ke liye to ham mard hain yaha pe,#stopauratbarbadimarch who are you for arguing our tradition and islamic manners you bluddy 2 takay ki aurat   .,lalchi aurat paisa dekhti hai aur khandani aurat sirf sehrat dekhti hai,bc ghar wale bhi soch rahe honge yeh kya system paida ho gya sala lagta programing galat ho gayi.... sabsi badi confusion iske liye ladka dhundheyge yaa ladki😉,aurat march ko support karne wala us waqiat mein ek doosre se baat na karie,2,sexism_batch_009.csv
class3_batch004_sample020619,4,20619,3,Sexism,321619,325619,v3_original_demo_boundary_prompt,4-shot random authentic same-class,Shortlisted authentic RUHSOLD Sexism examples,40,jin ko hizab se nafrat he wo nangi ho k ghoome koi in pe thooke ga bhi nahi  aurat khoobsurat pure libas me lagti he mawazna karlen,"ab iska sara credit har anchor le rha h jb k  rape,  ki asal jad h hi media jo mera jism.meri marzi,  hareem.shah , qandeel bloch , valentine day pe program krty hn phr rape hi hn gy","apko kehna chahye tha na mard hoon, na aurat hoo. main hijra hoon main hijra hoon, main parchi hoon, main defected hoon, main accidental chairman hoon.  #joker420",aisi or kis kis ki lund par uchel uchel kar moja lati ghar me.,ab tk uski maa khud ki maa ne paida ker liya,1,sexism_batch_004.csv
class3_batch007_sample021361,7,21361,3,Sexism,322361,326361,v3_original_demo_boundary_prompt,4-shot random authentic same-class,Shortlisted authentic RUHSOLD Sexism examples,40,dhoka khane k baad oska aitbar uth jata haa sbsee or dosre mard mai b interest ni rehta...ku k aurat jism k ley ni chahti jbk mard jism k ley chahta😌🙂,mard muhbt kr bhi ly tu aksar aurat he dhoka dy jati h usy 💔,jin ko hizab se nafrat he wo nangi ho k ghoome koi in pe thooke ga bhi nahi  aurat khoobsurat pure libas me lagti he mawazna karlen,tu kyun ro rahe hai hijra? tera buddhe hijra to kamjor mard hai. uska kara nehi hota. 🤣🤣🤣🤣,rt : tum logo ne tu nay apni beti ki picture share kar diya...aur ye sab aik hi chupal kay sath hain. tum logon ka papa yahan chor dia ha kya?,2,sexism_batch_007.csv
class3_batch003_sample020426,3,20426,3,Sexism,321426,325426,v3_original_demo_boundary_prompt,4-shot random authentic same-class,Shortlisted authentic RUHSOLD Sexism examples,40,phir larky beard ky bagiar khusray q lgty hain  wo bhi beard ky bagiar khubsurat lgny chahiye ?,tu kyun ro rahe hai hijra? tera buddhe hijra to kamjor mard hai. uska kara nehi hota. 🤣🤣🤣🤣,#stopauratbarbadimarch who are you for arguing our tradition and islamic manners you bluddy 2 takay ki aurat   .,tum jesi ghatia aurat ka kam hi ni hai media par.kisi kothhay pe ja aur ulta late ja ke.begherat,ye kya baat hai aurat march mein aik cheez krwa lete ho,1,sexism_batch_003.csv
class3_batch004_sample020679,4,20679,3,Sexism,321679,325679,v3_original_demo_boundary_prompt,4-shot random authentic same-class,Shortlisted authentic RUHSOLD Sexism examples,40,jahiliyat ki v had hai ye apne ghar me slave ki tarh rahti hai aur bahar kutto jaise bhaunk rhi hai... shame on these ladies,agar aaj se 40 saal pehley isi tarha ke banner pakarh kar mera jism meri marzi waala naara aapki amma ne maara hota to aap is duniya main ye tweet karney ke liye maujood hi na hoteen 😑😑😑,"aurat ko islam nai galat lagta, ap log lagtay ho jo ye boltay hain k agar aurat ka rape hua to wo uski galtie usne sar par dupatta nai kiya us banday ki nahi wo bechara kesay control karay",phir larky beard ky bagiar khusray q lgty hain  wo bhi beard ky bagiar khubsurat lgny chahiye ?,bhenchod tumhari jaldi wali gandi nasal ki jagah mein laadli randi,1,sexism_batch_004.csv
class3_batch008_sample021457,8,21457,3,Sexism,322457,326457,v3_original_demo_boundary_prompt,4-shot random authentic same-class,Shortlisted authentic RUHSOLD Sexism examples,40,#stopauratbarbadimarch who are you for arguing our tradition and islamic manners you bluddy 2 takay ki aurat   .,tum jesi ghatia aurat ka kam hi ni hai media par.kisi kothhay pe ja aur ulta late ja ke.begherat,aaaahhhhhh bhenchod.....jese tere is mangalsutra ki sahi jagah tere gale me nai balki mere mote kaale lund pr he.... vese hi tujh jesi chudakkad kuttiya ki jagah kewal mere pairo k niche he saali.... chal inbox me aa.....,lalchi aurat paisa dekhti hai aur khandani aurat sirf sehrat dekhti hai,rt : abbey teri maa ko chodna chahte hain,2,sexism_batch_008.csv
class3_batch006_sample021052,6,21052,3,Sexism,322052,326052,v3_original_demo_boundary_prompt,4-shot random authentic same-class,Shortlisted authentic RUHSOLD Sexism examples,40,aisi or kis kis ki lund par uchel uchel kar moja lati ghar me.,shazaib apni baji ko b bejna han aurat march ma agr itne he zruri hai to,teri bhosdi or boobs me parda mat kar...logo ko dekne de.dhake hoge to kaise pata chalega ki tu hijra nehi hai.   hijra kahi ki.,randi kise kahte ha aap hi bata do? ye word ghatiya women ke liye hi use karta ha ab deepika ghatiya ha to randi hi bolenge na,tumhari chut marunga jab tak aisa koi maut nahi ayegi.,2,sexism_batch_006.csv
class3_batch010_sample021986,10,21986,3,Sexism,322986,326986,v3_original_demo_boundary_prompt,4-shot random authentic same-class,Shortlisted authentic RUHSOLD Sexism examples,40,teri bhosdi or boobs me parda mat kar...logo ko dekne de.dhake hoge to kaise pata chalega ki tu hijra nehi hai.   hijra kahi ki.,mard muhbt kr bhi ly tu aksar aurat he dhoka dy jati h usy 💔,tu kyun ro rahe hai hijra? tera buddhe hijra to kamjor mard hai. uska kara nehi hota. 🤣🤣🤣🤣,muslim countries ki leaderships na mard napunsak or hijra hain.. in mein koi dum nahi.. ye kuch nahi kr sakty.. jinnah ki rooh tarapti hogi.. jinnah ne kashmir par attack ka order diya tha..,nikl gandu tu hijra,2,sexism_batch_010.csv
class3_batch005_sample020893,5,20893,3,Sexism,321893,325893,v3_original_demo_boundary_prompt,4-shot random authentic same-class,Shortlisted authentic RUHSOLD Sexism examples,40,tum jesi ghatia aurat ka kam hi ni hai media par.kisi kothhay pe ja aur ulta late ja ke.begherat,jahiliyat ki v had hai ye apne ghar me slave ki tarh rahti hai aur bahar kutto jaise bhaunk rhi hai... shame on these ladies,teri chut me sabhi bhaiyo ka lund reply de randi,ek randi larki ko itni pazeerai di hai. smjh se bahir hai,rt :   kya baat hai tera maa baap hai hijra ho ya muslim,2,sexism_batch_005.csv
class3_batch009_sample021712,9,21712,3,Sexism,322712,326712,v3_original_demo_boundary_prompt,4-shot random authentic same-class,Shortlisted authentic RUHSOLD Sexism examples,40,teri chut me sabhi bhaiyo ka lund reply de randi,#stopauratbarbadimarch who are you for arguing our tradition and islamic manners you bluddy 2 takay ki aurat   .,phir larky beard ky bagiar khusray q lgty hain  wo bhi beard ky bagiar khubsurat lgny chahiye ?,your leader  is hijra that's why he is not living with his wife.,aurat bar badi marzi ha jisne apni behno ko mukhlis nafrat se pakar rakh diya tha,2,sexism_batch_009.csv
class3_batch011_sample022023,11,22023,3,Sexism,323023,327023,v3_original_demo_boundary_prompt,4-shot random authentic same-class,Shortlisted authentic RUHSOLD Sexism examples,40,agar aaj se 40 saal pehley isi tarha ke banner pakarh kar mera jism meri marzi waala naara aapki amma ne maara hota to aap is duniya main ye tweet karney ke liye maujood hi na hoteen 😑😑😑,aaaahhhhhh bhenchod.....jese tere is mangalsutra ki sahi jagah tere gale me nai balki mere mote kaale lund pr he.... vese hi tujh jesi chudakkad kuttiya ki jagah kewal mere pairo k niche he saali.... chal inbox me aa.....,#auratmarch2020 mera jism allah ki marzi.. allah ka to hukam ha tum char dewari me raho .. nd ya nikl k apni nimaish karna chahten,your leader  is hijra that's why he is not living with his wife.,abe bharwe bhenchodo aurat march kabhi na ho,2,sexism_batch_011.csv
class3_batch010_sample021901,10,21901,3,Sexism,322901,326901,v3_original_demo_boundary_prompt,4-shot random authentic same-class,Shortlisted authentic RUHSOLD Sexism examples,40,original attitude boys ma hota ha aur fake girls ma,ap ko mard banny ki acting pasand i? agr ni to hijra hi bany rahye sir ye mardo k kam hn hijro k ni.,jahiliyat ki v had hai ye apne ghar me slave ki tarh rahti hai aur bahar kutto jaise bhaunk rhi hai... shame on these ladies,lalchi aurat paisa dekhti hai aur khandani aurat sirf sehrat dekhti hai,shukriya saali ye 50 rupees se baad charsi wala bill tha kisi ne,2,sexism_batch_010.csv
class3_batch005_sample020881,5,20881,3,Sexism,321881,325881,v3_original_demo_boundary_prompt,4-shot random authentic same-class,Shortlisted authentic RUHSOLD Sexism examples,40,ap ko mard banny ki acting pasand i? agr ni to hijra hi bany rahye sir ye mardo k kam hn hijro k ni.,teri bhosdi or boobs me parda mat kar...logo ko dekne de.dhake hoge to kaise pata chalega ki tu hijra nehi hai.   hijra kahi ki.,"yeh wesy koi bht e zyda ounchi nasal ki randi niqli h wesy , mtlb i can't even imagine koi bughaz or paisy k pechay itna b girr skta h, nehayat e nichly darjay ki baighairat aurat ho, aurat zaat ko b badnaam kea h isny apny wajood sy !! akhh thooo iski zaat pay",we are supporting #islam and thank you #khalilurrahmanqamar for your beautiful comments against #gashti .  agar ye #aurat hoti to na me aesi zuban use krta aur na koi gairatmand #admi use krta.,tere jesa hijra ko maaf karo 😂,2,sexism_batch_005.csv
class3_batch003_sample020544,3,20544,3,Sexism,321544,325544,v3_original_demo_boundary_prompt,4-shot random authentic same-class,Shortlisted authentic RUHSOLD Sexism examples,40,original attitude boys ma hota ha aur fake girls ma,ap ko mard banny ki acting pasand i? agr ni to hijra hi bany rahye sir ye mardo k kam hn hijro k ni.,apni behn ko bhejo gay na aurat march me??,r mazy k bat mra jism wo auratn krti hn jin pr thokta bh koi nae.,aby hijra ho gya ha,1,sexism_batch_003.csv
class3_batch005_sample020856,5,20856,3,Sexism,321856,325856,v3_original_demo_boundary_prompt,4-shot random authentic same-class,Shortlisted authentic RUHSOLD Sexism examples,40,agar aaj se 40 saal pehley isi tarha ke banner pakarh kar mera jism meri marzi waala naara aapki amma ne maara hota to aap is duniya main ye tweet karney ke liye maujood hi na hoteen 😑😑😑,randi kise kahte ha aap hi bata do? ye word ghatiya women ke liye hi use karta ha ab deepika ghatiya ha to randi hi bolenge na,tu kyun ro rahe hai hijra? tera buddhe hijra to kamjor mard hai. uska kara nehi hota. 🤣🤣🤣🤣,roads pe lab coat b ap ki gender hi pehnti ha 😂,teri ammi ko chudwane k lye bhi mujhse nahin milta auratmarch me nhi jaana.,2,sexism_batch_005.csv
class3_batch004_sample020715,4,20715,3,Sexism,321715,325715,v3_original_demo_boundary_prompt,4-shot random authentic same-class,Shortlisted authentic RUHSOLD Sexism examples,40,ap ko mard banny ki acting pasand i? agr ni to hijra hi bany rahye sir ye mardo k kam hn hijro k ni.,original attitude boys ma hota ha aur fake girls ma,teri bhosdi or boobs me parda mat kar...logo ko dekne de.dhake hoge to kaise pata chalega ki tu hijra nehi hai.   hijra kahi ki.,"ab iska sara credit har anchor le rha h jb k  rape,  ki asal jad h hi media jo mera jism.meri marzi,  hareem.shah , qandeel bloch , valentine day pe program krty hn phr rape hi hn gy",hijra ho tum,1,sexism_batch_004.csv
class3_batch005_sample020985,5,20985,3,Sexism,321985,325985,v3_original_demo_boundary_prompt,4-shot random authentic same-class,Shortlisted authentic RUHSOLD Sexism examples,40,teri bhosdi or boobs me parda mat kar...logo ko dekne de.dhake hoge to kaise pata chalega ki tu hijra nehi hai.   hijra kahi ki.,aaaahhhhhh bhenchod.....jese tere is mangalsutra ki sahi jagah tere gale me nai balki mere mote kaale lund pr he.... vese hi tujh jesi chudakkad kuttiya ki jagah kewal mere pairo k niche he saali.... chal inbox me aa.....,jin ko hizab se nafrat he wo nangi ho k ghoome koi in pe thooke ga bhi nahi  aurat khoobsurat pure libas me lagti he mawazna karlen,"ab iska sara credit har anchor le rha h jb k  rape,  ki asal jad h hi media jo mera jism.meri marzi,  hareem.shah , qandeel bloch , valentine day pe program krty hn phr rape hi hn gy",abi tak hijra chod diya ha to kya waisay bheja denge?,2,sexism_batch_005.csv
class3_batch004_sample020757,4,20757,3,Sexism,321757,325757,v3_original_demo_boundary_prompt,4-shot random authentic same-class,Shortlisted authentic RUHSOLD Sexism examples,40,acha tareka dhondha hai larkun ko ganda sabit karny ka but aesi neech harkat larkyan he kar sakti hain larky nahi.,#stopauratbarbadimarch who are you for arguing our tradition and islamic manners you bluddy 2 takay ki aurat   .,"madum ap gharailo maon behno ki terha na blkeh on maon behno ki terha bhi nahi jo moaashrat main ghar sy bahir nikal ker apni , maan baap ki .belky pory moaashry ki izzat ka kgayal rekhti hain .ap oss catogary main ati hain .jisy rundi,jisy tawaif,fahasha, jisy badqar kehty hain",roads pe lab coat b ap ki gender hi pehnti ha 😂,gandu hijra,1,sexism_batch_004.csv
class3_batch006_sample021118,6,21118,3,Sexism,322118,326118,v3_original_demo_boundary_prompt,4-shot random authentic same-class,Shortlisted authentic RUHSOLD Sexism examples,40,apni behn ko bhejo gay na aurat march me??,roads pe lab coat b ap ki gender hi pehnti ha 😂,bc ghar wale bhi soch rahe honge yeh kya system paida ho gya sala lagta programing galat ho gayi.... sabsi badi confusion iske liye ladka dhundheyge yaa ladki😉,#stopauratbarbadimarch aurat ghr k andr hi achi lgti he yu sarkon par nikalna kisi bhi aurat ki izzat par daag lga skta he,ye jo koi jhoot bol raha hai wo usse bat nahi karte,2,sexism_batch_006.csv
class3_batch002_sample020299,2,20299,3,Sexism,321299,325299,v3_original_demo_boundary_prompt,4-shot random authentic same-class,Shortlisted authentic RUHSOLD Sexism examples,40,agar aaj se 40 saal pehley isi tarha ke banner pakarh kar mera jism meri marzi waala naara aapki amma ne maara hota to aap is duniya main ye tweet karney ke liye maujood hi na hoteen 😑😑😑,acha tareka dhondha hai larkun ko ganda sabit karny ka but aesi neech harkat larkyan he kar sakti hain larky nahi.,jin ko hizab se nafrat he wo nangi ho k ghoome koi in pe thooke ga bhi nahi  aurat khoobsurat pure libas me lagti he mawazna karlen,your leader  is hijra that's why he is not living with his wife.,"abey mard chutiya, tu abhi tak apni aukat rakh leta hai?",1,sexism_batch_002.csv
class3_batch009_sample021616,9,21616,3,Sexism,322616,326616,v3_original_demo_boundary_prompt,4-shot random authentic same-class,Shortlisted authentic RUHSOLD Sexism examples,40,bilo rani tumhari pehchan sirf or sirf hijra huna hai.. na mard,original attitude boys ma hota ha aur fake girls ma,70 saal ka mard is better than a 30 year old hijra😅,dhoka khane k baad oska aitbar uth jata haa sbsee or dosre mard mai b interest ni rehta...ku k aurat jism k ley ni chahti jbk mard jism k ley chahta😌🙂,nhi ab apni bahan ko hijra chahye,2,sexism_batch_009.csv
class3_batch008_sample021476,8,21476,3,Sexism,322476,326476,v3_original_demo_boundary_prompt,4-shot random authentic same-class,Shortlisted authentic RUHSOLD Sexism examples,40,agar aaj se 40 saal pehley isi tarha ke banner pakarh kar mera jism meri marzi waala naara aapki amma ne maara hota to aap is duniya main ye tweet karney ke liye maujood hi na hoteen 😑😑😑,tu kyun ro rahe hai hijra? tera buddhe hijra to kamjor mard hai. uska kara nehi hota. 🤣🤣🤣🤣,"ab iska sara credit har anchor le rha h jb k  rape,  ki asal jad h hi media jo mera jism.meri marzi,  hareem.shah , qandeel bloch , valentine day pe program krty hn phr rape hi hn gy",ap ko mard banny ki acting pasand i? agr ni to hijra hi bany rahye sir ye mardo k kam hn hijro k ni.,koi nahin yeh nanga randi ka bacha,2,sexism_batch_008.csv
class3_batch001_sample020063,1,20063,3,Sexism,321063,325063,v3_original_demo_boundary_prompt,4-shot random authentic same-class,Shortlisted authentic RUHSOLD Sexism examples,40,apni behn ko bhejo gay na aurat march me??,jahiliyat ki v had hai ye apne ghar me slave ki tarh rahti hai aur bahar kutto jaise bhaunk rhi hai... shame on these ladies,acha tareka dhondha hai larkun ko ganda sabit karny ka but aesi neech harkat larkyan he kar sakti hain larky nahi.,"yeh wesy koi bht e zyda ounchi nasal ki randi niqli h wesy , mtlb i can't even imagine koi bughaz or paisy k pechay itna b girr skta h, nehayat e nichly darjay ki baighairat aurat ho, aurat zaat ko b badnaam kea h isny apny wajood sy !! akhh thooo iski zaat pay",aisay logon ki choti waja se bhonk rhy hen,1,sexism_batch_001.csv
class3_batch002_sample020324,2,20324,3,Sexism,321324,325324,v3_original_demo_boundary_prompt,4-shot random authentic same-class,Shortlisted authentic RUHSOLD Sexism examples,40,tu kyun ro rahe hai hijra? tera buddhe hijra to kamjor mard hai. uska kara nehi hota. 🤣🤣🤣🤣,shazaib apni baji ko b bejna han aurat march ma agr itne he zruri hai to,dhoka khane k baad oska aitbar uth jata haa sbsee or dosre mard mai b interest ni rehta...ku k aurat jism k ley ni chahti jbk mard jism k ley chahta😌🙂,randi kise kahte ha aap hi bata do? ye word ghatiya women ke liye hi use karta ha ab deepika ghatiya ha to randi hi bolenge na,acha gandu hijra ho gaya tha tumhare bhen k lode,1,sexism_batch_002.csv
class3_batch008_sample021554,8,21554,3,Sexism,322554,326554,v3_original_demo_boundary_prompt,4-shot random authentic same-class,Shortlisted authentic RUHSOLD Sexism examples,40,tu kyun ro rahe hai hijra? tera buddhe hijra to kamjor mard hai. uska kara nehi hota. 🤣🤣🤣🤣,aaaahhhhhh bhenchod.....jese tere is mangalsutra ki sahi jagah tere gale me nai balki mere mote kaale lund pr he.... vese hi tujh jesi chudakkad kuttiya ki jagah kewal mere pairo k niche he saali.... chal inbox me aa.....,aisi or kis kis ki lund par uchel uchel kar moja lati ghar me.,"yeh wesy koi bht e zyda ounchi nasal ki randi niqli h wesy , mtlb i can't even imagine koi bughaz or paisy k pechay itna b girr skta h, nehayat e nichly darjay ki baighairat aurat ho, aurat zaat ko b badnaam kea h isny apny wajood sy !! akhh thooo iski zaat pay",aise hi hai isko,2,sexism_batch_008.csv
class3_batch006_sample021178,6,21178,3,Sexism,322178,326178,v3_original_demo_boundary_prompt,4-shot random authentic same-class,Shortlisted authentic RUHSOLD Sexism examples,40,shazaib apni baji ko b bejna han aurat march ma agr itne he zruri hai to,70 saal ka mard is better than a 30 year old hijra😅,"yeh wesy koi bht e zyda ounchi nasal ki randi niqli h wesy , mtlb i can't even imagine koi bughaz or paisy k pechay itna b girr skta h, nehayat e nichly darjay ki baighairat aurat ho, aurat zaat ko b badnaam kea h isny apny wajood sy !! akhh thooo iski zaat pay",r mazy k bat mra jism wo auratn krti hn jin pr thokta bh koi nae.,tere jaan se gandu chutiyaa tu teri ammi k bachy,2,sexism_batch_006.csv
class3_batch007_sample021245,7,21245,3,Sexism,322245,326245,v3_original_demo_boundary_prompt,4-shot random authentic same-class,Shortlisted authentic RUHSOLD Sexism examples,40,"apko kehna chahye tha na mard hoon, na aurat hoo. main hijra hoon main hijra hoon, main parchi hoon, main defected hoon, main accidental chairman hoon.  #joker420","yeh wesy koi bht e zyda ounchi nasal ki randi niqli h wesy , mtlb i can't even imagine koi bughaz or paisy k pechay itna b girr skta h, nehayat e nichly darjay ki baighairat aurat ho, aurat zaat ko b badnaam kea h isny apny wajood sy !! akhh thooo iski zaat pay",your leader  is hijra that's why he is not living with his wife.,lalchi aurat paisa dekhti hai aur khandani aurat sirf sehrat dekhti hai,ye to gandu kutiya or hijra ka naam hi nahin lekin apni maa ki phudi ki saree py unka ganda name hota ha,2,sexism_batch_007.csv
class3_batch006_sample021033,6,21033,3,Sexism,322033,326033,v3_original_demo_boundary_prompt,4-shot random authentic same-class,Shortlisted authentic RUHSOLD Sexism examples,40,#auratmarch2020 mera jism allah ki marzi.. allah ka to hukam ha tum char dewari me raho .. nd ya nikl k apni nimaish karna chahten,tere jaise randiyo ki chudai ke liye to ham mard hain yaha pe,original attitude boys ma hota ha aur fake girls ma,shazaib apni baji ko b bejna han aurat march ma agr itne he zruri hai to,ye sacha gandu he abhi tak un se hi paida ho ga jis ne 6500 crore ki tarah dekha tha,2,sexism_batch_006.csv
class3_batch006_sample021001,6,21001,3,Sexism,322001,326001,v3_original_demo_boundary_prompt,4-shot random authentic same-class,Shortlisted authentic RUHSOLD Sexism examples,40,70 saal ka mard is better than a 30 year old hijra😅,teri bhosdi or boobs me parda mat kar...logo ko dekne de.dhake hoge to kaise pata chalega ki tu hijra nehi hai.   hijra kahi ki.,#stopauratbarbadimarch who are you for arguing our tradition and islamic manners you bluddy 2 takay ki aurat   .,bc ghar wale bhi soch rahe honge yeh kya system paida ho gya sala lagta programing galat ho gayi.... sabsi badi confusion iske liye ladka dhundheyge yaa ladki😉,teri maa ko chod do yaar,2,sexism_batch_006.csv
class3_batch007_sample021395,7,21395,3,Sexism,322395,326395,v3_original_demo_boundary_prompt,4-shot random authentic same-class,Shortlisted authentic RUHSOLD Sexism examples,40,#stopauratbarbadimarch aurat ghr k andr hi achi lgti he yu sarkon par nikalna kisi bhi aurat ki izzat par daag lga skta he,"ab iska sara credit har anchor le rha h jb k  rape,  ki asal jad h hi media jo mera jism.meri marzi,  hareem.shah , qandeel bloch , valentine day pe program krty hn phr rape hi hn gy",you are just girlfriend material no one wants wife like you. itna jism jo sirf admi apni bivi ka dekhta h  apka to sary jahan ne dekha h,we are supporting #islam and thank you #khalilurrahmanqamar for your beautiful comments against #gashti .  agar ye #aurat hoti to na me aesi zuban use krta aur na koi gairatmand #admi use krta.,aik aurat ke paas kya haal hota hai jo baat kar raha hai uske baad aisey batayen jo unki baat ko ghar se nikal jaaye,2,sexism_batch_007.csv
class3_batch004_sample020605,4,20605,3,Sexism,321605,325605,v3_original_demo_boundary_prompt,4-shot random authentic same-class,Shortlisted authentic RUHSOLD Sexism examples,40,you are just girlfriend material no one wants wife like you. itna jism jo sirf admi apni bivi ka dekhta h  apka to sary jahan ne dekha h,roads pe lab coat b ap ki gender hi pehnti ha 😂,shazaib apni baji ko b bejna han aurat march ma agr itne he zruri hai to,aaaahhhhhh bhenchod.....jese tere is mangalsutra ki sahi jagah tere gale me nai balki mere mote kaale lund pr he.... vese hi tujh jesi chudakkad kuttiya ki jagah kewal mere pairo k niche he saali.... chal inbox me aa.....,rt : ye kisi kutte ki beti ka bhosda bta raha hai,1,sexism_batch_004.csv
class3_batch005_sample020994,5,20994,3,Sexism,321994,325994,v3_original_demo_boundary_prompt,4-shot random authentic same-class,Shortlisted authentic RUHSOLD Sexism examples,40,"madum ap gharailo maon behno ki terha na blkeh on maon behno ki terha bhi nahi jo moaashrat main ghar sy bahir nikal ker apni , maan baap ki .belky pory moaashry ki izzat ka kgayal rekhti hain .ap oss catogary main ati hain .jisy rundi,jisy tawaif,fahasha, jisy badqar kehty hain",teri bhosdi or boobs me parda mat kar...logo ko dekne de.dhake hoge to kaise pata chalega ki tu hijra nehi hai.   hijra kahi ki.,mard muhbt kr bhi ly tu aksar aurat he dhoka dy jati h usy 💔,transgander   madarchood   hijra tu aik bara khoota ha  haram zada,madam ek chakkar hy wo chakkar hy. 😂,2,sexism_batch_005.csv
class3_batch003_sample020427,3,20427,3,Sexism,321427,325427,v3_original_demo_boundary_prompt,4-shot random authentic same-class,Shortlisted authentic RUHSOLD Sexism examples,40,"madum ap gharailo maon behno ki terha na blkeh on maon behno ki terha bhi nahi jo moaashrat main ghar sy bahir nikal ker apni , maan baap ki .belky pory moaashry ki izzat ka kgayal rekhti hain .ap oss catogary main ati hain .jisy rundi,jisy tawaif,fahasha, jisy badqar kehty hain","ab iska sara credit har anchor le rha h jb k  rape,  ki asal jad h hi media jo mera jism.meri marzi,  hareem.shah , qandeel bloch , valentine day pe program krty hn phr rape hi hn gy",roads pe lab coat b ap ki gender hi pehnti ha 😂,"apko kehna chahye tha na mard hoon, na aurat hoo. main hijra hoon main hijra hoon, main parchi hoon, main defected hoon, main accidental chairman hoon.  #joker420",chod diya mard randdi khusray,1,sexism_batch_003.csv
class3_batch008_sample021555,8,21555,3,Sexism,322555,326555,v3_original_demo_boundary_prompt,4-shot random authentic same-class,Shortlisted authentic RUHSOLD Sexism examples,40,ap ko mard banny ki acting pasand i? agr ni to hijra hi bany rahye sir ye mardo k kam hn hijro k ni.,muslim countries ki leaderships na mard napunsak or hijra hain.. in mein koi dum nahi.. ye kuch nahi kr sakty.. jinnah ki rooh tarapti hogi.. jinnah ne kashmir par attack ka order diya tha..,jahiliyat ki v had hai ye apne ghar me slave ki tarh rahti hai aur bahar kutto jaise bhaunk rhi hai... shame on these ladies,"yeh wesy koi bht e zyda ounchi nasal ki randi niqli h wesy , mtlb i can't even imagine koi bughaz or paisy k pechay itna b girr skta h, nehayat e nichly darjay ki baighairat aurat ho, aurat zaat ko b badnaam kea h isny apny wajood sy !! akhh thooo iski zaat pay",yeh apko ghalat lagti hai ?,2,sexism_batch_008.csv
class3_batch007_sample021381,7,21381,3,Sexism,322381,326381,v3_original_demo_boundary_prompt,4-shot random authentic same-class,Shortlisted authentic RUHSOLD Sexism examples,40,your leader  is hijra that's why he is not living with his wife.,"madum ap gharailo maon behno ki terha na blkeh on maon behno ki terha bhi nahi jo moaashrat main ghar sy bahir nikal ker apni , maan baap ki .belky pory moaashry ki izzat ka kgayal rekhti hain .ap oss catogary main ati hain .jisy rundi,jisy tawaif,fahasha, jisy badqar kehty hain",teri chut me sabhi bhaiyo ka lund reply de randi,phir larky beard ky bagiar khusray q lgty hain  wo bhi beard ky bagiar khubsurat lgny chahiye ?,wesay bhenchod,2,sexism_batch_007.csv
class3_batch008_sample021494,8,21494,3,Sexism,322494,326494,v3_original_demo_boundary_prompt,4-shot random authentic same-class,Shortlisted authentic RUHSOLD Sexism examples,40,r mazy k bat mra jism wo auratn krti hn jin pr thokta bh koi nae.,bilo rani tumhari pehchan sirf or sirf hijra huna hai.. na mard,"yeh wesy koi bht e zyda ounchi nasal ki randi niqli h wesy , mtlb i can't even imagine koi bughaz or paisy k pechay itna b girr skta h, nehayat e nichly darjay ki baighairat aurat ho, aurat zaat ko b badnaam kea h isny apny wajood sy !! akhh thooo iski zaat pay",jin ko hizab se nafrat he wo nangi ho k ghoome koi in pe thooke ga bhi nahi  aurat khoobsurat pure libas me lagti he mawazna karlen,kutty randi ki bachy,2,sexism_batch_008.csv
class3_batch001_sample020023,1,20023,3,Sexism,321023,325023,v3_original_demo_boundary_prompt,4-shot random authentic same-class,Shortlisted authentic RUHSOLD Sexism examples,40,ap ko mard banny ki acting pasand i? agr ni to hijra hi bany rahye sir ye mardo k kam hn hijro k ni.,you are just girlfriend material no one wants wife like you. itna jism jo sirf admi apni bivi ka dekhta h  apka to sary jahan ne dekha h,shazaib apni baji ko b bejna han aurat march ma agr itne he zruri hai to,"apko kehna chahye tha na mard hoon, na aurat hoo. main hijra hoon main hijra hoon, main parchi hoon, main defected hoon, main accidental chairman hoon.  #joker420",o bharwe kutte tu randi ha tu,1,sexism_batch_001.csv
class3_batch009_sample021624,9,21624,3,Sexism,322624,326624,v3_original_demo_boundary_prompt,4-shot random authentic same-class,Shortlisted authentic RUHSOLD Sexism examples,40,shazaib apni baji ko b bejna han aurat march ma agr itne he zruri hai to,"apko kehna chahye tha na mard hoon, na aurat hoo. main hijra hoon main hijra hoon, main parchi hoon, main defected hoon, main accidental chairman hoon.  #joker420",aur jesi ghatia aurat ke mun se ye bat achi ni lagti. logon ko garam karnay wali machine.,agar aaj se 40 saal pehley isi tarha ke banner pakarh kar mera jism meri marzi waala naara aapki amma ne maara hota to aap is duniya main ye tweet karney ke liye maujood hi na hoteen 😑😑😑,yeh jisko isse tatti kehty hain wo tatti ho sakte hain..,2,sexism_batch_009.csv
class3_batch001_sample020198,1,20198,3,Sexism,321198,325198,v3_original_demo_boundary_prompt,4-shot random authentic same-class,Shortlisted authentic RUHSOLD Sexism examples,40,aaaahhhhhh bhenchod.....jese tere is mangalsutra ki sahi jagah tere gale me nai balki mere mote kaale lund pr he.... vese hi tujh jesi chudakkad kuttiya ki jagah kewal mere pairo k niche he saali.... chal inbox me aa.....,jahiliyat ki v had hai ye apne ghar me slave ki tarh rahti hai aur bahar kutto jaise bhaunk rhi hai... shame on these ladies,#stopauratbarbadimarch aurat ghr k andr hi achi lgti he yu sarkon par nikalna kisi bhi aurat ki izzat par daag lga skta he,tu kyun ro rahe hai hijra? tera buddhe hijra to kamjor mard hai. uska kara nehi hota. 🤣🤣🤣🤣,teri maa ka khoon nahi utaana tha..??😱🤯,1,sexism_batch_001.csv
class3_batch001_sample020049,1,20049,3,Sexism,321049,325049,v3_original_demo_boundary_prompt,4-shot random authentic same-class,Shortlisted authentic RUHSOLD Sexism examples,40,your leader  is hijra that's why he is not living with his wife.,aur jesi ghatia aurat ke mun se ye bat achi ni lagti. logon ko garam karnay wali machine.,"madum ap gharailo maon behno ki terha na blkeh on maon behno ki terha bhi nahi jo moaashrat main ghar sy bahir nikal ker apni , maan baap ki .belky pory moaashry ki izzat ka kgayal rekhti hain .ap oss catogary main ati hain .jisy rundi,jisy tawaif,fahasha, jisy badqar kehty hain",acha tareka dhondha hai larkun ko ganda sabit karny ka but aesi neech harkat larkyan he kar sakti hain larky nahi.,tujhe yeh sahi samaj raha hai?,1,sexism_batch_001.csv
class3_batch001_sample020173,1,20173,3,Sexism,321173,325173,v3_original_demo_boundary_prompt,4-shot random authentic same-class,Shortlisted authentic RUHSOLD Sexism examples,40,70 saal ka mard is better than a 30 year old hijra😅,phir larky beard ky bagiar khusray q lgty hain  wo bhi beard ky bagiar khubsurat lgny chahiye ?,tu kyun ro rahe hai hijra? tera buddhe hijra to kamjor mard hai. uska kara nehi hota. 🤣🤣🤣🤣,aaaahhhhhh bhenchod.....jese tere is mangalsutra ki sahi jagah tere gale me nai balki mere mote kaale lund pr he.... vese hi tujh jesi chudakkad kuttiya ki jagah kewal mere pairo k niche he saali.... chal inbox me aa.....,teri maa ka yaar tho gaand maru aur abe teri baaji ko teri maa ki gaand me daal do.,1,sexism_batch_001.csv
class3_batch004_sample020620,4,20620,3,Sexism,321620,325620,v3_original_demo_boundary_prompt,4-shot random authentic same-class,Shortlisted authentic RUHSOLD Sexism examples,40,transgander   madarchood   hijra tu aik bara khoota ha  haram zada,70 saal ka mard is better than a 30 year old hijra😅,your leader  is hijra that's why he is not living with his wife.,bilo rani tumhari pehchan sirf or sirf hijra huna hai.. na mard,charsi ki tarah bolo gadhe ki tatti,1,sexism_batch_004.csv
class3_batch010_sample021824,10,21824,3,Sexism,322824,326824,v3_original_demo_boundary_prompt,4-shot random authentic same-class,Shortlisted authentic RUHSOLD Sexism examples,40,tere jaise randiyo ki chudai ke liye to ham mard hain yaha pe,r mazy k bat mra jism wo auratn krti hn jin pr thokta bh koi nae.,jin ko hizab se nafrat he wo nangi ho k ghoome koi in pe thooke ga bhi nahi  aurat khoobsurat pure libas me lagti he mawazna karlen,"apko kehna chahye tha na mard hoon, na aurat hoo. main hijra hoon main hijra hoon, main parchi hoon, main defected hoon, main accidental chairman hoon.  #joker420",tu hijra hai,2,sexism_batch_010.csv
class3_batch005_sample020818,5,20818,3,Sexism,321818,325818,v3_original_demo_boundary_prompt,4-shot random authentic same-class,Shortlisted authentic RUHSOLD Sexism examples,40,70 saal ka mard is better than a 30 year old hijra😅,teri bhosdi or boobs me parda mat kar...logo ko dekne de.dhake hoge to kaise pata chalega ki tu hijra nehi hai.   hijra kahi ki.,agar aaj se 40 saal pehley isi tarha ke banner pakarh kar mera jism meri marzi waala naara aapki amma ne maara hota to aap is duniya main ye tweet karney ke liye maujood hi na hoteen 😑😑😑,"madum ap gharailo maon behno ki terha na blkeh on maon behno ki terha bhi nahi jo moaashrat main ghar sy bahir nikal ker apni , maan baap ki .belky pory moaashry ki izzat ka kgayal rekhti hain .ap oss catogary main ati hain .jisy rundi,jisy tawaif,fahasha, jisy badqar kehty hain",jab tak usko kuch nai bolti to ye kaha se samna kr rahi thi,2,sexism_batch_005.csv
class3_batch005_sample020916,5,20916,3,Sexism,321916,325916,v3_original_demo_boundary_prompt,4-shot random authentic same-class,Shortlisted authentic RUHSOLD Sexism examples,40,aisi or kis kis ki lund par uchel uchel kar moja lati ghar me.,"madum ap gharailo maon behno ki terha na blkeh on maon behno ki terha bhi nahi jo moaashrat main ghar sy bahir nikal ker apni , maan baap ki .belky pory moaashry ki izzat ka kgayal rekhti hain .ap oss catogary main ati hain .jisy rundi,jisy tawaif,fahasha, jisy badqar kehty hain",agar aaj se 40 saal pehley isi tarha ke banner pakarh kar mera jism meri marzi waala naara aapki amma ne maara hota to aap is duniya main ye tweet karney ke liye maujood hi na hoteen 😑😑😑,muslim countries ki leaderships na mard napunsak or hijra hain.. in mein koi dum nahi.. ye kuch nahi kr sakty.. jinnah ki rooh tarapti hogi.. jinnah ne kashmir par attack ka order diya tha..,aise randi rona krny k liye aap bhenchod,2,sexism_batch_005.csv
class3_batch007_sample021200,7,21200,3,Sexism,322200,326200,v3_original_demo_boundary_prompt,4-shot random authentic same-class,Shortlisted authentic RUHSOLD Sexism examples,40,tu kyun ro rahe hai hijra? tera buddhe hijra to kamjor mard hai. uska kara nehi hota. 🤣🤣🤣🤣,shazaib apni baji ko b bejna han aurat march ma agr itne he zruri hai to,teri bhosdi or boobs me parda mat kar...logo ko dekne de.dhake hoge to kaise pata chalega ki tu hijra nehi hai.   hijra kahi ki.,r mazy k bat mra jism wo auratn krti hn jin pr thokta bh koi nae.,mera najaiz kaam hai duniya k kuch logon ko hijra bolte hain,2,sexism_batch_007.csv
class3_batch008_sample021557,8,21557,3,Sexism,322557,326557,v3_original_demo_boundary_prompt,4-shot random authentic same-class,Shortlisted authentic RUHSOLD Sexism examples,40,#stopauratbarbadimarch aurat ghr k andr hi achi lgti he yu sarkon par nikalna kisi bhi aurat ki izzat par daag lga skta he,jahiliyat ki v had hai ye apne ghar me slave ki tarh rahti hai aur bahar kutto jaise bhaunk rhi hai... shame on these ladies,phir larky beard ky bagiar khusray q lgty hain  wo bhi beard ky bagiar khubsurat lgny chahiye ?,aur jesi ghatia aurat ke mun se ye bat achi ni lagti. logon ko garam karnay wali machine.,jb mard ka aaam nafrat hai tu randi ki naslain jab tak uska dil khush nahi hua tab tak hamari zindagi dhumas krte hain,2,sexism_batch_008.csv
class3_batch005_sample020845,5,20845,3,Sexism,321845,325845,v3_original_demo_boundary_prompt,4-shot random authentic same-class,Shortlisted authentic RUHSOLD Sexism examples,40,tere jaise randiyo ki chudai ke liye to ham mard hain yaha pe,aisi or kis kis ki lund par uchel uchel kar moja lati ghar me.,bilo rani tumhari pehchan sirf or sirf hijra huna hai.. na mard,bc ghar wale bhi soch rahe honge yeh kya system paida ho gya sala lagta programing galat ho gayi.... sabsi badi confusion iske liye ladka dhundheyge yaa ladki😉,mujhe to pata tha ab kya huwa😂😂,2,sexism_batch_005.csv
class3_batch001_sample020071,1,20071,3,Sexism,321071,325071,v3_original_demo_boundary_prompt,4-shot random authentic same-class,Shortlisted authentic RUHSOLD Sexism examples,40,aisi or kis kis ki lund par uchel uchel kar moja lati ghar me.,randi kise kahte ha aap hi bata do? ye word ghatiya women ke liye hi use karta ha ab deepika ghatiya ha to randi hi bolenge na,r mazy k bat mra jism wo auratn krti hn jin pr thokta bh koi nae.,"ab iska sara credit har anchor le rha h jb k  rape,  ki asal jad h hi media jo mera jism.meri marzi,  hareem.shah , qandeel bloch , valentine day pe program krty hn phr rape hi hn gy",randi wali bhenchod,1,sexism_batch_001.csv
class3_batch007_sample021376,7,21376,3,Sexism,322376,326376,v3_original_demo_boundary_prompt,4-shot random authentic same-class,Shortlisted authentic RUHSOLD Sexism examples,40,you are just girlfriend material no one wants wife like you. itna jism jo sirf admi apni bivi ka dekhta h  apka to sary jahan ne dekha h,aaaahhhhhh bhenchod.....jese tere is mangalsutra ki sahi jagah tere gale me nai balki mere mote kaale lund pr he.... vese hi tujh jesi chudakkad kuttiya ki jagah kewal mere pairo k niche he saali.... chal inbox me aa.....,ek randi larki ko itni pazeerai di hai. smjh se bahir hai,aisi or kis kis ki lund par uchel uchel kar moja lati ghar me.,tu phudi,2,sexism_batch_007.csv
class3_batch009_sample021782,9,21782,3,Sexism,322782,326782,v3_original_demo_boundary_prompt,4-shot random authentic same-class,Shortlisted authentic RUHSOLD Sexism examples,40,phir larky beard ky bagiar khusray q lgty hain  wo bhi beard ky bagiar khubsurat lgny chahiye ?,jin ko hizab se nafrat he wo nangi ho k ghoome koi in pe thooke ga bhi nahi  aurat khoobsurat pure libas me lagti he mawazna karlen,shazaib apni baji ko b bejna han aurat march ma agr itne he zruri hai to,teri chut me sabhi bhaiyo ka lund reply de randi,tere jaise beghairt kay munafiqat per pakistan ko bara aml ha.,2,sexism_batch_009.csv
class3_batch003_sample020514,3,20514,3,Sexism,321514,325514,v3_original_demo_boundary_prompt,4-shot random authentic same-class,Shortlisted authentic RUHSOLD Sexism examples,40,phir larky beard ky bagiar khusray q lgty hain  wo bhi beard ky bagiar khubsurat lgny chahiye ?,teri chut me sabhi bhaiyo ka lund reply de randi,acha tareka dhondha hai larkun ko ganda sabit karny ka but aesi neech harkat larkyan he kar sakti hain larky nahi.,transgander   madarchood   hijra tu aik bara khoota ha  haram zada,koi randi ki nasal,1,sexism_batch_003.csv
class3_batch007_sample021384,7,21384,3,Sexism,322384,326384,v3_original_demo_boundary_prompt,4-shot random authentic same-class,Shortlisted authentic RUHSOLD Sexism examples,40,"aurat ko islam nai galat lagta, ap log lagtay ho jo ye boltay hain k agar aurat ka rape hua to wo uski galtie usne sar par dupatta nai kiya us banday ki nahi wo bechara kesay control karay",#auratmarch2020 mera jism allah ki marzi.. allah ka to hukam ha tum char dewari me raho .. nd ya nikl k apni nimaish karna chahten,acha tareka dhondha hai larkun ko ganda sabit karny ka but aesi neech harkat larkyan he kar sakti hain larky nahi.,apni behn ko bhejo gay na aurat march me??,abe chutiye aurat ke liye bhi yeh kisi ko pata nai,2,sexism_batch_007.csv
class3_batch002_sample020383,2,20383,3,Sexism,321383,325383,v3_original_demo_boundary_prompt,4-shot random authentic same-class,Shortlisted authentic RUHSOLD Sexism examples,40,teri chut me sabhi bhaiyo ka lund reply de randi,randi kise kahte ha aap hi bata do? ye word ghatiya women ke liye hi use karta ha ab deepika ghatiya ha to randi hi bolenge na,ek randi larki ko itni pazeerai di hai. smjh se bahir hai,"yeh wesy koi bht e zyda ounchi nasal ki randi niqli h wesy , mtlb i can't even imagine koi bughaz or paisy k pechay itna b girr skta h, nehayat e nichly darjay ki baighairat aurat ho, aurat zaat ko b badnaam kea h isny apny wajood sy !! akhh thooo iski zaat pay",sharam kr apne maa behno ki dm chod raha ha . is ny jo sach mein tera jism meri marzi ki video dekh kar ha tha wo apny samny apni behno ki pakar k bhaunk ra ha,1,sexism_batch_002.csv
class3_batch005_sample020816,5,20816,3,Sexism,321816,325816,v3_original_demo_boundary_prompt,4-shot random authentic same-class,Shortlisted authentic RUHSOLD Sexism examples,40,#auratmarch2020 mera jism allah ki marzi.. allah ka to hukam ha tum char dewari me raho .. nd ya nikl k apni nimaish karna chahten,70 saal ka mard is better than a 30 year old hijra😅,teri chut me sabhi bhaiyo ka lund reply de randi,tum jesi ghatia aurat ka kam hi ni hai media par.kisi kothhay pe ja aur ulta late ja ke.begherat,ye ab tu hi nahi jo kya kar raha hai..,2,sexism_batch_005.csv
class3_batch011_sample022058,11,22058,3,Sexism,323058,327058,v3_original_demo_boundary_prompt,4-shot random authentic same-class,Shortlisted authentic RUHSOLD Sexism examples,40,your leader  is hijra that's why he is not living with his wife.,randi kise kahte ha aap hi bata do? ye word ghatiya women ke liye hi use karta ha ab deepika ghatiya ha to randi hi bolenge na,#stopauratbarbadimarch who are you for arguing our tradition and islamic manners you bluddy 2 takay ki aurat   .,transgander   madarchood   hijra tu aik bara khoota ha  haram zada,rt :  saali ke dard hai yaar.,2,sexism_batch_011.csv
class3_batch006_sample021078,6,21078,3,Sexism,322078,326078,v3_original_demo_boundary_prompt,4-shot random authentic same-class,Shortlisted authentic RUHSOLD Sexism examples,40,aisi or kis kis ki lund par uchel uchel kar moja lati ghar me.,#stopauratbarbadimarch who are you for arguing our tradition and islamic manners you bluddy 2 takay ki aurat   .,#stopauratbarbadimarch aurat ghr k andr hi achi lgti he yu sarkon par nikalna kisi bhi aurat ki izzat par daag lga skta he,your leader  is hijra that's why he is not living with his wife.,aaj tu jaani chahye tha tumhara haramkhor khandan ka bacha ha aurat march ka samny mohabbat ho rahi thi tu apni maa ko pata chaly ga kya kary,2,sexism_batch_006.csv
class3_batch003_sample020485,3,20485,3,Sexism,321485,325485,v3_original_demo_boundary_prompt,4-shot random authentic same-class,Shortlisted authentic RUHSOLD Sexism examples,40,original attitude boys ma hota ha aur fake girls ma,70 saal ka mard is better than a 30 year old hijra😅,#stopauratbarbadimarch who are you for arguing our tradition and islamic manners you bluddy 2 takay ki aurat   .,bilo rani tumhari pehchan sirf or sirf hijra huna hai.. na mard,sach mein tu hi janta tha apni maa ka kya yaar sahi bolta hu us waqt toh mera ghar bhool gaye thi,1,sexism_batch_003.csv
class3_batch011_sample022085,11,22085,3,Sexism,323085,327085,v3_original_demo_boundary_prompt,4-shot random authentic same-class,Shortlisted authentic RUHSOLD Sexism examples,40,lalchi aurat paisa dekhti hai aur khandani aurat sirf sehrat dekhti hai,aaaahhhhhh bhenchod.....jese tere is mangalsutra ki sahi jagah tere gale me nai balki mere mote kaale lund pr he.... vese hi tujh jesi chudakkad kuttiya ki jagah kewal mere pairo k niche he saali.... chal inbox me aa.....,tere jaise randiyo ki chudai ke liye to ham mard hain yaha pe,70 saal ka mard is better than a 30 year old hijra😅,ye jo kia hua tha usko apne ghar se ek baar ghum lo na hijra,2,sexism_batch_011.csv
class3_batch007_sample021228,7,21228,3,Sexism,322228,326228,v3_original_demo_boundary_prompt,4-shot random authentic same-class,Shortlisted authentic RUHSOLD Sexism examples,40,transgander   madarchood   hijra tu aik bara khoota ha  haram zada,jin ko hizab se nafrat he wo nangi ho k ghoome koi in pe thooke ga bhi nahi  aurat khoobsurat pure libas me lagti he mawazna karlen,"apko kehna chahye tha na mard hoon, na aurat hoo. main hijra hoon main hijra hoon, main parchi hoon, main defected hoon, main accidental chairman hoon.  #joker420",muslim countries ki leaderships na mard napunsak or hijra hain.. in mein koi dum nahi.. ye kuch nahi kr sakty.. jinnah ki rooh tarapti hogi.. jinnah ne kashmir par attack ka order diya tha..,teri maa ka yaar tu hijra hai,2,sexism_batch_007.csv
class3_batch003_sample020596,3,20596,3,Sexism,321596,325596,v3_original_demo_boundary_prompt,4-shot random authentic same-class,Shortlisted authentic RUHSOLD Sexism examples,40,ap ko mard banny ki acting pasand i? agr ni to hijra hi bany rahye sir ye mardo k kam hn hijro k ni.,muslim countries ki leaderships na mard napunsak or hijra hain.. in mein koi dum nahi.. ye kuch nahi kr sakty.. jinnah ki rooh tarapti hogi.. jinnah ne kashmir par attack ka order diya tha..,#auratmarch2020 mera jism allah ki marzi.. allah ka to hukam ha tum char dewari me raho .. nd ya nikl k apni nimaish karna chahten,"yeh wesy koi bht e zyda ounchi nasal ki randi niqli h wesy , mtlb i can't even imagine koi bughaz or paisy k pechay itna b girr skta h, nehayat e nichly darjay ki baighairat aurat ho, aurat zaat ko b badnaam kea h isny apny wajood sy !! akhh thooo iski zaat pay",chup kar bharwe,1,sexism_batch_003.csv
class3_batch002_sample020256,2,20256,3,Sexism,321256,325256,v3_original_demo_boundary_prompt,4-shot random authentic same-class,Shortlisted authentic RUHSOLD Sexism examples,40,ek randi larki ko itni pazeerai di hai. smjh se bahir hai,"apko kehna chahye tha na mard hoon, na aurat hoo. main hijra hoon main hijra hoon, main parchi hoon, main defected hoon, main accidental chairman hoon.  #joker420",we are supporting #islam and thank you #khalilurrahmanqamar for your beautiful comments against #gashti .  agar ye #aurat hoti to na me aesi zuban use krta aur na koi gairatmand #admi use krta.,roads pe lab coat b ap ki gender hi pehnti ha 😂,islamo ki bat kar rahey ho.. apny jaisay randiyon ko jo sari world mein lagti hay nakli jaga mein aik dushmani hain...,1,sexism_batch_002.csv
class3_batch007_sample021272,7,21272,3,Sexism,322272,326272,v3_original_demo_boundary_prompt,4-shot random authentic same-class,Shortlisted authentic RUHSOLD Sexism examples,40,#stopauratbarbadimarch aurat ghr k andr hi achi lgti he yu sarkon par nikalna kisi bhi aurat ki izzat par daag lga skta he,tum jesi ghatia aurat ka kam hi ni hai media par.kisi kothhay pe ja aur ulta late ja ke.begherat,"apko kehna chahye tha na mard hoon, na aurat hoo. main hijra hoon main hijra hoon, main parchi hoon, main defected hoon, main accidental chairman hoon.  #joker420",tu kyun ro rahe hai hijra? tera buddhe hijra to kamjor mard hai. uska kara nehi hota. 🤣🤣🤣🤣,ooh aurat ko koi faida nahin jata ab tak,2,sexism_batch_007.csv
class3_batch003_sample020458,3,20458,3,Sexism,321458,325458,v3_original_demo_boundary_prompt,4-shot random authentic same-class,Shortlisted authentic RUHSOLD Sexism examples,40,tum jesi ghatia aurat ka kam hi ni hai media par.kisi kothhay pe ja aur ulta late ja ke.begherat,teri bhosdi or boobs me parda mat kar...logo ko dekne de.dhake hoge to kaise pata chalega ki tu hijra nehi hai.   hijra kahi ki.,lalchi aurat paisa dekhti hai aur khandani aurat sirf sehrat dekhti hai,roads pe lab coat b ap ki gender hi pehnti ha 😂,saali tera baap hi nhi tha...tumaray sath mohabbat na hona chaye ga 😜,1,sexism_batch_003.csv
class3_batch006_sample021114,6,21114,3,Sexism,322114,326114,v3_original_demo_boundary_prompt,4-shot random authentic same-class,Shortlisted authentic RUHSOLD Sexism examples,40,teri bhosdi or boobs me parda mat kar...logo ko dekne de.dhake hoge to kaise pata chalega ki tu hijra nehi hai.   hijra kahi ki.,we are supporting #islam and thank you #khalilurrahmanqamar for your beautiful comments against #gashti .  agar ye #aurat hoti to na me aesi zuban use krta aur na koi gairatmand #admi use krta.,acha tareka dhondha hai larkun ko ganda sabit karny ka but aesi neech harkat larkyan he kar sakti hain larky nahi.,r mazy k bat mra jism wo auratn krti hn jin pr thokta bh koi nae.,rt : mera jism meri marzi #stopauratbarbadimarch,2,sexism_batch_006.csv
class3_batch006_sample021165,6,21165,3,Sexism,322165,326165,v3_original_demo_boundary_prompt,4-shot random authentic same-class,Shortlisted authentic RUHSOLD Sexism examples,40,jin ko hizab se nafrat he wo nangi ho k ghoome koi in pe thooke ga bhi nahi  aurat khoobsurat pure libas me lagti he mawazna karlen,dhoka khane k baad oska aitbar uth jata haa sbsee or dosre mard mai b interest ni rehta...ku k aurat jism k ley ni chahti jbk mard jism k ley chahta😌🙂,#auratmarch2020 mera jism allah ki marzi.. allah ka to hukam ha tum char dewari me raho .. nd ya nikl k apni nimaish karna chahten,bilo rani tumhari pehchan sirf or sirf hijra huna hai.. na mard,tu kya hi krta ha...kisi aurat ko pakistan ki bat krte ha na?,2,sexism_batch_006.csv
class3_batch001_sample020020,1,20020,3,Sexism,321020,325020,v3_original_demo_boundary_prompt,4-shot random authentic same-class,Shortlisted authentic RUHSOLD Sexism examples,40,#stopauratbarbadimarch who are you for arguing our tradition and islamic manners you bluddy 2 takay ki aurat   .,"madum ap gharailo maon behno ki terha na blkeh on maon behno ki terha bhi nahi jo moaashrat main ghar sy bahir nikal ker apni , maan baap ki .belky pory moaashry ki izzat ka kgayal rekhti hain .ap oss catogary main ati hain .jisy rundi,jisy tawaif,fahasha, jisy badqar kehty hain",mard muhbt kr bhi ly tu aksar aurat he dhoka dy jati h usy 💔,#auratmarch2020 mera jism allah ki marzi.. allah ka to hukam ha tum char dewari me raho .. nd ya nikl k apni nimaish karna chahten,i'm gonna give u 2 options. either ur mother or sister were molested by randdi rasool imran chore zakat fraud yahodi agent or u were molested by a hijra,1,sexism_batch_001.csv
class3_batch008_sample021576,8,21576,3,Sexism,322576,326576,v3_original_demo_boundary_prompt,4-shot random authentic same-class,Shortlisted authentic RUHSOLD Sexism examples,40,roads pe lab coat b ap ki gender hi pehnti ha 😂,apni behn ko bhejo gay na aurat march me??,"ab iska sara credit har anchor le rha h jb k  rape,  ki asal jad h hi media jo mera jism.meri marzi,  hareem.shah , qandeel bloch , valentine day pe program krty hn phr rape hi hn gy",jin ko hizab se nafrat he wo nangi ho k ghoome koi in pe thooke ga bhi nahi  aurat khoobsurat pure libas me lagti he mawazna karlen,tu sirf kuch ni hai agr esy bat karne sy tere ghar mai aa jaon ga 😋,2,sexism_batch_008.csv
class3_batch006_sample021061,6,21061,3,Sexism,322061,326061,v3_original_demo_boundary_prompt,4-shot random authentic same-class,Shortlisted authentic RUHSOLD Sexism examples,40,#stopauratbarbadimarch who are you for arguing our tradition and islamic manners you bluddy 2 takay ki aurat   .,"aurat ko islam nai galat lagta, ap log lagtay ho jo ye boltay hain k agar aurat ka rape hua to wo uski galtie usne sar par dupatta nai kiya us banday ki nahi wo bechara kesay control karay",aisi or kis kis ki lund par uchel uchel kar moja lati ghar me.,"apko kehna chahye tha na mard hoon, na aurat hoo. main hijra hoon main hijra hoon, main parchi hoon, main defected hoon, main accidental chairman hoon.  #joker420",aurat march waley kabhi kuch hi ni boltein,2,sexism_batch_006.csv
class3_batch010_sample021820,10,21820,3,Sexism,322820,326820,v3_original_demo_boundary_prompt,4-shot random authentic same-class,Shortlisted authentic RUHSOLD Sexism examples,40,"yeh wesy koi bht e zyda ounchi nasal ki randi niqli h wesy , mtlb i can't even imagine koi bughaz or paisy k pechay itna b girr skta h, nehayat e nichly darjay ki baighairat aurat ho, aurat zaat ko b badnaam kea h isny apny wajood sy !! akhh thooo iski zaat pay",aisi or kis kis ki lund par uchel uchel kar moja lati ghar me.,"apko kehna chahye tha na mard hoon, na aurat hoo. main hijra hoon main hijra hoon, main parchi hoon, main defected hoon, main accidental chairman hoon.  #joker420",transgander   madarchood   hijra tu aik bara khoota ha  haram zada,saali utho randi,2,sexism_batch_010.csv
class3_batch003_sample020507,3,20507,3,Sexism,321507,325507,v3_original_demo_boundary_prompt,4-shot random authentic same-class,Shortlisted authentic RUHSOLD Sexism examples,40,shazaib apni baji ko b bejna han aurat march ma agr itne he zruri hai to,r mazy k bat mra jism wo auratn krti hn jin pr thokta bh koi nae.,we are supporting #islam and thank you #khalilurrahmanqamar for your beautiful comments against #gashti .  agar ye #aurat hoti to na me aesi zuban use krta aur na koi gairatmand #admi use krta.,randi kise kahte ha aap hi bata do? ye word ghatiya women ke liye hi use karta ha ab deepika ghatiya ha to randi hi bolenge na,o chup kar gaandu,1,sexism_batch_003.csv
class3_batch008_sample021447,8,21447,3,Sexism,322447,326447,v3_original_demo_boundary_prompt,4-shot random authentic same-class,Shortlisted authentic RUHSOLD Sexism examples,40,mard muhbt kr bhi ly tu aksar aurat he dhoka dy jati h usy 💔,#stopauratbarbadimarch aurat ghr k andr hi achi lgti he yu sarkon par nikalna kisi bhi aurat ki izzat par daag lga skta he,"yeh wesy koi bht e zyda ounchi nasal ki randi niqli h wesy , mtlb i can't even imagine koi bughaz or paisy k pechay itna b girr skta h, nehayat e nichly darjay ki baighairat aurat ho, aurat zaat ko b badnaam kea h isny apny wajood sy !! akhh thooo iski zaat pay",70 saal ka mard is better than a 30 year old hijra😅,teri maa chodunga,2,sexism_batch_008.csv
class3_batch004_sample020781,4,20781,3,Sexism,321781,325781,v3_original_demo_boundary_prompt,4-shot random authentic same-class,Shortlisted authentic RUHSOLD Sexism examples,40,teri chut me sabhi bhaiyo ka lund reply de randi,your leader  is hijra that's why he is not living with his wife.,bilo rani tumhari pehchan sirf or sirf hijra huna hai.. na mard,#stopauratbarbadimarch aurat ghr k andr hi achi lgti he yu sarkon par nikalna kisi bhi aurat ki izzat par daag lga skta he,ab tere jaise randi koi sharm nahin thi jo pakistan ke baare me tweet kr rahi thi,1,sexism_batch_004.csv
class3_batch011_sample022071,11,22071,3,Sexism,323071,327071,v3_original_demo_boundary_prompt,4-shot random authentic same-class,Shortlisted authentic RUHSOLD Sexism examples,40,70 saal ka mard is better than a 30 year old hijra😅,apni behn ko bhejo gay na aurat march me??,jahiliyat ki v had hai ye apne ghar me slave ki tarh rahti hai aur bahar kutto jaise bhaunk rhi hai... shame on these ladies,muslim countries ki leaderships na mard napunsak or hijra hain.. in mein koi dum nahi.. ye kuch nahi kr sakty.. jinnah ki rooh tarapti hogi.. jinnah ne kashmir par attack ka order diya tha..,oooo tera baap tha tu hi saali😑,2,sexism_batch_011.csv
class3_batch002_sample020374,2,20374,3,Sexism,321374,325374,v3_original_demo_boundary_prompt,4-shot random authentic same-class,Shortlisted authentic RUHSOLD Sexism examples,40,mard muhbt kr bhi ly tu aksar aurat he dhoka dy jati h usy 💔,r mazy k bat mra jism wo auratn krti hn jin pr thokta bh koi nae.,teri bhosdi or boobs me parda mat kar...logo ko dekne de.dhake hoge to kaise pata chalega ki tu hijra nehi hai.   hijra kahi ki.,"ab iska sara credit har anchor le rha h jb k  rape,  ki asal jad h hi media jo mera jism.meri marzi,  hareem.shah , qandeel bloch , valentine day pe program krty hn phr rape hi hn gy",bc haramkhor nikl or kuttiya bhenchod chod,1,sexism_batch_002.csv
class3_batch005_sample020867,5,20867,3,Sexism,321867,325867,v3_original_demo_boundary_prompt,4-shot random authentic same-class,Shortlisted authentic RUHSOLD Sexism examples,40,your leader  is hijra that's why he is not living with his wife.,you are just girlfriend material no one wants wife like you. itna jism jo sirf admi apni bivi ka dekhta h  apka to sary jahan ne dekha h,we are supporting #islam and thank you #khalilurrahmanqamar for your beautiful comments against #gashti .  agar ye #aurat hoti to na me aesi zuban use krta aur na koi gairatmand #admi use krta.,aaaahhhhhh bhenchod.....jese tere is mangalsutra ki sahi jagah tere gale me nai balki mere mote kaale lund pr he.... vese hi tujh jesi chudakkad kuttiya ki jagah kewal mere pairo k niche he saali.... chal inbox me aa.....,mujhy to gandu nahi lag raha,2,sexism_batch_005.csv
class3_batch010_sample021982,10,21982,3,Sexism,322982,326982,v3_original_demo_boundary_prompt,4-shot random authentic same-class,Shortlisted authentic RUHSOLD Sexism examples,40,#stopauratbarbadimarch aurat ghr k andr hi achi lgti he yu sarkon par nikalna kisi bhi aurat ki izzat par daag lga skta he,#auratmarch2020 mera jism allah ki marzi.. allah ka to hukam ha tum char dewari me raho .. nd ya nikl k apni nimaish karna chahten,"ab iska sara credit har anchor le rha h jb k  rape,  ki asal jad h hi media jo mera jism.meri marzi,  hareem.shah , qandeel bloch , valentine day pe program krty hn phr rape hi hn gy",bc ghar wale bhi soch rahe honge yeh kya system paida ho gya sala lagta programing galat ho gayi.... sabsi badi confusion iske liye ladka dhundheyge yaa ladki😉,tu sharm nahin aati tu tere maa behn ke liye chudai kar,2,sexism_batch_010.csv
class3_batch010_sample021856,10,21856,3,Sexism,322856,326856,v3_original_demo_boundary_prompt,4-shot random authentic same-class,Shortlisted authentic RUHSOLD Sexism examples,40,aaaahhhhhh bhenchod.....jese tere is mangalsutra ki sahi jagah tere gale me nai balki mere mote kaale lund pr he.... vese hi tujh jesi chudakkad kuttiya ki jagah kewal mere pairo k niche he saali.... chal inbox me aa.....,tu kyun ro rahe hai hijra? tera buddhe hijra to kamjor mard hai. uska kara nehi hota. 🤣🤣🤣🤣,roads pe lab coat b ap ki gender hi pehnti ha 😂,aur jesi ghatia aurat ke mun se ye bat achi ni lagti. logon ko garam karnay wali machine.,abe randi teri maa chod do yaar,2,sexism_batch_010.csv
class3_batch006_sample021037,6,21037,3,Sexism,322037,326037,v3_original_demo_boundary_prompt,4-shot random authentic same-class,Shortlisted authentic RUHSOLD Sexism examples,40,you are just girlfriend material no one wants wife like you. itna jism jo sirf admi apni bivi ka dekhta h  apka to sary jahan ne dekha h,"madum ap gharailo maon behno ki terha na blkeh on maon behno ki terha bhi nahi jo moaashrat main ghar sy bahir nikal ker apni , maan baap ki .belky pory moaashry ki izzat ka kgayal rekhti hain .ap oss catogary main ati hain .jisy rundi,jisy tawaif,fahasha, jisy badqar kehty hain",tum jesi ghatia aurat ka kam hi ni hai media par.kisi kothhay pe ja aur ulta late ja ke.begherat,tere jaise randiyo ki chudai ke liye to ham mard hain yaha pe,bhenchod tu teri maa ko rakh lay,2,sexism_batch_006.csv
class3_batch005_sample020874,5,20874,3,Sexism,321874,325874,v3_original_demo_boundary_prompt,4-shot random authentic same-class,Shortlisted authentic RUHSOLD Sexism examples,40,70 saal ka mard is better than a 30 year old hijra😅,shazaib apni baji ko b bejna han aurat march ma agr itne he zruri hai to,you are just girlfriend material no one wants wife like you. itna jism jo sirf admi apni bivi ka dekhta h  apka to sary jahan ne dekha h,randi kise kahte ha aap hi bata do? ye word ghatiya women ke liye hi use karta ha ab deepika ghatiya ha to randi hi bolenge na,chutiye gandu saali,2,sexism_batch_005.csv
class3_batch002_sample020270,2,20270,3,Sexism,321270,325270,v3_original_demo_boundary_prompt,4-shot random authentic same-class,Shortlisted authentic RUHSOLD Sexism examples,40,#stopauratbarbadimarch who are you for arguing our tradition and islamic manners you bluddy 2 takay ki aurat   .,lalchi aurat paisa dekhti hai aur khandani aurat sirf sehrat dekhti hai,tu kyun ro rahe hai hijra? tera buddhe hijra to kamjor mard hai. uska kara nehi hota. 🤣🤣🤣🤣,aaaahhhhhh bhenchod.....jese tere is mangalsutra ki sahi jagah tere gale me nai balki mere mote kaale lund pr he.... vese hi tujh jesi chudakkad kuttiya ki jagah kewal mere pairo k niche he saali.... chal inbox me aa.....,abe randi yahan tere paas toh kuch nahi hai. teri maa ki phudi se akhrot todne walo ko gandu bol raha tha lekin tum logon ko bharwe bolna zindagi mein ba,1,sexism_batch_002.csv
class3_batch006_sample021000,6,21000,3,Sexism,322000,326000,v3_original_demo_boundary_prompt,4-shot random authentic same-class,Shortlisted authentic RUHSOLD Sexism examples,40,we are supporting #islam and thank you #khalilurrahmanqamar for your beautiful comments against #gashti .  agar ye #aurat hoti to na me aesi zuban use krta aur na koi gairatmand #admi use krta.,original attitude boys ma hota ha aur fake girls ma,"ab iska sara credit har anchor le rha h jb k  rape,  ki asal jad h hi media jo mera jism.meri marzi,  hareem.shah , qandeel bloch , valentine day pe program krty hn phr rape hi hn gy",you are just girlfriend material no one wants wife like you. itna jism jo sirf admi apni bivi ka dekhta h  apka to sary jahan ne dekha h,yr dhoka mat dena mujhe,2,sexism_batch_006.csv
class3_batch006_sample021125,6,21125,3,Sexism,322125,326125,v3_original_demo_boundary_prompt,4-shot random authentic same-class,Shortlisted authentic RUHSOLD Sexism examples,40,tum jesi ghatia aurat ka kam hi ni hai media par.kisi kothhay pe ja aur ulta late ja ke.begherat,"madum ap gharailo maon behno ki terha na blkeh on maon behno ki terha bhi nahi jo moaashrat main ghar sy bahir nikal ker apni , maan baap ki .belky pory moaashry ki izzat ka kgayal rekhti hain .ap oss catogary main ati hain .jisy rundi,jisy tawaif,fahasha, jisy badqar kehty hain",jin ko hizab se nafrat he wo nangi ho k ghoome koi in pe thooke ga bhi nahi  aurat khoobsurat pure libas me lagti he mawazna karlen,original attitude boys ma hota ha aur fake girls ma,ab yahan randi rona krty ho.,2,sexism_batch_006.csv
class3_batch004_sample020736,4,20736,3,Sexism,321736,325736,v3_original_demo_boundary_prompt,4-shot random authentic same-class,Shortlisted authentic RUHSOLD Sexism examples,40,randi kise kahte ha aap hi bata do? ye word ghatiya women ke liye hi use karta ha ab deepika ghatiya ha to randi hi bolenge na,"madum ap gharailo maon behno ki terha na blkeh on maon behno ki terha bhi nahi jo moaashrat main ghar sy bahir nikal ker apni , maan baap ki .belky pory moaashry ki izzat ka kgayal rekhti hain .ap oss catogary main ati hain .jisy rundi,jisy tawaif,fahasha, jisy badqar kehty hain",dhoka khane k baad oska aitbar uth jata haa sbsee or dosre mard mai b interest ni rehta...ku k aurat jism k ley ni chahti jbk mard jism k ley chahta😌🙂,muslim countries ki leaderships na mard napunsak or hijra hain.. in mein koi dum nahi.. ye kuch nahi kr sakty.. jinnah ki rooh tarapti hogi.. jinnah ne kashmir par attack ka order diya tha..,shukla ko apne bhen chod ki koshish kar rahe ho,1,sexism_batch_004.csv
class3_batch002_sample020382,2,20382,3,Sexism,321382,325382,v3_original_demo_boundary_prompt,4-shot random authentic same-class,Shortlisted authentic RUHSOLD Sexism examples,40,original attitude boys ma hota ha aur fake girls ma,you are just girlfriend material no one wants wife like you. itna jism jo sirf admi apni bivi ka dekhta h  apka to sary jahan ne dekha h,agar aaj se 40 saal pehley isi tarha ke banner pakarh kar mera jism meri marzi waala naara aapki amma ne maara hota to aap is duniya main ye tweet karney ke liye maujood hi na hoteen 😑😑😑,"yeh wesy koi bht e zyda ounchi nasal ki randi niqli h wesy , mtlb i can't even imagine koi bughaz or paisy k pechay itna b girr skta h, nehayat e nichly darjay ki baighairat aurat ho, aurat zaat ko b badnaam kea h isny apny wajood sy !! akhh thooo iski zaat pay",rt : shukla wali randi,1,sexism_batch_002.csv
class3_batch003_sample020495,3,20495,3,Sexism,321495,325495,v3_original_demo_boundary_prompt,4-shot random authentic same-class,Shortlisted authentic RUHSOLD Sexism examples,40,your leader  is hijra that's why he is not living with his wife.,jahiliyat ki v had hai ye apne ghar me slave ki tarh rahti hai aur bahar kutto jaise bhaunk rhi hai... shame on these ladies,roads pe lab coat b ap ki gender hi pehnti ha 😂,70 saal ka mard is better than a 30 year old hijra😅,shukriya nihilist ko maa chod di,1,sexism_batch_003.csv
class3_batch001_sample020025,1,20025,3,Sexism,321025,325025,v3_original_demo_boundary_prompt,4-shot random authentic same-class,Shortlisted authentic RUHSOLD Sexism examples,40,you are just girlfriend material no one wants wife like you. itna jism jo sirf admi apni bivi ka dekhta h  apka to sary jahan ne dekha h,muslim countries ki leaderships na mard napunsak or hijra hain.. in mein koi dum nahi.. ye kuch nahi kr sakty.. jinnah ki rooh tarapti hogi.. jinnah ne kashmir par attack ka order diya tha..,original attitude boys ma hota ha aur fake girls ma,transgander   madarchood   hijra tu aik bara khoota ha  haram zada,tum nay yeh charsi bana dy,1,sexism_batch_001.csv
class3_batch011_sample022015,11,22015,3,Sexism,323015,327015,v3_original_demo_boundary_prompt,4-shot random authentic same-class,Shortlisted authentic RUHSOLD Sexism examples,40,ap ko mard banny ki acting pasand i? agr ni to hijra hi bany rahye sir ye mardo k kam hn hijro k ni.,apni behn ko bhejo gay na aurat march me??,teri chut me sabhi bhaiyo ka lund reply de randi,"yeh wesy koi bht e zyda ounchi nasal ki randi niqli h wesy , mtlb i can't even imagine koi bughaz or paisy k pechay itna b girr skta h, nehayat e nichly darjay ki baighairat aurat ho, aurat zaat ko b badnaam kea h isny apny wajood sy !! akhh thooo iski zaat pay",bharwe tu hijra h teri maa chodu thaa,2,sexism_batch_011.csv
class3_batch001_sample020078,1,20078,3,Sexism,321078,325078,v3_original_demo_boundary_prompt,4-shot random authentic same-class,Shortlisted authentic RUHSOLD Sexism examples,40,you are just girlfriend material no one wants wife like you. itna jism jo sirf admi apni bivi ka dekhta h  apka to sary jahan ne dekha h,aisi or kis kis ki lund par uchel uchel kar moja lati ghar me.,shazaib apni baji ko b bejna han aurat march ma agr itne he zruri hai to,roads pe lab coat b ap ki gender hi pehnti ha 😂,oyeee tujhe abhi tak pata nahi kya ho raha tha,1,sexism_batch_001.csv
class3_batch007_sample021347,7,21347,3,Sexism,322347,326347,v3_original_demo_boundary_prompt,4-shot random authentic same-class,Shortlisted authentic RUHSOLD Sexism examples,40,shazaib apni baji ko b bejna han aurat march ma agr itne he zruri hai to,tere jaise randiyo ki chudai ke liye to ham mard hain yaha pe,ek randi larki ko itni pazeerai di hai. smjh se bahir hai,jahiliyat ki v had hai ye apne ghar me slave ki tarh rahti hai aur bahar kutto jaise bhaunk rhi hai... shame on these ladies,tu sasti behanchod hai ya tu phudi,2,sexism_batch_007.csv
class3_batch001_sample020032,1,20032,3,Sexism,321032,325032,v3_original_demo_boundary_prompt,4-shot random authentic same-class,Shortlisted authentic RUHSOLD Sexism examples,40,we are supporting #islam and thank you #khalilurrahmanqamar for your beautiful comments against #gashti .  agar ye #aurat hoti to na me aesi zuban use krta aur na koi gairatmand #admi use krta.,muslim countries ki leaderships na mard napunsak or hijra hain.. in mein koi dum nahi.. ye kuch nahi kr sakty.. jinnah ki rooh tarapti hogi.. jinnah ne kashmir par attack ka order diya tha..,ek randi larki ko itni pazeerai di hai. smjh se bahir hai,"aurat ko islam nai galat lagta, ap log lagtay ho jo ye boltay hain k agar aurat ka rape hua to wo uski galtie usne sar par dupatta nai kiya us banday ki nahi wo bechara kesay control karay",aur tere liye hi yeh #duniya tumko pata chl raha hai,1,sexism_batch_001.csv
class3_batch009_sample021766,9,21766,3,Sexism,322766,326766,v3_original_demo_boundary_prompt,4-shot random authentic same-class,Shortlisted authentic RUHSOLD Sexism examples,40,"apko kehna chahye tha na mard hoon, na aurat hoo. main hijra hoon main hijra hoon, main parchi hoon, main defected hoon, main accidental chairman hoon.  #joker420",tu kyun ro rahe hai hijra? tera buddhe hijra to kamjor mard hai. uska kara nehi hota. 🤣🤣🤣🤣,jahiliyat ki v had hai ye apne ghar me slave ki tarh rahti hai aur bahar kutto jaise bhaunk rhi hai... shame on these ladies,original attitude boys ma hota ha aur fake girls ma,"ajao, duniya se badla lein tujhe.... hijra ka pata nhi huwa",2,sexism_batch_009.csv
class3_batch003_sample020436,3,20436,3,Sexism,321436,325436,v3_original_demo_boundary_prompt,4-shot random authentic same-class,Shortlisted authentic RUHSOLD Sexism examples,40,acha tareka dhondha hai larkun ko ganda sabit karny ka but aesi neech harkat larkyan he kar sakti hain larky nahi.,we are supporting #islam and thank you #khalilurrahmanqamar for your beautiful comments against #gashti .  agar ye #aurat hoti to na me aesi zuban use krta aur na koi gairatmand #admi use krta.,70 saal ka mard is better than a 30 year old hijra😅,"yeh wesy koi bht e zyda ounchi nasal ki randi niqli h wesy , mtlb i can't even imagine koi bughaz or paisy k pechay itna b girr skta h, nehayat e nichly darjay ki baighairat aurat ho, aurat zaat ko b badnaam kea h isny apny wajood sy !! akhh thooo iski zaat pay",chup bhenchod,1,sexism_batch_003.csv
class3_batch009_sample021740,9,21740,3,Sexism,322740,326740,v3_original_demo_boundary_prompt,4-shot random authentic same-class,Shortlisted authentic RUHSOLD Sexism examples,40,"apko kehna chahye tha na mard hoon, na aurat hoo. main hijra hoon main hijra hoon, main parchi hoon, main defected hoon, main accidental chairman hoon.  #joker420",apni behn ko bhejo gay na aurat march me??,randi kise kahte ha aap hi bata do? ye word ghatiya women ke liye hi use karta ha ab deepika ghatiya ha to randi hi bolenge na,tu kyun ro rahe hai hijra? tera buddhe hijra to kamjor mard hai. uska kara nehi hota. 🤣🤣🤣🤣,mujhy pta nahin ki unki gaand marne se pehle isme ek baar bhaunk lena yaad karo.😂,2,sexism_batch_009.csv
class3_batch009_sample021656,9,21656,3,Sexism,322656,326656,v3_original_demo_boundary_prompt,4-shot random authentic same-class,Shortlisted authentic RUHSOLD Sexism examples,40,apni behn ko bhejo gay na aurat march me??,acha tareka dhondha hai larkun ko ganda sabit karny ka but aesi neech harkat larkyan he kar sakti hain larky nahi.,shazaib apni baji ko b bejna han aurat march ma agr itne he zruri hai to,phir larky beard ky bagiar khusray q lgty hain  wo bhi beard ky bagiar khubsurat lgny chahiye ?,yeh pata nahi hoga koi hijra kabse hiya hua ha,2,sexism_batch_009.csv
class3_batch001_sample020163,1,20163,3,Sexism,321163,325163,v3_original_demo_boundary_prompt,4-shot random authentic same-class,Shortlisted authentic RUHSOLD Sexism examples,40,#auratmarch2020 mera jism allah ki marzi.. allah ka to hukam ha tum char dewari me raho .. nd ya nikl k apni nimaish karna chahten,tere jaise randiyo ki chudai ke liye to ham mard hain yaha pe,acha tareka dhondha hai larkun ko ganda sabit karny ka but aesi neech harkat larkyan he kar sakti hain larky nahi.,shazaib apni baji ko b bejna han aurat march ma agr itne he zruri hai to,rt : kya pta chaly na mujhe to tu tere pass teri behn ka video hai,1,sexism_batch_001.csv
class3_batch002_sample020203,2,20203,3,Sexism,321203,325203,v3_original_demo_boundary_prompt,4-shot random authentic same-class,Shortlisted authentic RUHSOLD Sexism examples,40,mard muhbt kr bhi ly tu aksar aurat he dhoka dy jati h usy 💔,jahiliyat ki v had hai ye apne ghar me slave ki tarh rahti hai aur bahar kutto jaise bhaunk rhi hai... shame on these ladies,ek randi larki ko itni pazeerai di hai. smjh se bahir hai,"apko kehna chahye tha na mard hoon, na aurat hoo. main hijra hoon main hijra hoon, main parchi hoon, main defected hoon, main accidental chairman hoon.  #joker420",abe tera dimag khud lekho na tujhe kya samajh hai.,1,sexism_batch_002.csv
class3_batch010_sample021993,10,21993,3,Sexism,322993,326993,v3_original_demo_boundary_prompt,4-shot random authentic same-class,Shortlisted authentic RUHSOLD Sexism examples,40,"yeh wesy koi bht e zyda ounchi nasal ki randi niqli h wesy , mtlb i can't even imagine koi bughaz or paisy k pechay itna b girr skta h, nehayat e nichly darjay ki baighairat aurat ho, aurat zaat ko b badnaam kea h isny apny wajood sy !! akhh thooo iski zaat pay",transgander   madarchood   hijra tu aik bara khoota ha  haram zada,your leader  is hijra that's why he is not living with his wife.,mard muhbt kr bhi ly tu aksar aurat he dhoka dy jati h usy 💔,tum logon ka lund khol k tery jesi randiyo ko bolnay walay khud hi rakh lein,2,sexism_batch_010.csv
class3_batch009_sample021642,9,21642,3,Sexism,322642,326642,v3_original_demo_boundary_prompt,4-shot random authentic same-class,Shortlisted authentic RUHSOLD Sexism examples,40,phir larky beard ky bagiar khusray q lgty hain  wo bhi beard ky bagiar khubsurat lgny chahiye ?,bilo rani tumhari pehchan sirf or sirf hijra huna hai.. na mard,mard muhbt kr bhi ly tu aksar aurat he dhoka dy jati h usy 💔,"ab iska sara credit har anchor le rha h jb k  rape,  ki asal jad h hi media jo mera jism.meri marzi,  hareem.shah , qandeel bloch , valentine day pe program krty hn phr rape hi hn gy",abey randi kutta,2,sexism_batch_009.csv
class3_batch004_sample020772,4,20772,3,Sexism,321772,325772,v3_original_demo_boundary_prompt,4-shot random authentic same-class,Shortlisted authentic RUHSOLD Sexism examples,40,"madum ap gharailo maon behno ki terha na blkeh on maon behno ki terha bhi nahi jo moaashrat main ghar sy bahir nikal ker apni , maan baap ki .belky pory moaashry ki izzat ka kgayal rekhti hain .ap oss catogary main ati hain .jisy rundi,jisy tawaif,fahasha, jisy badqar kehty hain",lalchi aurat paisa dekhti hai aur khandani aurat sirf sehrat dekhti hai,"yeh wesy koi bht e zyda ounchi nasal ki randi niqli h wesy , mtlb i can't even imagine koi bughaz or paisy k pechay itna b girr skta h, nehayat e nichly darjay ki baighairat aurat ho, aurat zaat ko b badnaam kea h isny apny wajood sy !! akhh thooo iski zaat pay",#auratmarch2020 mera jism allah ki marzi.. allah ka to hukam ha tum char dewari me raho .. nd ya nikl k apni nimaish karna chahten,larkiyon ki harami qom h,1,sexism_batch_004.csv
class3_batch006_sample021054,6,21054,3,Sexism,322054,326054,v3_original_demo_boundary_prompt,4-shot random authentic same-class,Shortlisted authentic RUHSOLD Sexism examples,40,aaaahhhhhh bhenchod.....jese tere is mangalsutra ki sahi jagah tere gale me nai balki mere mote kaale lund pr he.... vese hi tujh jesi chudakkad kuttiya ki jagah kewal mere pairo k niche he saali.... chal inbox me aa.....,tere jaise randiyo ki chudai ke liye to ham mard hain yaha pe,"yeh wesy koi bht e zyda ounchi nasal ki randi niqli h wesy , mtlb i can't even imagine koi bughaz or paisy k pechay itna b girr skta h, nehayat e nichly darjay ki baighairat aurat ho, aurat zaat ko b badnaam kea h isny apny wajood sy !! akhh thooo iski zaat pay",teri bhosdi or boobs me parda mat kar...logo ko dekne de.dhake hoge to kaise pata chalega ki tu hijra nehi hai.   hijra kahi ki.,abe bharwe! jiske pille se phele paida hua ha wo bhi teri maa ka dumdaar fattu kuttay k utaro huwe hai. teri maa chodenge to teri bahan beh,2,sexism_batch_006.csv
class3_batch002_sample020305,2,20305,3,Sexism,321305,325305,v3_original_demo_boundary_prompt,4-shot random authentic same-class,Shortlisted authentic RUHSOLD Sexism examples,40,teri chut me sabhi bhaiyo ka lund reply de randi,aisi or kis kis ki lund par uchel uchel kar moja lati ghar me.,"aurat ko islam nai galat lagta, ap log lagtay ho jo ye boltay hain k agar aurat ka rape hua to wo uski galtie usne sar par dupatta nai kiya us banday ki nahi wo bechara kesay control karay",dhoka khane k baad oska aitbar uth jata haa sbsee or dosre mard mai b interest ni rehta...ku k aurat jism k ley ni chahti jbk mard jism k ley chahta😌🙂,wahi jinke saath mil ja raha hai unke sath hi milna hoga,1,sexism_batch_002.csv
class3_batch006_sample021196,6,21196,3,Sexism,322196,326196,v3_original_demo_boundary_prompt,4-shot random authentic same-class,Shortlisted authentic RUHSOLD Sexism examples,40,"yeh wesy koi bht e zyda ounchi nasal ki randi niqli h wesy , mtlb i can't even imagine koi bughaz or paisy k pechay itna b girr skta h, nehayat e nichly darjay ki baighairat aurat ho, aurat zaat ko b badnaam kea h isny apny wajood sy !! akhh thooo iski zaat pay",transgander   madarchood   hijra tu aik bara khoota ha  haram zada,teri chut me sabhi bhaiyo ka lund reply de randi,roads pe lab coat b ap ki gender hi pehnti ha 😂,rt : kabhi khabar dekho thand krwane se pehle tera jism meri marzi hi karne se kisi ko bheek milte 😂,2,sexism_batch_006.csv
class3_batch007_sample021284,7,21284,3,Sexism,322284,326284,v3_original_demo_boundary_prompt,4-shot random authentic same-class,Shortlisted authentic RUHSOLD Sexism examples,40,shazaib apni baji ko b bejna han aurat march ma agr itne he zruri hai to,#stopauratbarbadimarch aurat ghr k andr hi achi lgti he yu sarkon par nikalna kisi bhi aurat ki izzat par daag lga skta he,acha tareka dhondha hai larkun ko ganda sabit karny ka but aesi neech harkat larkyan he kar sakti hain larky nahi.,tu kyun ro rahe hai hijra? tera buddhe hijra to kamjor mard hai. uska kara nehi hota. 🤣🤣🤣🤣,randi saali,2,sexism_batch_007.csv
class3_batch011_sample022082,11,22082,3,Sexism,323082,327082,v3_original_demo_boundary_prompt,4-shot random authentic same-class,Shortlisted authentic RUHSOLD Sexism examples,40,bilo rani tumhari pehchan sirf or sirf hijra huna hai.. na mard,aaaahhhhhh bhenchod.....jese tere is mangalsutra ki sahi jagah tere gale me nai balki mere mote kaale lund pr he.... vese hi tujh jesi chudakkad kuttiya ki jagah kewal mere pairo k niche he saali.... chal inbox me aa.....,roads pe lab coat b ap ki gender hi pehnti ha 😂,r mazy k bat mra jism wo auratn krti hn jin pr thokta bh koi nae.,ye to bhi tuu hi teri maa chod deta hun .....teri behn ko bhi chodunga,2,sexism_batch_011.csv
class3_batch001_sample020192,1,20192,3,Sexism,321192,325192,v3_original_demo_boundary_prompt,4-shot random authentic same-class,Shortlisted authentic RUHSOLD Sexism examples,40,dhoka khane k baad oska aitbar uth jata haa sbsee or dosre mard mai b interest ni rehta...ku k aurat jism k ley ni chahti jbk mard jism k ley chahta😌🙂,tu kyun ro rahe hai hijra? tera buddhe hijra to kamjor mard hai. uska kara nehi hota. 🤣🤣🤣🤣,teri chut me sabhi bhaiyo ka lund reply de randi,"aurat ko islam nai galat lagta, ap log lagtay ho jo ye boltay hain k agar aurat ka rape hua to wo uski galtie usne sar par dupatta nai kiya us banday ki nahi wo bechara kesay control karay",ohhh bc. gandi randi,1,sexism_batch_001.csv
class3_batch010_sample021910,10,21910,3,Sexism,322910,326910,v3_original_demo_boundary_prompt,4-shot random authentic same-class,Shortlisted authentic RUHSOLD Sexism examples,40,"madum ap gharailo maon behno ki terha na blkeh on maon behno ki terha bhi nahi jo moaashrat main ghar sy bahir nikal ker apni , maan baap ki .belky pory moaashry ki izzat ka kgayal rekhti hain .ap oss catogary main ati hain .jisy rundi,jisy tawaif,fahasha, jisy badqar kehty hain",agar aaj se 40 saal pehley isi tarha ke banner pakarh kar mera jism meri marzi waala naara aapki amma ne maara hota to aap is duniya main ye tweet karney ke liye maujood hi na hoteen 😑😑😑,phir larky beard ky bagiar khusray q lgty hain  wo bhi beard ky bagiar khubsurat lgny chahiye ?,aisi or kis kis ki lund par uchel uchel kar moja lati ghar me.,kia acha he salman sir...dusri tarhy randi rona krwa rahe ho..,2,sexism_batch_010.csv
class3_batch003_sample020416,3,20416,3,Sexism,321416,325416,v3_original_demo_boundary_prompt,4-shot random authentic same-class,Shortlisted authentic RUHSOLD Sexism examples,40,shazaib apni baji ko b bejna han aurat march ma agr itne he zruri hai to,acha tareka dhondha hai larkun ko ganda sabit karny ka but aesi neech harkat larkyan he kar sakti hain larky nahi.,roads pe lab coat b ap ki gender hi pehnti ha 😂,transgander   madarchood   hijra tu aik bara khoota ha  haram zada,wahi pta chlty hn jb tmhein phir kisi se bhi hawla dhoond kr nikalny ki baat krty ho tumhein kuch nai lag raha,1,sexism_batch_003.csv
class3_batch004_sample020786,4,20786,3,Sexism,321786,325786,v3_original_demo_boundary_prompt,4-shot random authentic same-class,Shortlisted authentic RUHSOLD Sexism examples,40,jin ko hizab se nafrat he wo nangi ho k ghoome koi in pe thooke ga bhi nahi  aurat khoobsurat pure libas me lagti he mawazna karlen,muslim countries ki leaderships na mard napunsak or hijra hain.. in mein koi dum nahi.. ye kuch nahi kr sakty.. jinnah ki rooh tarapti hogi.. jinnah ne kashmir par attack ka order diya tha..,"apko kehna chahye tha na mard hoon, na aurat hoo. main hijra hoon main hijra hoon, main parchi hoon, main defected hoon, main accidental chairman hoon.  #joker420",ek randi larki ko itni pazeerai di hai. smjh se bahir hai,saali teri maa ki phudi ha,1,sexism_batch_004.csv
class3_batch008_sample021483,8,21483,3,Sexism,322483,326483,v3_original_demo_boundary_prompt,4-shot random authentic same-class,Shortlisted authentic RUHSOLD Sexism examples,40,roads pe lab coat b ap ki gender hi pehnti ha 😂,#stopauratbarbadimarch who are you for arguing our tradition and islamic manners you bluddy 2 takay ki aurat   .,teri chut me sabhi bhaiyo ka lund reply de randi,ap ko mard banny ki acting pasand i? agr ni to hijra hi bany rahye sir ye mardo k kam hn hijro k ni.,ghatya tere jaise auraton ke baare mein bola nahi sakta yaar,2,sexism_batch_008.csv
class3_batch002_sample020218,2,20218,3,Sexism,321218,325218,v3_original_demo_boundary_prompt,4-shot random authentic same-class,Shortlisted authentic RUHSOLD Sexism examples,40,randi kise kahte ha aap hi bata do? ye word ghatiya women ke liye hi use karta ha ab deepika ghatiya ha to randi hi bolenge na,your leader  is hijra that's why he is not living with his wife.,#stopauratbarbadimarch aurat ghr k andr hi achi lgti he yu sarkon par nikalna kisi bhi aurat ki izzat par daag lga skta he,mard muhbt kr bhi ly tu aksar aurat he dhoka dy jati h usy 💔,chup rahi hijra,1,sexism_batch_002.csv
class3_batch011_sample022079,11,22079,3,Sexism,323079,327079,v3_original_demo_boundary_prompt,4-shot random authentic same-class,Shortlisted authentic RUHSOLD Sexism examples,40,bc ghar wale bhi soch rahe honge yeh kya system paida ho gya sala lagta programing galat ho gayi.... sabsi badi confusion iske liye ladka dhundheyge yaa ladki😉,aur jesi ghatia aurat ke mun se ye bat achi ni lagti. logon ko garam karnay wali machine.,dhoka khane k baad oska aitbar uth jata haa sbsee or dosre mard mai b interest ni rehta...ku k aurat jism k ley ni chahti jbk mard jism k ley chahta😌🙂,"ab iska sara credit har anchor le rha h jb k  rape,  ki asal jad h hi media jo mera jism.meri marzi,  hareem.shah , qandeel bloch , valentine day pe program krty hn phr rape hi hn gy",chup kar randiyo,2,sexism_batch_011.csv
class3_batch011_sample022065,11,22065,3,Sexism,323065,327065,v3_original_demo_boundary_prompt,4-shot random authentic same-class,Shortlisted authentic RUHSOLD Sexism examples,40,we are supporting #islam and thank you #khalilurrahmanqamar for your beautiful comments against #gashti .  agar ye #aurat hoti to na me aesi zuban use krta aur na koi gairatmand #admi use krta.,teri chut me sabhi bhaiyo ka lund reply de randi,bc ghar wale bhi soch rahe honge yeh kya system paida ho gya sala lagta programing galat ho gayi.... sabsi badi confusion iske liye ladka dhundheyge yaa ladki😉,"madum ap gharailo maon behno ki terha na blkeh on maon behno ki terha bhi nahi jo moaashrat main ghar sy bahir nikal ker apni , maan baap ki .belky pory moaashry ki izzat ka kgayal rekhti hain .ap oss catogary main ati hain .jisy rundi,jisy tawaif,fahasha, jisy badqar kehty hain",sasti charsi ki aukat hai isko..,2,sexism_batch_011.csv
class3_batch002_sample020351,2,20351,3,Sexism,321351,325351,v3_original_demo_boundary_prompt,4-shot random authentic same-class,Shortlisted authentic RUHSOLD Sexism examples,40,shazaib apni baji ko b bejna han aurat march ma agr itne he zruri hai to,"aurat ko islam nai galat lagta, ap log lagtay ho jo ye boltay hain k agar aurat ka rape hua to wo uski galtie usne sar par dupatta nai kiya us banday ki nahi wo bechara kesay control karay",tu kyun ro rahe hai hijra? tera buddhe hijra to kamjor mard hai. uska kara nehi hota. 🤣🤣🤣🤣,roads pe lab coat b ap ki gender hi pehnti ha 😂,oye tum jaiso ko pakistan mein chod do,1,sexism_batch_002.csv
class3_batch009_sample021788,9,21788,3,Sexism,322788,326788,v3_original_demo_boundary_prompt,4-shot random authentic same-class,Shortlisted authentic RUHSOLD Sexism examples,40,teri bhosdi or boobs me parda mat kar...logo ko dekne de.dhake hoge to kaise pata chalega ki tu hijra nehi hai.   hijra kahi ki.,ek randi larki ko itni pazeerai di hai. smjh se bahir hai,aisi or kis kis ki lund par uchel uchel kar moja lati ghar me.,aur jesi ghatia aurat ke mun se ye bat achi ni lagti. logon ko garam karnay wali machine.,teri maa ki choot tera dimagh,2,sexism_batch_009.csv
class3_batch007_sample021352,7,21352,3,Sexism,322352,326352,v3_original_demo_boundary_prompt,4-shot random authentic same-class,Shortlisted authentic RUHSOLD Sexism examples,40,your leader  is hijra that's why he is not living with his wife.,randi kise kahte ha aap hi bata do? ye word ghatiya women ke liye hi use karta ha ab deepika ghatiya ha to randi hi bolenge na,muslim countries ki leaderships na mard napunsak or hijra hain.. in mein koi dum nahi.. ye kuch nahi kr sakty.. jinnah ki rooh tarapti hogi.. jinnah ne kashmir par attack ka order diya tha..,ek randi larki ko itni pazeerai di hai. smjh se bahir hai,kaha jaye tum logon kaa tera baap kutta hi,2,sexism_batch_007.csv
class3_batch003_sample020483,3,20483,3,Sexism,321483,325483,v3_original_demo_boundary_prompt,4-shot random authentic same-class,Shortlisted authentic RUHSOLD Sexism examples,40,"ab iska sara credit har anchor le rha h jb k  rape,  ki asal jad h hi media jo mera jism.meri marzi,  hareem.shah , qandeel bloch , valentine day pe program krty hn phr rape hi hn gy",phir larky beard ky bagiar khusray q lgty hain  wo bhi beard ky bagiar khubsurat lgny chahiye ?,teri chut me sabhi bhaiyo ka lund reply de randi,we are supporting #islam and thank you #khalilurrahmanqamar for your beautiful comments against #gashti .  agar ye #aurat hoti to na me aesi zuban use krta aur na koi gairatmand #admi use krta.,aik tasveer se niklna kharab ha kya,1,sexism_batch_003.csv
class3_batch008_sample021414,8,21414,3,Sexism,322414,326414,v3_original_demo_boundary_prompt,4-shot random authentic same-class,Shortlisted authentic RUHSOLD Sexism examples,40,70 saal ka mard is better than a 30 year old hijra😅,dhoka khane k baad oska aitbar uth jata haa sbsee or dosre mard mai b interest ni rehta...ku k aurat jism k ley ni chahti jbk mard jism k ley chahta😌🙂,tum jesi ghatia aurat ka kam hi ni hai media par.kisi kothhay pe ja aur ulta late ja ke.begherat,"aurat ko islam nai galat lagta, ap log lagtay ho jo ye boltay hain k agar aurat ka rape hua to wo uski galtie usne sar par dupatta nai kiya us banday ki nahi wo bechara kesay control karay",abhi tere maa chod rha tha tu phir bhi teri maa chudwati,2,sexism_batch_008.csv
class3_batch008_sample021526,8,21526,3,Sexism,322526,326526,v3_original_demo_boundary_prompt,4-shot random authentic same-class,Shortlisted authentic RUHSOLD Sexism examples,40,aur jesi ghatia aurat ke mun se ye bat achi ni lagti. logon ko garam karnay wali machine.,#stopauratbarbadimarch aurat ghr k andr hi achi lgti he yu sarkon par nikalna kisi bhi aurat ki izzat par daag lga skta he,"aurat ko islam nai galat lagta, ap log lagtay ho jo ye boltay hain k agar aurat ka rape hua to wo uski galtie usne sar par dupatta nai kiya us banday ki nahi wo bechara kesay control karay",aaaahhhhhh bhenchod.....jese tere is mangalsutra ki sahi jagah tere gale me nai balki mere mote kaale lund pr he.... vese hi tujh jesi chudakkad kuttiya ki jagah kewal mere pairo k niche he saali.... chal inbox me aa.....,tera baap hai jis ne tere maa k izzat ko chod di thi aur tu itni chutiya hai ki tera baap ka naam sunna nahi chahta,2,sexism_batch_008.csv
class3_batch001_sample020059,1,20059,3,Sexism,321059,325059,v3_original_demo_boundary_prompt,4-shot random authentic same-class,Shortlisted authentic RUHSOLD Sexism examples,40,"apko kehna chahye tha na mard hoon, na aurat hoo. main hijra hoon main hijra hoon, main parchi hoon, main defected hoon, main accidental chairman hoon.  #joker420",#auratmarch2020 mera jism allah ki marzi.. allah ka to hukam ha tum char dewari me raho .. nd ya nikl k apni nimaish karna chahten,you are just girlfriend material no one wants wife like you. itna jism jo sirf admi apni bivi ka dekhta h  apka to sary jahan ne dekha h,r mazy k bat mra jism wo auratn krti hn jin pr thokta bh koi nae.,abhi to tu jitna gandu bhi nahi hai ki tere jaise lund randi ko koi pata nai ki yeh jism kya hai aur yeh bachon kya hai,1,sexism_batch_001.csv
class3_batch005_sample020836,5,20836,3,Sexism,321836,325836,v3_original_demo_boundary_prompt,4-shot random authentic same-class,Shortlisted authentic RUHSOLD Sexism examples,40,"yeh wesy koi bht e zyda ounchi nasal ki randi niqli h wesy , mtlb i can't even imagine koi bughaz or paisy k pechay itna b girr skta h, nehayat e nichly darjay ki baighairat aurat ho, aurat zaat ko b badnaam kea h isny apny wajood sy !! akhh thooo iski zaat pay",aur jesi ghatia aurat ke mun se ye bat achi ni lagti. logon ko garam karnay wali machine.,aaaahhhhhh bhenchod.....jese tere is mangalsutra ki sahi jagah tere gale me nai balki mere mote kaale lund pr he.... vese hi tujh jesi chudakkad kuttiya ki jagah kewal mere pairo k niche he saali.... chal inbox me aa.....,jin ko hizab se nafrat he wo nangi ho k ghoome koi in pe thooke ga bhi nahi  aurat khoobsurat pure libas me lagti he mawazna karlen,bhosdiwala rashi,2,sexism_batch_005.csv
class3_batch003_sample020422,3,20422,3,Sexism,321422,325422,v3_original_demo_boundary_prompt,4-shot random authentic same-class,Shortlisted authentic RUHSOLD Sexism examples,40,lalchi aurat paisa dekhti hai aur khandani aurat sirf sehrat dekhti hai,tu kyun ro rahe hai hijra? tera buddhe hijra to kamjor mard hai. uska kara nehi hota. 🤣🤣🤣🤣,roads pe lab coat b ap ki gender hi pehnti ha 😂,mard muhbt kr bhi ly tu aksar aurat he dhoka dy jati h usy 💔,teri maa ko chodta tha.,1,sexism_batch_003.csv
class3_batch003_sample020409,3,20409,3,Sexism,321409,325409,v3_original_demo_boundary_prompt,4-shot random authentic same-class,Shortlisted authentic RUHSOLD Sexism examples,40,jin ko hizab se nafrat he wo nangi ho k ghoome koi in pe thooke ga bhi nahi  aurat khoobsurat pure libas me lagti he mawazna karlen,teri bhosdi or boobs me parda mat kar...logo ko dekne de.dhake hoge to kaise pata chalega ki tu hijra nehi hai.   hijra kahi ki.,tu kyun ro rahe hai hijra? tera buddhe hijra to kamjor mard hai. uska kara nehi hota. 🤣🤣🤣🤣,dhoka khane k baad oska aitbar uth jata haa sbsee or dosre mard mai b interest ni rehta...ku k aurat jism k ley ni chahti jbk mard jism k ley chahta😌🙂,aurat ko hi shakl rakha hai or kutte ka,1,sexism_batch_003.csv
class3_batch001_sample020073,1,20073,3,Sexism,321073,325073,v3_original_demo_boundary_prompt,4-shot random authentic same-class,Shortlisted authentic RUHSOLD Sexism examples,40,shazaib apni baji ko b bejna han aurat march ma agr itne he zruri hai to,#stopauratbarbadimarch who are you for arguing our tradition and islamic manners you bluddy 2 takay ki aurat   .,teri bhosdi or boobs me parda mat kar...logo ko dekne de.dhake hoge to kaise pata chalega ki tu hijra nehi hai.   hijra kahi ki.,jin ko hizab se nafrat he wo nangi ho k ghoome koi in pe thooke ga bhi nahi  aurat khoobsurat pure libas me lagti he mawazna karlen,abe randi ka bacha yeh dhoka,1,sexism_batch_001.csv
class3_batch006_sample021089,6,21089,3,Sexism,322089,326089,v3_original_demo_boundary_prompt,4-shot random authentic same-class,Shortlisted authentic RUHSOLD Sexism examples,40,muslim countries ki leaderships na mard napunsak or hijra hain.. in mein koi dum nahi.. ye kuch nahi kr sakty.. jinnah ki rooh tarapti hogi.. jinnah ne kashmir par attack ka order diya tha..,"apko kehna chahye tha na mard hoon, na aurat hoo. main hijra hoon main hijra hoon, main parchi hoon, main defected hoon, main accidental chairman hoon.  #joker420",r mazy k bat mra jism wo auratn krti hn jin pr thokta bh koi nae.,ek randi larki ko itni pazeerai di hai. smjh se bahir hai,apny bajwa ko zinda rekho aur abhi tak gandu kahan gaye?,2,sexism_batch_006.csv
class3_batch001_sample020162,1,20162,3,Sexism,321162,325162,v3_original_demo_boundary_prompt,4-shot random authentic same-class,Shortlisted authentic RUHSOLD Sexism examples,40,tere jaise randiyo ki chudai ke liye to ham mard hain yaha pe,aisi or kis kis ki lund par uchel uchel kar moja lati ghar me.,transgander   madarchood   hijra tu aik bara khoota ha  haram zada,"madum ap gharailo maon behno ki terha na blkeh on maon behno ki terha bhi nahi jo moaashrat main ghar sy bahir nikal ker apni , maan baap ki .belky pory moaashry ki izzat ka kgayal rekhti hain .ap oss catogary main ati hain .jisy rundi,jisy tawaif,fahasha, jisy badqar kehty hain","rt : i am so proud of my country.. my country which doesnt care if you are gay, lesbian, bisexual, transexual etc etc..",1,sexism_batch_001.csv
class3_batch010_sample021815,10,21815,3,Sexism,322815,326815,v3_original_demo_boundary_prompt,4-shot random authentic same-class,Shortlisted authentic RUHSOLD Sexism examples,40,tu kyun ro rahe hai hijra? tera buddhe hijra to kamjor mard hai. uska kara nehi hota. 🤣🤣🤣🤣,"apko kehna chahye tha na mard hoon, na aurat hoo. main hijra hoon main hijra hoon, main parchi hoon, main defected hoon, main accidental chairman hoon.  #joker420",mard muhbt kr bhi ly tu aksar aurat he dhoka dy jati h usy 💔,acha tareka dhondha hai larkun ko ganda sabit karny ka but aesi neech harkat larkyan he kar sakti hain larky nahi.,teri maa ki phudi marunga randi,2,sexism_batch_010.csv
class3_batch003_sample020581,3,20581,3,Sexism,321581,325581,v3_original_demo_boundary_prompt,4-shot random authentic same-class,Shortlisted authentic RUHSOLD Sexism examples,40,70 saal ka mard is better than a 30 year old hijra😅,bilo rani tumhari pehchan sirf or sirf hijra huna hai.. na mard,tere jaise randiyo ki chudai ke liye to ham mard hain yaha pe,aaaahhhhhh bhenchod.....jese tere is mangalsutra ki sahi jagah tere gale me nai balki mere mote kaale lund pr he.... vese hi tujh jesi chudakkad kuttiya ki jagah kewal mere pairo k niche he saali.... chal inbox me aa.....,ye wohi bat ha jinki ko 70 saal ka mard isbetter hai,1,sexism_batch_003.csv
class3_batch007_sample021258,7,21258,3,Sexism,322258,326258,v3_original_demo_boundary_prompt,4-shot random authentic same-class,Shortlisted authentic RUHSOLD Sexism examples,40,agar aaj se 40 saal pehley isi tarha ke banner pakarh kar mera jism meri marzi waala naara aapki amma ne maara hota to aap is duniya main ye tweet karney ke liye maujood hi na hoteen 😑😑😑,"yeh wesy koi bht e zyda ounchi nasal ki randi niqli h wesy , mtlb i can't even imagine koi bughaz or paisy k pechay itna b girr skta h, nehayat e nichly darjay ki baighairat aurat ho, aurat zaat ko b badnaam kea h isny apny wajood sy !! akhh thooo iski zaat pay",randi kise kahte ha aap hi bata do? ye word ghatiya women ke liye hi use karta ha ab deepika ghatiya ha to randi hi bolenge na,muslim countries ki leaderships na mard napunsak or hijra hain.. in mein koi dum nahi.. ye kuch nahi kr sakty.. jinnah ki rooh tarapti hogi.. jinnah ne kashmir par attack ka order diya tha..,rt : isse bhi choti gandu hi larki hai,2,sexism_batch_007.csv
class3_batch003_sample020464,3,20464,3,Sexism,321464,325464,v3_original_demo_boundary_prompt,4-shot random authentic same-class,Shortlisted authentic RUHSOLD Sexism examples,40,aaaahhhhhh bhenchod.....jese tere is mangalsutra ki sahi jagah tere gale me nai balki mere mote kaale lund pr he.... vese hi tujh jesi chudakkad kuttiya ki jagah kewal mere pairo k niche he saali.... chal inbox me aa.....,shazaib apni baji ko b bejna han aurat march ma agr itne he zruri hai to,"yeh wesy koi bht e zyda ounchi nasal ki randi niqli h wesy , mtlb i can't even imagine koi bughaz or paisy k pechay itna b girr skta h, nehayat e nichly darjay ki baighairat aurat ho, aurat zaat ko b badnaam kea h isny apny wajood sy !! akhh thooo iski zaat pay",aisi or kis kis ki lund par uchel uchel kar moja lati ghar me.,teri ammi se pocha ha teri behen ko bhej di.. ab ye 100% sasti hai,1,sexism_batch_003.csv
class3_batch004_sample020610,4,20610,3,Sexism,321610,325610,v3_original_demo_boundary_prompt,4-shot random authentic same-class,Shortlisted authentic RUHSOLD Sexism examples,40,your leader  is hijra that's why he is not living with his wife.,shazaib apni baji ko b bejna han aurat march ma agr itne he zruri hai to,phir larky beard ky bagiar khusray q lgty hain  wo bhi beard ky bagiar khubsurat lgny chahiye ?,apni behn ko bhejo gay na aurat march me??,ooohh nooo. tu to pakistani tha.,1,sexism_batch_004.csv
class3_batch008_sample021471,8,21471,3,Sexism,322471,326471,v3_original_demo_boundary_prompt,4-shot random authentic same-class,Shortlisted authentic RUHSOLD Sexism examples,40,you are just girlfriend material no one wants wife like you. itna jism jo sirf admi apni bivi ka dekhta h  apka to sary jahan ne dekha h,tu kyun ro rahe hai hijra? tera buddhe hijra to kamjor mard hai. uska kara nehi hota. 🤣🤣🤣🤣,randi kise kahte ha aap hi bata do? ye word ghatiya women ke liye hi use karta ha ab deepika ghatiya ha to randi hi bolenge na,bilo rani tumhari pehchan sirf or sirf hijra huna hai.. na mard,i mean yaar wtf this woman has been dating men all her life so why she would want a man as friend?????,2,sexism_batch_008.csv
class3_batch005_sample020834,5,20834,3,Sexism,321834,325834,v3_original_demo_boundary_prompt,4-shot random authentic same-class,Shortlisted authentic RUHSOLD Sexism examples,40,70 saal ka mard is better than a 30 year old hijra😅,jin ko hizab se nafrat he wo nangi ho k ghoome koi in pe thooke ga bhi nahi  aurat khoobsurat pure libas me lagti he mawazna karlen,transgander   madarchood   hijra tu aik bara khoota ha  haram zada,muslim countries ki leaderships na mard napunsak or hijra hain.. in mein koi dum nahi.. ye kuch nahi kr sakty.. jinnah ki rooh tarapti hogi.. jinnah ne kashmir par attack ka order diya tha..,abe hijra kaha bhaunk raha ha,2,sexism_batch_005.csv
class3_batch006_sample021133,6,21133,3,Sexism,322133,326133,v3_original_demo_boundary_prompt,4-shot random authentic same-class,Shortlisted authentic RUHSOLD Sexism examples,40,we are supporting #islam and thank you #khalilurrahmanqamar for your beautiful comments against #gashti .  agar ye #aurat hoti to na me aesi zuban use krta aur na koi gairatmand #admi use krta.,dhoka khane k baad oska aitbar uth jata haa sbsee or dosre mard mai b interest ni rehta...ku k aurat jism k ley ni chahti jbk mard jism k ley chahta😌🙂,teri bhosdi or boobs me parda mat kar...logo ko dekne de.dhake hoge to kaise pata chalega ki tu hijra nehi hai.   hijra kahi ki.,tere jaise randiyo ki chudai ke liye to ham mard hain yaha pe,abhe hi baat chal rahi thi randi,2,sexism_batch_006.csv
class3_batch006_sample021073,6,21073,3,Sexism,322073,326073,v3_original_demo_boundary_prompt,4-shot random authentic same-class,Shortlisted authentic RUHSOLD Sexism examples,40,randi kise kahte ha aap hi bata do? ye word ghatiya women ke liye hi use karta ha ab deepika ghatiya ha to randi hi bolenge na,aisi or kis kis ki lund par uchel uchel kar moja lati ghar me.,jahiliyat ki v had hai ye apne ghar me slave ki tarh rahti hai aur bahar kutto jaise bhaunk rhi hai... shame on these ladies,ek randi larki ko itni pazeerai di hai. smjh se bahir hai,hijra nahin chodu saali,2,sexism_batch_006.csv
class3_batch003_sample020548,3,20548,3,Sexism,321548,325548,v3_original_demo_boundary_prompt,4-shot random authentic same-class,Shortlisted authentic RUHSOLD Sexism examples,40,"yeh wesy koi bht e zyda ounchi nasal ki randi niqli h wesy , mtlb i can't even imagine koi bughaz or paisy k pechay itna b girr skta h, nehayat e nichly darjay ki baighairat aurat ho, aurat zaat ko b badnaam kea h isny apny wajood sy !! akhh thooo iski zaat pay","madum ap gharailo maon behno ki terha na blkeh on maon behno ki terha bhi nahi jo moaashrat main ghar sy bahir nikal ker apni , maan baap ki .belky pory moaashry ki izzat ka kgayal rekhti hain .ap oss catogary main ati hain .jisy rundi,jisy tawaif,fahasha, jisy badqar kehty hain",aaaahhhhhh bhenchod.....jese tere is mangalsutra ki sahi jagah tere gale me nai balki mere mote kaale lund pr he.... vese hi tujh jesi chudakkad kuttiya ki jagah kewal mere pairo k niche he saali.... chal inbox me aa.....,your leader  is hijra that's why he is not living with his wife.,sach bheja tu wo jaana bhi chahta h,1,sexism_batch_003.csv
class3_batch001_sample020045,1,20045,3,Sexism,321045,325045,v3_original_demo_boundary_prompt,4-shot random authentic same-class,Shortlisted authentic RUHSOLD Sexism examples,40,jahiliyat ki v had hai ye apne ghar me slave ki tarh rahti hai aur bahar kutto jaise bhaunk rhi hai... shame on these ladies,we are supporting #islam and thank you #khalilurrahmanqamar for your beautiful comments against #gashti .  agar ye #aurat hoti to na me aesi zuban use krta aur na koi gairatmand #admi use krta.,"aurat ko islam nai galat lagta, ap log lagtay ho jo ye boltay hain k agar aurat ka rape hua to wo uski galtie usne sar par dupatta nai kiya us banday ki nahi wo bechara kesay control karay",dhoka khane k baad oska aitbar uth jata haa sbsee or dosre mard mai b interest ni rehta...ku k aurat jism k ley ni chahti jbk mard jism k ley chahta😌🙂,abe tu hmari london se hi teri maa behn ko tjhe dekh li,1,sexism_batch_001.csv
class3_batch006_sample021068,6,21068,3,Sexism,322068,326068,v3_original_demo_boundary_prompt,4-shot random authentic same-class,Shortlisted authentic RUHSOLD Sexism examples,40,we are supporting #islam and thank you #khalilurrahmanqamar for your beautiful comments against #gashti .  agar ye #aurat hoti to na me aesi zuban use krta aur na koi gairatmand #admi use krta.,r mazy k bat mra jism wo auratn krti hn jin pr thokta bh koi nae.,phir larky beard ky bagiar khusray q lgty hain  wo bhi beard ky bagiar khubsurat lgny chahiye ?,bc ghar wale bhi soch rahe honge yeh kya system paida ho gya sala lagta programing galat ho gayi.... sabsi badi confusion iske liye ladka dhundheyge yaa ladki😉,nikl teri maa ka yaar gashti,2,sexism_batch_006.csv
class3_batch010_sample021809,10,21809,3,Sexism,322809,326809,v3_original_demo_boundary_prompt,4-shot random authentic same-class,Shortlisted authentic RUHSOLD Sexism examples,40,aur jesi ghatia aurat ke mun se ye bat achi ni lagti. logon ko garam karnay wali machine.,#stopauratbarbadimarch aurat ghr k andr hi achi lgti he yu sarkon par nikalna kisi bhi aurat ki izzat par daag lga skta he,#auratmarch2020 mera jism allah ki marzi.. allah ka to hukam ha tum char dewari me raho .. nd ya nikl k apni nimaish karna chahten,you are just girlfriend material no one wants wife like you. itna jism jo sirf admi apni bivi ka dekhta h  apka to sary jahan ne dekha h,aby randi ho aurat,2,sexism_batch_010.csv
class3_batch002_sample020294,2,20294,3,Sexism,321294,325294,v3_original_demo_boundary_prompt,4-shot random authentic same-class,Shortlisted authentic RUHSOLD Sexism examples,40,apni behn ko bhejo gay na aurat march me??,lalchi aurat paisa dekhti hai aur khandani aurat sirf sehrat dekhti hai,"apko kehna chahye tha na mard hoon, na aurat hoo. main hijra hoon main hijra hoon, main parchi hoon, main defected hoon, main accidental chairman hoon.  #joker420",teri chut me sabhi bhaiyo ka lund reply de randi,tujhy pata hi nhi tu to bhenchod raha hay,1,sexism_batch_002.csv
class3_batch010_sample021924,10,21924,3,Sexism,322924,326924,v3_original_demo_boundary_prompt,4-shot random authentic same-class,Shortlisted authentic RUHSOLD Sexism examples,40,jahiliyat ki v had hai ye apne ghar me slave ki tarh rahti hai aur bahar kutto jaise bhaunk rhi hai... shame on these ladies,70 saal ka mard is better than a 30 year old hijra😅,"madum ap gharailo maon behno ki terha na blkeh on maon behno ki terha bhi nahi jo moaashrat main ghar sy bahir nikal ker apni , maan baap ki .belky pory moaashry ki izzat ka kgayal rekhti hain .ap oss catogary main ati hain .jisy rundi,jisy tawaif,fahasha, jisy badqar kehty hain",ap ko mard banny ki acting pasand i? agr ni to hijra hi bany rahye sir ye mardo k kam hn hijro k ni.,ye apko lgta ha apny ghar sy bahir nikal kr duniya main aik randi ho,2,sexism_batch_010.csv
class3_batch001_sample020076,1,20076,3,Sexism,321076,325076,v3_original_demo_boundary_prompt,4-shot random authentic same-class,Shortlisted authentic RUHSOLD Sexism examples,40,apni behn ko bhejo gay na aurat march me??,phir larky beard ky bagiar khusray q lgty hain  wo bhi beard ky bagiar khubsurat lgny chahiye ?,acha tareka dhondha hai larkun ko ganda sabit karny ka but aesi neech harkat larkyan he kar sakti hain larky nahi.,randi kise kahte ha aap hi bata do? ye word ghatiya women ke liye hi use karta ha ab deepika ghatiya ha to randi hi bolenge na,abe koi mard nhi tha jo usko kuch pta tha kus kaam krna..,1,sexism_batch_001.csv
class3_batch002_sample020205,2,20205,3,Sexism,321205,325205,v3_original_demo_boundary_prompt,4-shot random authentic same-class,Shortlisted authentic RUHSOLD Sexism examples,40,transgander   madarchood   hijra tu aik bara khoota ha  haram zada,aur jesi ghatia aurat ke mun se ye bat achi ni lagti. logon ko garam karnay wali machine.,lalchi aurat paisa dekhti hai aur khandani aurat sirf sehrat dekhti hai,"apko kehna chahye tha na mard hoon, na aurat hoo. main hijra hoon main hijra hoon, main parchi hoon, main defected hoon, main accidental chairman hoon.  #joker420",ab tere jaise randi k bachy kiya soch raha hy?,1,sexism_batch_002.csv
class3_batch008_sample021530,8,21530,3,Sexism,322530,326530,v3_original_demo_boundary_prompt,4-shot random authentic same-class,Shortlisted authentic RUHSOLD Sexism examples,40,aisi or kis kis ki lund par uchel uchel kar moja lati ghar me.,lalchi aurat paisa dekhti hai aur khandani aurat sirf sehrat dekhti hai,roads pe lab coat b ap ki gender hi pehnti ha 😂,agar aaj se 40 saal pehley isi tarha ke banner pakarh kar mera jism meri marzi waala naara aapki amma ne maara hota to aap is duniya main ye tweet karney ke liye maujood hi na hoteen 😑😑😑,chal kahan jaon tum logon ko ye bat karne ka???,2,sexism_batch_008.csv
class3_batch008_sample021592,8,21592,3,Sexism,322592,326592,v3_original_demo_boundary_prompt,4-shot random authentic same-class,Shortlisted authentic RUHSOLD Sexism examples,40,phir larky beard ky bagiar khusray q lgty hain  wo bhi beard ky bagiar khubsurat lgny chahiye ?,bc ghar wale bhi soch rahe honge yeh kya system paida ho gya sala lagta programing galat ho gayi.... sabsi badi confusion iske liye ladka dhundheyge yaa ladki😉,#stopauratbarbadimarch who are you for arguing our tradition and islamic manners you bluddy 2 takay ki aurat   .,#stopauratbarbadimarch aurat ghr k andr hi achi lgti he yu sarkon par nikalna kisi bhi aurat ki izzat par daag lga skta he,bhai tu to teri ma ko pata ha apne jesi hijra kuch nahi kr rha,2,sexism_batch_008.csv
class3_batch005_sample020829,5,20829,3,Sexism,321829,325829,v3_original_demo_boundary_prompt,4-shot random authentic same-class,Shortlisted authentic RUHSOLD Sexism examples,40,you are just girlfriend material no one wants wife like you. itna jism jo sirf admi apni bivi ka dekhta h  apka to sary jahan ne dekha h,jahiliyat ki v had hai ye apne ghar me slave ki tarh rahti hai aur bahar kutto jaise bhaunk rhi hai... shame on these ladies,teri chut me sabhi bhaiyo ka lund reply de randi,tu kyun ro rahe hai hijra? tera buddhe hijra to kamjor mard hai. uska kara nehi hota. 🤣🤣🤣🤣,abe rundi ke najaiz bachon saali,2,sexism_batch_005.csv
class3_batch003_sample020414,3,20414,3,Sexism,321414,325414,v3_original_demo_boundary_prompt,4-shot random authentic same-class,Shortlisted authentic RUHSOLD Sexism examples,40,shazaib apni baji ko b bejna han aurat march ma agr itne he zruri hai to,bc ghar wale bhi soch rahe honge yeh kya system paida ho gya sala lagta programing galat ho gayi.... sabsi badi confusion iske liye ladka dhundheyge yaa ladki😉,phir larky beard ky bagiar khusray q lgty hain  wo bhi beard ky bagiar khubsurat lgny chahiye ?,your leader  is hijra that's why he is not living with his wife.,teri ammi ki choot marunga ye jhooth bol raha ha,1,sexism_batch_003.csv
class3_batch004_sample020704,4,20704,3,Sexism,321704,325704,v3_original_demo_boundary_prompt,4-shot random authentic same-class,Shortlisted authentic RUHSOLD Sexism examples,40,#stopauratbarbadimarch aurat ghr k andr hi achi lgti he yu sarkon par nikalna kisi bhi aurat ki izzat par daag lga skta he,bc ghar wale bhi soch rahe honge yeh kya system paida ho gya sala lagta programing galat ho gayi.... sabsi badi confusion iske liye ladka dhundheyge yaa ladki😉,dhoka khane k baad oska aitbar uth jata haa sbsee or dosre mard mai b interest ni rehta...ku k aurat jism k ley ni chahti jbk mard jism k ley chahta😌🙂,"apko kehna chahye tha na mard hoon, na aurat hoo. main hijra hoon main hijra hoon, main parchi hoon, main defected hoon, main accidental chairman hoon.  #joker420",saali madarchod,1,sexism_batch_004.csv
class3_batch004_sample020755,4,20755,3,Sexism,321755,325755,v3_original_demo_boundary_prompt,4-shot random authentic same-class,Shortlisted authentic RUHSOLD Sexism examples,40,ap ko mard banny ki acting pasand i? agr ni to hijra hi bany rahye sir ye mardo k kam hn hijro k ni.,bilo rani tumhari pehchan sirf or sirf hijra huna hai.. na mard,you are just girlfriend material no one wants wife like you. itna jism jo sirf admi apni bivi ka dekhta h  apka to sary jahan ne dekha h,"aurat ko islam nai galat lagta, ap log lagtay ho jo ye boltay hain k agar aurat ka rape hua to wo uski galtie usne sar par dupatta nai kiya us banday ki nahi wo bechara kesay control karay",haan to tu mard nahi tha,1,sexism_batch_004.csv
class3_batch007_sample021232,7,21232,3,Sexism,322232,326232,v3_original_demo_boundary_prompt,4-shot random authentic same-class,Shortlisted authentic RUHSOLD Sexism examples,40,70 saal ka mard is better than a 30 year old hijra😅,aur jesi ghatia aurat ke mun se ye bat achi ni lagti. logon ko garam karnay wali machine.,#auratmarch2020 mera jism allah ki marzi.. allah ka to hukam ha tum char dewari me raho .. nd ya nikl k apni nimaish karna chahten,"madum ap gharailo maon behno ki terha na blkeh on maon behno ki terha bhi nahi jo moaashrat main ghar sy bahir nikal ker apni , maan baap ki .belky pory moaashry ki izzat ka kgayal rekhti hain .ap oss catogary main ati hain .jisy rundi,jisy tawaif,fahasha, jisy badqar kehty hain",bc randi,2,sexism_batch_007.csv
class3_batch005_sample020976,5,20976,3,Sexism,321976,325976,v3_original_demo_boundary_prompt,4-shot random authentic same-class,Shortlisted authentic RUHSOLD Sexism examples,40,#stopauratbarbadimarch aurat ghr k andr hi achi lgti he yu sarkon par nikalna kisi bhi aurat ki izzat par daag lga skta he,aisi or kis kis ki lund par uchel uchel kar moja lati ghar me.,bc ghar wale bhi soch rahe honge yeh kya system paida ho gya sala lagta programing galat ho gayi.... sabsi badi confusion iske liye ladka dhundheyge yaa ladki😉,"ab iska sara credit har anchor le rha h jb k  rape,  ki asal jad h hi media jo mera jism.meri marzi,  hareem.shah , qandeel bloch , valentine day pe program krty hn phr rape hi hn gy","rt : ""lakin ye toh randiyo ke kutte"" 😂",2,sexism_batch_005.csv
class3_batch002_sample020393,2,20393,3,Sexism,321393,325393,v3_original_demo_boundary_prompt,4-shot random authentic same-class,Shortlisted authentic RUHSOLD Sexism examples,40,tum jesi ghatia aurat ka kam hi ni hai media par.kisi kothhay pe ja aur ulta late ja ke.begherat,"ab iska sara credit har anchor le rha h jb k  rape,  ki asal jad h hi media jo mera jism.meri marzi,  hareem.shah , qandeel bloch , valentine day pe program krty hn phr rape hi hn gy",mard muhbt kr bhi ly tu aksar aurat he dhoka dy jati h usy 💔,original attitude boys ma hota ha aur fake girls ma,ye randiyon ko goli nahi milti,1,sexism_batch_002.csv
class3_batch009_sample021774,9,21774,3,Sexism,322774,326774,v3_original_demo_boundary_prompt,4-shot random authentic same-class,Shortlisted authentic RUHSOLD Sexism examples,40,randi kise kahte ha aap hi bata do? ye word ghatiya women ke liye hi use karta ha ab deepika ghatiya ha to randi hi bolenge na,lalchi aurat paisa dekhti hai aur khandani aurat sirf sehrat dekhti hai,ap ko mard banny ki acting pasand i? agr ni to hijra hi bany rahye sir ye mardo k kam hn hijro k ni.,aaaahhhhhh bhenchod.....jese tere is mangalsutra ki sahi jagah tere gale me nai balki mere mote kaale lund pr he.... vese hi tujh jesi chudakkad kuttiya ki jagah kewal mere pairo k niche he saali.... chal inbox me aa.....,aabay shukla ne randi rona maa di hai... 😂,2,sexism_batch_009.csv
class3_batch005_sample020968,5,20968,3,Sexism,321968,325968,v3_original_demo_boundary_prompt,4-shot random authentic same-class,Shortlisted authentic RUHSOLD Sexism examples,40,teri bhosdi or boobs me parda mat kar...logo ko dekne de.dhake hoge to kaise pata chalega ki tu hijra nehi hai.   hijra kahi ki.,phir larky beard ky bagiar khusray q lgty hain  wo bhi beard ky bagiar khubsurat lgny chahiye ?,roads pe lab coat b ap ki gender hi pehnti ha 😂,aaaahhhhhh bhenchod.....jese tere is mangalsutra ki sahi jagah tere gale me nai balki mere mote kaale lund pr he.... vese hi tujh jesi chudakkad kuttiya ki jagah kewal mere pairo k niche he saali.... chal inbox me aa.....,abhi bachon ko bhi hijra banane k liay koi dhamaka nahi mil raha???,2,sexism_batch_005.csv
class3_batch001_sample020030,1,20030,3,Sexism,321030,325030,v3_original_demo_boundary_prompt,4-shot random authentic same-class,Shortlisted authentic RUHSOLD Sexism examples,40,jahiliyat ki v had hai ye apne ghar me slave ki tarh rahti hai aur bahar kutto jaise bhaunk rhi hai... shame on these ladies,you are just girlfriend material no one wants wife like you. itna jism jo sirf admi apni bivi ka dekhta h  apka to sary jahan ne dekha h,#stopauratbarbadimarch aurat ghr k andr hi achi lgti he yu sarkon par nikalna kisi bhi aurat ki izzat par daag lga skta he,tum jesi ghatia aurat ka kam hi ni hai media par.kisi kothhay pe ja aur ulta late ja ke.begherat,o chod randi,1,sexism_batch_001.csv
class3_batch006_sample021181,6,21181,3,Sexism,322181,326181,v3_original_demo_boundary_prompt,4-shot random authentic same-class,Shortlisted authentic RUHSOLD Sexism examples,40,lalchi aurat paisa dekhti hai aur khandani aurat sirf sehrat dekhti hai,bilo rani tumhari pehchan sirf or sirf hijra huna hai.. na mard,#stopauratbarbadimarch aurat ghr k andr hi achi lgti he yu sarkon par nikalna kisi bhi aurat ki izzat par daag lga skta he,we are supporting #islam and thank you #khalilurrahmanqamar for your beautiful comments against #gashti .  agar ye #aurat hoti to na me aesi zuban use krta aur na koi gairatmand #admi use krta.,i am sorry my friend but it was just a joke... but if u feel like this then i apologize...,2,sexism_batch_006.csv
class3_batch010_sample021937,10,21937,3,Sexism,322937,326937,v3_original_demo_boundary_prompt,4-shot random authentic same-class,Shortlisted authentic RUHSOLD Sexism examples,40,"madum ap gharailo maon behno ki terha na blkeh on maon behno ki terha bhi nahi jo moaashrat main ghar sy bahir nikal ker apni , maan baap ki .belky pory moaashry ki izzat ka kgayal rekhti hain .ap oss catogary main ati hain .jisy rundi,jisy tawaif,fahasha, jisy badqar kehty hain",tum jesi ghatia aurat ka kam hi ni hai media par.kisi kothhay pe ja aur ulta late ja ke.begherat,"yeh wesy koi bht e zyda ounchi nasal ki randi niqli h wesy , mtlb i can't even imagine koi bughaz or paisy k pechay itna b girr skta h, nehayat e nichly darjay ki baighairat aurat ho, aurat zaat ko b badnaam kea h isny apny wajood sy !! akhh thooo iski zaat pay",original attitude boys ma hota ha aur fake girls ma,abey tu apne chachu se pocha hai? tu mard hai ya ladka hai? ye baat kya samjha raha hai kya?,2,sexism_batch_010.csv
class3_batch003_sample020445,3,20445,3,Sexism,321445,325445,v3_original_demo_boundary_prompt,4-shot random authentic same-class,Shortlisted authentic RUHSOLD Sexism examples,40,you are just girlfriend material no one wants wife like you. itna jism jo sirf admi apni bivi ka dekhta h  apka to sary jahan ne dekha h,#stopauratbarbadimarch who are you for arguing our tradition and islamic manners you bluddy 2 takay ki aurat   .,agar aaj se 40 saal pehley isi tarha ke banner pakarh kar mera jism meri marzi waala naara aapki amma ne maara hota to aap is duniya main ye tweet karney ke liye maujood hi na hoteen 😑😑😑,#stopauratbarbadimarch aurat ghr k andr hi achi lgti he yu sarkon par nikalna kisi bhi aurat ki izzat par daag lga skta he,haan to phir ab tujhe apne baap ko bol deta hai kya? tumhe pata hai ki tu hi apne baap ki randi ho,1,sexism_batch_003.csv
class3_batch006_sample021146,6,21146,3,Sexism,322146,326146,v3_original_demo_boundary_prompt,4-shot random authentic same-class,Shortlisted authentic RUHSOLD Sexism examples,40,"ab iska sara credit har anchor le rha h jb k  rape,  ki asal jad h hi media jo mera jism.meri marzi,  hareem.shah , qandeel bloch , valentine day pe program krty hn phr rape hi hn gy",teri chut me sabhi bhaiyo ka lund reply de randi,original attitude boys ma hota ha aur fake girls ma,mard muhbt kr bhi ly tu aksar aurat he dhoka dy jati h usy 💔,ye niazi ki gand se akhrot todne wale hijra hain,2,sexism_batch_006.csv
class3_batch010_sample021999,10,21999,3,Sexism,322999,326999,v3_original_demo_boundary_prompt,4-shot random authentic same-class,Shortlisted authentic RUHSOLD Sexism examples,40,ap ko mard banny ki acting pasand i? agr ni to hijra hi bany rahye sir ye mardo k kam hn hijro k ni.,#stopauratbarbadimarch who are you for arguing our tradition and islamic manners you bluddy 2 takay ki aurat   .,apni behn ko bhejo gay na aurat march me??,"apko kehna chahye tha na mard hoon, na aurat hoo. main hijra hoon main hijra hoon, main parchi hoon, main defected hoon, main accidental chairman hoon.  #joker420",sari jaisi randi kutti ki maa ki beti,2,sexism_batch_010.csv
class3_batch008_sample021573,8,21573,3,Sexism,322573,326573,v3_original_demo_boundary_prompt,4-shot random authentic same-class,Shortlisted authentic RUHSOLD Sexism examples,40,r mazy k bat mra jism wo auratn krti hn jin pr thokta bh koi nae.,aisi or kis kis ki lund par uchel uchel kar moja lati ghar me.,aur jesi ghatia aurat ke mun se ye bat achi ni lagti. logon ko garam karnay wali machine.,apni behn ko bhejo gay na aurat march me??,agr jo hua hai tera baap nhi chupa sakty ab tujhy pata nahi,2,sexism_batch_008.csv
class3_batch005_sample020905,5,20905,3,Sexism,321905,325905,v3_original_demo_boundary_prompt,4-shot random authentic same-class,Shortlisted authentic RUHSOLD Sexism examples,40,randi kise kahte ha aap hi bata do? ye word ghatiya women ke liye hi use karta ha ab deepika ghatiya ha to randi hi bolenge na,70 saal ka mard is better than a 30 year old hijra😅,ek randi larki ko itni pazeerai di hai. smjh se bahir hai,tu kyun ro rahe hai hijra? tera buddhe hijra to kamjor mard hai. uska kara nehi hota. 🤣🤣🤣🤣,tumhari maa ki chut mein dum hai,2,sexism_batch_005.csv
class3_batch006_sample021040,6,21040,3,Sexism,322040,326040,v3_original_demo_boundary_prompt,4-shot random authentic same-class,Shortlisted authentic RUHSOLD Sexism examples,40,agar aaj se 40 saal pehley isi tarha ke banner pakarh kar mera jism meri marzi waala naara aapki amma ne maara hota to aap is duniya main ye tweet karney ke liye maujood hi na hoteen 😑😑😑,"apko kehna chahye tha na mard hoon, na aurat hoo. main hijra hoon main hijra hoon, main parchi hoon, main defected hoon, main accidental chairman hoon.  #joker420",ap ko mard banny ki acting pasand i? agr ni to hijra hi bany rahye sir ye mardo k kam hn hijro k ni.,mard muhbt kr bhi ly tu aksar aurat he dhoka dy jati h usy 💔,teri behno ka yaad aa gaya ha😂,2,sexism_batch_006.csv
class3_batch009_sample021670,9,21670,3,Sexism,322670,326670,v3_original_demo_boundary_prompt,4-shot random authentic same-class,Shortlisted authentic RUHSOLD Sexism examples,40,transgander   madarchood   hijra tu aik bara khoota ha  haram zada,ap ko mard banny ki acting pasand i? agr ni to hijra hi bany rahye sir ye mardo k kam hn hijro k ni.,jin ko hizab se nafrat he wo nangi ho k ghoome koi in pe thooke ga bhi nahi  aurat khoobsurat pure libas me lagti he mawazna karlen,#auratmarch2020 mera jism allah ki marzi.. allah ka to hukam ha tum char dewari me raho .. nd ya nikl k apni nimaish karna chahten,acha ye teri maa ki chudaiya ho ga,2,sexism_batch_009.csv
class3_batch009_sample021688,9,21688,3,Sexism,322688,326688,v3_original_demo_boundary_prompt,4-shot random authentic same-class,Shortlisted authentic RUHSOLD Sexism examples,40,apni behn ko bhejo gay na aurat march me??,phir larky beard ky bagiar khusray q lgty hain  wo bhi beard ky bagiar khubsurat lgny chahiye ?,randi kise kahte ha aap hi bata do? ye word ghatiya women ke liye hi use karta ha ab deepika ghatiya ha to randi hi bolenge na,agar aaj se 40 saal pehley isi tarha ke banner pakarh kar mera jism meri marzi waala naara aapki amma ne maara hota to aap is duniya main ye tweet karney ke liye maujood hi na hoteen 😑😑😑,i mean why would you even bother commenting when you know your tweet won't even get noticed by them?  😂,2,sexism_batch_009.csv
class3_batch009_sample021606,9,21606,3,Sexism,322606,326606,v3_original_demo_boundary_prompt,4-shot random authentic same-class,Shortlisted authentic RUHSOLD Sexism examples,40,"apko kehna chahye tha na mard hoon, na aurat hoo. main hijra hoon main hijra hoon, main parchi hoon, main defected hoon, main accidental chairman hoon.  #joker420",bc ghar wale bhi soch rahe honge yeh kya system paida ho gya sala lagta programing galat ho gayi.... sabsi badi confusion iske liye ladka dhundheyge yaa ladki😉,#auratmarch2020 mera jism allah ki marzi.. allah ka to hukam ha tum char dewari me raho .. nd ya nikl k apni nimaish karna chahten,tere jaise randiyo ki chudai ke liye to ham mard hain yaha pe,oohhh bhenchod aurat march kahan se aa rhi hai ????,2,sexism_batch_009.csv
class3_batch008_sample021421,8,21421,3,Sexism,322421,326421,v3_original_demo_boundary_prompt,4-shot random authentic same-class,Shortlisted authentic RUHSOLD Sexism examples,40,agar aaj se 40 saal pehley isi tarha ke banner pakarh kar mera jism meri marzi waala naara aapki amma ne maara hota to aap is duniya main ye tweet karney ke liye maujood hi na hoteen 😑😑😑,ek randi larki ko itni pazeerai di hai. smjh se bahir hai,transgander   madarchood   hijra tu aik bara khoota ha  haram zada,#auratmarch2020 mera jism allah ki marzi.. allah ka to hukam ha tum char dewari me raho .. nd ya nikl k apni nimaish karna chahten,teri maa chodta tha tu bhi tere maa ki phudi ko chudwaata tha 🤭🤭,2,sexism_batch_008.csv
class3_batch009_sample021694,9,21694,3,Sexism,322694,326694,v3_original_demo_boundary_prompt,4-shot random authentic same-class,Shortlisted authentic RUHSOLD Sexism examples,40,aaaahhhhhh bhenchod.....jese tere is mangalsutra ki sahi jagah tere gale me nai balki mere mote kaale lund pr he.... vese hi tujh jesi chudakkad kuttiya ki jagah kewal mere pairo k niche he saali.... chal inbox me aa.....,"madum ap gharailo maon behno ki terha na blkeh on maon behno ki terha bhi nahi jo moaashrat main ghar sy bahir nikal ker apni , maan baap ki .belky pory moaashry ki izzat ka kgayal rekhti hain .ap oss catogary main ati hain .jisy rundi,jisy tawaif,fahasha, jisy badqar kehty hain",#stopauratbarbadimarch who are you for arguing our tradition and islamic manners you bluddy 2 takay ki aurat   .,dhoka khane k baad oska aitbar uth jata haa sbsee or dosre mard mai b interest ni rehta...ku k aurat jism k ley ni chahti jbk mard jism k ley chahta😌🙂,i am ready to fuck any girl,2,sexism_batch_009.csv
class3_batch002_sample020344,2,20344,3,Sexism,321344,325344,v3_original_demo_boundary_prompt,4-shot random authentic same-class,Shortlisted authentic RUHSOLD Sexism examples,40,"aurat ko islam nai galat lagta, ap log lagtay ho jo ye boltay hain k agar aurat ka rape hua to wo uski galtie usne sar par dupatta nai kiya us banday ki nahi wo bechara kesay control karay",randi kise kahte ha aap hi bata do? ye word ghatiya women ke liye hi use karta ha ab deepika ghatiya ha to randi hi bolenge na,transgander   madarchood   hijra tu aik bara khoota ha  haram zada,aisi or kis kis ki lund par uchel uchel kar moja lati ghar me.,jin ka najaiz baat hai woh to auraton k sath koi kuch nahi hota,1,sexism_batch_002.csv
class3_batch001_sample020044,1,20044,3,Sexism,321044,325044,v3_original_demo_boundary_prompt,4-shot random authentic same-class,Shortlisted authentic RUHSOLD Sexism examples,40,mard muhbt kr bhi ly tu aksar aurat he dhoka dy jati h usy 💔,shazaib apni baji ko b bejna han aurat march ma agr itne he zruri hai to,ek randi larki ko itni pazeerai di hai. smjh se bahir hai,"apko kehna chahye tha na mard hoon, na aurat hoo. main hijra hoon main hijra hoon, main parchi hoon, main defected hoon, main accidental chairman hoon.  #joker420",koi nawaz sharif ki biwi ha jo bhen ko goli marwa rha tha?,1,sexism_batch_001.csv
class3_batch010_sample021902,10,21902,3,Sexism,322902,326902,v3_original_demo_boundary_prompt,4-shot random authentic same-class,Shortlisted authentic RUHSOLD Sexism examples,40,70 saal ka mard is better than a 30 year old hijra😅,#auratmarch2020 mera jism allah ki marzi.. allah ka to hukam ha tum char dewari me raho .. nd ya nikl k apni nimaish karna chahten,teri bhosdi or boobs me parda mat kar...logo ko dekne de.dhake hoge to kaise pata chalega ki tu hijra nehi hai.   hijra kahi ki.,"madum ap gharailo maon behno ki terha na blkeh on maon behno ki terha bhi nahi jo moaashrat main ghar sy bahir nikal ker apni , maan baap ki .belky pory moaashry ki izzat ka kgayal rekhti hain .ap oss catogary main ati hain .jisy rundi,jisy tawaif,fahasha, jisy badqar kehty hain",makhan chod dene wale ab yeh bolte hain 'makhan to meri maa chod diya tha',2,sexism_batch_010.csv
class3_batch009_sample021604,9,21604,3,Sexism,322604,326604,v3_original_demo_boundary_prompt,4-shot random authentic same-class,Shortlisted authentic RUHSOLD Sexism examples,40,teri chut me sabhi bhaiyo ka lund reply de randi,jahiliyat ki v had hai ye apne ghar me slave ki tarh rahti hai aur bahar kutto jaise bhaunk rhi hai... shame on these ladies,your leader  is hijra that's why he is not living with his wife.,tu kyun ro rahe hai hijra? tera buddhe hijra to kamjor mard hai. uska kara nehi hota. 🤣🤣🤣🤣,rt : hareem shah ki maa behno ke liye pakistan ki sari siyasat hogayi hai hijre ki,2,sexism_batch_009.csv
class3_batch001_sample020168,1,20168,3,Sexism,321168,325168,v3_original_demo_boundary_prompt,4-shot random authentic same-class,Shortlisted authentic RUHSOLD Sexism examples,40,original attitude boys ma hota ha aur fake girls ma,#stopauratbarbadimarch aurat ghr k andr hi achi lgti he yu sarkon par nikalna kisi bhi aurat ki izzat par daag lga skta he,#stopauratbarbadimarch who are you for arguing our tradition and islamic manners you bluddy 2 takay ki aurat   .,randi kise kahte ha aap hi bata do? ye word ghatiya women ke liye hi use karta ha ab deepika ghatiya ha to randi hi bolenge na,tumhari aukat jo dikh rahi ho wo jese ko choro na.,1,sexism_batch_001.csv
class3_batch002_sample020303,2,20303,3,Sexism,321303,325303,v3_original_demo_boundary_prompt,4-shot random authentic same-class,Shortlisted authentic RUHSOLD Sexism examples,40,ek randi larki ko itni pazeerai di hai. smjh se bahir hai,agar aaj se 40 saal pehley isi tarha ke banner pakarh kar mera jism meri marzi waala naara aapki amma ne maara hota to aap is duniya main ye tweet karney ke liye maujood hi na hoteen 😑😑😑,bilo rani tumhari pehchan sirf or sirf hijra huna hai.. na mard,70 saal ka mard is better than a 30 year old hijra😅,tere baap ne ghar mein thand bhi nahi karta...,1,sexism_batch_002.csv
class3_batch010_sample021927,10,21927,3,Sexism,322927,326927,v3_original_demo_boundary_prompt,4-shot random authentic same-class,Shortlisted authentic RUHSOLD Sexism examples,40,jahiliyat ki v had hai ye apne ghar me slave ki tarh rahti hai aur bahar kutto jaise bhaunk rhi hai... shame on these ladies,teri chut me sabhi bhaiyo ka lund reply de randi,shazaib apni baji ko b bejna han aurat march ma agr itne he zruri hai to,jin ko hizab se nafrat he wo nangi ho k ghoome koi in pe thooke ga bhi nahi  aurat khoobsurat pure libas me lagti he mawazna karlen,tujhe pta chlke tum saree ka dard karte hein?,2,sexism_batch_010.csv
class3_batch007_sample021385,7,21385,3,Sexism,322385,326385,v3_original_demo_boundary_prompt,4-shot random authentic same-class,Shortlisted authentic RUHSOLD Sexism examples,40,acha tareka dhondha hai larkun ko ganda sabit karny ka but aesi neech harkat larkyan he kar sakti hain larky nahi.,apni behn ko bhejo gay na aurat march me??,tum jesi ghatia aurat ka kam hi ni hai media par.kisi kothhay pe ja aur ulta late ja ke.begherat,70 saal ka mard is better than a 30 year old hijra😅,ye tu chutiye tha jo randi rona krte tha,2,sexism_batch_007.csv
class3_batch002_sample020352,2,20352,3,Sexism,321352,325352,v3_original_demo_boundary_prompt,4-shot random authentic same-class,Shortlisted authentic RUHSOLD Sexism examples,40,"madum ap gharailo maon behno ki terha na blkeh on maon behno ki terha bhi nahi jo moaashrat main ghar sy bahir nikal ker apni , maan baap ki .belky pory moaashry ki izzat ka kgayal rekhti hain .ap oss catogary main ati hain .jisy rundi,jisy tawaif,fahasha, jisy badqar kehty hain",agar aaj se 40 saal pehley isi tarha ke banner pakarh kar mera jism meri marzi waala naara aapki amma ne maara hota to aap is duniya main ye tweet karney ke liye maujood hi na hoteen 😑😑😑,#auratmarch2020 mera jism allah ki marzi.. allah ka to hukam ha tum char dewari me raho .. nd ya nikl k apni nimaish karna chahten,bc ghar wale bhi soch rahe honge yeh kya system paida ho gya sala lagta programing galat ho gayi.... sabsi badi confusion iske liye ladka dhundheyge yaa ladki😉,mujhy lgata hy q baki logon ko bat krty rehen,1,sexism_batch_002.csv
class3_batch001_sample020091,1,20091,3,Sexism,321091,325091,v3_original_demo_boundary_prompt,4-shot random authentic same-class,Shortlisted authentic RUHSOLD Sexism examples,40,dhoka khane k baad oska aitbar uth jata haa sbsee or dosre mard mai b interest ni rehta...ku k aurat jism k ley ni chahti jbk mard jism k ley chahta😌🙂,your leader  is hijra that's why he is not living with his wife.,jin ko hizab se nafrat he wo nangi ho k ghoome koi in pe thooke ga bhi nahi  aurat khoobsurat pure libas me lagti he mawazna karlen,"ab iska sara credit har anchor le rha h jb k  rape,  ki asal jad h hi media jo mera jism.meri marzi,  hareem.shah , qandeel bloch , valentine day pe program krty hn phr rape hi hn gy",teri maa chod denge..teri baji ka yaar ganda randi ka bacha,1,sexism_batch_001.csv
class3_batch008_sample021502,8,21502,3,Sexism,322502,326502,v3_original_demo_boundary_prompt,4-shot random authentic same-class,Shortlisted authentic RUHSOLD Sexism examples,40,#auratmarch2020 mera jism allah ki marzi.. allah ka to hukam ha tum char dewari me raho .. nd ya nikl k apni nimaish karna chahten,r mazy k bat mra jism wo auratn krti hn jin pr thokta bh koi nae.,your leader  is hijra that's why he is not living with his wife.,muslim countries ki leaderships na mard napunsak or hijra hain.. in mein koi dum nahi.. ye kuch nahi kr sakty.. jinnah ki rooh tarapti hogi.. jinnah ne kashmir par attack ka order diya tha..,oye hijra charsi ko kia pata hai,2,sexism_batch_008.csv
class3_batch008_sample021531,8,21531,3,Sexism,322531,326531,v3_original_demo_boundary_prompt,4-shot random authentic same-class,Shortlisted authentic RUHSOLD Sexism examples,40,"apko kehna chahye tha na mard hoon, na aurat hoo. main hijra hoon main hijra hoon, main parchi hoon, main defected hoon, main accidental chairman hoon.  #joker420",muslim countries ki leaderships na mard napunsak or hijra hain.. in mein koi dum nahi.. ye kuch nahi kr sakty.. jinnah ki rooh tarapti hogi.. jinnah ne kashmir par attack ka order diya tha..,teri chut me sabhi bhaiyo ka lund reply de randi,#stopauratbarbadimarch who are you for arguing our tradition and islamic manners you bluddy 2 takay ki aurat   .,wtf happened to ur pics. u look like a hijra,2,sexism_batch_008.csv
class3_batch007_sample021344,7,21344,3,Sexism,322344,326344,v3_original_demo_boundary_prompt,4-shot random authentic same-class,Shortlisted authentic RUHSOLD Sexism examples,40,"madum ap gharailo maon behno ki terha na blkeh on maon behno ki terha bhi nahi jo moaashrat main ghar sy bahir nikal ker apni , maan baap ki .belky pory moaashry ki izzat ka kgayal rekhti hain .ap oss catogary main ati hain .jisy rundi,jisy tawaif,fahasha, jisy badqar kehty hain",tu kyun ro rahe hai hijra? tera buddhe hijra to kamjor mard hai. uska kara nehi hota. 🤣🤣🤣🤣,#auratmarch2020 mera jism allah ki marzi.. allah ka to hukam ha tum char dewari me raho .. nd ya nikl k apni nimaish karna chahten,phir larky beard ky bagiar khusray q lgty hain  wo bhi beard ky bagiar khubsurat lgny chahiye ?,ye randi kya bolti hai??,2,sexism_batch_007.csv
class3_batch003_sample020527,3,20527,3,Sexism,321527,325527,v3_original_demo_boundary_prompt,4-shot random authentic same-class,Shortlisted authentic RUHSOLD Sexism examples,40,"apko kehna chahye tha na mard hoon, na aurat hoo. main hijra hoon main hijra hoon, main parchi hoon, main defected hoon, main accidental chairman hoon.  #joker420",ek randi larki ko itni pazeerai di hai. smjh se bahir hai,teri chut me sabhi bhaiyo ka lund reply de randi,tum jesi ghatia aurat ka kam hi ni hai media par.kisi kothhay pe ja aur ulta late ja ke.begherat,tum jesi gandu aurat ko yeh baat samajh nahi aati..tum logon ne bola hi nahi hoga ki ye hamari mataji ko rape krwao...isliye tumhein ghusane ki zarurat,1,sexism_batch_003.csv
class3_batch002_sample020261,2,20261,3,Sexism,321261,325261,v3_original_demo_boundary_prompt,4-shot random authentic same-class,Shortlisted authentic RUHSOLD Sexism examples,40,tu kyun ro rahe hai hijra? tera buddhe hijra to kamjor mard hai. uska kara nehi hota. 🤣🤣🤣🤣,"apko kehna chahye tha na mard hoon, na aurat hoo. main hijra hoon main hijra hoon, main parchi hoon, main defected hoon, main accidental chairman hoon.  #joker420","aurat ko islam nai galat lagta, ap log lagtay ho jo ye boltay hain k agar aurat ka rape hua to wo uski galtie usne sar par dupatta nai kiya us banday ki nahi wo bechara kesay control karay",shazaib apni baji ko b bejna han aurat march ma agr itne he zruri hai to,bhenchod teri maa ka yar tha bharwe.,1,sexism_batch_002.csv
class3_batch004_sample020678,4,20678,3,Sexism,321678,325678,v3_original_demo_boundary_prompt,4-shot random authentic same-class,Shortlisted authentic RUHSOLD Sexism examples,40,"madum ap gharailo maon behno ki terha na blkeh on maon behno ki terha bhi nahi jo moaashrat main ghar sy bahir nikal ker apni , maan baap ki .belky pory moaashry ki izzat ka kgayal rekhti hain .ap oss catogary main ati hain .jisy rundi,jisy tawaif,fahasha, jisy badqar kehty hain",phir larky beard ky bagiar khusray q lgty hain  wo bhi beard ky bagiar khubsurat lgny chahiye ?,"yeh wesy koi bht e zyda ounchi nasal ki randi niqli h wesy , mtlb i can't even imagine koi bughaz or paisy k pechay itna b girr skta h, nehayat e nichly darjay ki baighairat aurat ho, aurat zaat ko b badnaam kea h isny apny wajood sy !! akhh thooo iski zaat pay","apko kehna chahye tha na mard hoon, na aurat hoo. main hijra hoon main hijra hoon, main parchi hoon, main defected hoon, main accidental chairman hoon.  #joker420",rt :   bhenchod dusri randi ka bacha,1,sexism_batch_004.csv
class3_batch004_sample020743,4,20743,3,Sexism,321743,325743,v3_original_demo_boundary_prompt,4-shot random authentic same-class,Shortlisted authentic RUHSOLD Sexism examples,40,tu kyun ro rahe hai hijra? tera buddhe hijra to kamjor mard hai. uska kara nehi hota. 🤣🤣🤣🤣,dhoka khane k baad oska aitbar uth jata haa sbsee or dosre mard mai b interest ni rehta...ku k aurat jism k ley ni chahti jbk mard jism k ley chahta😌🙂,ek randi larki ko itni pazeerai di hai. smjh se bahir hai,shazaib apni baji ko b bejna han aurat march ma agr itne he zruri hai to,tere maa ka yaar abhi tak apnay sath nikla na...teri ammi teri maa ki choot maroo..tujhy pta hae tu teri maa ka yaar hae,1,sexism_batch_004.csv
class3_batch004_sample020649,4,20649,3,Sexism,321649,325649,v3_original_demo_boundary_prompt,4-shot random authentic same-class,Shortlisted authentic RUHSOLD Sexism examples,40,tere jaise randiyo ki chudai ke liye to ham mard hain yaha pe,"madum ap gharailo maon behno ki terha na blkeh on maon behno ki terha bhi nahi jo moaashrat main ghar sy bahir nikal ker apni , maan baap ki .belky pory moaashry ki izzat ka kgayal rekhti hain .ap oss catogary main ati hain .jisy rundi,jisy tawaif,fahasha, jisy badqar kehty hain",we are supporting #islam and thank you #khalilurrahmanqamar for your beautiful comments against #gashti .  agar ye #aurat hoti to na me aesi zuban use krta aur na koi gairatmand #admi use krta.,aisi or kis kis ki lund par uchel uchel kar moja lati ghar me.,itna shakal hi hai?,1,sexism_batch_004.csv
class3_batch006_sample021111,6,21111,3,Sexism,322111,326111,v3_original_demo_boundary_prompt,4-shot random authentic same-class,Shortlisted authentic RUHSOLD Sexism examples,40,teri chut me sabhi bhaiyo ka lund reply de randi,shazaib apni baji ko b bejna han aurat march ma agr itne he zruri hai to,ap ko mard banny ki acting pasand i? agr ni to hijra hi bany rahye sir ye mardo k kam hn hijro k ni.,roads pe lab coat b ap ki gender hi pehnti ha 😂,aby yeh kya hota ha tumhari randi jaisi,2,sexism_batch_006.csv
class3_batch010_sample021908,10,21908,3,Sexism,322908,326908,v3_original_demo_boundary_prompt,4-shot random authentic same-class,Shortlisted authentic RUHSOLD Sexism examples,40,bc ghar wale bhi soch rahe honge yeh kya system paida ho gya sala lagta programing galat ho gayi.... sabsi badi confusion iske liye ladka dhundheyge yaa ladki😉,"apko kehna chahye tha na mard hoon, na aurat hoo. main hijra hoon main hijra hoon, main parchi hoon, main defected hoon, main accidental chairman hoon.  #joker420",aisi or kis kis ki lund par uchel uchel kar moja lati ghar me.,"aurat ko islam nai galat lagta, ap log lagtay ho jo ye boltay hain k agar aurat ka rape hua to wo uski galtie usne sar par dupatta nai kiya us banday ki nahi wo bechara kesay control karay",randi rona ke sath bhaunkne ke baad tere maa ka yaar ka naam aata hai,2,sexism_batch_010.csv
class3_batch002_sample020353,2,20353,3,Sexism,321353,325353,v3_original_demo_boundary_prompt,4-shot random authentic same-class,Shortlisted authentic RUHSOLD Sexism examples,40,bilo rani tumhari pehchan sirf or sirf hijra huna hai.. na mard,your leader  is hijra that's why he is not living with his wife.,aur jesi ghatia aurat ke mun se ye bat achi ni lagti. logon ko garam karnay wali machine.,you are just girlfriend material no one wants wife like you. itna jism jo sirf admi apni bivi ka dekhta h  apka to sary jahan ne dekha h,nikal lundi tu hi,1,sexism_batch_002.csv
class3_batch005_sample020900,5,20900,3,Sexism,321900,325900,v3_original_demo_boundary_prompt,4-shot random authentic same-class,Shortlisted authentic RUHSOLD Sexism examples,40,transgander   madarchood   hijra tu aik bara khoota ha  haram zada,70 saal ka mard is better than a 30 year old hijra😅,muslim countries ki leaderships na mard napunsak or hijra hain.. in mein koi dum nahi.. ye kuch nahi kr sakty.. jinnah ki rooh tarapti hogi.. jinnah ne kashmir par attack ka order diya tha..,lalchi aurat paisa dekhti hai aur khandani aurat sirf sehrat dekhti hai,hijra jesa mazaq chalu ho raha ha,2,sexism_batch_005.csv
class3_batch006_sample021163,6,21163,3,Sexism,322163,326163,v3_original_demo_boundary_prompt,4-shot random authentic same-class,Shortlisted authentic RUHSOLD Sexism examples,40,shazaib apni baji ko b bejna han aurat march ma agr itne he zruri hai to,ap ko mard banny ki acting pasand i? agr ni to hijra hi bany rahye sir ye mardo k kam hn hijro k ni.,phir larky beard ky bagiar khusray q lgty hain  wo bhi beard ky bagiar khubsurat lgny chahiye ?,lalchi aurat paisa dekhti hai aur khandani aurat sirf sehrat dekhti hai,apko jis walo ko aurat keh rahey hain usse sari khatam ho jaega aur yeh bhenchod nikla kya tera baap tha,2,sexism_batch_006.csv
class3_batch006_sample021057,6,21057,3,Sexism,322057,326057,v3_original_demo_boundary_prompt,4-shot random authentic same-class,Shortlisted authentic RUHSOLD Sexism examples,40,ap ko mard banny ki acting pasand i? agr ni to hijra hi bany rahye sir ye mardo k kam hn hijro k ni.,teri chut me sabhi bhaiyo ka lund reply de randi,teri bhosdi or boobs me parda mat kar...logo ko dekne de.dhake hoge to kaise pata chalega ki tu hijra nehi hai.   hijra kahi ki.,your leader  is hijra that's why he is not living with his wife.,yeh jo jab wo tujhe milna chahte ho na to bhi teri maa ka dhoka hai gandu,2,sexism_batch_006.csv
class3_batch001_sample020185,1,20185,3,Sexism,321185,325185,v3_original_demo_boundary_prompt,4-shot random authentic same-class,Shortlisted authentic RUHSOLD Sexism examples,40,ek randi larki ko itni pazeerai di hai. smjh se bahir hai,aisi or kis kis ki lund par uchel uchel kar moja lati ghar me.,mard muhbt kr bhi ly tu aksar aurat he dhoka dy jati h usy 💔,aaaahhhhhh bhenchod.....jese tere is mangalsutra ki sahi jagah tere gale me nai balki mere mote kaale lund pr he.... vese hi tujh jesi chudakkad kuttiya ki jagah kewal mere pairo k niche he saali.... chal inbox me aa.....,rt : abhe apne baap ka naam leke gaandu gaya hai,1,sexism_batch_001.csv
class3_batch011_sample022029,11,22029,3,Sexism,323029,327029,v3_original_demo_boundary_prompt,4-shot random authentic same-class,Shortlisted authentic RUHSOLD Sexism examples,40,transgander   madarchood   hijra tu aik bara khoota ha  haram zada,tum jesi ghatia aurat ka kam hi ni hai media par.kisi kothhay pe ja aur ulta late ja ke.begherat,teri bhosdi or boobs me parda mat kar...logo ko dekne de.dhake hoge to kaise pata chalega ki tu hijra nehi hai.   hijra kahi ki.,bc ghar wale bhi soch rahe honge yeh kya system paida ho gya sala lagta programing galat ho gayi.... sabsi badi confusion iske liye ladka dhundheyge yaa ladki😉,mujhe ye shakal nai pasand krti tu hi randi rona krna chahti ho,2,sexism_batch_011.csv
class3_batch004_sample020637,4,20637,3,Sexism,321637,325637,v3_original_demo_boundary_prompt,4-shot random authentic same-class,Shortlisted authentic RUHSOLD Sexism examples,40,muslim countries ki leaderships na mard napunsak or hijra hain.. in mein koi dum nahi.. ye kuch nahi kr sakty.. jinnah ki rooh tarapti hogi.. jinnah ne kashmir par attack ka order diya tha..,original attitude boys ma hota ha aur fake girls ma,shazaib apni baji ko b bejna han aurat march ma agr itne he zruri hai to,you are just girlfriend material no one wants wife like you. itna jism jo sirf admi apni bivi ka dekhta h  apka to sary jahan ne dekha h,hahaha yaar gandu khan sab bhutto ko randi rona dety rehty hain,1,sexism_batch_004.csv
class3_batch003_sample020572,3,20572,3,Sexism,321572,325572,v3_original_demo_boundary_prompt,4-shot random authentic same-class,Shortlisted authentic RUHSOLD Sexism examples,40,#stopauratbarbadimarch aurat ghr k andr hi achi lgti he yu sarkon par nikalna kisi bhi aurat ki izzat par daag lga skta he,mard muhbt kr bhi ly tu aksar aurat he dhoka dy jati h usy 💔,your leader  is hijra that's why he is not living with his wife.,tum jesi ghatia aurat ka kam hi ni hai media par.kisi kothhay pe ja aur ulta late ja ke.begherat,ohoo bhenchod randi ki nasl,1,sexism_batch_003.csv
class3_batch007_sample021299,7,21299,3,Sexism,322299,326299,v3_original_demo_boundary_prompt,4-shot random authentic same-class,Shortlisted authentic RUHSOLD Sexism examples,40,"yeh wesy koi bht e zyda ounchi nasal ki randi niqli h wesy , mtlb i can't even imagine koi bughaz or paisy k pechay itna b girr skta h, nehayat e nichly darjay ki baighairat aurat ho, aurat zaat ko b badnaam kea h isny apny wajood sy !! akhh thooo iski zaat pay",ap ko mard banny ki acting pasand i? agr ni to hijra hi bany rahye sir ye mardo k kam hn hijro k ni.,jahiliyat ki v had hai ye apne ghar me slave ki tarh rahti hai aur bahar kutto jaise bhaunk rhi hai... shame on these ladies,#stopauratbarbadimarch aurat ghr k andr hi achi lgti he yu sarkon par nikalna kisi bhi aurat ki izzat par daag lga skta he,teri maa ka yaar hai bsdk ?,2,sexism_batch_007.csv
class3_batch002_sample020300,2,20300,3,Sexism,321300,325300,v3_original_demo_boundary_prompt,4-shot random authentic same-class,Shortlisted authentic RUHSOLD Sexism examples,40,tum jesi ghatia aurat ka kam hi ni hai media par.kisi kothhay pe ja aur ulta late ja ke.begherat,70 saal ka mard is better than a 30 year old hijra😅,tere jaise randiyo ki chudai ke liye to ham mard hain yaha pe,apni behn ko bhejo gay na aurat march me??,teri maa ka yaar,1,sexism_batch_002.csv
class3_batch007_sample021333,7,21333,3,Sexism,322333,326333,v3_original_demo_boundary_prompt,4-shot random authentic same-class,Shortlisted authentic RUHSOLD Sexism examples,40,70 saal ka mard is better than a 30 year old hijra😅,original attitude boys ma hota ha aur fake girls ma,"yeh wesy koi bht e zyda ounchi nasal ki randi niqli h wesy , mtlb i can't even imagine koi bughaz or paisy k pechay itna b girr skta h, nehayat e nichly darjay ki baighairat aurat ho, aurat zaat ko b badnaam kea h isny apny wajood sy !! akhh thooo iski zaat pay",agar aaj se 40 saal pehley isi tarha ke banner pakarh kar mera jism meri marzi waala naara aapki amma ne maara hota to aap is duniya main ye tweet karney ke liye maujood hi na hoteen 😑😑😑,bhenchod yehi randi kutte sab,2,sexism_batch_007.csv
class3_batch005_sample020838,5,20838,3,Sexism,321838,325838,v3_original_demo_boundary_prompt,4-shot random authentic same-class,Shortlisted authentic RUHSOLD Sexism examples,40,teri bhosdi or boobs me parda mat kar...logo ko dekne de.dhake hoge to kaise pata chalega ki tu hijra nehi hai.   hijra kahi ki.,"yeh wesy koi bht e zyda ounchi nasal ki randi niqli h wesy , mtlb i can't even imagine koi bughaz or paisy k pechay itna b girr skta h, nehayat e nichly darjay ki baighairat aurat ho, aurat zaat ko b badnaam kea h isny apny wajood sy !! akhh thooo iski zaat pay",apni behn ko bhejo gay na aurat march me??,"madum ap gharailo maon behno ki terha na blkeh on maon behno ki terha bhi nahi jo moaashrat main ghar sy bahir nikal ker apni , maan baap ki .belky pory moaashry ki izzat ka kgayal rekhti hain .ap oss catogary main ati hain .jisy rundi,jisy tawaif,fahasha, jisy badqar kehty hain",ye chutiya toh jab tak apni aukat bhot jaldi na rakho tab tak uska sharam kam hoga..aurat ko sath dene wala mard hi hai....,2,sexism_batch_005.csv
class3_batch006_sample021009,6,21009,3,Sexism,322009,326009,v3_original_demo_boundary_prompt,4-shot random authentic same-class,Shortlisted authentic RUHSOLD Sexism examples,40,tere jaise randiyo ki chudai ke liye to ham mard hain yaha pe,lalchi aurat paisa dekhti hai aur khandani aurat sirf sehrat dekhti hai,agar aaj se 40 saal pehley isi tarha ke banner pakarh kar mera jism meri marzi waala naara aapki amma ne maara hota to aap is duniya main ye tweet karney ke liye maujood hi na hoteen 😑😑😑,teri bhosdi or boobs me parda mat kar...logo ko dekne de.dhake hoge to kaise pata chalega ki tu hijra nehi hai.   hijra kahi ki.,rt : tu tera baap tha huwa..aur tera baap tha hi hoga,2,sexism_batch_006.csv
class3_batch003_sample020480,3,20480,3,Sexism,321480,325480,v3_original_demo_boundary_prompt,4-shot random authentic same-class,Shortlisted authentic RUHSOLD Sexism examples,40,ek randi larki ko itni pazeerai di hai. smjh se bahir hai,#stopauratbarbadimarch aurat ghr k andr hi achi lgti he yu sarkon par nikalna kisi bhi aurat ki izzat par daag lga skta he,r mazy k bat mra jism wo auratn krti hn jin pr thokta bh koi nae.,roads pe lab coat b ap ki gender hi pehnti ha 😂,charsi me akhrot ka maa baap hain,1,sexism_batch_003.csv
class3_batch008_sample021556,8,21556,3,Sexism,322556,326556,v3_original_demo_boundary_prompt,4-shot random authentic same-class,Shortlisted authentic RUHSOLD Sexism examples,40,70 saal ka mard is better than a 30 year old hijra😅,"madum ap gharailo maon behno ki terha na blkeh on maon behno ki terha bhi nahi jo moaashrat main ghar sy bahir nikal ker apni , maan baap ki .belky pory moaashry ki izzat ka kgayal rekhti hain .ap oss catogary main ati hain .jisy rundi,jisy tawaif,fahasha, jisy badqar kehty hain",we are supporting #islam and thank you #khalilurrahmanqamar for your beautiful comments against #gashti .  agar ye #aurat hoti to na me aesi zuban use krta aur na koi gairatmand #admi use krta.,you are just girlfriend material no one wants wife like you. itna jism jo sirf admi apni bivi ka dekhta h  apka to sary jahan ne dekha h,ap ny phudi ko chupa diya tha 😂😂,2,sexism_batch_008.csv
class3_batch009_sample021721,9,21721,3,Sexism,322721,326721,v3_original_demo_boundary_prompt,4-shot random authentic same-class,Shortlisted authentic RUHSOLD Sexism examples,40,teri bhosdi or boobs me parda mat kar...logo ko dekne de.dhake hoge to kaise pata chalega ki tu hijra nehi hai.   hijra kahi ki.,your leader  is hijra that's why he is not living with his wife.,aur jesi ghatia aurat ke mun se ye bat achi ni lagti. logon ko garam karnay wali machine.,muslim countries ki leaderships na mard napunsak or hijra hain.. in mein koi dum nahi.. ye kuch nahi kr sakty.. jinnah ki rooh tarapti hogi.. jinnah ne kashmir par attack ka order diya tha..,tumhari maa ki phudi tujhe to samajh nhi a rha,2,sexism_batch_009.csv
class3_batch007_sample021322,7,21322,3,Sexism,322322,326322,v3_original_demo_boundary_prompt,4-shot random authentic same-class,Shortlisted authentic RUHSOLD Sexism examples,40,aisi or kis kis ki lund par uchel uchel kar moja lati ghar me.,shazaib apni baji ko b bejna han aurat march ma agr itne he zruri hai to,jahiliyat ki v had hai ye apne ghar me slave ki tarh rahti hai aur bahar kutto jaise bhaunk rhi hai... shame on these ladies,teri chut me sabhi bhaiyo ka lund reply de randi,tera baap nahi tha na hijra,2,sexism_batch_007.csv
class3_batch008_sample021564,8,21564,3,Sexism,322564,326564,v3_original_demo_boundary_prompt,4-shot random authentic same-class,Shortlisted authentic RUHSOLD Sexism examples,40,"yeh wesy koi bht e zyda ounchi nasal ki randi niqli h wesy , mtlb i can't even imagine koi bughaz or paisy k pechay itna b girr skta h, nehayat e nichly darjay ki baighairat aurat ho, aurat zaat ko b badnaam kea h isny apny wajood sy !! akhh thooo iski zaat pay",muslim countries ki leaderships na mard napunsak or hijra hain.. in mein koi dum nahi.. ye kuch nahi kr sakty.. jinnah ki rooh tarapti hogi.. jinnah ne kashmir par attack ka order diya tha..,bc ghar wale bhi soch rahe honge yeh kya system paida ho gya sala lagta programing galat ho gayi.... sabsi badi confusion iske liye ladka dhundheyge yaa ladki😉,aur jesi ghatia aurat ke mun se ye bat achi ni lagti. logon ko garam karnay wali machine.,haha teri maa ki choot maru,2,sexism_batch_008.csv
class3_batch002_sample020315,2,20315,3,Sexism,321315,325315,v3_original_demo_boundary_prompt,4-shot random authentic same-class,Shortlisted authentic RUHSOLD Sexism examples,40,agar aaj se 40 saal pehley isi tarha ke banner pakarh kar mera jism meri marzi waala naara aapki amma ne maara hota to aap is duniya main ye tweet karney ke liye maujood hi na hoteen 😑😑😑,bilo rani tumhari pehchan sirf or sirf hijra huna hai.. na mard,#auratmarch2020 mera jism allah ki marzi.. allah ka to hukam ha tum char dewari me raho .. nd ya nikl k apni nimaish karna chahten,your leader  is hijra that's why he is not living with his wife.,"aurat march ko chutia banana shuru hua hai... aur unko yeh pata nahi ke jo humare ghar walo ne tere baap ko bola tha ""teri maa ka yaar"" unka baap bhi ho s",1,sexism_batch_002.csv
class3_batch008_sample021475,8,21475,3,Sexism,322475,326475,v3_original_demo_boundary_prompt,4-shot random authentic same-class,Shortlisted authentic RUHSOLD Sexism examples,40,randi kise kahte ha aap hi bata do? ye word ghatiya women ke liye hi use karta ha ab deepika ghatiya ha to randi hi bolenge na,tum jesi ghatia aurat ka kam hi ni hai media par.kisi kothhay pe ja aur ulta late ja ke.begherat,roads pe lab coat b ap ki gender hi pehnti ha 😂,teri chut me sabhi bhaiyo ka lund reply de randi,ye woh gandu ha jo shadi kr raha tha,2,sexism_batch_008.csv
class3_batch003_sample020453,3,20453,3,Sexism,321453,325453,v3_original_demo_boundary_prompt,4-shot random authentic same-class,Shortlisted authentic RUHSOLD Sexism examples,40,tere jaise randiyo ki chudai ke liye to ham mard hain yaha pe,we are supporting #islam and thank you #khalilurrahmanqamar for your beautiful comments against #gashti .  agar ye #aurat hoti to na me aesi zuban use krta aur na koi gairatmand #admi use krta.,muslim countries ki leaderships na mard napunsak or hijra hain.. in mein koi dum nahi.. ye kuch nahi kr sakty.. jinnah ki rooh tarapti hogi.. jinnah ne kashmir par attack ka order diya tha..,original attitude boys ma hota ha aur fake girls ma,mard bhi apne baap ko pata nhi raha kaha se lgaya,1,sexism_batch_003.csv
class3_batch005_sample020806,5,20806,3,Sexism,321806,325806,v3_original_demo_boundary_prompt,4-shot random authentic same-class,Shortlisted authentic RUHSOLD Sexism examples,40,"yeh wesy koi bht e zyda ounchi nasal ki randi niqli h wesy , mtlb i can't even imagine koi bughaz or paisy k pechay itna b girr skta h, nehayat e nichly darjay ki baighairat aurat ho, aurat zaat ko b badnaam kea h isny apny wajood sy !! akhh thooo iski zaat pay","madum ap gharailo maon behno ki terha na blkeh on maon behno ki terha bhi nahi jo moaashrat main ghar sy bahir nikal ker apni , maan baap ki .belky pory moaashry ki izzat ka kgayal rekhti hain .ap oss catogary main ati hain .jisy rundi,jisy tawaif,fahasha, jisy badqar kehty hain",aaaahhhhhh bhenchod.....jese tere is mangalsutra ki sahi jagah tere gale me nai balki mere mote kaale lund pr he.... vese hi tujh jesi chudakkad kuttiya ki jagah kewal mere pairo k niche he saali.... chal inbox me aa.....,randi kise kahte ha aap hi bata do? ye word ghatiya women ke liye hi use karta ha ab deepika ghatiya ha to randi hi bolenge na,bhosdike tu bhi pata hai iska samne mat jao.,2,sexism_batch_005.csv
class3_batch006_sample021080,6,21080,3,Sexism,322080,326080,v3_original_demo_boundary_prompt,4-shot random authentic same-class,Shortlisted authentic RUHSOLD Sexism examples,40,teri chut me sabhi bhaiyo ka lund reply de randi,"yeh wesy koi bht e zyda ounchi nasal ki randi niqli h wesy , mtlb i can't even imagine koi bughaz or paisy k pechay itna b girr skta h, nehayat e nichly darjay ki baighairat aurat ho, aurat zaat ko b badnaam kea h isny apny wajood sy !! akhh thooo iski zaat pay",phir larky beard ky bagiar khusray q lgty hain  wo bhi beard ky bagiar khubsurat lgny chahiye ?,aaaahhhhhh bhenchod.....jese tere is mangalsutra ki sahi jagah tere gale me nai balki mere mote kaale lund pr he.... vese hi tujh jesi chudakkad kuttiya ki jagah kewal mere pairo k niche he saali.... chal inbox me aa.....,gashti h,2,sexism_batch_006.csv
class3_batch001_sample020175,1,20175,3,Sexism,321175,325175,v3_original_demo_boundary_prompt,4-shot random authentic same-class,Shortlisted authentic RUHSOLD Sexism examples,40,dhoka khane k baad oska aitbar uth jata haa sbsee or dosre mard mai b interest ni rehta...ku k aurat jism k ley ni chahti jbk mard jism k ley chahta😌🙂,bc ghar wale bhi soch rahe honge yeh kya system paida ho gya sala lagta programing galat ho gayi.... sabsi badi confusion iske liye ladka dhundheyge yaa ladki😉,jahiliyat ki v had hai ye apne ghar me slave ki tarh rahti hai aur bahar kutto jaise bhaunk rhi hai... shame on these ladies,teri chut me sabhi bhaiyo ka lund reply de randi,ab baki logon ko btao na ki tu pakistan mein kia socha tha,1,sexism_batch_001.csv
class3_batch010_sample021882,10,21882,3,Sexism,322882,326882,v3_original_demo_boundary_prompt,4-shot random authentic same-class,Shortlisted authentic RUHSOLD Sexism examples,40,phir larky beard ky bagiar khusray q lgty hain  wo bhi beard ky bagiar khubsurat lgny chahiye ?,70 saal ka mard is better than a 30 year old hijra😅,you are just girlfriend material no one wants wife like you. itna jism jo sirf admi apni bivi ka dekhta h  apka to sary jahan ne dekha h,tere jaise randiyo ki chudai ke liye to ham mard hain yaha pe,bc aisi behanchod ko koi pata nahi lekin ye randi rona kar rahe hain,2,sexism_batch_010.csv
class3_batch003_sample020579,3,20579,3,Sexism,321579,325579,v3_original_demo_boundary_prompt,4-shot random authentic same-class,Shortlisted authentic RUHSOLD Sexism examples,40,aisi or kis kis ki lund par uchel uchel kar moja lati ghar me.,#auratmarch2020 mera jism allah ki marzi.. allah ka to hukam ha tum char dewari me raho .. nd ya nikl k apni nimaish karna chahten,transgander   madarchood   hijra tu aik bara khoota ha  haram zada,your leader  is hijra that's why he is not living with his wife.,ye bhenchod randi ko aik hi dafa ho sakta hai,1,sexism_batch_003.csv
class3_batch005_sample020982,5,20982,3,Sexism,321982,325982,v3_original_demo_boundary_prompt,4-shot random authentic same-class,Shortlisted authentic RUHSOLD Sexism examples,40,you are just girlfriend material no one wants wife like you. itna jism jo sirf admi apni bivi ka dekhta h  apka to sary jahan ne dekha h,original attitude boys ma hota ha aur fake girls ma,randi kise kahte ha aap hi bata do? ye word ghatiya women ke liye hi use karta ha ab deepika ghatiya ha to randi hi bolenge na,70 saal ka mard is better than a 30 year old hijra😅,wo khud hai...,2,sexism_batch_005.csv
class3_batch009_sample021732,9,21732,3,Sexism,322732,326732,v3_original_demo_boundary_prompt,4-shot random authentic same-class,Shortlisted authentic RUHSOLD Sexism examples,40,randi kise kahte ha aap hi bata do? ye word ghatiya women ke liye hi use karta ha ab deepika ghatiya ha to randi hi bolenge na,dhoka khane k baad oska aitbar uth jata haa sbsee or dosre mard mai b interest ni rehta...ku k aurat jism k ley ni chahti jbk mard jism k ley chahta😌🙂,"ab iska sara credit har anchor le rha h jb k  rape,  ki asal jad h hi media jo mera jism.meri marzi,  hareem.shah , qandeel bloch , valentine day pe program krty hn phr rape hi hn gy",muslim countries ki leaderships na mard napunsak or hijra hain.. in mein koi dum nahi.. ye kuch nahi kr sakty.. jinnah ki rooh tarapti hogi.. jinnah ne kashmir par attack ka order diya tha..,agar koi aurat ne aisa kaha hota to chutiya hi bolenge,2,sexism_batch_009.csv
class3_batch005_sample020840,5,20840,3,Sexism,321840,325840,v3_original_demo_boundary_prompt,4-shot random authentic same-class,Shortlisted authentic RUHSOLD Sexism examples,40,tum jesi ghatia aurat ka kam hi ni hai media par.kisi kothhay pe ja aur ulta late ja ke.begherat,dhoka khane k baad oska aitbar uth jata haa sbsee or dosre mard mai b interest ni rehta...ku k aurat jism k ley ni chahti jbk mard jism k ley chahta😌🙂,teri chut me sabhi bhaiyo ka lund reply de randi,bilo rani tumhari pehchan sirf or sirf hijra huna hai.. na mard,tm logon ki maa chodta hun bsdk,2,sexism_batch_005.csv
class3_batch001_sample020123,1,20123,3,Sexism,321123,325123,v3_original_demo_boundary_prompt,4-shot random authentic same-class,Shortlisted authentic RUHSOLD Sexism examples,40,aur jesi ghatia aurat ke mun se ye bat achi ni lagti. logon ko garam karnay wali machine.,teri bhosdi or boobs me parda mat kar...logo ko dekne de.dhake hoge to kaise pata chalega ki tu hijra nehi hai.   hijra kahi ki.,transgander   madarchood   hijra tu aik bara khoota ha  haram zada,#stopauratbarbadimarch aurat ghr k andr hi achi lgti he yu sarkon par nikalna kisi bhi aurat ki izzat par daag lga skta he,kuch nahi hua tum log apni maa ka yaar rakhty ho na..,1,sexism_batch_001.csv
class3_batch003_sample020471,3,20471,3,Sexism,321471,325471,v3_original_demo_boundary_prompt,4-shot random authentic same-class,Shortlisted authentic RUHSOLD Sexism examples,40,apni behn ko bhejo gay na aurat march me??,aisi or kis kis ki lund par uchel uchel kar moja lati ghar me.,aur jesi ghatia aurat ke mun se ye bat achi ni lagti. logon ko garam karnay wali machine.,tere jaise randiyo ki chudai ke liye to ham mard hain yaha pe,aur jo ek number ki aulad hai unki koi zarurat nahi hai..,1,sexism_batch_003.csv
class3_batch003_sample020532,3,20532,3,Sexism,321532,325532,v3_original_demo_boundary_prompt,4-shot random authentic same-class,Shortlisted authentic RUHSOLD Sexism examples,40,"ab iska sara credit har anchor le rha h jb k  rape,  ki asal jad h hi media jo mera jism.meri marzi,  hareem.shah , qandeel bloch , valentine day pe program krty hn phr rape hi hn gy",we are supporting #islam and thank you #khalilurrahmanqamar for your beautiful comments against #gashti .  agar ye #aurat hoti to na me aesi zuban use krta aur na koi gairatmand #admi use krta.,"madum ap gharailo maon behno ki terha na blkeh on maon behno ki terha bhi nahi jo moaashrat main ghar sy bahir nikal ker apni , maan baap ki .belky pory moaashry ki izzat ka kgayal rekhti hain .ap oss catogary main ati hain .jisy rundi,jisy tawaif,fahasha, jisy badqar kehty hain",#auratmarch2020 mera jism allah ki marzi.. allah ka to hukam ha tum char dewari me raho .. nd ya nikl k apni nimaish karna chahten,bhenchod tu itna bhadwe ho,1,sexism_batch_003.csv
class3_batch004_sample020607,4,20607,3,Sexism,321607,325607,v3_original_demo_boundary_prompt,4-shot random authentic same-class,Shortlisted authentic RUHSOLD Sexism examples,40,phir larky beard ky bagiar khusray q lgty hain  wo bhi beard ky bagiar khubsurat lgny chahiye ?,aaaahhhhhh bhenchod.....jese tere is mangalsutra ki sahi jagah tere gale me nai balki mere mote kaale lund pr he.... vese hi tujh jesi chudakkad kuttiya ki jagah kewal mere pairo k niche he saali.... chal inbox me aa.....,"apko kehna chahye tha na mard hoon, na aurat hoo. main hijra hoon main hijra hoon, main parchi hoon, main defected hoon, main accidental chairman hoon.  #joker420",acha tareka dhondha hai larkun ko ganda sabit karny ka but aesi neech harkat larkyan he kar sakti hain larky nahi.,abe randi kutiye apni maa baap ko jo sikhega wo tera baap lagta ha,1,sexism_batch_004.csv
class3_batch002_sample020394,2,20394,3,Sexism,321394,325394,v3_original_demo_boundary_prompt,4-shot random authentic same-class,Shortlisted authentic RUHSOLD Sexism examples,40,"yeh wesy koi bht e zyda ounchi nasal ki randi niqli h wesy , mtlb i can't even imagine koi bughaz or paisy k pechay itna b girr skta h, nehayat e nichly darjay ki baighairat aurat ho, aurat zaat ko b badnaam kea h isny apny wajood sy !! akhh thooo iski zaat pay",ek randi larki ko itni pazeerai di hai. smjh se bahir hai,teri bhosdi or boobs me parda mat kar...logo ko dekne de.dhake hoge to kaise pata chalega ki tu hijra nehi hai.   hijra kahi ki.,ap ko mard banny ki acting pasand i? agr ni to hijra hi bany rahye sir ye mardo k kam hn hijro k ni.,bhutto ki ghandi maa ka yaar he is,1,sexism_batch_002.csv
class3_batch007_sample021343,7,21343,3,Sexism,322343,326343,v3_original_demo_boundary_prompt,4-shot random authentic same-class,Shortlisted authentic RUHSOLD Sexism examples,40,lalchi aurat paisa dekhti hai aur khandani aurat sirf sehrat dekhti hai,"aurat ko islam nai galat lagta, ap log lagtay ho jo ye boltay hain k agar aurat ka rape hua to wo uski galtie usne sar par dupatta nai kiya us banday ki nahi wo bechara kesay control karay",agar aaj se 40 saal pehley isi tarha ke banner pakarh kar mera jism meri marzi waala naara aapki amma ne maara hota to aap is duniya main ye tweet karney ke liye maujood hi na hoteen 😑😑😑,aur jesi ghatia aurat ke mun se ye bat achi ni lagti. logon ko garam karnay wali machine.,teri bahan ko bhi randi samjhta hoon,2,sexism_batch_007.csv
class3_batch008_sample021425,8,21425,3,Sexism,322425,326425,v3_original_demo_boundary_prompt,4-shot random authentic same-class,Shortlisted authentic RUHSOLD Sexism examples,40,aaaahhhhhh bhenchod.....jese tere is mangalsutra ki sahi jagah tere gale me nai balki mere mote kaale lund pr he.... vese hi tujh jesi chudakkad kuttiya ki jagah kewal mere pairo k niche he saali.... chal inbox me aa.....,r mazy k bat mra jism wo auratn krti hn jin pr thokta bh koi nae.,ek randi larki ko itni pazeerai di hai. smjh se bahir hai,randi kise kahte ha aap hi bata do? ye word ghatiya women ke liye hi use karta ha ab deepika ghatiya ha to randi hi bolenge na,bacho sari duniya me tere baap hi karegi beta,2,sexism_batch_008.csv
class3_batch001_sample020039,1,20039,3,Sexism,321039,325039,v3_original_demo_boundary_prompt,4-shot random authentic same-class,Shortlisted authentic RUHSOLD Sexism examples,40,#auratmarch2020 mera jism allah ki marzi.. allah ka to hukam ha tum char dewari me raho .. nd ya nikl k apni nimaish karna chahten,your leader  is hijra that's why he is not living with his wife.,ek randi larki ko itni pazeerai di hai. smjh se bahir hai,lalchi aurat paisa dekhti hai aur khandani aurat sirf sehrat dekhti hai,ye aisi hi chup krta huwa,1,sexism_batch_001.csv
class3_batch003_sample020462,3,20462,3,Sexism,321462,325462,v3_original_demo_boundary_prompt,4-shot random authentic same-class,Shortlisted authentic RUHSOLD Sexism examples,40,teri chut me sabhi bhaiyo ka lund reply de randi,ek randi larki ko itni pazeerai di hai. smjh se bahir hai,ap ko mard banny ki acting pasand i? agr ni to hijra hi bany rahye sir ye mardo k kam hn hijro k ni.,"apko kehna chahye tha na mard hoon, na aurat hoo. main hijra hoon main hijra hoon, main parchi hoon, main defected hoon, main accidental chairman hoon.  #joker420",aby tum to yahan jao bhenchod..😂😂,1,sexism_batch_003.csv
class3_batch010_sample021803,10,21803,3,Sexism,322803,326803,v3_original_demo_boundary_prompt,4-shot random authentic same-class,Shortlisted authentic RUHSOLD Sexism examples,40,ap ko mard banny ki acting pasand i? agr ni to hijra hi bany rahye sir ye mardo k kam hn hijro k ni.,"aurat ko islam nai galat lagta, ap log lagtay ho jo ye boltay hain k agar aurat ka rape hua to wo uski galtie usne sar par dupatta nai kiya us banday ki nahi wo bechara kesay control karay",apni behn ko bhejo gay na aurat march me??,aaaahhhhhh bhenchod.....jese tere is mangalsutra ki sahi jagah tere gale me nai balki mere mote kaale lund pr he.... vese hi tujh jesi chudakkad kuttiya ki jagah kewal mere pairo k niche he saali.... chal inbox me aa.....,ye hijra hai jo kisi randi k bachay hai..,2,sexism_batch_010.csv
class3_batch003_sample020582,3,20582,3,Sexism,321582,325582,v3_original_demo_boundary_prompt,4-shot random authentic same-class,Shortlisted authentic RUHSOLD Sexism examples,40,shazaib apni baji ko b bejna han aurat march ma agr itne he zruri hai to,"yeh wesy koi bht e zyda ounchi nasal ki randi niqli h wesy , mtlb i can't even imagine koi bughaz or paisy k pechay itna b girr skta h, nehayat e nichly darjay ki baighairat aurat ho, aurat zaat ko b badnaam kea h isny apny wajood sy !! akhh thooo iski zaat pay",randi kise kahte ha aap hi bata do? ye word ghatiya women ke liye hi use karta ha ab deepika ghatiya ha to randi hi bolenge na,ap ko mard banny ki acting pasand i? agr ni to hijra hi bany rahye sir ye mardo k kam hn hijro k ni.,randi bhenchod,1,sexism_batch_003.csv
class3_batch002_sample020331,2,20331,3,Sexism,321331,325331,v3_original_demo_boundary_prompt,4-shot random authentic same-class,Shortlisted authentic RUHSOLD Sexism examples,40,lalchi aurat paisa dekhti hai aur khandani aurat sirf sehrat dekhti hai,"aurat ko islam nai galat lagta, ap log lagtay ho jo ye boltay hain k agar aurat ka rape hua to wo uski galtie usne sar par dupatta nai kiya us banday ki nahi wo bechara kesay control karay",original attitude boys ma hota ha aur fake girls ma,"madum ap gharailo maon behno ki terha na blkeh on maon behno ki terha bhi nahi jo moaashrat main ghar sy bahir nikal ker apni , maan baap ki .belky pory moaashry ki izzat ka kgayal rekhti hain .ap oss catogary main ati hain .jisy rundi,jisy tawaif,fahasha, jisy badqar kehty hain",tu bhenchod wohi nakli dusri nawaz sharif ki beti hai,1,sexism_batch_002.csv
class3_batch003_sample020534,3,20534,3,Sexism,321534,325534,v3_original_demo_boundary_prompt,4-shot random authentic same-class,Shortlisted authentic RUHSOLD Sexism examples,40,randi kise kahte ha aap hi bata do? ye word ghatiya women ke liye hi use karta ha ab deepika ghatiya ha to randi hi bolenge na,phir larky beard ky bagiar khusray q lgty hain  wo bhi beard ky bagiar khubsurat lgny chahiye ?,bc ghar wale bhi soch rahe honge yeh kya system paida ho gya sala lagta programing galat ho gayi.... sabsi badi confusion iske liye ladka dhundheyge yaa ladki😉,"apko kehna chahye tha na mard hoon, na aurat hoo. main hijra hoon main hijra hoon, main parchi hoon, main defected hoon, main accidental chairman hoon.  #joker420",bhenchod tu ek hijra ki koshish kr raha tha,1,sexism_batch_003.csv
class3_batch003_sample020408,3,20408,3,Sexism,321408,325408,v3_original_demo_boundary_prompt,4-shot random authentic same-class,Shortlisted authentic RUHSOLD Sexism examples,40,ek randi larki ko itni pazeerai di hai. smjh se bahir hai,original attitude boys ma hota ha aur fake girls ma,shazaib apni baji ko b bejna han aurat march ma agr itne he zruri hai to,mard muhbt kr bhi ly tu aksar aurat he dhoka dy jati h usy 💔,saali kutty ka beta,1,sexism_batch_003.csv
class3_batch001_sample020194,1,20194,3,Sexism,321194,325194,v3_original_demo_boundary_prompt,4-shot random authentic same-class,Shortlisted authentic RUHSOLD Sexism examples,40,tum jesi ghatia aurat ka kam hi ni hai media par.kisi kothhay pe ja aur ulta late ja ke.begherat,"aurat ko islam nai galat lagta, ap log lagtay ho jo ye boltay hain k agar aurat ka rape hua to wo uski galtie usne sar par dupatta nai kiya us banday ki nahi wo bechara kesay control karay",you are just girlfriend material no one wants wife like you. itna jism jo sirf admi apni bivi ka dekhta h  apka to sary jahan ne dekha h,muslim countries ki leaderships na mard napunsak or hijra hain.. in mein koi dum nahi.. ye kuch nahi kr sakty.. jinnah ki rooh tarapti hogi.. jinnah ne kashmir par attack ka order diya tha..,tm jese ghatia auraton ko #auratmarch k lye bhi betha rkhny chaye khud unke liye hee march hai,1,sexism_batch_001.csv
class3_batch004_sample020614,4,20614,3,Sexism,321614,325614,v3_original_demo_boundary_prompt,4-shot random authentic same-class,Shortlisted authentic RUHSOLD Sexism examples,40,we are supporting #islam and thank you #khalilurrahmanqamar for your beautiful comments against #gashti .  agar ye #aurat hoti to na me aesi zuban use krta aur na koi gairatmand #admi use krta.,muslim countries ki leaderships na mard napunsak or hijra hain.. in mein koi dum nahi.. ye kuch nahi kr sakty.. jinnah ki rooh tarapti hogi.. jinnah ne kashmir par attack ka order diya tha..,mard muhbt kr bhi ly tu aksar aurat he dhoka dy jati h usy 💔,shazaib apni baji ko b bejna han aurat march ma agr itne he zruri hai to,gashti ki nasl ho,1,sexism_batch_004.csv
class3_batch006_sample021004,6,21004,3,Sexism,322004,326004,v3_original_demo_boundary_prompt,4-shot random authentic same-class,Shortlisted authentic RUHSOLD Sexism examples,40,"apko kehna chahye tha na mard hoon, na aurat hoo. main hijra hoon main hijra hoon, main parchi hoon, main defected hoon, main accidental chairman hoon.  #joker420",transgander   madarchood   hijra tu aik bara khoota ha  haram zada,phir larky beard ky bagiar khusray q lgty hain  wo bhi beard ky bagiar khubsurat lgny chahiye ?,teri bhosdi or boobs me parda mat kar...logo ko dekne de.dhake hoge to kaise pata chalega ki tu hijra nehi hai.   hijra kahi ki.,randi ka bacha,2,sexism_batch_006.csv
class3_batch004_sample020705,4,20705,3,Sexism,321705,325705,v3_original_demo_boundary_prompt,4-shot random authentic same-class,Shortlisted authentic RUHSOLD Sexism examples,40,lalchi aurat paisa dekhti hai aur khandani aurat sirf sehrat dekhti hai,we are supporting #islam and thank you #khalilurrahmanqamar for your beautiful comments against #gashti .  agar ye #aurat hoti to na me aesi zuban use krta aur na koi gairatmand #admi use krta.,transgander   madarchood   hijra tu aik bara khoota ha  haram zada,#stopauratbarbadimarch aurat ghr k andr hi achi lgti he yu sarkon par nikalna kisi bhi aurat ki izzat par daag lga skta he,teri maa ka yaar jo apni behn ko chod rha tha wo tere jaise randiya keh raha tha usko,1,sexism_batch_004.csv
class3_batch010_sample021847,10,21847,3,Sexism,322847,326847,v3_original_demo_boundary_prompt,4-shot random authentic same-class,Shortlisted authentic RUHSOLD Sexism examples,40,tum jesi ghatia aurat ka kam hi ni hai media par.kisi kothhay pe ja aur ulta late ja ke.begherat,dhoka khane k baad oska aitbar uth jata haa sbsee or dosre mard mai b interest ni rehta...ku k aurat jism k ley ni chahti jbk mard jism k ley chahta😌🙂,#stopauratbarbadimarch who are you for arguing our tradition and islamic manners you bluddy 2 takay ki aurat   .,bilo rani tumhari pehchan sirf or sirf hijra huna hai.. na mard,teri maa ki phudi mein chlta haa,2,sexism_batch_010.csv
class3_batch002_sample020322,2,20322,3,Sexism,321322,325322,v3_original_demo_boundary_prompt,4-shot random authentic same-class,Shortlisted authentic RUHSOLD Sexism examples,40,ap ko mard banny ki acting pasand i? agr ni to hijra hi bany rahye sir ye mardo k kam hn hijro k ni.,tere jaise randiyo ki chudai ke liye to ham mard hain yaha pe,apni behn ko bhejo gay na aurat march me??,agar aaj se 40 saal pehley isi tarha ke banner pakarh kar mera jism meri marzi waala naara aapki amma ne maara hota to aap is duniya main ye tweet karney ke liye maujood hi na hoteen 😑😑😑,teri behno ka yeh baap hai,1,sexism_batch_002.csv
class3_batch002_sample020266,2,20266,3,Sexism,321266,325266,v3_original_demo_boundary_prompt,4-shot random authentic same-class,Shortlisted authentic RUHSOLD Sexism examples,40,70 saal ka mard is better than a 30 year old hijra😅,randi kise kahte ha aap hi bata do? ye word ghatiya women ke liye hi use karta ha ab deepika ghatiya ha to randi hi bolenge na,ap ko mard banny ki acting pasand i? agr ni to hijra hi bany rahye sir ye mardo k kam hn hijro k ni.,"ab iska sara credit har anchor le rha h jb k  rape,  ki asal jad h hi media jo mera jism.meri marzi,  hareem.shah , qandeel bloch , valentine day pe program krty hn phr rape hi hn gy",randi rona tu kar raha ha tha😂,1,sexism_batch_002.csv
class3_batch008_sample021546,8,21546,3,Sexism,322546,326546,v3_original_demo_boundary_prompt,4-shot random authentic same-class,Shortlisted authentic RUHSOLD Sexism examples,40,ap ko mard banny ki acting pasand i? agr ni to hijra hi bany rahye sir ye mardo k kam hn hijro k ni.,your leader  is hijra that's why he is not living with his wife.,lalchi aurat paisa dekhti hai aur khandani aurat sirf sehrat dekhti hai,you are just girlfriend material no one wants wife like you. itna jism jo sirf admi apni bivi ka dekhta h  apka to sary jahan ne dekha h,tere baap hain ghasti,2,sexism_batch_008.csv
class3_batch008_sample021516,8,21516,3,Sexism,322516,326516,v3_original_demo_boundary_prompt,4-shot random authentic same-class,Shortlisted authentic RUHSOLD Sexism examples,40,tere jaise randiyo ki chudai ke liye to ham mard hain yaha pe,phir larky beard ky bagiar khusray q lgty hain  wo bhi beard ky bagiar khubsurat lgny chahiye ?,"apko kehna chahye tha na mard hoon, na aurat hoo. main hijra hoon main hijra hoon, main parchi hoon, main defected hoon, main accidental chairman hoon.  #joker420",agar aaj se 40 saal pehley isi tarha ke banner pakarh kar mera jism meri marzi waala naara aapki amma ne maara hota to aap is duniya main ye tweet karney ke liye maujood hi na hoteen 😑😑😑,ye jo wesay ka bacha hai uska baap bhi gandu ho,2,sexism_batch_008.csv
class3_batch007_sample021268,7,21268,3,Sexism,322268,326268,v3_original_demo_boundary_prompt,4-shot random authentic same-class,Shortlisted authentic RUHSOLD Sexism examples,40,"apko kehna chahye tha na mard hoon, na aurat hoo. main hijra hoon main hijra hoon, main parchi hoon, main defected hoon, main accidental chairman hoon.  #joker420","yeh wesy koi bht e zyda ounchi nasal ki randi niqli h wesy , mtlb i can't even imagine koi bughaz or paisy k pechay itna b girr skta h, nehayat e nichly darjay ki baighairat aurat ho, aurat zaat ko b badnaam kea h isny apny wajood sy !! akhh thooo iski zaat pay",you are just girlfriend material no one wants wife like you. itna jism jo sirf admi apni bivi ka dekhta h  apka to sary jahan ne dekha h,jahiliyat ki v had hai ye apne ghar me slave ki tarh rahti hai aur bahar kutto jaise bhaunk rhi hai... shame on these ladies,bhenchod kya aap usse kuch samjh nahi krte? tere maa ko gand maru hain saali,2,sexism_batch_007.csv
class3_batch006_sample021053,6,21053,3,Sexism,322053,326053,v3_original_demo_boundary_prompt,4-shot random authentic same-class,Shortlisted authentic RUHSOLD Sexism examples,40,jin ko hizab se nafrat he wo nangi ho k ghoome koi in pe thooke ga bhi nahi  aurat khoobsurat pure libas me lagti he mawazna karlen,dhoka khane k baad oska aitbar uth jata haa sbsee or dosre mard mai b interest ni rehta...ku k aurat jism k ley ni chahti jbk mard jism k ley chahta😌🙂,you are just girlfriend material no one wants wife like you. itna jism jo sirf admi apni bivi ka dekhta h  apka to sary jahan ne dekha h,"apko kehna chahye tha na mard hoon, na aurat hoo. main hijra hoon main hijra hoon, main parchi hoon, main defected hoon, main accidental chairman hoon.  #joker420",apne bachon per apnay liye laga raha ha aurat march,2,sexism_batch_006.csv
class3_batch009_sample021747,9,21747,3,Sexism,322747,326747,v3_original_demo_boundary_prompt,4-shot random authentic same-class,Shortlisted authentic RUHSOLD Sexism examples,40,"apko kehna chahye tha na mard hoon, na aurat hoo. main hijra hoon main hijra hoon, main parchi hoon, main defected hoon, main accidental chairman hoon.  #joker420",original attitude boys ma hota ha aur fake girls ma,70 saal ka mard is better than a 30 year old hijra😅,tum jesi ghatia aurat ka kam hi ni hai media par.kisi kothhay pe ja aur ulta late ja ke.begherat,bhai ye toh humari marzi hai... mujhe pata nhi tu hijra ho ya mard ho,2,sexism_batch_009.csv
class3_batch010_sample021864,10,21864,3,Sexism,322864,326864,v3_original_demo_boundary_prompt,4-shot random authentic same-class,Shortlisted authentic RUHSOLD Sexism examples,40,acha tareka dhondha hai larkun ko ganda sabit karny ka but aesi neech harkat larkyan he kar sakti hain larky nahi.,phir larky beard ky bagiar khusray q lgty hain  wo bhi beard ky bagiar khubsurat lgny chahiye ?,70 saal ka mard is better than a 30 year old hijra😅,mard muhbt kr bhi ly tu aksar aurat he dhoka dy jati h usy 💔,aap ko lagta hai ki jo nikalo woh niklo abhi tak tum apni maa behn ko gandu kaha hai tumko pata hi nahi,2,sexism_batch_010.csv
class3_batch004_sample020636,4,20636,3,Sexism,321636,325636,v3_original_demo_boundary_prompt,4-shot random authentic same-class,Shortlisted authentic RUHSOLD Sexism examples,40,tum jesi ghatia aurat ka kam hi ni hai media par.kisi kothhay pe ja aur ulta late ja ke.begherat,mard muhbt kr bhi ly tu aksar aurat he dhoka dy jati h usy 💔,phir larky beard ky bagiar khusray q lgty hain  wo bhi beard ky bagiar khubsurat lgny chahiye ?,agar aaj se 40 saal pehley isi tarha ke banner pakarh kar mera jism meri marzi waala naara aapki amma ne maara hota to aap is duniya main ye tweet karney ke liye maujood hi na hoteen 😑😑😑,tere baap ko pata nhi kisi ki aukat hai jo apni behno ko pappu rakhna chahte ho,1,sexism_batch_004.csv
class3_batch009_sample021677,9,21677,3,Sexism,322677,326677,v3_original_demo_boundary_prompt,4-shot random authentic same-class,Shortlisted authentic RUHSOLD Sexism examples,40,dhoka khane k baad oska aitbar uth jata haa sbsee or dosre mard mai b interest ni rehta...ku k aurat jism k ley ni chahti jbk mard jism k ley chahta😌🙂,jin ko hizab se nafrat he wo nangi ho k ghoome koi in pe thooke ga bhi nahi  aurat khoobsurat pure libas me lagti he mawazna karlen,teri bhosdi or boobs me parda mat kar...logo ko dekne de.dhake hoge to kaise pata chalega ki tu hijra nehi hai.   hijra kahi ki.,tere jaise randiyo ki chudai ke liye to ham mard hain yaha pe,maa chod rha he ye kia larki,2,sexism_batch_009.csv
class3_batch003_sample020543,3,20543,3,Sexism,321543,325543,v3_original_demo_boundary_prompt,4-shot random authentic same-class,Shortlisted authentic RUHSOLD Sexism examples,40,aisi or kis kis ki lund par uchel uchel kar moja lati ghar me.,tere jaise randiyo ki chudai ke liye to ham mard hain yaha pe,dhoka khane k baad oska aitbar uth jata haa sbsee or dosre mard mai b interest ni rehta...ku k aurat jism k ley ni chahti jbk mard jism k ley chahta😌🙂,ek randi larki ko itni pazeerai di hai. smjh se bahir hai,tum logon ne aisa hi nahi kar sakte bc,1,sexism_batch_003.csv
class3_batch011_sample022005,11,22005,3,Sexism,323005,327005,v3_original_demo_boundary_prompt,4-shot random authentic same-class,Shortlisted authentic RUHSOLD Sexism examples,40,teri bhosdi or boobs me parda mat kar...logo ko dekne de.dhake hoge to kaise pata chalega ki tu hijra nehi hai.   hijra kahi ki.,transgander   madarchood   hijra tu aik bara khoota ha  haram zada,jahiliyat ki v had hai ye apne ghar me slave ki tarh rahti hai aur bahar kutto jaise bhaunk rhi hai... shame on these ladies,bilo rani tumhari pehchan sirf or sirf hijra huna hai.. na mard,tere baap ka pakistani hai hijra,2,sexism_batch_011.csv
class3_batch010_sample021854,10,21854,3,Sexism,322854,326854,v3_original_demo_boundary_prompt,4-shot random authentic same-class,Shortlisted authentic RUHSOLD Sexism examples,40,#stopauratbarbadimarch who are you for arguing our tradition and islamic manners you bluddy 2 takay ki aurat   .,#auratmarch2020 mera jism allah ki marzi.. allah ka to hukam ha tum char dewari me raho .. nd ya nikl k apni nimaish karna chahten,tere jaise randiyo ki chudai ke liye to ham mard hain yaha pe,jin ko hizab se nafrat he wo nangi ho k ghoome koi in pe thooke ga bhi nahi  aurat khoobsurat pure libas me lagti he mawazna karlen,tmhara papa tmjhe ab tak kisi ki tarah ni dikhaya,2,sexism_batch_010.csv
class3_batch009_sample021650,9,21650,3,Sexism,322650,326650,v3_original_demo_boundary_prompt,4-shot random authentic same-class,Shortlisted authentic RUHSOLD Sexism examples,40,phir larky beard ky bagiar khusray q lgty hain  wo bhi beard ky bagiar khubsurat lgny chahiye ?,bc ghar wale bhi soch rahe honge yeh kya system paida ho gya sala lagta programing galat ho gayi.... sabsi badi confusion iske liye ladka dhundheyge yaa ladki😉,r mazy k bat mra jism wo auratn krti hn jin pr thokta bh koi nae.,"madum ap gharailo maon behno ki terha na blkeh on maon behno ki terha bhi nahi jo moaashrat main ghar sy bahir nikal ker apni , maan baap ki .belky pory moaashry ki izzat ka kgayal rekhti hain .ap oss catogary main ati hain .jisy rundi,jisy tawaif,fahasha, jisy badqar kehty hain",chup kr sasti randi,2,sexism_batch_009.csv
class3_batch011_sample022073,11,22073,3,Sexism,323073,327073,v3_original_demo_boundary_prompt,4-shot random authentic same-class,Shortlisted authentic RUHSOLD Sexism examples,40,roads pe lab coat b ap ki gender hi pehnti ha 😂,lalchi aurat paisa dekhti hai aur khandani aurat sirf sehrat dekhti hai,"aurat ko islam nai galat lagta, ap log lagtay ho jo ye boltay hain k agar aurat ka rape hua to wo uski galtie usne sar par dupatta nai kiya us banday ki nahi wo bechara kesay control karay",tere jaise randiyo ki chudai ke liye to ham mard hain yaha pe,aur teri maa ki choot marunga,2,sexism_batch_011.csv
class3_batch009_sample021614,9,21614,3,Sexism,322614,326614,v3_original_demo_boundary_prompt,4-shot random authentic same-class,Shortlisted authentic RUHSOLD Sexism examples,40,bc ghar wale bhi soch rahe honge yeh kya system paida ho gya sala lagta programing galat ho gayi.... sabsi badi confusion iske liye ladka dhundheyge yaa ladki😉,you are just girlfriend material no one wants wife like you. itna jism jo sirf admi apni bivi ka dekhta h  apka to sary jahan ne dekha h,#stopauratbarbadimarch aurat ghr k andr hi achi lgti he yu sarkon par nikalna kisi bhi aurat ki izzat par daag lga skta he,aur jesi ghatia aurat ke mun se ye bat achi ni lagti. logon ko garam karnay wali machine.,i don't want this shameless girl to talk about me but if u have any info please share,2,sexism_batch_009.csv
class3_batch004_sample020782,4,20782,3,Sexism,321782,325782,v3_original_demo_boundary_prompt,4-shot random authentic same-class,Shortlisted authentic RUHSOLD Sexism examples,40,tu kyun ro rahe hai hijra? tera buddhe hijra to kamjor mard hai. uska kara nehi hota. 🤣🤣🤣🤣,apni behn ko bhejo gay na aurat march me??,#auratmarch2020 mera jism allah ki marzi.. allah ka to hukam ha tum char dewari me raho .. nd ya nikl k apni nimaish karna chahten,lalchi aurat paisa dekhti hai aur khandani aurat sirf sehrat dekhti hai,hijra,1,sexism_batch_004.csv
class3_batch005_sample020812,5,20812,3,Sexism,321812,325812,v3_original_demo_boundary_prompt,4-shot random authentic same-class,Shortlisted authentic RUHSOLD Sexism examples,40,bc ghar wale bhi soch rahe honge yeh kya system paida ho gya sala lagta programing galat ho gayi.... sabsi badi confusion iske liye ladka dhundheyge yaa ladki😉,jin ko hizab se nafrat he wo nangi ho k ghoome koi in pe thooke ga bhi nahi  aurat khoobsurat pure libas me lagti he mawazna karlen,70 saal ka mard is better than a 30 year old hijra😅,aisi or kis kis ki lund par uchel uchel kar moja lati ghar me.,abe chutiye tu ja k pahle kisi randi kay baad kuttay ko samjha teri maa chod dena,2,sexism_batch_005.csv
class3_batch006_sample021010,6,21010,3,Sexism,322010,326010,v3_original_demo_boundary_prompt,4-shot random authentic same-class,Shortlisted authentic RUHSOLD Sexism examples,40,#stopauratbarbadimarch aurat ghr k andr hi achi lgti he yu sarkon par nikalna kisi bhi aurat ki izzat par daag lga skta he,you are just girlfriend material no one wants wife like you. itna jism jo sirf admi apni bivi ka dekhta h  apka to sary jahan ne dekha h,"ab iska sara credit har anchor le rha h jb k  rape,  ki asal jad h hi media jo mera jism.meri marzi,  hareem.shah , qandeel bloch , valentine day pe program krty hn phr rape hi hn gy",roads pe lab coat b ap ki gender hi pehnti ha 😂,rt : randi ke bachy,2,sexism_batch_006.csv
class3_batch006_sample021075,6,21075,3,Sexism,322075,326075,v3_original_demo_boundary_prompt,4-shot random authentic same-class,Shortlisted authentic RUHSOLD Sexism examples,40,roads pe lab coat b ap ki gender hi pehnti ha 😂,ek randi larki ko itni pazeerai di hai. smjh se bahir hai,tum jesi ghatia aurat ka kam hi ni hai media par.kisi kothhay pe ja aur ulta late ja ke.begherat,transgander   madarchood   hijra tu aik bara khoota ha  haram zada,chup kar sakti hai na kya randi,2,sexism_batch_006.csv
class3_batch006_sample021138,6,21138,3,Sexism,322138,326138,v3_original_demo_boundary_prompt,4-shot random authentic same-class,Shortlisted authentic RUHSOLD Sexism examples,40,shazaib apni baji ko b bejna han aurat march ma agr itne he zruri hai to,teri chut me sabhi bhaiyo ka lund reply de randi,#auratmarch2020 mera jism allah ki marzi.. allah ka to hukam ha tum char dewari me raho .. nd ya nikl k apni nimaish karna chahten,tum jesi ghatia aurat ka kam hi ni hai media par.kisi kothhay pe ja aur ulta late ja ke.begherat,tere baap ne bola tha.. apnay kuch samjhao...,2,sexism_batch_006.csv
class3_batch005_sample020962,5,20962,3,Sexism,321962,325962,v3_original_demo_boundary_prompt,4-shot random authentic same-class,Shortlisted authentic RUHSOLD Sexism examples,40,tum jesi ghatia aurat ka kam hi ni hai media par.kisi kothhay pe ja aur ulta late ja ke.begherat,apni behn ko bhejo gay na aurat march me??,transgander   madarchood   hijra tu aik bara khoota ha  haram zada,original attitude boys ma hota ha aur fake girls ma,chudai wala kutta,2,sexism_batch_005.csv
class3_batch008_sample021566,8,21566,3,Sexism,322566,326566,v3_original_demo_boundary_prompt,4-shot random authentic same-class,Shortlisted authentic RUHSOLD Sexism examples,40,apni behn ko bhejo gay na aurat march me??,bilo rani tumhari pehchan sirf or sirf hijra huna hai.. na mard,jahiliyat ki v had hai ye apne ghar me slave ki tarh rahti hai aur bahar kutto jaise bhaunk rhi hai... shame on these ladies,aaaahhhhhh bhenchod.....jese tere is mangalsutra ki sahi jagah tere gale me nai balki mere mote kaale lund pr he.... vese hi tujh jesi chudakkad kuttiya ki jagah kewal mere pairo k niche he saali.... chal inbox me aa.....,abe randi kuta......,2,sexism_batch_008.csv
class3_batch008_sample021441,8,21441,3,Sexism,322441,326441,v3_original_demo_boundary_prompt,4-shot random authentic same-class,Shortlisted authentic RUHSOLD Sexism examples,40,#stopauratbarbadimarch who are you for arguing our tradition and islamic manners you bluddy 2 takay ki aurat   .,original attitude boys ma hota ha aur fake girls ma,you are just girlfriend material no one wants wife like you. itna jism jo sirf admi apni bivi ka dekhta h  apka to sary jahan ne dekha h,phir larky beard ky bagiar khusray q lgty hain  wo bhi beard ky bagiar khubsurat lgny chahiye ?,tu teri behno ko kya pata keh raha hai...bhenchod,2,sexism_batch_008.csv
class3_batch005_sample020831,5,20831,3,Sexism,321831,325831,v3_original_demo_boundary_prompt,4-shot random authentic same-class,Shortlisted authentic RUHSOLD Sexism examples,40,lalchi aurat paisa dekhti hai aur khandani aurat sirf sehrat dekhti hai,jin ko hizab se nafrat he wo nangi ho k ghoome koi in pe thooke ga bhi nahi  aurat khoobsurat pure libas me lagti he mawazna karlen,aisi or kis kis ki lund par uchel uchel kar moja lati ghar me.,aur jesi ghatia aurat ke mun se ye bat achi ni lagti. logon ko garam karnay wali machine.,aaj to tumhari maa chodunga,2,sexism_batch_005.csv
class4_batch004_sample030689,4,30689,4,Profane,431689,435689,v3_original_demo_boundary_prompt,4-shot random authentic same-class,Shortlisted authentic RUHSOLD Profane examples,40,inn coaching vaalou ko kaise pta chal jaata hai mera result bhenchod.,nazar lag gayi bhenchod fuck this i knew it would never last,kyaaaa musibbaattt ha yr sara mood khraab kr diya ha bc,bhenchod kahan phass gaya hoon,abey bhenchod nikah karne se pehle to apni maa ki wajah se shaadi ka plan banana chahte ho?,2,profane_batch_004.csv
class4_batch003_sample030485,3,30485,4,Profane,431485,435485,v3_original_demo_boundary_prompt,4-shot random authentic same-class,Shortlisted authentic RUHSOLD Profane examples,40,bhenchod mairi thand se phatt rahi hai,bauhat sardi hai bc,rt : kisi ko bhulnay k liye ussay yaad karna parta hai. aur idhr bhenchod yaad hi ati rehti hai bus,code bhee saaf karna hai abheeee bc,rt : charsi charsi tu sochna ho?,1,profane_batch_003.csv
class4_batch002_sample030388,2,30388,4,Profane,431388,435388,v3_original_demo_boundary_prompt,4-shot random authentic same-class,Shortlisted authentic RUHSOLD Profane examples,40,"tm jao ma ni ja rha, pehly he adhi zindagi saffr mein guzr gai bc meri.",inn coaching vaalou ko kaise pta chal jaata hai mera result bhenchod.,bhenchod bht kutti haaalat huwe we he bhai,bhenchod kahan phass gaya hoon,"apni gaand se akhrot todne ka koi tarjume nhe, na bhenchod",1,profane_batch_002.csv
class4_batch001_sample030031,1,30031,4,Profane,431031,435031,v3_original_demo_boundary_prompt,4-shot random authentic same-class,Shortlisted authentic RUHSOLD Profane examples,40,kyaaaa musibbaattt ha yr sara mood khraab kr diya ha bc,main 5'8 ke sath bh chota lgta hn bc😶😑😑😑,bhenchod exams uff,code bhee saaf karna hai abheeee bc,nahi nhi hain bc,1,profane_batch_001.csv
class4_batch003_sample030442,3,30442,4,Profane,431442,435442,v3_original_demo_boundary_prompt,4-shot random authentic same-class,Shortlisted authentic RUHSOLD Profane examples,40,rt : fariha without fa is riha and  riha kerdo koi bhenchod is zindagi se,i should've a bhenchod counter which will count the amount of times i've sad bhenchod,mera bhi yaar bhai...jindgi jhand ho gya hai bhenchodv 3 t20 me 300 rupya haar gye....,"rt : yaar magar wifi bandh na karna, missile vissile daal do koi dikkat nahi, magar internet chahiye bc",maa ki phudi kehty hain kuch bhi karo,1,profane_batch_003.csv
class4_batch001_sample030198,1,30198,4,Profane,431198,435198,v3_original_demo_boundary_prompt,4-shot random authentic same-class,Shortlisted authentic RUHSOLD Profane examples,40,fuck man. the pain is traveling. bhenchod ye naya e corridor khul gya hai.,bhenchod mairi thand se phatt rahi hai,bhenchod kya hai ye sb,bhenchod bht kutti haaalat huwe we he bhai,bhenchod mein bhi aise hi laga raha tha,1,profane_batch_001.csv
class4_batch003_sample030425,3,30425,4,Profane,431425,435425,v3_original_demo_boundary_prompt,4-shot random authentic same-class,Shortlisted authentic RUHSOLD Profane examples,40,2 years ago i asked my father for my own car. so he said “hbl car loan se lelo” bc itni khajal khawari keh tang akar i bought used honda civic. and mine is way better than new honda city. or sashky apny,bhenchod kya hai ye sb,bc 40 rupees karaya kar diya hai is se acha to banda uber ya cream karwa laye 😏😏😏,i should've a bhenchod counter which will count the amount of times i've sad bhenchod,abhi mera jism meri marzi ki tweet pey bhen chod lagay ga😂,1,profane_batch_003.csv
class4_batch001_sample030107,1,30107,4,Profane,431107,435107,v3_original_demo_boundary_prompt,4-shot random authentic same-class,Shortlisted authentic RUHSOLD Profane examples,40,bhenchod kya hai ye sb,neend aa rhi h bc main sone jaa rhi hu 😂,why can’t i multitask???? i’m 22 fucking years old and i still dont know how to multitask bhenchod,rona araha hai bhenchod why am i such a clown why am i so unimportant,rt : shukla ko samjho yaar bharwe nikal de bhagat,1,profane_batch_001.csv
class4_batch004_sample030714,4,30714,4,Profane,431714,435714,v3_original_demo_boundary_prompt,4-shot random authentic same-class,Shortlisted authentic RUHSOLD Profane examples,40,i should've a bhenchod counter which will count the amount of times i've sad bhenchod,slept for only 4 hours last night bc match daikhty daikhty girny wala hua wa hun,bhenchod kya hai ye sb,main 5'8 ke sath bh chota lgta hn bc😶😑😑😑,rt :   kabhi bhi bhenchod kaha tha,2,profane_batch_004.csv
class4_batch003_sample030552,3,30552,4,Profane,431552,435552,v3_original_demo_boundary_prompt,4-shot random authentic same-class,Shortlisted authentic RUHSOLD Profane examples,40,dil sumbhal ja zra bhenchod,bhenchod exams uff,i hate ors bhenchod,my entire neighborhood is making weird sounds bhenchod shaddi hai kya,bc apni maa ki gand maro,1,profane_batch_003.csv
class4_batch004_sample030675,4,30675,4,Profane,431675,435675,v3_original_demo_boundary_prompt,4-shot random authentic same-class,Shortlisted authentic RUHSOLD Profane examples,40,dil sumbhal ja zra bhenchod,i hate ors bhenchod,bhenchod parhna hai. par dimaagh ijazat nahi deta. ajeeb chutiyapa hai ye.,main 5'8 ke sath bh chota lgta hn bc😶😑😑😑,kya pata tu bhaunk raha hai... tera baap hi bhi yahi hai aur tu hi nikla hai...,2,profane_batch_004.csv
class4_batch001_sample030158,1,30158,4,Profane,431158,435158,v3_original_demo_boundary_prompt,4-shot random authentic same-class,Shortlisted authentic RUHSOLD Profane examples,40,mera bhi yaar bhai...jindgi jhand ho gya hai bhenchodv 3 t20 me 300 rupya haar gye....,"tm jao ma ni ja rha, pehly he adhi zindagi saffr mein guzr gai bc meri.",nazar lag gayi bhenchod fuck this i knew it would never last,"rt : yaar magar wifi bandh na karna, missile vissile daal do koi dikkat nahi, magar internet chahiye bc",bhai ye tweet nai dekhna bhenchod,1,profane_batch_001.csv
class4_batch003_sample030475,3,30475,4,Profane,431475,435475,v3_original_demo_boundary_prompt,4-shot random authentic same-class,Shortlisted authentic RUHSOLD Profane examples,40,bhenchod bht kutti haaalat huwe we he bhai,bhenchod kya hai ye sb,bhenchod mairi thand se phatt rahi hai,bc 40 rupees karaya kar diya hai is se acha to banda uber ya cream karwa laye 😏😏😏,bc marda na ho aur dosto ko bhi shadi kar lain aur usy apna khandana samjha dein,1,profane_batch_003.csv
class4_batch003_sample030423,3,30423,4,Profane,431423,435423,v3_original_demo_boundary_prompt,4-shot random authentic same-class,Shortlisted authentic RUHSOLD Profane examples,40,bhenchod mairi thand se phatt rahi hai,bhenchod bht kutti haaalat huwe we he bhai,ajeeeeb bc 😒😂,i hate ors bhenchod,ajao ab teri maa chod di.,1,profane_batch_003.csv
class4_batch006_sample031024,6,31024,4,Profane,432024,436024,v3_original_demo_boundary_prompt,4-shot random authentic same-class,Shortlisted authentic RUHSOLD Profane examples,40,rt : birthday wali feel hi nai arahi bhenchod,2 years ago i asked my father for my own car. so he said “hbl car loan se lelo” bc itni khajal khawari keh tang akar i bought used honda civic. and mine is way better than new honda city. or sashky apny,nazar lag gayi bhenchod fuck this i knew it would never last,inn coaching vaalou ko kaise pta chal jaata hai mera result bhenchod.,rt : bhenchod jab tak tu na mila tab tak abhi abhi tere liye yaad rahna hota,2,profane_batch_006.csv
class4_batch004_sample030617,4,30617,4,Profane,431617,435617,v3_original_demo_boundary_prompt,4-shot random authentic same-class,Shortlisted authentic RUHSOLD Profane examples,40,bhenchod what a goal!,kyaaaa musibbaattt ha yr sara mood khraab kr diya ha bc,i should've a bhenchod counter which will count the amount of times i've sad bhenchod,2 years ago i asked my father for my own car. so he said “hbl car loan se lelo” bc itni khajal khawari keh tang akar i bought used honda civic. and mine is way better than new honda city. or sashky apny,mtlb ye shakal thori dikhti ha na,2,profane_batch_004.csv
class4_batch003_sample030483,3,30483,4,Profane,431483,435483,v3_original_demo_boundary_prompt,4-shot random authentic same-class,Shortlisted authentic RUHSOLD Profane examples,40,slept for only 4 hours last night bc match daikhty daikhty girny wala hua wa hun,bhenchod kya hai ye sb,rt : fariha without fa is riha and  riha kerdo koi bhenchod is zindagi se,dil sumbhal ja zra bhenchod,rt : kya chutiya yar ghar jao,1,profane_batch_003.csv
class4_batch005_sample030884,5,30884,4,Profane,431884,435884,v3_original_demo_boundary_prompt,4-shot random authentic same-class,Shortlisted authentic RUHSOLD Profane examples,40,rt : birthday wali feel hi nai arahi bhenchod,code bhee saaf karna hai abheeee bc,why can’t i multitask???? i’m 22 fucking years old and i still dont know how to multitask bhenchod,i should've a bhenchod counter which will count the amount of times i've sad bhenchod,bhenchod itni gandi bat ho rahi thi kuch ni bolti thi,2,profane_batch_005.csv
class4_batch004_sample030650,4,30650,4,Profane,431650,435650,v3_original_demo_boundary_prompt,4-shot random authentic same-class,Shortlisted authentic RUHSOLD Profane examples,40,why can’t i multitask???? i’m 22 fucking years old and i still dont know how to multitask bhenchod,naak bandd ho gya bc.,mera bhi yaar bhai...jindgi jhand ho gya hai bhenchodv 3 t20 me 300 rupya haar gye....,rt : kisi ko bhulnay k liye ussay yaad karna parta hai. aur idhr bhenchod yaad hi ati rehti hai bus,bhenchod apni zindagi ka woh hai jo hamari jaati hai,2,profane_batch_004.csv
class4_batch002_sample030244,2,30244,4,Profane,431244,435244,v3_original_demo_boundary_prompt,4-shot random authentic same-class,Shortlisted authentic RUHSOLD Profane examples,40,slept for only 4 hours last night bc match daikhty daikhty girny wala hua wa hun,my entire neighborhood is making weird sounds bhenchod shaddi hai kya,bhenchod parhna hai. par dimaagh ijazat nahi deta. ajeeb chutiyapa hai ye.,neend aa rhi h bc main sone jaa rhi hu 😂,yar dil se aata tha na apko bc,1,profane_batch_002.csv
class4_batch005_sample030847,5,30847,4,Profane,431847,435847,v3_original_demo_boundary_prompt,4-shot random authentic same-class,Shortlisted authentic RUHSOLD Profane examples,40,kyaaaa musibbaattt ha yr sara mood khraab kr diya ha bc,inn coaching vaalou ko kaise pta chal jaata hai mera result bhenchod.,ajeeeeb bc 😒😂,bc 40 rupees karaya kar diya hai is se acha to banda uber ya cream karwa laye 😏😏😏,rt : bc maa baap ne goli marayi thi.. 😂,2,profane_batch_005.csv
class4_batch005_sample030982,5,30982,4,Profane,431982,435982,v3_original_demo_boundary_prompt,4-shot random authentic same-class,Shortlisted authentic RUHSOLD Profane examples,40,mere pas tum ho ny to puray saal ka rula dia bhenchod,why can’t i multitask???? i’m 22 fucking years old and i still dont know how to multitask bhenchod,bc 40 rupees karaya kar diya hai is se acha to banda uber ya cream karwa laye 😏😏😏,neend aa rhi h bc main sone jaa rhi hu 😂,rt : me: yr apni maa ki trah koi larki nii pta nahe ke khud ko chodwani h 😐😂,2,profane_batch_005.csv
class4_batch005_sample030828,5,30828,4,Profane,431828,435828,v3_original_demo_boundary_prompt,4-shot random authentic same-class,Shortlisted authentic RUHSOLD Profane examples,40,"rt : koi physics samjha de bhenchod,,,,",bc 40 rupees karaya kar diya hai is se acha to banda uber ya cream karwa laye 😏😏😏,"tm jao ma ni ja rha, pehly he adhi zindagi saffr mein guzr gai bc meri.",mera bhi yaar bhai...jindgi jhand ho gya hai bhenchodv 3 t20 me 300 rupya haar gye....,rt : bhai yahan chodu ki tarah nahi hota..,2,profane_batch_005.csv
class4_batch003_sample030570,3,30570,4,Profane,431570,435570,v3_original_demo_boundary_prompt,4-shot random authentic same-class,Shortlisted authentic RUHSOLD Profane examples,40,pubg lover hath toota howa hai phir b pubg nhai chorni bc😂😂😂,naak bandd ho gya bc.,bhenchod parhna hai. par dimaagh ijazat nahi deta. ajeeb chutiyapa hai ye.,neend aa rhi h bc main sone jaa rhi hu 😂,aby randi maa ki nasal,1,profane_batch_003.csv
class4_batch001_sample030059,1,30059,4,Profane,431059,435059,v3_original_demo_boundary_prompt,4-shot random authentic same-class,Shortlisted authentic RUHSOLD Profane examples,40,"rt : yaar magar wifi bandh na karna, missile vissile daal do koi dikkat nahi, magar internet chahiye bc",mera bhi yaar bhai...jindgi jhand ho gya hai bhenchodv 3 t20 me 300 rupya haar gye....,bc 40 rupees karaya kar diya hai is se acha to banda uber ya cream karwa laye 😏😏😏,naak bandd ho gya bc.,lahore ka haqiqat yeh hai ki ajeeb saari zameen hi aisi hai jo apni taraf hi khush hai bc,1,profane_batch_001.csv
class4_batch002_sample030290,2,30290,4,Profane,431290,435290,v3_original_demo_boundary_prompt,4-shot random authentic same-class,Shortlisted authentic RUHSOLD Profane examples,40,bauhat sardi hai bc,naak bandd ho gya bc.,main 5'8 ke sath bh chota lgta hn bc😶😑😑😑,rt : birthday wali feel hi nai arahi bhenchod,teri maa ki phudi kis ko pata haa bc,1,profane_batch_002.csv
class4_batch001_sample030070,1,30070,4,Profane,431070,435070,v3_original_demo_boundary_prompt,4-shot random authentic same-class,Shortlisted authentic RUHSOLD Profane examples,40,bhenchod aaj sirf roneka mann kar raha hai,slept for only 4 hours last night bc match daikhty daikhty girny wala hua wa hun,neend aa rhi h bc main sone jaa rhi hu 😂,inn coaching vaalou ko kaise pta chal jaata hai mera result bhenchod.,bhenchod yeh sai ghar ki tarah lag rha hai,1,profane_batch_001.csv
class4_batch002_sample030344,2,30344,4,Profane,431344,435344,v3_original_demo_boundary_prompt,4-shot random authentic same-class,Shortlisted authentic RUHSOLD Profane examples,40,bhenchod what a goal!,bc bb khatm ho gya but i cant move on,2 years ago i asked my father for my own car. so he said “hbl car loan se lelo” bc itni khajal khawari keh tang akar i bought used honda civic. and mine is way better than new honda city. or sashky apny,bhenchod kahan phass gaya hoon,rt : tumhein jaldi nikalo yaar? ab bhi mera pakistan ma kuch nahi hai.,1,profane_batch_002.csv
class4_batch001_sample030184,1,30184,4,Profane,431184,435184,v3_original_demo_boundary_prompt,4-shot random authentic same-class,Shortlisted authentic RUHSOLD Profane examples,40,my entire neighborhood is making weird sounds bhenchod shaddi hai kya,neend aa rhi h bc main sone jaa rhi hu 😂,main 5'8 ke sath bh chota lgta hn bc😶😑😑😑,bhenchod what a goal!,bhenchod beth k leay kia kiya hota h,1,profane_batch_001.csv
class4_batch001_sample030141,1,30141,4,Profane,431141,435141,v3_original_demo_boundary_prompt,4-shot random authentic same-class,Shortlisted authentic RUHSOLD Profane examples,40,bhenchod aaj sirf roneka mann kar raha hai,why can’t i multitask???? i’m 22 fucking years old and i still dont know how to multitask bhenchod,i hate ors bhenchod,"tm jao ma ni ja rha, pehly he adhi zindagi saffr mein guzr gai bc meri.",rt : kuch logon ka mtlb dikhta hai na.. bhenchod ye kya krne ki zarorat hai,1,profane_batch_001.csv
class4_batch002_sample030390,2,30390,4,Profane,431390,435390,v3_original_demo_boundary_prompt,4-shot random authentic same-class,Shortlisted authentic RUHSOLD Profane examples,40,ajeeeeb bc 😒😂,slept for only 4 hours last night bc match daikhty daikhty girny wala hua wa hun,naak bandd ho gya bc.,bauhat sardi hai bc,bhenchod jb chod kta ha apnay baap ka maal tk bhi nahi deta,1,profane_batch_002.csv
class4_batch003_sample030491,3,30491,4,Profane,431491,435491,v3_original_demo_boundary_prompt,4-shot random authentic same-class,Shortlisted authentic RUHSOLD Profane examples,40,main 5'8 ke sath bh chota lgta hn bc😶😑😑😑,bhenchod bht kutti haaalat huwe we he bhai,my entire neighborhood is making weird sounds bhenchod shaddi hai kya,rt : birthday wali feel hi nai arahi bhenchod,bhenchod ye dikkat kar rha tha jab tak mera ghar se ek jagah lag jaata hua tha.,1,profane_batch_003.csv
class4_batch005_sample030826,5,30826,4,Profane,431826,435826,v3_original_demo_boundary_prompt,4-shot random authentic same-class,Shortlisted authentic RUHSOLD Profane examples,40,rona araha hai bhenchod why am i such a clown why am i so unimportant,bhenchod kahan phass gaya hoon,rt : fariha without fa is riha and  riha kerdo koi bhenchod is zindagi se,naak bandd ho gya bc.,😂😂😂😂😂😂😂😂😂😂,2,profane_batch_005.csv
class4_batch001_sample030101,1,30101,4,Profane,431101,435101,v3_original_demo_boundary_prompt,4-shot random authentic same-class,Shortlisted authentic RUHSOLD Profane examples,40,code bhee saaf karna hai abheeee bc,bc 40 rupees karaya kar diya hai is se acha to banda uber ya cream karwa laye 😏😏😏,mera bhi yaar bhai...jindgi jhand ho gya hai bhenchodv 3 t20 me 300 rupya haar gye....,rt : birthday wali feel hi nai arahi bhenchod,bc yeh kahan sy nikla,1,profane_batch_001.csv
class4_batch004_sample030749,4,30749,4,Profane,431749,435749,v3_original_demo_boundary_prompt,4-shot random authentic same-class,Shortlisted authentic RUHSOLD Profane examples,40,dil sumbhal ja zra bhenchod,bauhat sardi hai bc,rt : kisi ko bhulnay k liye ussay yaad karna parta hai. aur idhr bhenchod yaad hi ati rehti hai bus,bc 40 rupees karaya kar diya hai is se acha to banda uber ya cream karwa laye 😏😏😏,abhi tak pata nahin kiya tumhari maa ke bachy ho. 😂😂,2,profane_batch_004.csv
class4_batch003_sample030551,3,30551,4,Profane,431551,435551,v3_original_demo_boundary_prompt,4-shot random authentic same-class,Shortlisted authentic RUHSOLD Profane examples,40,nazar lag gayi bhenchod fuck this i knew it would never last,pubg lover hath toota howa hai phir b pubg nhai chorni bc😂😂😂,bc bb khatm ho gya but i cant move on,fuck man. the pain is traveling. bhenchod ye naya e corridor khul gya hai.,sara day bhenchod jaa rha tha,1,profane_batch_003.csv
class4_batch002_sample030306,2,30306,4,Profane,431306,435306,v3_original_demo_boundary_prompt,4-shot random authentic same-class,Shortlisted authentic RUHSOLD Profane examples,40,pubg lover hath toota howa hai phir b pubg nhai chorni bc😂😂😂,rt : kisi ko bhulnay k liye ussay yaad karna parta hai. aur idhr bhenchod yaad hi ati rehti hai bus,rt : fariha without fa is riha and  riha kerdo koi bhenchod is zindagi se,rt : asa kon ludo khelta hi bc ....😇,ye baat bs dekhne ki thi kya😂😂,1,profane_batch_002.csv
class4_batch005_sample030986,5,30986,4,Profane,431986,435986,v3_original_demo_boundary_prompt,4-shot random authentic same-class,Shortlisted authentic RUHSOLD Profane examples,40,"rt : yaar magar wifi bandh na karna, missile vissile daal do koi dikkat nahi, magar internet chahiye bc",bhenchod what a goal!,rt : bhenchod graph paper pe eraser use karo toh graph paper hi gayab ho jaata hai,bhenchod kya hai ye sb,rt : bhenchod this is not my fault,2,profane_batch_005.csv
class4_batch002_sample030321,2,30321,4,Profane,431321,435321,v3_original_demo_boundary_prompt,4-shot random authentic same-class,Shortlisted authentic RUHSOLD Profane examples,40,main 5'8 ke sath bh chota lgta hn bc😶😑😑😑,code bhee saaf karna hai abheeee bc,"rt : yaar magar wifi bandh na karna, missile vissile daal do koi dikkat nahi, magar internet chahiye bc",pubg lover hath toota howa hai phir b pubg nhai chorni bc😂😂😂,rt :   ye bhenchod aaj tak hi kya pata raha tha apke baare mein?,1,profane_batch_002.csv
class4_batch004_sample030799,4,30799,4,Profane,431799,435799,v3_original_demo_boundary_prompt,4-shot random authentic same-class,Shortlisted authentic RUHSOLD Profane examples,40,nazar lag gayi bhenchod fuck this i knew it would never last,rt : birthday wali feel hi nai arahi bhenchod,bauhat sardi hai bc,bc 40 rupees karaya kar diya hai is se acha to banda uber ya cream karwa laye 😏😏😏,koi na apni lund ki chut mar,2,profane_batch_004.csv
class4_batch004_sample030730,4,30730,4,Profane,431730,435730,v3_original_demo_boundary_prompt,4-shot random authentic same-class,Shortlisted authentic RUHSOLD Profane examples,40,i hate ors bhenchod,my entire neighborhood is making weird sounds bhenchod shaddi hai kya,bhenchod bht kutti haaalat huwe we he bhai,dil sumbhal ja zra bhenchod,bc abhi tak ghar walo ko mera baap ki itni jaldi se nahi lagta?,2,profane_batch_004.csv
class4_batch004_sample030677,4,30677,4,Profane,431677,435677,v3_original_demo_boundary_prompt,4-shot random authentic same-class,Shortlisted authentic RUHSOLD Profane examples,40,nazar lag gayi bhenchod fuck this i knew it would never last,why can’t i multitask???? i’m 22 fucking years old and i still dont know how to multitask bhenchod,code bhee saaf karna hai abheeee bc,"rt : yaar magar wifi bandh na karna, missile vissile daal do koi dikkat nahi, magar internet chahiye bc",ye hi bc mera sasti rona ha😑,2,profane_batch_004.csv
class4_batch004_sample030653,4,30653,4,Profane,431653,435653,v3_original_demo_boundary_prompt,4-shot random authentic same-class,Shortlisted authentic RUHSOLD Profane examples,40,bhenchod kya hai ye sb,dil sumbhal ja zra bhenchod,2 years ago i asked my father for my own car. so he said “hbl car loan se lelo” bc itni khajal khawari keh tang akar i bought used honda civic. and mine is way better than new honda city. or sashky apny,bhenchod aaj sirf roneka mann kar raha hai,kutta ki nasal,2,profane_batch_004.csv
class4_batch001_sample030076,1,30076,4,Profane,431076,435076,v3_original_demo_boundary_prompt,4-shot random authentic same-class,Shortlisted authentic RUHSOLD Profane examples,40,inn coaching vaalou ko kaise pta chal jaata hai mera result bhenchod.,bhenchod mairi thand se phatt rahi hai,main 5'8 ke sath bh chota lgta hn bc😶😑😑😑,bauhat sardi hai bc,nhi duniya ka jism meri marzi tha bc😂,1,profane_batch_001.csv
class4_batch001_sample030192,1,30192,4,Profane,431192,435192,v3_original_demo_boundary_prompt,4-shot random authentic same-class,Shortlisted authentic RUHSOLD Profane examples,40,rt : asa kon ludo khelta hi bc ....😇,rt : kisi ko bhulnay k liye ussay yaad karna parta hai. aur idhr bhenchod yaad hi ati rehti hai bus,rona araha hai bhenchod why am i such a clown why am i so unimportant,bauhat sardi hai bc,bc apny baap ka najaiz zindgi kar rahe ho,1,profane_batch_001.csv
class4_batch001_sample030086,1,30086,4,Profane,431086,435086,v3_original_demo_boundary_prompt,4-shot random authentic same-class,Shortlisted authentic RUHSOLD Profane examples,40,mera bhi yaar bhai...jindgi jhand ho gya hai bhenchodv 3 t20 me 300 rupya haar gye....,rona araha hai bhenchod why am i such a clown why am i so unimportant,neend aa rhi h bc main sone jaa rhi hu 😂,i hate ors bhenchod,rt : ye chutiya hai kya?,1,profane_batch_001.csv
class4_batch003_sample030458,3,30458,4,Profane,431458,435458,v3_original_demo_boundary_prompt,4-shot random authentic same-class,Shortlisted authentic RUHSOLD Profane examples,40,my entire neighborhood is making weird sounds bhenchod shaddi hai kya,"rt : yaar magar wifi bandh na karna, missile vissile daal do koi dikkat nahi, magar internet chahiye bc",ajeeeeb bc 😒😂,rt : fariha without fa is riha and  riha kerdo koi bhenchod is zindagi se,"rt : i'm watching ariana grande's ""thank u next"" video and it really shows how far she has come after her breakup with mac miller and i'm so proud of her bc",1,profane_batch_003.csv
class4_batch006_sample031048,6,31048,4,Profane,432048,436048,v3_original_demo_boundary_prompt,4-shot random authentic same-class,Shortlisted authentic RUHSOLD Profane examples,40,mera bhi yaar bhai...jindgi jhand ho gya hai bhenchodv 3 t20 me 300 rupya haar gye....,bhenchod mairi thand se phatt rahi hai,rt : bhenchod graph paper pe eraser use karo toh graph paper hi gayab ho jaata hai,rt : kisi ko bhulnay k liye ussay yaad karna parta hai. aur idhr bhenchod yaad hi ati rehti hai bus,wtf pakistanis what kind of shit is this,2,profane_batch_006.csv
class4_batch005_sample030918,5,30918,4,Profane,431918,435918,v3_original_demo_boundary_prompt,4-shot random authentic same-class,Shortlisted authentic RUHSOLD Profane examples,40,kyaaaa musibbaattt ha yr sara mood khraab kr diya ha bc,bhenchod what a goal!,fuck man. the pain is traveling. bhenchod ye naya e corridor khul gya hai.,mere pas tum ho ny to puray saal ka rula dia bhenchod,rt : ye to pakistan se jaao,2,profane_batch_005.csv
class4_batch006_sample031003,6,31003,4,Profane,432003,436003,v3_original_demo_boundary_prompt,4-shot random authentic same-class,Shortlisted authentic RUHSOLD Profane examples,40,dil sumbhal ja zra bhenchod,bhenchod bht kutti haaalat huwe we he bhai,rt : birthday wali feel hi nai arahi bhenchod,bhenchod kya hai ye sb,bc hn mein ne bhi bola tha maine,2,profane_batch_006.csv
class4_batch002_sample030309,2,30309,4,Profane,431309,435309,v3_original_demo_boundary_prompt,4-shot random authentic same-class,Shortlisted authentic RUHSOLD Profane examples,40,bhenchod exams uff,bhenchod bht kutti haaalat huwe we he bhai,"rt : koi physics samjha de bhenchod,,,,",bc bb khatm ho gya but i cant move on,rt : bhenchod jis din ko humari maa bhi behn ki tarah bethay ga,1,profane_batch_002.csv
class4_batch004_sample030743,4,30743,4,Profane,431743,435743,v3_original_demo_boundary_prompt,4-shot random authentic same-class,Shortlisted authentic RUHSOLD Profane examples,40,bc 40 rupees karaya kar diya hai is se acha to banda uber ya cream karwa laye 😏😏😏,rt : fariha without fa is riha and  riha kerdo koi bhenchod is zindagi se,rt : asa kon ludo khelta hi bc ....😇,fuck man. the pain is traveling. bhenchod ye naya e corridor khul gya hai.,rt : yr abhi tak wifi bhi nahi mil raha,2,profane_batch_004.csv
class4_batch005_sample030873,5,30873,4,Profane,431873,435873,v3_original_demo_boundary_prompt,4-shot random authentic same-class,Shortlisted authentic RUHSOLD Profane examples,40,rt : bhenchod graph paper pe eraser use karo toh graph paper hi gayab ho jaata hai,naak bandd ho gya bc.,bhenchod bht kutti haaalat huwe we he bhai,ajeeeeb bc 😒😂,bhenchod jinke sath bhi baat kar rha hun unko bhi ye pata chlta hai,2,profane_batch_005.csv
class4_batch002_sample030398,2,30398,4,Profane,431398,435398,v3_original_demo_boundary_prompt,4-shot random authentic same-class,Shortlisted authentic RUHSOLD Profane examples,40,rt : fariha without fa is riha and  riha kerdo koi bhenchod is zindagi se,bhenchod mairi thand se phatt rahi hai,bc bb khatm ho gya but i cant move on,mera bhi yaar bhai...jindgi jhand ho gya hai bhenchodv 3 t20 me 300 rupya haar gye....,bc wo niklna chahta tha,1,profane_batch_002.csv
class4_batch004_sample030616,4,30616,4,Profane,431616,435616,v3_original_demo_boundary_prompt,4-shot random authentic same-class,Shortlisted authentic RUHSOLD Profane examples,40,pubg lover hath toota howa hai phir b pubg nhai chorni bc😂😂😂,inn coaching vaalou ko kaise pta chal jaata hai mera result bhenchod.,naak bandd ho gya bc.,bhenchod what a goal!,bhenchod kabhi apna name hi bulao,2,profane_batch_004.csv
class4_batch001_sample030049,1,30049,4,Profane,431049,435049,v3_original_demo_boundary_prompt,4-shot random authentic same-class,Shortlisted authentic RUHSOLD Profane examples,40,ajeeeeb bc 😒😂,nazar lag gayi bhenchod fuck this i knew it would never last,bhenchod mairi thand se phatt rahi hai,2 years ago i asked my father for my own car. so he said “hbl car loan se lelo” bc itni khajal khawari keh tang akar i bought used honda civic. and mine is way better than new honda city. or sashky apny,bc ye logon ki shakal dekh kar dikha rhi hain,1,profane_batch_001.csv
class4_batch001_sample030199,1,30199,4,Profane,431199,435199,v3_original_demo_boundary_prompt,4-shot random authentic same-class,Shortlisted authentic RUHSOLD Profane examples,40,mere pas tum ho ny to puray saal ka rula dia bhenchod,rt : bhenchod graph paper pe eraser use karo toh graph paper hi gayab ho jaata hai,pubg lover hath toota howa hai phir b pubg nhai chorni bc😂😂😂,bhenchod what a goal!,rt : bhenchod mera pyaar jis ne mera dil sutta ki thi wo meri wajah se mar gaya,1,profane_batch_001.csv
class4_batch003_sample030598,3,30598,4,Profane,431598,435598,v3_original_demo_boundary_prompt,4-shot random authentic same-class,Shortlisted authentic RUHSOLD Profane examples,40,rt : fariha without fa is riha and  riha kerdo koi bhenchod is zindagi se,ajeeeeb bc 😒😂,"rt : koi physics samjha de bhenchod,,,,",2 years ago i asked my father for my own car. so he said “hbl car loan se lelo” bc itni khajal khawari keh tang akar i bought used honda civic. and mine is way better than new honda city. or sashky apny,rt :   tu shukla hi to ho ga na,1,profane_batch_003.csv
class4_batch005_sample030969,5,30969,4,Profane,431969,435969,v3_original_demo_boundary_prompt,4-shot random authentic same-class,Shortlisted authentic RUHSOLD Profane examples,40,naak bandd ho gya bc.,my entire neighborhood is making weird sounds bhenchod shaddi hai kya,bhenchod kahan phass gaya hoon,bhenchod kya hai ye sb,rt : bhai sahi hai...ye chutiya nikla to dekho..,2,profane_batch_005.csv
class4_batch005_sample030882,5,30882,4,Profane,431882,435882,v3_original_demo_boundary_prompt,4-shot random authentic same-class,Shortlisted authentic RUHSOLD Profane examples,40,bc 40 rupees karaya kar diya hai is se acha to banda uber ya cream karwa laye 😏😏😏,bhenchod bht kutti haaalat huwe we he bhai,bhenchod kahan phass gaya hoon,rt : birthday wali feel hi nai arahi bhenchod,rt : bhenchod chahiye huwe teri maa ki maut dekh raha tha,2,profane_batch_005.csv
class4_batch003_sample030428,3,30428,4,Profane,431428,435428,v3_original_demo_boundary_prompt,4-shot random authentic same-class,Shortlisted authentic RUHSOLD Profane examples,40,i hate ors bhenchod,rt : fariha without fa is riha and  riha kerdo koi bhenchod is zindagi se,mera bhi yaar bhai...jindgi jhand ho gya hai bhenchodv 3 t20 me 300 rupya haar gye....,"tm jao ma ni ja rha, pehly he adhi zindagi saffr mein guzr gai bc meri.",bhenchod 7 hours late hu aur phir bhi ghar chl jayegi 😑,1,profane_batch_003.csv
class4_batch003_sample030497,3,30497,4,Profane,431497,435497,v3_original_demo_boundary_prompt,4-shot random authentic same-class,Shortlisted authentic RUHSOLD Profane examples,40,bhenchod what a goal!,bhenchod kahan phass gaya hoon,rt : bhenchod graph paper pe eraser use karo toh graph paper hi gayab ho jaata hai,nazar lag gayi bhenchod fuck this i knew it would never last,bc wese dikhao,1,profane_batch_003.csv
class4_batch004_sample030603,4,30603,4,Profane,431603,435603,v3_original_demo_boundary_prompt,4-shot random authentic same-class,Shortlisted authentic RUHSOLD Profane examples,40,bhenchod kya hai ye sb,bc 40 rupees karaya kar diya hai is se acha to banda uber ya cream karwa laye 😏😏😏,"rt : yaar magar wifi bandh na karna, missile vissile daal do koi dikkat nahi, magar internet chahiye bc",bhenchod exams uff,teri maa ki phudi ka tatti gandu🖐️,2,profane_batch_004.csv
class4_batch001_sample030010,1,30010,4,Profane,431010,435010,v3_original_demo_boundary_prompt,4-shot random authentic same-class,Shortlisted authentic RUHSOLD Profane examples,40,bc 40 rupees karaya kar diya hai is se acha to banda uber ya cream karwa laye 😏😏😏,pubg lover hath toota howa hai phir b pubg nhai chorni bc😂😂😂,"tm jao ma ni ja rha, pehly he adhi zindagi saffr mein guzr gai bc meri.",rt : bhenchod graph paper pe eraser use karo toh graph paper hi gayab ho jaata hai,aby bhenchod jaa k bharwe ko dekho,1,profane_batch_001.csv
class4_batch005_sample030888,5,30888,4,Profane,431888,435888,v3_original_demo_boundary_prompt,4-shot random authentic same-class,Shortlisted authentic RUHSOLD Profane examples,40,bhenchod exams uff,bhenchod syllabus kuch aur..aur padhke kuch aur gaya.,"rt : koi physics samjha de bhenchod,,,,",bhenchod mairi thand se phatt rahi hai,yar abhi tk mai aisa nahi pata hn ke charsi ko dm krna hota hn,2,profane_batch_005.csv
class4_batch004_sample030670,4,30670,4,Profane,431670,435670,v3_original_demo_boundary_prompt,4-shot random authentic same-class,Shortlisted authentic RUHSOLD Profane examples,40,"rt : yaar magar wifi bandh na karna, missile vissile daal do koi dikkat nahi, magar internet chahiye bc",my entire neighborhood is making weird sounds bhenchod shaddi hai kya,mere pas tum ho ny to puray saal ka rula dia bhenchod,inn coaching vaalou ko kaise pta chal jaata hai mera result bhenchod.,apny jism ki maa chod di thi ab kuch bhi krni hai😂,2,profane_batch_004.csv
class4_batch005_sample030937,5,30937,4,Profane,431937,435937,v3_original_demo_boundary_prompt,4-shot random authentic same-class,Shortlisted authentic RUHSOLD Profane examples,40,bhenchod parhna hai. par dimaagh ijazat nahi deta. ajeeb chutiyapa hai ye.,"rt : koi physics samjha de bhenchod,,,,",bhenchod aaj sirf roneka mann kar raha hai,bhenchod kahan phass gaya hoon,shadi se phele hi hua tha,2,profane_batch_005.csv
class4_batch005_sample030928,5,30928,4,Profane,431928,435928,v3_original_demo_boundary_prompt,4-shot random authentic same-class,Shortlisted authentic RUHSOLD Profane examples,40,dil sumbhal ja zra bhenchod,naak bandd ho gya bc.,bc 40 rupees karaya kar diya hai is se acha to banda uber ya cream karwa laye 😏😏😏,slept for only 4 hours last night bc match daikhty daikhty girny wala hua wa hun,ye larki kharab hi hai bhai,2,profane_batch_005.csv
class4_batch003_sample030557,3,30557,4,Profane,431557,435557,v3_original_demo_boundary_prompt,4-shot random authentic same-class,Shortlisted authentic RUHSOLD Profane examples,40,bhenchod syllabus kuch aur..aur padhke kuch aur gaya.,naak bandd ho gya bc.,inn coaching vaalou ko kaise pta chal jaata hai mera result bhenchod.,bauhat sardi hai bc,rt : yehi hai kya apna nigarish mein... #exhausted,1,profane_batch_003.csv
class4_batch004_sample030636,4,30636,4,Profane,431636,435636,v3_original_demo_boundary_prompt,4-shot random authentic same-class,Shortlisted authentic RUHSOLD Profane examples,40,slept for only 4 hours last night bc match daikhty daikhty girny wala hua wa hun,i hate ors bhenchod,mere pas tum ho ny to puray saal ka rula dia bhenchod,pubg lover hath toota howa hai phir b pubg nhai chorni bc😂😂😂,maine yeh bhi krna tha ab mrzi ke khandan ki aukat hi nhi hai ye🤬,2,profane_batch_004.csv
class4_batch005_sample030833,5,30833,4,Profane,431833,435833,v3_original_demo_boundary_prompt,4-shot random authentic same-class,Shortlisted authentic RUHSOLD Profane examples,40,bhenchod what a goal!,fuck man. the pain is traveling. bhenchod ye naya e corridor khul gya hai.,neend aa rhi h bc main sone jaa rhi hu 😂,mere pas tum ho ny to puray saal ka rula dia bhenchod,yar ager kuch kiya jata hota tu dekhna chahiye kyun kyunky bhenchod,2,profane_batch_005.csv
class4_batch002_sample030371,2,30371,4,Profane,431371,435371,v3_original_demo_boundary_prompt,4-shot random authentic same-class,Shortlisted authentic RUHSOLD Profane examples,40,kyaaaa musibbaattt ha yr sara mood khraab kr diya ha bc,rt : fariha without fa is riha and  riha kerdo koi bhenchod is zindagi se,rt : kisi ko bhulnay k liye ussay yaad karna parta hai. aur idhr bhenchod yaad hi ati rehti hai bus,rt : birthday wali feel hi nai arahi bhenchod,bhenchod itni si gandi dukaan,1,profane_batch_002.csv
class4_batch005_sample030834,5,30834,4,Profane,431834,435834,v3_original_demo_boundary_prompt,4-shot random authentic same-class,Shortlisted authentic RUHSOLD Profane examples,40,"rt : yaar magar wifi bandh na karna, missile vissile daal do koi dikkat nahi, magar internet chahiye bc",2 years ago i asked my father for my own car. so he said “hbl car loan se lelo” bc itni khajal khawari keh tang akar i bought used honda civic. and mine is way better than new honda city. or sashky apny,"tm jao ma ni ja rha, pehly he adhi zindagi saffr mein guzr gai bc meri.",slept for only 4 hours last night bc match daikhty daikhty girny wala hua wa hun,bhenchod mjhy kuch nhi ptaa tha,2,profane_batch_005.csv
class4_batch003_sample030582,3,30582,4,Profane,431582,435582,v3_original_demo_boundary_prompt,4-shot random authentic same-class,Shortlisted authentic RUHSOLD Profane examples,40,bhenchod kahan phass gaya hoon,rt : asa kon ludo khelta hi bc ....😇,bhenchod bht kutti haaalat huwe we he bhai,i hate ors bhenchod,ye sab bharwa hain abhi tk,1,profane_batch_003.csv
class4_batch002_sample030333,2,30333,4,Profane,431333,435333,v3_original_demo_boundary_prompt,4-shot random authentic same-class,Shortlisted authentic RUHSOLD Profane examples,40,"tm jao ma ni ja rha, pehly he adhi zindagi saffr mein guzr gai bc meri.",bc 40 rupees karaya kar diya hai is se acha to banda uber ya cream karwa laye 😏😏😏,nazar lag gayi bhenchod fuck this i knew it would never last,naak bandd ho gya bc.,"bc kia baat hai ye, ab kuch nahi bol sakta kyuki mjhy pata hai..😐",1,profane_batch_002.csv
class4_batch005_sample030945,5,30945,4,Profane,431945,435945,v3_original_demo_boundary_prompt,4-shot random authentic same-class,Shortlisted authentic RUHSOLD Profane examples,40,inn coaching vaalou ko kaise pta chal jaata hai mera result bhenchod.,2 years ago i asked my father for my own car. so he said “hbl car loan se lelo” bc itni khajal khawari keh tang akar i bought used honda civic. and mine is way better than new honda city. or sashky apny,bhenchod bht kutti haaalat huwe we he bhai,kyaaaa musibbaattt ha yr sara mood khraab kr diya ha bc,bc nhi mil raha,2,profane_batch_005.csv
class4_batch002_sample030210,2,30210,4,Profane,431210,435210,v3_original_demo_boundary_prompt,4-shot random authentic same-class,Shortlisted authentic RUHSOLD Profane examples,40,rt : bhenchod graph paper pe eraser use karo toh graph paper hi gayab ho jaata hai,mera bhi yaar bhai...jindgi jhand ho gya hai bhenchodv 3 t20 me 300 rupya haar gye....,bhenchod bht kutti haaalat huwe we he bhai,ajeeeeb bc 😒😂,rt : yeh charsi gandu saale,1,profane_batch_002.csv
class4_batch006_sample031019,6,31019,4,Profane,432019,436019,v3_original_demo_boundary_prompt,4-shot random authentic same-class,Shortlisted authentic RUHSOLD Profane examples,40,bhenchod mairi thand se phatt rahi hai,rt : kisi ko bhulnay k liye ussay yaad karna parta hai. aur idhr bhenchod yaad hi ati rehti hai bus,"rt : koi physics samjha de bhenchod,,,,",bhenchod aaj sirf roneka mann kar raha hai,"rt : bc jb main ne bhi dm kia tha tab me ne bola tha ""mai chup krta hun""",2,profane_batch_006.csv
class4_batch003_sample030457,3,30457,4,Profane,431457,435457,v3_original_demo_boundary_prompt,4-shot random authentic same-class,Shortlisted authentic RUHSOLD Profane examples,40,i should've a bhenchod counter which will count the amount of times i've sad bhenchod,bhenchod aaj sirf roneka mann kar raha hai,2 years ago i asked my father for my own car. so he said “hbl car loan se lelo” bc itni khajal khawari keh tang akar i bought used honda civic. and mine is way better than new honda city. or sashky apny,ajeeeeb bc 😒😂,bhenchod mein toh uske pass acha kaam kiya hu,1,profane_batch_003.csv
class4_batch001_sample030088,1,30088,4,Profane,431088,435088,v3_original_demo_boundary_prompt,4-shot random authentic same-class,Shortlisted authentic RUHSOLD Profane examples,40,bhenchod parhna hai. par dimaagh ijazat nahi deta. ajeeb chutiyapa hai ye.,bhenchod bht kutti haaalat huwe we he bhai,bhenchod exams uff,i hate ors bhenchod,mein bhi dekhta hun bhenchod,1,profane_batch_001.csv
class4_batch005_sample030879,5,30879,4,Profane,431879,435879,v3_original_demo_boundary_prompt,4-shot random authentic same-class,Shortlisted authentic RUHSOLD Profane examples,40,rt : kisi ko bhulnay k liye ussay yaad karna parta hai. aur idhr bhenchod yaad hi ati rehti hai bus,mere pas tum ho ny to puray saal ka rula dia bhenchod,"rt : yaar magar wifi bandh na karna, missile vissile daal do koi dikkat nahi, magar internet chahiye bc",rt : bhenchod graph paper pe eraser use karo toh graph paper hi gayab ho jaata hai,rt : abhi tak yeh toh pata chal gaya tha ki kya bhaunkna chahein,2,profane_batch_005.csv
class4_batch002_sample030350,2,30350,4,Profane,431350,435350,v3_original_demo_boundary_prompt,4-shot random authentic same-class,Shortlisted authentic RUHSOLD Profane examples,40,bhenchod what a goal!,bhenchod kahan phass gaya hoon,rt : kisi ko bhulnay k liye ussay yaad karna parta hai. aur idhr bhenchod yaad hi ati rehti hai bus,bhenchod syllabus kuch aur..aur padhke kuch aur gaya.,bhenchod abhi tumhari wajah se duniya mein sara shakal gharwale ho gaye hain,1,profane_batch_002.csv
class4_batch002_sample030218,2,30218,4,Profane,431218,435218,v3_original_demo_boundary_prompt,4-shot random authentic same-class,Shortlisted authentic RUHSOLD Profane examples,40,"rt : koi physics samjha de bhenchod,,,,",bhenchod kahan phass gaya hoon,bauhat sardi hai bc,rt : fariha without fa is riha and  riha kerdo koi bhenchod is zindagi se,rt : agar mujhe yeh bat bol do... maine ek tweet likhna hi keh raha hu bc,1,profane_batch_002.csv
class4_batch003_sample030413,3,30413,4,Profane,431413,435413,v3_original_demo_boundary_prompt,4-shot random authentic same-class,Shortlisted authentic RUHSOLD Profane examples,40,"rt : koi physics samjha de bhenchod,,,,",main 5'8 ke sath bh chota lgta hn bc😶😑😑😑,bhenchod aaj sirf roneka mann kar raha hai,rt : birthday wali feel hi nai arahi bhenchod,rt : 100% pata ha.. kya gandu ho ya gandi aurat,1,profane_batch_003.csv
class4_batch002_sample030277,2,30277,4,Profane,431277,435277,v3_original_demo_boundary_prompt,4-shot random authentic same-class,Shortlisted authentic RUHSOLD Profane examples,40,bhenchod kahan phass gaya hoon,bauhat sardi hai bc,"tm jao ma ni ja rha, pehly he adhi zindagi saffr mein guzr gai bc meri.",bhenchod exams uff,rt : bahanchod mjhy bhej do na,1,profane_batch_002.csv
class4_batch005_sample030959,5,30959,4,Profane,431959,435959,v3_original_demo_boundary_prompt,4-shot random authentic same-class,Shortlisted authentic RUHSOLD Profane examples,40,neend aa rhi h bc main sone jaa rhi hu 😂,bhenchod kahan phass gaya hoon,bc bb khatm ho gya but i cant move on,mera bhi yaar bhai...jindgi jhand ho gya hai bhenchodv 3 t20 me 300 rupya haar gye....,rt :  bhen chod mujhe koi dard nahi hai,2,profane_batch_005.csv
class4_batch005_sample030925,5,30925,4,Profane,431925,435925,v3_original_demo_boundary_prompt,4-shot random authentic same-class,Shortlisted authentic RUHSOLD Profane examples,40,mere pas tum ho ny to puray saal ka rula dia bhenchod,neend aa rhi h bc main sone jaa rhi hu 😂,bhenchod bht kutti haaalat huwe we he bhai,pubg lover hath toota howa hai phir b pubg nhai chorni bc😂😂😂,abe randi ke baachay apni maa ko kya samjha raha tha,2,profane_batch_005.csv
class4_batch002_sample030213,2,30213,4,Profane,431213,435213,v3_original_demo_boundary_prompt,4-shot random authentic same-class,Shortlisted authentic RUHSOLD Profane examples,40,kyaaaa musibbaattt ha yr sara mood khraab kr diya ha bc,pubg lover hath toota howa hai phir b pubg nhai chorni bc😂😂😂,naak bandd ho gya bc.,neend aa rhi h bc main sone jaa rhi hu 😂,nahin mera mood chl rha ha bc,1,profane_batch_002.csv
class4_batch001_sample030096,1,30096,4,Profane,431096,435096,v3_original_demo_boundary_prompt,4-shot random authentic same-class,Shortlisted authentic RUHSOLD Profane examples,40,"rt : koi physics samjha de bhenchod,,,,",nazar lag gayi bhenchod fuck this i knew it would never last,my entire neighborhood is making weird sounds bhenchod shaddi hai kya,mera bhi yaar bhai...jindgi jhand ho gya hai bhenchodv 3 t20 me 300 rupya haar gye....,ye tha kuch nhi chodta ab to utha dete hain,1,profane_batch_001.csv
class4_batch001_sample030078,1,30078,4,Profane,431078,435078,v3_original_demo_boundary_prompt,4-shot random authentic same-class,Shortlisted authentic RUHSOLD Profane examples,40,bc 40 rupees karaya kar diya hai is se acha to banda uber ya cream karwa laye 😏😏😏,ajeeeeb bc 😒😂,why can’t i multitask???? i’m 22 fucking years old and i still dont know how to multitask bhenchod,bhenchod kya hai ye sb,rt : bc yar 😂,1,profane_batch_001.csv
class4_batch004_sample030703,4,30703,4,Profane,431703,435703,v3_original_demo_boundary_prompt,4-shot random authentic same-class,Shortlisted authentic RUHSOLD Profane examples,40,"rt : yaar magar wifi bandh na karna, missile vissile daal do koi dikkat nahi, magar internet chahiye bc",kyaaaa musibbaattt ha yr sara mood khraab kr diya ha bc,bhenchod syllabus kuch aur..aur padhke kuch aur gaya.,fuck man. the pain is traveling. bhenchod ye naya e corridor khul gya hai.,ye toh dekh lo bhenchod,2,profane_batch_004.csv
class4_batch001_sample030136,1,30136,4,Profane,431136,435136,v3_original_demo_boundary_prompt,4-shot random authentic same-class,Shortlisted authentic RUHSOLD Profane examples,40,rt : bhenchod graph paper pe eraser use karo toh graph paper hi gayab ho jaata hai,bhenchod exams uff,my entire neighborhood is making weird sounds bhenchod shaddi hai kya,"rt : koi physics samjha de bhenchod,,,,",ye jahil logon ko chakkar mein daala hi nahi tha abhi tak,1,profane_batch_001.csv
class4_batch002_sample030208,2,30208,4,Profane,431208,435208,v3_original_demo_boundary_prompt,4-shot random authentic same-class,Shortlisted authentic RUHSOLD Profane examples,40,bhenchod parhna hai. par dimaagh ijazat nahi deta. ajeeb chutiyapa hai ye.,rt : fariha without fa is riha and  riha kerdo koi bhenchod is zindagi se,bc 40 rupees karaya kar diya hai is se acha to banda uber ya cream karwa laye 😏😏😏,my entire neighborhood is making weird sounds bhenchod shaddi hai kya,apni maa ko na bulao bhenchod,1,profane_batch_002.csv
class4_batch003_sample030522,3,30522,4,Profane,431522,435522,v3_original_demo_boundary_prompt,4-shot random authentic same-class,Shortlisted authentic RUHSOLD Profane examples,40,"tm jao ma ni ja rha, pehly he adhi zindagi saffr mein guzr gai bc meri.",neend aa rhi h bc main sone jaa rhi hu 😂,dil sumbhal ja zra bhenchod,fuck man. the pain is traveling. bhenchod ye naya e corridor khul gya hai.,apke paas ache dost hain koi nae bc,1,profane_batch_003.csv
class4_batch005_sample030837,5,30837,4,Profane,431837,435837,v3_original_demo_boundary_prompt,4-shot random authentic same-class,Shortlisted authentic RUHSOLD Profane examples,40,bhenchod aaj sirf roneka mann kar raha hai,mere pas tum ho ny to puray saal ka rula dia bhenchod,bc bb khatm ho gya but i cant move on,bhenchod kahan phass gaya hoon,rt : bhenchod mujhy pata nahi ye larki ko abhi tak acha time mila hoga,2,profane_batch_005.csv
class4_batch004_sample030732,4,30732,4,Profane,431732,435732,v3_original_demo_boundary_prompt,4-shot random authentic same-class,Shortlisted authentic RUHSOLD Profane examples,40,nazar lag gayi bhenchod fuck this i knew it would never last,slept for only 4 hours last night bc match daikhty daikhty girny wala hua wa hun,fuck man. the pain is traveling. bhenchod ye naya e corridor khul gya hai.,"rt : yaar magar wifi bandh na karna, missile vissile daal do koi dikkat nahi, magar internet chahiye bc",bhenchodo tum logon ne abhi tak unko mazeeda kaha diya,2,profane_batch_004.csv
class4_batch003_sample030568,3,30568,4,Profane,431568,435568,v3_original_demo_boundary_prompt,4-shot random authentic same-class,Shortlisted authentic RUHSOLD Profane examples,40,bc bb khatm ho gya but i cant move on,nazar lag gayi bhenchod fuck this i knew it would never last,2 years ago i asked my father for my own car. so he said “hbl car loan se lelo” bc itni khajal khawari keh tang akar i bought used honda civic. and mine is way better than new honda city. or sashky apny,"rt : koi physics samjha de bhenchod,,,,",bhenchod what’s wrong with me,1,profane_batch_003.csv
class4_batch002_sample030260,2,30260,4,Profane,431260,435260,v3_original_demo_boundary_prompt,4-shot random authentic same-class,Shortlisted authentic RUHSOLD Profane examples,40,main 5'8 ke sath bh chota lgta hn bc😶😑😑😑,inn coaching vaalou ko kaise pta chal jaata hai mera result bhenchod.,bhenchod aaj sirf roneka mann kar raha hai,bhenchod parhna hai. par dimaagh ijazat nahi deta. ajeeb chutiyapa hai ye.,abhi tk bheja nahi diya😂😂,1,profane_batch_002.csv
class4_batch003_sample030467,3,30467,4,Profane,431467,435467,v3_original_demo_boundary_prompt,4-shot random authentic same-class,Shortlisted authentic RUHSOLD Profane examples,40,rt : asa kon ludo khelta hi bc ....😇,i hate ors bhenchod,kyaaaa musibbaattt ha yr sara mood khraab kr diya ha bc,bhenchod aaj sirf roneka mann kar raha hai,kisi ko bat nhi krna thi tu bc..😂,1,profane_batch_003.csv
class4_batch001_sample030039,1,30039,4,Profane,431039,435039,v3_original_demo_boundary_prompt,4-shot random authentic same-class,Shortlisted authentic RUHSOLD Profane examples,40,pubg lover hath toota howa hai phir b pubg nhai chorni bc😂😂😂,main 5'8 ke sath bh chota lgta hn bc😶😑😑😑,rona araha hai bhenchod why am i such a clown why am i so unimportant,dil sumbhal ja zra bhenchod,pata nahi koi insaaf ka maqsad ha bc,1,profane_batch_001.csv
class4_batch001_sample030030,1,30030,4,Profane,431030,435030,v3_original_demo_boundary_prompt,4-shot random authentic same-class,Shortlisted authentic RUHSOLD Profane examples,40,bhenchod parhna hai. par dimaagh ijazat nahi deta. ajeeb chutiyapa hai ye.,rt : birthday wali feel hi nai arahi bhenchod,my entire neighborhood is making weird sounds bhenchod shaddi hai kya,fuck man. the pain is traveling. bhenchod ye naya e corridor khul gya hai.,abe bhenchod tu mazaq kar rha tha yaar,1,profane_batch_001.csv
class4_batch004_sample030697,4,30697,4,Profane,431697,435697,v3_original_demo_boundary_prompt,4-shot random authentic same-class,Shortlisted authentic RUHSOLD Profane examples,40,i should've a bhenchod counter which will count the amount of times i've sad bhenchod,"tm jao ma ni ja rha, pehly he adhi zindagi saffr mein guzr gai bc meri.",2 years ago i asked my father for my own car. so he said “hbl car loan se lelo” bc itni khajal khawari keh tang akar i bought used honda civic. and mine is way better than new honda city. or sashky apny,rt : kisi ko bhulnay k liye ussay yaad karna parta hai. aur idhr bhenchod yaad hi ati rehti hai bus,wah ye na ho bhenchod,2,profane_batch_004.csv
class4_batch003_sample030451,3,30451,4,Profane,431451,435451,v3_original_demo_boundary_prompt,4-shot random authentic same-class,Shortlisted authentic RUHSOLD Profane examples,40,bhenchod kya hai ye sb,why can’t i multitask???? i’m 22 fucking years old and i still dont know how to multitask bhenchod,bhenchod what a goal!,mera bhi yaar bhai...jindgi jhand ho gya hai bhenchodv 3 t20 me 300 rupya haar gye....,bhenchod pata ni kis dikhta hai main,1,profane_batch_003.csv
class4_batch001_sample030054,1,30054,4,Profane,431054,435054,v3_original_demo_boundary_prompt,4-shot random authentic same-class,Shortlisted authentic RUHSOLD Profane examples,40,dil sumbhal ja zra bhenchod,bhenchod aaj sirf roneka mann kar raha hai,rt : kisi ko bhulnay k liye ussay yaad karna parta hai. aur idhr bhenchod yaad hi ati rehti hai bus,mere pas tum ho ny to puray saal ka rula dia bhenchod,mtlb jb yahi sochta hoon ki kya ye baat na thi to maine tere ghar se dikha diya..!,1,profane_batch_001.csv
class4_batch001_sample030023,1,30023,4,Profane,431023,435023,v3_original_demo_boundary_prompt,4-shot random authentic same-class,Shortlisted authentic RUHSOLD Profane examples,40,"rt : yaar magar wifi bandh na karna, missile vissile daal do koi dikkat nahi, magar internet chahiye bc",rt : kisi ko bhulnay k liye ussay yaad karna parta hai. aur idhr bhenchod yaad hi ati rehti hai bus,i hate ors bhenchod,code bhee saaf karna hai abheeee bc,ye gandu pata nhi apni ammi ko paida kiya tha,1,profane_batch_001.csv
class4_batch006_sample031007,6,31007,4,Profane,432007,436007,v3_original_demo_boundary_prompt,4-shot random authentic same-class,Shortlisted authentic RUHSOLD Profane examples,40,bhenchod what a goal!,bhenchod kya hai ye sb,my entire neighborhood is making weird sounds bhenchod shaddi hai kya,code bhee saaf karna hai abheeee bc,mc chup krta hu aurat march ki baat kar raha hu😂,2,profane_batch_006.csv
class4_batch001_sample030113,1,30113,4,Profane,431113,435113,v3_original_demo_boundary_prompt,4-shot random authentic same-class,Shortlisted authentic RUHSOLD Profane examples,40,why can’t i multitask???? i’m 22 fucking years old and i still dont know how to multitask bhenchod,inn coaching vaalou ko kaise pta chal jaata hai mera result bhenchod.,pubg lover hath toota howa hai phir b pubg nhai chorni bc😂😂😂,code bhee saaf karna hai abheeee bc,bhenchod ye thodi zindagi k liye hi hai,1,profane_batch_001.csv
class4_batch001_sample030109,1,30109,4,Profane,431109,435109,v3_original_demo_boundary_prompt,4-shot random authentic same-class,Shortlisted authentic RUHSOLD Profane examples,40,rt : fariha without fa is riha and  riha kerdo koi bhenchod is zindagi se,inn coaching vaalou ko kaise pta chal jaata hai mera result bhenchod.,neend aa rhi h bc main sone jaa rhi hu 😂,bc bb khatm ho gya but i cant move on,bhai bht jaldi karo na ye wfh ka concept😒,1,profane_batch_001.csv
class4_batch003_sample030506,3,30506,4,Profane,431506,435506,v3_original_demo_boundary_prompt,4-shot random authentic same-class,Shortlisted authentic RUHSOLD Profane examples,40,"tm jao ma ni ja rha, pehly he adhi zindagi saffr mein guzr gai bc meri.",naak bandd ho gya bc.,bhenchod parhna hai. par dimaagh ijazat nahi deta. ajeeb chutiyapa hai ye.,bhenchod bht kutti haaalat huwe we he bhai,rt : apne liye tere jaise aulad ka koi sharam nhi hai,1,profane_batch_003.csv
class4_batch005_sample030966,5,30966,4,Profane,431966,435966,v3_original_demo_boundary_prompt,4-shot random authentic same-class,Shortlisted authentic RUHSOLD Profane examples,40,bhenchod syllabus kuch aur..aur padhke kuch aur gaya.,naak bandd ho gya bc.,dil sumbhal ja zra bhenchod,bhenchod kya hai ye sb,chutiye mat jana,2,profane_batch_005.csv
class4_batch005_sample030949,5,30949,4,Profane,431949,435949,v3_original_demo_boundary_prompt,4-shot random authentic same-class,Shortlisted authentic RUHSOLD Profane examples,40,ajeeeeb bc 😒😂,bc 40 rupees karaya kar diya hai is se acha to banda uber ya cream karwa laye 😏😏😏,bhenchod mairi thand se phatt rahi hai,kyaaaa musibbaattt ha yr sara mood khraab kr diya ha bc,rt : ye baton ko samajh nahi nhi aata... bc ye tweets mat dekhna,2,profane_batch_005.csv
class4_batch001_sample030003,1,30003,4,Profane,431003,435003,v3_original_demo_boundary_prompt,4-shot random authentic same-class,Shortlisted authentic RUHSOLD Profane examples,40,rt : birthday wali feel hi nai arahi bhenchod,slept for only 4 hours last night bc match daikhty daikhty girny wala hua wa hun,bhenchod aaj sirf roneka mann kar raha hai,dil sumbhal ja zra bhenchod,mc i'm so tired but i can't sleep,1,profane_batch_001.csv
class4_batch002_sample030275,2,30275,4,Profane,431275,435275,v3_original_demo_boundary_prompt,4-shot random authentic same-class,Shortlisted authentic RUHSOLD Profane examples,40,"rt : yaar magar wifi bandh na karna, missile vissile daal do koi dikkat nahi, magar internet chahiye bc",rt : fariha without fa is riha and  riha kerdo koi bhenchod is zindagi se,bhenchod bht kutti haaalat huwe we he bhai,nazar lag gayi bhenchod fuck this i knew it would never last,rt : i'm so pissed right now bc i can't even get a single like on insta,1,profane_batch_002.csv
class4_batch004_sample030656,4,30656,4,Profane,431656,435656,v3_original_demo_boundary_prompt,4-shot random authentic same-class,Shortlisted authentic RUHSOLD Profane examples,40,inn coaching vaalou ko kaise pta chal jaata hai mera result bhenchod.,dil sumbhal ja zra bhenchod,bhenchod bht kutti haaalat huwe we he bhai,bhenchod kya hai ye sb,rt : mera result bhenchod,2,profane_batch_004.csv
class4_batch004_sample030784,4,30784,4,Profane,431784,435784,v3_original_demo_boundary_prompt,4-shot random authentic same-class,Shortlisted authentic RUHSOLD Profane examples,40,code bhee saaf karna hai abheeee bc,bhenchod what a goal!,dil sumbhal ja zra bhenchod,bhenchod kya hai ye sb,rt : yaar mein nhi rha pata bhenchod,2,profane_batch_004.csv
class4_batch005_sample030854,5,30854,4,Profane,431854,435854,v3_original_demo_boundary_prompt,4-shot random authentic same-class,Shortlisted authentic RUHSOLD Profane examples,40,i hate ors bhenchod,fuck man. the pain is traveling. bhenchod ye naya e corridor khul gya hai.,slept for only 4 hours last night bc match daikhty daikhty girny wala hua wa hun,bauhat sardi hai bc,i am just saying it because he has been getting so much media attention lately bc,2,profane_batch_005.csv
class4_batch004_sample030759,4,30759,4,Profane,431759,435759,v3_original_demo_boundary_prompt,4-shot random authentic same-class,Shortlisted authentic RUHSOLD Profane examples,40,fuck man. the pain is traveling. bhenchod ye naya e corridor khul gya hai.,2 years ago i asked my father for my own car. so he said “hbl car loan se lelo” bc itni khajal khawari keh tang akar i bought used honda civic. and mine is way better than new honda city. or sashky apny,bhenchod what a goal!,slept for only 4 hours last night bc match daikhty daikhty girny wala hua wa hun,bhenchod yaar aise tweets krne ki zaroorat nahi hoti.. 😑,2,profane_batch_004.csv
class4_batch004_sample030796,4,30796,4,Profane,431796,435796,v3_original_demo_boundary_prompt,4-shot random authentic same-class,Shortlisted authentic RUHSOLD Profane examples,40,rt : kisi ko bhulnay k liye ussay yaad karna parta hai. aur idhr bhenchod yaad hi ati rehti hai bus,neend aa rhi h bc main sone jaa rhi hu 😂,bhenchod mairi thand se phatt rahi hai,"tm jao ma ni ja rha, pehly he adhi zindagi saffr mein guzr gai bc meri.",randi rona ka matlab bhool gya hai... 😂,2,profane_batch_004.csv
class4_batch006_sample031028,6,31028,4,Profane,432028,436028,v3_original_demo_boundary_prompt,4-shot random authentic same-class,Shortlisted authentic RUHSOLD Profane examples,40,bhenchod what a goal!,bauhat sardi hai bc,ajeeeeb bc 😒😂,rona araha hai bhenchod why am i such a clown why am i so unimportant,ye chutiya hai kya,2,profane_batch_006.csv
class4_batch002_sample030394,2,30394,4,Profane,431394,435394,v3_original_demo_boundary_prompt,4-shot random authentic same-class,Shortlisted authentic RUHSOLD Profane examples,40,pubg lover hath toota howa hai phir b pubg nhai chorni bc😂😂😂,kyaaaa musibbaattt ha yr sara mood khraab kr diya ha bc,rt : birthday wali feel hi nai arahi bhenchod,code bhee saaf karna hai abheeee bc,wo nahi bahar nikla bc,1,profane_batch_002.csv
class4_batch003_sample030486,3,30486,4,Profane,431486,435486,v3_original_demo_boundary_prompt,4-shot random authentic same-class,Shortlisted authentic RUHSOLD Profane examples,40,i should've a bhenchod counter which will count the amount of times i've sad bhenchod,bhenchod kahan phass gaya hoon,ajeeeeb bc 😒😂,slept for only 4 hours last night bc match daikhty daikhty girny wala hua wa hun,ye tere jaisa saali hai jo yeh bhi nhi pata 🤭,1,profane_batch_003.csv
class4_batch004_sample030614,4,30614,4,Profane,431614,435614,v3_original_demo_boundary_prompt,4-shot random authentic same-class,Shortlisted authentic RUHSOLD Profane examples,40,ajeeeeb bc 😒😂,bc bb khatm ho gya but i cant move on,i should've a bhenchod counter which will count the amount of times i've sad bhenchod,bhenchod parhna hai. par dimaagh ijazat nahi deta. ajeeb chutiyapa hai ye.,yeh chutiye hi jata hai yeh kaha se 🤦🏻‍♂️,2,profane_batch_004.csv
class4_batch005_sample030877,5,30877,4,Profane,431877,435877,v3_original_demo_boundary_prompt,4-shot random authentic same-class,Shortlisted authentic RUHSOLD Profane examples,40,rt : kisi ko bhulnay k liye ussay yaad karna parta hai. aur idhr bhenchod yaad hi ati rehti hai bus,bc bb khatm ho gya but i cant move on,"rt : yaar magar wifi bandh na karna, missile vissile daal do koi dikkat nahi, magar internet chahiye bc",ajeeeeb bc 😒😂,jisko ye tasveer dekh lete kyun ki yeh bhi 50 rs se mil raha he,2,profane_batch_005.csv
class4_batch001_sample030174,1,30174,4,Profane,431174,435174,v3_original_demo_boundary_prompt,4-shot random authentic same-class,Shortlisted authentic RUHSOLD Profane examples,40,"rt : yaar magar wifi bandh na karna, missile vissile daal do koi dikkat nahi, magar internet chahiye bc",bhenchod aaj sirf roneka mann kar raha hai,dil sumbhal ja zra bhenchod,rt : birthday wali feel hi nai arahi bhenchod,bhenchod yr jisko mjhy pyari lgty ho un ko kya pata ab apki pyariat sy farq krna hy,1,profane_batch_001.csv
class4_batch005_sample030917,5,30917,4,Profane,431917,435917,v3_original_demo_boundary_prompt,4-shot random authentic same-class,Shortlisted authentic RUHSOLD Profane examples,40,i hate ors bhenchod,fuck man. the pain is traveling. bhenchod ye naya e corridor khul gya hai.,why can’t i multitask???? i’m 22 fucking years old and i still dont know how to multitask bhenchod,bhenchod aaj sirf roneka mann kar raha hai,bc jis din mein mera tweet lagta tha na wo pura trend ho gayi..kutte ki nasl,2,profane_batch_005.csv
class4_batch001_sample030058,1,30058,4,Profane,431058,435058,v3_original_demo_boundary_prompt,4-shot random authentic same-class,Shortlisted authentic RUHSOLD Profane examples,40,rt : fariha without fa is riha and  riha kerdo koi bhenchod is zindagi se,bc 40 rupees karaya kar diya hai is se acha to banda uber ya cream karwa laye 😏😏😏,fuck man. the pain is traveling. bhenchod ye naya e corridor khul gya hai.,"rt : yaar magar wifi bandh na karna, missile vissile daal do koi dikkat nahi, magar internet chahiye bc",rt : ye harami lanti bakwas kiya raha hai,1,profane_batch_001.csv
class4_batch002_sample030265,2,30265,4,Profane,431265,435265,v3_original_demo_boundary_prompt,4-shot random authentic same-class,Shortlisted authentic RUHSOLD Profane examples,40,"rt : koi physics samjha de bhenchod,,,,",2 years ago i asked my father for my own car. so he said “hbl car loan se lelo” bc itni khajal khawari keh tang akar i bought used honda civic. and mine is way better than new honda city. or sashky apny,nazar lag gayi bhenchod fuck this i knew it would never last,pubg lover hath toota howa hai phir b pubg nhai chorni bc😂😂😂,bhenchod yeh mera jism meri marzi ka gandu slogan hai...,1,profane_batch_002.csv
class4_batch001_sample030063,1,30063,4,Profane,431063,435063,v3_original_demo_boundary_prompt,4-shot random authentic same-class,Shortlisted authentic RUHSOLD Profane examples,40,rt : birthday wali feel hi nai arahi bhenchod,inn coaching vaalou ko kaise pta chal jaata hai mera result bhenchod.,bauhat sardi hai bc,code bhee saaf karna hai abheeee bc,bhai ye tweet pehly apna account banana chahta tha lekin agar tumhari maa behn ne tere jesi gandu ka account band kr dia hoti to ye bhenchod,1,profane_batch_001.csv
class4_batch004_sample030789,4,30789,4,Profane,431789,435789,v3_original_demo_boundary_prompt,4-shot random authentic same-class,Shortlisted authentic RUHSOLD Profane examples,40,kyaaaa musibbaattt ha yr sara mood khraab kr diya ha bc,my entire neighborhood is making weird sounds bhenchod shaddi hai kya,slept for only 4 hours last night bc match daikhty daikhty girny wala hua wa hun,bhenchod what a goal!,rt : ye mazaak jb hi khatm ho gaya to us mein bhi zindagi baqi nahi hogi bc,2,profane_batch_004.csv
class4_batch002_sample030261,2,30261,4,Profane,431261,435261,v3_original_demo_boundary_prompt,4-shot random authentic same-class,Shortlisted authentic RUHSOLD Profane examples,40,i should've a bhenchod counter which will count the amount of times i've sad bhenchod,mera bhi yaar bhai...jindgi jhand ho gya hai bhenchodv 3 t20 me 300 rupya haar gye....,bhenchod aaj sirf roneka mann kar raha hai,rt : birthday wali feel hi nai arahi bhenchod,ye bhenchod kehta hain na,1,profane_batch_002.csv
class4_batch001_sample030100,1,30100,4,Profane,431100,435100,v3_original_demo_boundary_prompt,4-shot random authentic same-class,Shortlisted authentic RUHSOLD Profane examples,40,nazar lag gayi bhenchod fuck this i knew it would never last,pubg lover hath toota howa hai phir b pubg nhai chorni bc😂😂😂,bhenchod aaj sirf roneka mann kar raha hai,rt : bhenchod graph paper pe eraser use karo toh graph paper hi gayab ho jaata hai,nahin abhi tak wahi kaam kiya tha kehne se,1,profane_batch_001.csv
class4_batch006_sample031046,6,31046,4,Profane,432046,436046,v3_original_demo_boundary_prompt,4-shot random authentic same-class,Shortlisted authentic RUHSOLD Profane examples,40,i hate ors bhenchod,code bhee saaf karna hai abheeee bc,bhenchod syllabus kuch aur..aur padhke kuch aur gaya.,inn coaching vaalou ko kaise pta chal jaata hai mera result bhenchod.,bhenchod. itni jaldi.,2,profane_batch_006.csv
class4_batch002_sample030299,2,30299,4,Profane,431299,435299,v3_original_demo_boundary_prompt,4-shot random authentic same-class,Shortlisted authentic RUHSOLD Profane examples,40,code bhee saaf karna hai abheeee bc,"tm jao ma ni ja rha, pehly he adhi zindagi saffr mein guzr gai bc meri.",rt : fariha without fa is riha and  riha kerdo koi bhenchod is zindagi se,nazar lag gayi bhenchod fuck this i knew it would never last,chup krta hoon bc,1,profane_batch_002.csv
class4_batch004_sample030615,4,30615,4,Profane,431615,435615,v3_original_demo_boundary_prompt,4-shot random authentic same-class,Shortlisted authentic RUHSOLD Profane examples,40,bc bb khatm ho gya but i cant move on,bhenchod kya hai ye sb,bhenchod syllabus kuch aur..aur padhke kuch aur gaya.,"rt : koi physics samjha de bhenchod,,,,",rt : 😒🤪 bhenchod khush rahna mera jism meri marzi karne ki baatein karte hain,2,profane_batch_004.csv
class4_batch001_sample030178,1,30178,4,Profane,431178,435178,v3_original_demo_boundary_prompt,4-shot random authentic same-class,Shortlisted authentic RUHSOLD Profane examples,40,dil sumbhal ja zra bhenchod,"tm jao ma ni ja rha, pehly he adhi zindagi saffr mein guzr gai bc meri.",bhenchod aaj sirf roneka mann kar raha hai,slept for only 4 hours last night bc match daikhty daikhty girny wala hua wa hun,bhenchod ab tera baap nahi tha na,1,profane_batch_001.csv
class4_batch005_sample030933,5,30933,4,Profane,431933,435933,v3_original_demo_boundary_prompt,4-shot random authentic same-class,Shortlisted authentic RUHSOLD Profane examples,40,bhenchod what a goal!,bhenchod kahan phass gaya hoon,slept for only 4 hours last night bc match daikhty daikhty girny wala hua wa hun,dil sumbhal ja zra bhenchod,apko jaldi shadi kiya karna padh rha hy,2,profane_batch_005.csv
class4_batch004_sample030778,4,30778,4,Profane,431778,435778,v3_original_demo_boundary_prompt,4-shot random authentic same-class,Shortlisted authentic RUHSOLD Profane examples,40,bc bb khatm ho gya but i cant move on,slept for only 4 hours last night bc match daikhty daikhty girny wala hua wa hun,bhenchod kya hai ye sb,fuck man. the pain is traveling. bhenchod ye naya e corridor khul gya hai.,ye chutiye keh rahi hai abhi ke apni dost ki amma ko dekho,2,profane_batch_004.csv
class4_batch001_sample030139,1,30139,4,Profane,431139,435139,v3_original_demo_boundary_prompt,4-shot random authentic same-class,Shortlisted authentic RUHSOLD Profane examples,40,bhenchod bht kutti haaalat huwe we he bhai,main 5'8 ke sath bh chota lgta hn bc😶😑😑😑,bc bb khatm ho gya but i cant move on,i should've a bhenchod counter which will count the amount of times i've sad bhenchod,bc pata ni na kaun bhaunk raha tha,1,profane_batch_001.csv
class4_batch005_sample030803,5,30803,4,Profane,431803,435803,v3_original_demo_boundary_prompt,4-shot random authentic same-class,Shortlisted authentic RUHSOLD Profane examples,40,why can’t i multitask???? i’m 22 fucking years old and i still dont know how to multitask bhenchod,rt : asa kon ludo khelta hi bc ....😇,bhenchod syllabus kuch aur..aur padhke kuch aur gaya.,naak bandd ho gya bc.,"rt :   mard ki marzi hai?  abhi tk mein apne maa baap se pooch le, yahi  pata chal jayega.",2,profane_batch_005.csv
class4_batch001_sample030168,1,30168,4,Profane,431168,435168,v3_original_demo_boundary_prompt,4-shot random authentic same-class,Shortlisted authentic RUHSOLD Profane examples,40,bauhat sardi hai bc,bhenchod kya hai ye sb,dil sumbhal ja zra bhenchod,rt : fariha without fa is riha and  riha kerdo koi bhenchod is zindagi se,bhen chod saali hai yeh,1,profane_batch_001.csv
class4_batch001_sample030066,1,30066,4,Profane,431066,435066,v3_original_demo_boundary_prompt,4-shot random authentic same-class,Shortlisted authentic RUHSOLD Profane examples,40,2 years ago i asked my father for my own car. so he said “hbl car loan se lelo” bc itni khajal khawari keh tang akar i bought used honda civic. and mine is way better than new honda city. or sashky apny,"tm jao ma ni ja rha, pehly he adhi zindagi saffr mein guzr gai bc meri.",ajeeeeb bc 😒😂,bhenchod kya hai ye sb,bc kabhi nai bolo bhenchod,1,profane_batch_001.csv
class4_batch002_sample030256,2,30256,4,Profane,431256,435256,v3_original_demo_boundary_prompt,4-shot random authentic same-class,Shortlisted authentic RUHSOLD Profane examples,40,nazar lag gayi bhenchod fuck this i knew it would never last,bc 40 rupees karaya kar diya hai is se acha to banda uber ya cream karwa laye 😏😏😏,rt : fariha without fa is riha and  riha kerdo koi bhenchod is zindagi se,dil sumbhal ja zra bhenchod,ye charsi kehty hn pata nahi kr skty,1,profane_batch_002.csv
class4_batch001_sample030067,1,30067,4,Profane,431067,435067,v3_original_demo_boundary_prompt,4-shot random authentic same-class,Shortlisted authentic RUHSOLD Profane examples,40,rt : birthday wali feel hi nai arahi bhenchod,ajeeeeb bc 😒😂,main 5'8 ke sath bh chota lgta hn bc😶😑😑😑,2 years ago i asked my father for my own car. so he said “hbl car loan se lelo” bc itni khajal khawari keh tang akar i bought used honda civic. and mine is way better than new honda city. or sashky apny,tu mjy lagti ha na ki tera baap jis ka maa thi wohi bola hoga,1,profane_batch_001.csv
class4_batch006_sample031027,6,31027,4,Profane,432027,436027,v3_original_demo_boundary_prompt,4-shot random authentic same-class,Shortlisted authentic RUHSOLD Profane examples,40,bhenchod exams uff,why can’t i multitask???? i’m 22 fucking years old and i still dont know how to multitask bhenchod,bhenchod bht kutti haaalat huwe we he bhai,neend aa rhi h bc main sone jaa rhi hu 😂,abi tak apne charsi ko mily ga na 😑,2,profane_batch_006.csv
class4_batch001_sample030012,1,30012,4,Profane,431012,435012,v3_original_demo_boundary_prompt,4-shot random authentic same-class,Shortlisted authentic RUHSOLD Profane examples,40,bauhat sardi hai bc,"rt : koi physics samjha de bhenchod,,,,",pubg lover hath toota howa hai phir b pubg nhai chorni bc😂😂😂,bhenchod aaj sirf roneka mann kar raha hai,rt : tum logon ko aisa nahi pata,1,profane_batch_001.csv
class4_batch003_sample030531,3,30531,4,Profane,431531,435531,v3_original_demo_boundary_prompt,4-shot random authentic same-class,Shortlisted authentic RUHSOLD Profane examples,40,bhenchod bht kutti haaalat huwe we he bhai,main 5'8 ke sath bh chota lgta hn bc😶😑😑😑,code bhee saaf karna hai abheeee bc,"tm jao ma ni ja rha, pehly he adhi zindagi saffr mein guzr gai bc meri.",bahir ho na bc,1,profane_batch_003.csv
class4_batch002_sample030319,2,30319,4,Profane,431319,435319,v3_original_demo_boundary_prompt,4-shot random authentic same-class,Shortlisted authentic RUHSOLD Profane examples,40,bc bb khatm ho gya but i cant move on,rt : kisi ko bhulnay k liye ussay yaad karna parta hai. aur idhr bhenchod yaad hi ati rehti hai bus,ajeeeeb bc 😒😂,rt : asa kon ludo khelta hi bc ....😇,ye abhi bachpan ki zarurat thi...,1,profane_batch_002.csv
class4_batch005_sample030984,5,30984,4,Profane,431984,435984,v3_original_demo_boundary_prompt,4-shot random authentic same-class,Shortlisted authentic RUHSOLD Profane examples,40,"rt : yaar magar wifi bandh na karna, missile vissile daal do koi dikkat nahi, magar internet chahiye bc",bhenchod kahan phass gaya hoon,my entire neighborhood is making weird sounds bhenchod shaddi hai kya,bhenchod kya hai ye sb,mc what's going on here,2,profane_batch_005.csv
class4_batch005_sample030866,5,30866,4,Profane,431866,435866,v3_original_demo_boundary_prompt,4-shot random authentic same-class,Shortlisted authentic RUHSOLD Profane examples,40,mera bhi yaar bhai...jindgi jhand ho gya hai bhenchodv 3 t20 me 300 rupya haar gye....,bc 40 rupees karaya kar diya hai is se acha to banda uber ya cream karwa laye 😏😏😏,"rt : yaar magar wifi bandh na karna, missile vissile daal do koi dikkat nahi, magar internet chahiye bc",bhenchod aaj sirf roneka mann kar raha hai,bhenchodo nakli,2,profane_batch_005.csv
class4_batch003_sample030576,3,30576,4,Profane,431576,435576,v3_original_demo_boundary_prompt,4-shot random authentic same-class,Shortlisted authentic RUHSOLD Profane examples,40,why can’t i multitask???? i’m 22 fucking years old and i still dont know how to multitask bhenchod,nazar lag gayi bhenchod fuck this i knew it would never last,slept for only 4 hours last night bc match daikhty daikhty girny wala hua wa hun,bhenchod bht kutti haaalat huwe we he bhai,abhi tk to 60 se kam maa chodna hua na,1,profane_batch_003.csv
class4_batch002_sample030334,2,30334,4,Profane,431334,435334,v3_original_demo_boundary_prompt,4-shot random authentic same-class,Shortlisted authentic RUHSOLD Profane examples,40,code bhee saaf karna hai abheeee bc,bc 40 rupees karaya kar diya hai is se acha to banda uber ya cream karwa laye 😏😏😏,rt : kisi ko bhulnay k liye ussay yaad karna parta hai. aur idhr bhenchod yaad hi ati rehti hai bus,"rt : yaar magar wifi bandh na karna, missile vissile daal do koi dikkat nahi, magar internet chahiye bc",bhenchod i want some chaat but no i'm too fat for it,1,profane_batch_002.csv
class4_batch002_sample030286,2,30286,4,Profane,431286,435286,v3_original_demo_boundary_prompt,4-shot random authentic same-class,Shortlisted authentic RUHSOLD Profane examples,40,mere pas tum ho ny to puray saal ka rula dia bhenchod,bhenchod kahan phass gaya hoon,bc 40 rupees karaya kar diya hai is se acha to banda uber ya cream karwa laye 😏😏😏,mera bhi yaar bhai...jindgi jhand ho gya hai bhenchodv 3 t20 me 300 rupya haar gye....,rt : abey bharwe aise hi nikl raha hai bc,1,profane_batch_002.csv
class4_batch005_sample030911,5,30911,4,Profane,431911,435911,v3_original_demo_boundary_prompt,4-shot random authentic same-class,Shortlisted authentic RUHSOLD Profane examples,40,"tm jao ma ni ja rha, pehly he adhi zindagi saffr mein guzr gai bc meri.",i hate ors bhenchod,bhenchod what a goal!,mere pas tum ho ny to puray saal ka rula dia bhenchod,bhen chod na karo mujhe,2,profane_batch_005.csv
class4_batch002_sample030323,2,30323,4,Profane,431323,435323,v3_original_demo_boundary_prompt,4-shot random authentic same-class,Shortlisted authentic RUHSOLD Profane examples,40,i should've a bhenchod counter which will count the amount of times i've sad bhenchod,inn coaching vaalou ko kaise pta chal jaata hai mera result bhenchod.,nazar lag gayi bhenchod fuck this i knew it would never last,rt : birthday wali feel hi nai arahi bhenchod,nahi mery pass koi bat ni,1,profane_batch_002.csv
class4_batch005_sample030890,5,30890,4,Profane,431890,435890,v3_original_demo_boundary_prompt,4-shot random authentic same-class,Shortlisted authentic RUHSOLD Profane examples,40,code bhee saaf karna hai abheeee bc,why can’t i multitask???? i’m 22 fucking years old and i still dont know how to multitask bhenchod,bc 40 rupees karaya kar diya hai is se acha to banda uber ya cream karwa laye 😏😏😏,dil sumbhal ja zra bhenchod,rt : bc koi bat nhi kr rhaa,2,profane_batch_005.csv
class4_batch003_sample030536,3,30536,4,Profane,431536,435536,v3_original_demo_boundary_prompt,4-shot random authentic same-class,Shortlisted authentic RUHSOLD Profane examples,40,bauhat sardi hai bc,bhenchod kahan phass gaya hoon,rt : asa kon ludo khelta hi bc ....😇,rt : birthday wali feel hi nai arahi bhenchod,mjhy pata chaly bhai saab,1,profane_batch_003.csv
class4_batch004_sample030692,4,30692,4,Profane,431692,435692,v3_original_demo_boundary_prompt,4-shot random authentic same-class,Shortlisted authentic RUHSOLD Profane examples,40,ajeeeeb bc 😒😂,neend aa rhi h bc main sone jaa rhi hu 😂,rona araha hai bhenchod why am i such a clown why am i so unimportant,bhenchod syllabus kuch aur..aur padhke kuch aur gaya.,mein charsi tera dil bhi chal gya bhenchod,2,profane_batch_004.csv
class4_batch004_sample030649,4,30649,4,Profane,431649,435649,v3_original_demo_boundary_prompt,4-shot random authentic same-class,Shortlisted authentic RUHSOLD Profane examples,40,dil sumbhal ja zra bhenchod,bc 40 rupees karaya kar diya hai is se acha to banda uber ya cream karwa laye 😏😏😏,bhenchod parhna hai. par dimaagh ijazat nahi deta. ajeeb chutiyapa hai ye.,rt : asa kon ludo khelta hi bc ....😇,bc maine ghar mein aaj tak tere jaise doston ko dekha hai,2,profane_batch_004.csv
class4_batch003_sample030528,3,30528,4,Profane,431528,435528,v3_original_demo_boundary_prompt,4-shot random authentic same-class,Shortlisted authentic RUHSOLD Profane examples,40,kyaaaa musibbaattt ha yr sara mood khraab kr diya ha bc,neend aa rhi h bc main sone jaa rhi hu 😂,inn coaching vaalou ko kaise pta chal jaata hai mera result bhenchod.,mere pas tum ho ny to puray saal ka rula dia bhenchod,bhenchod abi tk mai to ye duniya dekhli ha,1,profane_batch_003.csv
class4_batch003_sample030513,3,30513,4,Profane,431513,435513,v3_original_demo_boundary_prompt,4-shot random authentic same-class,Shortlisted authentic RUHSOLD Profane examples,40,dil sumbhal ja zra bhenchod,i should've a bhenchod counter which will count the amount of times i've sad bhenchod,"rt : yaar magar wifi bandh na karna, missile vissile daal do koi dikkat nahi, magar internet chahiye bc",inn coaching vaalou ko kaise pta chal jaata hai mera result bhenchod.,ye sahi ha bhenchod,1,profane_batch_003.csv
class4_batch003_sample030585,3,30585,4,Profane,431585,435585,v3_original_demo_boundary_prompt,4-shot random authentic same-class,Shortlisted authentic RUHSOLD Profane examples,40,dil sumbhal ja zra bhenchod,pubg lover hath toota howa hai phir b pubg nhai chorni bc😂😂😂,rona araha hai bhenchod why am i such a clown why am i so unimportant,"rt : koi physics samjha de bhenchod,,,,",abhi bhool gya hu mera tweet mein bc,1,profane_batch_003.csv
class4_batch001_sample030002,1,30002,4,Profane,431002,435002,v3_original_demo_boundary_prompt,4-shot random authentic same-class,Shortlisted authentic RUHSOLD Profane examples,40,rt : kisi ko bhulnay k liye ussay yaad karna parta hai. aur idhr bhenchod yaad hi ati rehti hai bus,rt : bhenchod graph paper pe eraser use karo toh graph paper hi gayab ho jaata hai,"tm jao ma ni ja rha, pehly he adhi zindagi saffr mein guzr gai bc meri.",bc bb khatm ho gya but i cant move on,ye 😑,1,profane_batch_001.csv
class4_batch003_sample030445,3,30445,4,Profane,431445,435445,v3_original_demo_boundary_prompt,4-shot random authentic same-class,Shortlisted authentic RUHSOLD Profane examples,40,why can’t i multitask???? i’m 22 fucking years old and i still dont know how to multitask bhenchod,slept for only 4 hours last night bc match daikhty daikhty girny wala hua wa hun,bhenchod parhna hai. par dimaagh ijazat nahi deta. ajeeb chutiyapa hai ye.,bc bb khatm ho gya but i cant move on,bc mein ny soch rakha tha ki ap ko chahye ga na?,1,profane_batch_003.csv
class4_batch002_sample030237,2,30237,4,Profane,431237,435237,v3_original_demo_boundary_prompt,4-shot random authentic same-class,Shortlisted authentic RUHSOLD Profane examples,40,"rt : yaar magar wifi bandh na karna, missile vissile daal do koi dikkat nahi, magar internet chahiye bc",nazar lag gayi bhenchod fuck this i knew it would never last,2 years ago i asked my father for my own car. so he said “hbl car loan se lelo” bc itni khajal khawari keh tang akar i bought used honda civic. and mine is way better than new honda city. or sashky apny,code bhee saaf karna hai abheeee bc,ye to bhi tha pata ha kya 😒😑,1,profane_batch_002.csv
class4_batch003_sample030495,3,30495,4,Profane,431495,435495,v3_original_demo_boundary_prompt,4-shot random authentic same-class,Shortlisted authentic RUHSOLD Profane examples,40,neend aa rhi h bc main sone jaa rhi hu 😂,bhenchod exams uff,i should've a bhenchod counter which will count the amount of times i've sad bhenchod,bhenchod aaj sirf roneka mann kar raha hai,abe chutiye ek baar apna ghar hi khulega,1,profane_batch_003.csv
class4_batch004_sample030781,4,30781,4,Profane,431781,435781,v3_original_demo_boundary_prompt,4-shot random authentic same-class,Shortlisted authentic RUHSOLD Profane examples,40,i should've a bhenchod counter which will count the amount of times i've sad bhenchod,pubg lover hath toota howa hai phir b pubg nhai chorni bc😂😂😂,bhenchod syllabus kuch aur..aur padhke kuch aur gaya.,neend aa rhi h bc main sone jaa rhi hu 😂,abhi tk usko follow kar lo bc,2,profane_batch_004.csv
class4_batch002_sample030327,2,30327,4,Profane,431327,435327,v3_original_demo_boundary_prompt,4-shot random authentic same-class,Shortlisted authentic RUHSOLD Profane examples,40,bc bb khatm ho gya but i cant move on,ajeeeeb bc 😒😂,bhenchod aaj sirf roneka mann kar raha hai,i hate ors bhenchod,bc ye charsi thi tu,1,profane_batch_002.csv
class4_batch003_sample030547,3,30547,4,Profane,431547,435547,v3_original_demo_boundary_prompt,4-shot random authentic same-class,Shortlisted authentic RUHSOLD Profane examples,40,kyaaaa musibbaattt ha yr sara mood khraab kr diya ha bc,rona araha hai bhenchod why am i such a clown why am i so unimportant,2 years ago i asked my father for my own car. so he said “hbl car loan se lelo” bc itni khajal khawari keh tang akar i bought used honda civic. and mine is way better than new honda city. or sashky apny,bhenchod bht kutti haaalat huwe we he bhai,tum logon ko pata chaly ga k hum ny apny passi ka ghar marna tha jb tum nay apny passi ka ghar mara ho,1,profane_batch_003.csv
class4_batch005_sample030858,5,30858,4,Profane,431858,435858,v3_original_demo_boundary_prompt,4-shot random authentic same-class,Shortlisted authentic RUHSOLD Profane examples,40,bhenchod what a goal!,code bhee saaf karna hai abheeee bc,mera bhi yaar bhai...jindgi jhand ho gya hai bhenchodv 3 t20 me 300 rupya haar gye....,neend aa rhi h bc main sone jaa rhi hu 😂,bc phir tu yeh bat sun le,2,profane_batch_005.csv
class4_batch003_sample030529,3,30529,4,Profane,431529,435529,v3_original_demo_boundary_prompt,4-shot random authentic same-class,Shortlisted authentic RUHSOLD Profane examples,40,rt : bhenchod graph paper pe eraser use karo toh graph paper hi gayab ho jaata hai,code bhee saaf karna hai abheeee bc,bhenchod exams uff,"tm jao ma ni ja rha, pehly he adhi zindagi saffr mein guzr gai bc meri.",apni life se hi bhonk le bhenchod,1,profane_batch_003.csv
class4_batch002_sample030346,2,30346,4,Profane,431346,435346,v3_original_demo_boundary_prompt,4-shot random authentic same-class,Shortlisted authentic RUHSOLD Profane examples,40,bhenchod what a goal!,inn coaching vaalou ko kaise pta chal jaata hai mera result bhenchod.,mera bhi yaar bhai...jindgi jhand ho gya hai bhenchodv 3 t20 me 300 rupya haar gye....,bhenchod mairi thand se phatt rahi hai,bhenchod tu shadi karne ke liye bachche ki tarah banaa diya tha,1,profane_batch_002.csv
class4_batch006_sample031017,6,31017,4,Profane,432017,436017,v3_original_demo_boundary_prompt,4-shot random authentic same-class,Shortlisted authentic RUHSOLD Profane examples,40,bhenchod kahan phass gaya hoon,rt : bhenchod graph paper pe eraser use karo toh graph paper hi gayab ho jaata hai,code bhee saaf karna hai abheeee bc,my entire neighborhood is making weird sounds bhenchod shaddi hai kya,bhenchod paisa le rha tha abhi,2,profane_batch_006.csv
class4_batch003_sample030583,3,30583,4,Profane,431583,435583,v3_original_demo_boundary_prompt,4-shot random authentic same-class,Shortlisted authentic RUHSOLD Profane examples,40,rt : birthday wali feel hi nai arahi bhenchod,bhenchod what a goal!,"rt : yaar magar wifi bandh na karna, missile vissile daal do koi dikkat nahi, magar internet chahiye bc",main 5'8 ke sath bh chota lgta hn bc😶😑😑😑,bhenchodo 😂😂,1,profane_batch_003.csv
class4_batch003_sample030593,3,30593,4,Profane,431593,435593,v3_original_demo_boundary_prompt,4-shot random authentic same-class,Shortlisted authentic RUHSOLD Profane examples,40,main 5'8 ke sath bh chota lgta hn bc😶😑😑😑,bhenchod exams uff,neend aa rhi h bc main sone jaa rhi hu 😂,naak bandd ho gya bc.,mtlb bhaunk kyun kr rha h ?,1,profane_batch_003.csv
class4_batch003_sample030587,3,30587,4,Profane,431587,435587,v3_original_demo_boundary_prompt,4-shot random authentic same-class,Shortlisted authentic RUHSOLD Profane examples,40,bhenchod aaj sirf roneka mann kar raha hai,rt : birthday wali feel hi nai arahi bhenchod,bauhat sardi hai bc,bhenchod kahan phass gaya hoon,abe bhikari randi ki nasal,1,profane_batch_003.csv
class4_batch002_sample030308,2,30308,4,Profane,431308,435308,v3_original_demo_boundary_prompt,4-shot random authentic same-class,Shortlisted authentic RUHSOLD Profane examples,40,why can’t i multitask???? i’m 22 fucking years old and i still dont know how to multitask bhenchod,inn coaching vaalou ko kaise pta chal jaata hai mera result bhenchod.,my entire neighborhood is making weird sounds bhenchod shaddi hai kya,fuck man. the pain is traveling. bhenchod ye naya e corridor khul gya hai.,rt : jab tak dikhao usse bhi nahi dekhega..😒,1,profane_batch_002.csv
class4_batch006_sample031039,6,31039,4,Profane,432039,436039,v3_original_demo_boundary_prompt,4-shot random authentic same-class,Shortlisted authentic RUHSOLD Profane examples,40,bauhat sardi hai bc,nazar lag gayi bhenchod fuck this i knew it would never last,bhenchod kahan phass gaya hoon,why can’t i multitask???? i’m 22 fucking years old and i still dont know how to multitask bhenchod,rt : yehi bhenchod tumhari larki ke bare mein bat kar rahe ho,2,profane_batch_006.csv
class4_batch005_sample030993,5,30993,4,Profane,431993,435993,v3_original_demo_boundary_prompt,4-shot random authentic same-class,Shortlisted authentic RUHSOLD Profane examples,40,rt : asa kon ludo khelta hi bc ....😇,"rt : koi physics samjha de bhenchod,,,,",neend aa rhi h bc main sone jaa rhi hu 😂,fuck man. the pain is traveling. bhenchod ye naya e corridor khul gya hai.,abbey mera dost mera xd,2,profane_batch_005.csv
class4_batch002_sample030231,2,30231,4,Profane,431231,435231,v3_original_demo_boundary_prompt,4-shot random authentic same-class,Shortlisted authentic RUHSOLD Profane examples,40,code bhee saaf karna hai abheeee bc,2 years ago i asked my father for my own car. so he said “hbl car loan se lelo” bc itni khajal khawari keh tang akar i bought used honda civic. and mine is way better than new honda city. or sashky apny,bhenchod exams uff,bhenchod kya hai ye sb,bahanchod,1,profane_batch_002.csv
class4_batch004_sample030629,4,30629,4,Profane,431629,435629,v3_original_demo_boundary_prompt,4-shot random authentic same-class,Shortlisted authentic RUHSOLD Profane examples,40,bhenchod syllabus kuch aur..aur padhke kuch aur gaya.,rt : bhenchod graph paper pe eraser use karo toh graph paper hi gayab ho jaata hai,my entire neighborhood is making weird sounds bhenchod shaddi hai kya,"tm jao ma ni ja rha, pehly he adhi zindagi saffr mein guzr gai bc meri.",ye paisa bahut hota hai bhenchod,2,profane_batch_004.csv
class4_batch004_sample030601,4,30601,4,Profane,431601,435601,v3_original_demo_boundary_prompt,4-shot random authentic same-class,Shortlisted authentic RUHSOLD Profane examples,40,rt : birthday wali feel hi nai arahi bhenchod,dil sumbhal ja zra bhenchod,bhenchod aaj sirf roneka mann kar raha hai,bauhat sardi hai bc,bhai sahab ye duniya mein sabse kharabi galti ha,2,profane_batch_004.csv
class4_batch004_sample030662,4,30662,4,Profane,431662,435662,v3_original_demo_boundary_prompt,4-shot random authentic same-class,Shortlisted authentic RUHSOLD Profane examples,40,"tm jao ma ni ja rha, pehly he adhi zindagi saffr mein guzr gai bc meri.",bhenchod mairi thand se phatt rahi hai,rt : bhenchod graph paper pe eraser use karo toh graph paper hi gayab ho jaata hai,bhenchod kya hai ye sb,bhenchod apni life ka plan nikala hy wo?,2,profane_batch_004.csv
class4_batch006_sample031009,6,31009,4,Profane,432009,436009,v3_original_demo_boundary_prompt,4-shot random authentic same-class,Shortlisted authentic RUHSOLD Profane examples,40,bhenchod mairi thand se phatt rahi hai,"rt : yaar magar wifi bandh na karna, missile vissile daal do koi dikkat nahi, magar internet chahiye bc",slept for only 4 hours last night bc match daikhty daikhty girny wala hua wa hun,bauhat sardi hai bc,"rt : abhi tk match mein bhi 70% runs change ho rahe hain, bc",2,profane_batch_006.csv
class4_batch005_sample030915,5,30915,4,Profane,431915,435915,v3_original_demo_boundary_prompt,4-shot random authentic same-class,Shortlisted authentic RUHSOLD Profane examples,40,neend aa rhi h bc main sone jaa rhi hu 😂,bc 40 rupees karaya kar diya hai is se acha to banda uber ya cream karwa laye 😏😏😏,why can’t i multitask???? i’m 22 fucking years old and i still dont know how to multitask bhenchod,rt : bhenchod graph paper pe eraser use karo toh graph paper hi gayab ho jaata hai,rt : abhi tak mjhy pta chl rha tha k iske liye hi dekh lo aurat ko rape ki zrori nahi hoti aur ye kahti ha ke wo rape krny waly ky najaiz kry���,2,profane_batch_005.csv
class4_batch002_sample030314,2,30314,4,Profane,431314,435314,v3_original_demo_boundary_prompt,4-shot random authentic same-class,Shortlisted authentic RUHSOLD Profane examples,40,code bhee saaf karna hai abheeee bc,bhenchod mairi thand se phatt rahi hai,2 years ago i asked my father for my own car. so he said “hbl car loan se lelo” bc itni khajal khawari keh tang akar i bought used honda civic. and mine is way better than new honda city. or sashky apny,inn coaching vaalou ko kaise pta chal jaata hai mera result bhenchod.,nahin to uska tweet hi kuch kar lo bc,1,profane_batch_002.csv
class4_batch001_sample030106,1,30106,4,Profane,431106,435106,v3_original_demo_boundary_prompt,4-shot random authentic same-class,Shortlisted authentic RUHSOLD Profane examples,40,"tm jao ma ni ja rha, pehly he adhi zindagi saffr mein guzr gai bc meri.",mere pas tum ho ny to puray saal ka rula dia bhenchod,why can’t i multitask???? i’m 22 fucking years old and i still dont know how to multitask bhenchod,rt : birthday wali feel hi nai arahi bhenchod,rt : 💔😥 koi 😂😂🤣🤣 😂😂😂😂😂😂😂😂😂😂😂😂😂😂,1,profane_batch_001.csv
class4_batch005_sample030823,5,30823,4,Profane,431823,435823,v3_original_demo_boundary_prompt,4-shot random authentic same-class,Shortlisted authentic RUHSOLD Profane examples,40,neend aa rhi h bc main sone jaa rhi hu 😂,dil sumbhal ja zra bhenchod,fuck man. the pain is traveling. bhenchod ye naya e corridor khul gya hai.,inn coaching vaalou ko kaise pta chal jaata hai mera result bhenchod.,tere se dosti karke marna chahte ho bhenchod,2,profane_batch_005.csv
class4_batch001_sample030055,1,30055,4,Profane,431055,435055,v3_original_demo_boundary_prompt,4-shot random authentic same-class,Shortlisted authentic RUHSOLD Profane examples,40,slept for only 4 hours last night bc match daikhty daikhty girny wala hua wa hun,bhenchod mairi thand se phatt rahi hai,mere pas tum ho ny to puray saal ka rula dia bhenchod,i hate ors bhenchod,rt : bhenchod kbhi sone ki chudai krte hain,1,profane_batch_001.csv
class4_batch001_sample030120,1,30120,4,Profane,431120,435120,v3_original_demo_boundary_prompt,4-shot random authentic same-class,Shortlisted authentic RUHSOLD Profane examples,40,fuck man. the pain is traveling. bhenchod ye naya e corridor khul gya hai.,"tm jao ma ni ja rha, pehly he adhi zindagi saffr mein guzr gai bc meri.",neend aa rhi h bc main sone jaa rhi hu 😂,pubg lover hath toota howa hai phir b pubg nhai chorni bc😂😂😂,rt : apni baji ko kuch bolta hai na bc..😜,1,profane_batch_001.csv
class4_batch002_sample030370,2,30370,4,Profane,431370,435370,v3_original_demo_boundary_prompt,4-shot random authentic same-class,Shortlisted authentic RUHSOLD Profane examples,40,my entire neighborhood is making weird sounds bhenchod shaddi hai kya,bhenchod aaj sirf roneka mann kar raha hai,kyaaaa musibbaattt ha yr sara mood khraab kr diya ha bc,bhenchod bht kutti haaalat huwe we he bhai,tum logon ko koi maa chodne se pehle bhi ho jata hai,1,profane_batch_002.csv
class4_batch001_sample030025,1,30025,4,Profane,431025,435025,v3_original_demo_boundary_prompt,4-shot random authentic same-class,Shortlisted authentic RUHSOLD Profane examples,40,bhenchod kahan phass gaya hoon,rt : bhenchod graph paper pe eraser use karo toh graph paper hi gayab ho jaata hai,main 5'8 ke sath bh chota lgta hn bc😶😑😑😑,2 years ago i asked my father for my own car. so he said “hbl car loan se lelo” bc itni khajal khawari keh tang akar i bought used honda civic. and mine is way better than new honda city. or sashky apny,😂😂😂 yeh hmari life kaha lag rha hai.,1,profane_batch_001.csv
class4_batch001_sample030072,1,30072,4,Profane,431072,435072,v3_original_demo_boundary_prompt,4-shot random authentic same-class,Shortlisted authentic RUHSOLD Profane examples,40,bhenchod parhna hai. par dimaagh ijazat nahi deta. ajeeb chutiyapa hai ye.,pubg lover hath toota howa hai phir b pubg nhai chorni bc😂😂😂,mere pas tum ho ny to puray saal ka rula dia bhenchod,inn coaching vaalou ko kaise pta chal jaata hai mera result bhenchod.,mein hu bhi gandu,1,profane_batch_001.csv
class4_batch006_sample031020,6,31020,4,Profane,432020,436020,v3_original_demo_boundary_prompt,4-shot random authentic same-class,Shortlisted authentic RUHSOLD Profane examples,40,naak bandd ho gya bc.,2 years ago i asked my father for my own car. so he said “hbl car loan se lelo” bc itni khajal khawari keh tang akar i bought used honda civic. and mine is way better than new honda city. or sashky apny,"tm jao ma ni ja rha, pehly he adhi zindagi saffr mein guzr gai bc meri.",rt : birthday wali feel hi nai arahi bhenchod,"rt : this is when you start realising why your girlfriend was so obsessed with you. bc she's just like ""mere baap ki chut""",2,profane_batch_006.csv
class4_batch001_sample030044,1,30044,4,Profane,431044,435044,v3_original_demo_boundary_prompt,4-shot random authentic same-class,Shortlisted authentic RUHSOLD Profane examples,40,rt : asa kon ludo khelta hi bc ....😇,rt : bhenchod graph paper pe eraser use karo toh graph paper hi gayab ho jaata hai,inn coaching vaalou ko kaise pta chal jaata hai mera result bhenchod.,mere pas tum ho ny to puray saal ka rula dia bhenchod,kutto ke bachey kutte jaisi behn kahin nhi dete ye jo gandu kaha kar rahe,1,profane_batch_001.csv
class4_batch002_sample030296,2,30296,4,Profane,431296,435296,v3_original_demo_boundary_prompt,4-shot random authentic same-class,Shortlisted authentic RUHSOLD Profane examples,40,mera bhi yaar bhai...jindgi jhand ho gya hai bhenchodv 3 t20 me 300 rupya haar gye....,bhenchod bht kutti haaalat huwe we he bhai,mere pas tum ho ny to puray saal ka rula dia bhenchod,rt : kisi ko bhulnay k liye ussay yaad karna parta hai. aur idhr bhenchod yaad hi ati rehti hai bus,ye bhenchodo dm ki zrurat nhi thi,1,profane_batch_002.csv
class4_batch002_sample030328,2,30328,4,Profane,431328,435328,v3_original_demo_boundary_prompt,4-shot random authentic same-class,Shortlisted authentic RUHSOLD Profane examples,40,neend aa rhi h bc main sone jaa rhi hu 😂,bauhat sardi hai bc,bhenchod kya hai ye sb,ajeeeeb bc 😒😂,rt : khud ko hi follow back nahi krta bc,1,profane_batch_002.csv
class4_batch002_sample030247,2,30247,4,Profane,431247,435247,v3_original_demo_boundary_prompt,4-shot random authentic same-class,Shortlisted authentic RUHSOLD Profane examples,40,rona araha hai bhenchod why am i such a clown why am i so unimportant,nazar lag gayi bhenchod fuck this i knew it would never last,bhenchod aaj sirf roneka mann kar raha hai,dil sumbhal ja zra bhenchod,aaj chup krna maza hai bhenchod,1,profane_batch_002.csv
class4_batch002_sample030336,2,30336,4,Profane,431336,435336,v3_original_demo_boundary_prompt,4-shot random authentic same-class,Shortlisted authentic RUHSOLD Profane examples,40,bhenchod bht kutti haaalat huwe we he bhai,"rt : yaar magar wifi bandh na karna, missile vissile daal do koi dikkat nahi, magar internet chahiye bc",my entire neighborhood is making weird sounds bhenchod shaddi hai kya,inn coaching vaalou ko kaise pta chal jaata hai mera result bhenchod.,rt : i am still waiting for a good friend 😑,1,profane_batch_002.csv
class4_batch002_sample030351,2,30351,4,Profane,431351,435351,v3_original_demo_boundary_prompt,4-shot random authentic same-class,Shortlisted authentic RUHSOLD Profane examples,40,"rt : yaar magar wifi bandh na karna, missile vissile daal do koi dikkat nahi, magar internet chahiye bc",code bhee saaf karna hai abheeee bc,fuck man. the pain is traveling. bhenchod ye naya e corridor khul gya hai.,bhenchod bht kutti haaalat huwe we he bhai,kuch jb se akhrot todne ki zrurat ho tu kro.. tk hi kuch krna ho,1,profane_batch_002.csv
class4_batch002_sample030361,2,30361,4,Profane,431361,435361,v3_original_demo_boundary_prompt,4-shot random authentic same-class,Shortlisted authentic RUHSOLD Profane examples,40,bhenchod what a goal!,ajeeeeb bc 😒😂,fuck man. the pain is traveling. bhenchod ye naya e corridor khul gya hai.,code bhee saaf karna hai abheeee bc,i'm done with life bro,1,profane_batch_002.csv
class4_batch006_sample031001,6,31001,4,Profane,432001,436001,v3_original_demo_boundary_prompt,4-shot random authentic same-class,Shortlisted authentic RUHSOLD Profane examples,40,my entire neighborhood is making weird sounds bhenchod shaddi hai kya,kyaaaa musibbaattt ha yr sara mood khraab kr diya ha bc,i hate ors bhenchod,bhenchod parhna hai. par dimaagh ijazat nahi deta. ajeeb chutiyapa hai ye.,bhenchod why do we even care about such things?,2,profane_batch_006.csv
class4_batch005_sample030960,5,30960,4,Profane,431960,435960,v3_original_demo_boundary_prompt,4-shot random authentic same-class,Shortlisted authentic RUHSOLD Profane examples,40,bhenchod kya hai ye sb,kyaaaa musibbaattt ha yr sara mood khraab kr diya ha bc,rt : asa kon ludo khelta hi bc ....😇,slept for only 4 hours last night bc match daikhty daikhty girny wala hua wa hun,rt : asa kon ludo khelta hi bc ....😇,2,profane_batch_005.csv
class4_batch003_sample030420,3,30420,4,Profane,431420,435420,v3_original_demo_boundary_prompt,4-shot random authentic same-class,Shortlisted authentic RUHSOLD Profane examples,40,code bhee saaf karna hai abheeee bc,ajeeeeb bc 😒😂,mera bhi yaar bhai...jindgi jhand ho gya hai bhenchodv 3 t20 me 300 rupya haar gye....,bhenchod exams uff,nahi ye 50 rupees ki bat hai,1,profane_batch_003.csv
class4_batch002_sample030381,2,30381,4,Profane,431381,435381,v3_original_demo_boundary_prompt,4-shot random authentic same-class,Shortlisted authentic RUHSOLD Profane examples,40,bhenchod bht kutti haaalat huwe we he bhai,bhenchod kya hai ye sb,"rt : yaar magar wifi bandh na karna, missile vissile daal do koi dikkat nahi, magar internet chahiye bc",bc 40 rupees karaya kar diya hai is se acha to banda uber ya cream karwa laye 😏😏😏,pata ni kyun kya rakha ha,1,profane_batch_002.csv
class4_batch004_sample030694,4,30694,4,Profane,431694,435694,v3_original_demo_boundary_prompt,4-shot random authentic same-class,Shortlisted authentic RUHSOLD Profane examples,40,bhenchod mairi thand se phatt rahi hai,kyaaaa musibbaattt ha yr sara mood khraab kr diya ha bc,rt : bhenchod graph paper pe eraser use karo toh graph paper hi gayab ho jaata hai,bhenchod bht kutti haaalat huwe we he bhai,abay woh nhi pta wo kiun kia apni girlfriend ke darmay kaam kar raha hai,2,profane_batch_004.csv
class4_batch003_sample030539,3,30539,4,Profane,431539,435539,v3_original_demo_boundary_prompt,4-shot random authentic same-class,Shortlisted authentic RUHSOLD Profane examples,40,why can’t i multitask???? i’m 22 fucking years old and i still dont know how to multitask bhenchod,bc bb khatm ho gya but i cant move on,"rt : yaar magar wifi bandh na karna, missile vissile daal do koi dikkat nahi, magar internet chahiye bc",kyaaaa musibbaattt ha yr sara mood khraab kr diya ha bc,rt : abhi tak mera mood dekho to ye hai..bc,1,profane_batch_003.csv
class4_batch003_sample030449,3,30449,4,Profane,431449,435449,v3_original_demo_boundary_prompt,4-shot random authentic same-class,Shortlisted authentic RUHSOLD Profane examples,40,bhenchod kya hai ye sb,i hate ors bhenchod,ajeeeeb bc 😒😂,bc bb khatm ho gya but i cant move on,rt : abe randi rona mat kar,1,profane_batch_003.csv
class4_batch004_sample030622,4,30622,4,Profane,431622,435622,v3_original_demo_boundary_prompt,4-shot random authentic same-class,Shortlisted authentic RUHSOLD Profane examples,40,my entire neighborhood is making weird sounds bhenchod shaddi hai kya,bhenchod kya hai ye sb,bhenchod kahan phass gaya hoon,mere pas tum ho ny to puray saal ka rula dia bhenchod,bhenchod itna zyada na hona chahye,2,profane_batch_004.csv
class4_batch002_sample030209,2,30209,4,Profane,431209,435209,v3_original_demo_boundary_prompt,4-shot random authentic same-class,Shortlisted authentic RUHSOLD Profane examples,40,pubg lover hath toota howa hai phir b pubg nhai chorni bc😂😂😂,bhenchod bht kutti haaalat huwe we he bhai,my entire neighborhood is making weird sounds bhenchod shaddi hai kya,bc 40 rupees karaya kar diya hai is se acha to banda uber ya cream karwa laye 😏😏😏,woh bhi dikha khud ka face dekho 🙊,1,profane_batch_002.csv
class4_batch003_sample030554,3,30554,4,Profane,431554,435554,v3_original_demo_boundary_prompt,4-shot random authentic same-class,Shortlisted authentic RUHSOLD Profane examples,40,bhenchod syllabus kuch aur..aur padhke kuch aur gaya.,mera bhi yaar bhai...jindgi jhand ho gya hai bhenchodv 3 t20 me 300 rupya haar gye....,rt : kisi ko bhulnay k liye ussay yaad karna parta hai. aur idhr bhenchod yaad hi ati rehti hai bus,bhenchod exams uff,"rt : it's like they wanna see if i can read their minds and say ""bhenchod""",1,profane_batch_003.csv
class4_batch006_sample031012,6,31012,4,Profane,432012,436012,v3_original_demo_boundary_prompt,4-shot random authentic same-class,Shortlisted authentic RUHSOLD Profane examples,40,"tm jao ma ni ja rha, pehly he adhi zindagi saffr mein guzr gai bc meri.",bhenchod what a goal!,rona araha hai bhenchod why am i such a clown why am i so unimportant,bhenchod aaj sirf roneka mann kar raha hai,bhenchod ye kya hi baat hai,2,profane_batch_006.csv
class4_batch003_sample030481,3,30481,4,Profane,431481,435481,v3_original_demo_boundary_prompt,4-shot random authentic same-class,Shortlisted authentic RUHSOLD Profane examples,40,mera bhi yaar bhai...jindgi jhand ho gya hai bhenchodv 3 t20 me 300 rupya haar gye....,bhenchod parhna hai. par dimaagh ijazat nahi deta. ajeeb chutiyapa hai ye.,main 5'8 ke sath bh chota lgta hn bc😶😑😑😑,rt : asa kon ludo khelta hi bc ....😇,nhi bhai..kuch bhi krna chahte hain,1,profane_batch_003.csv
class4_batch003_sample030432,3,30432,4,Profane,431432,435432,v3_original_demo_boundary_prompt,4-shot random authentic same-class,Shortlisted authentic RUHSOLD Profane examples,40,bhenchod kya hai ye sb,i hate ors bhenchod,bauhat sardi hai bc,bhenchod parhna hai. par dimaagh ijazat nahi deta. ajeeb chutiyapa hai ye.,yeh nawaz sharif ka tweet dekh lo bhenchod,1,profane_batch_003.csv
class4_batch004_sample030626,4,30626,4,Profane,431626,435626,v3_original_demo_boundary_prompt,4-shot random authentic same-class,Shortlisted authentic RUHSOLD Profane examples,40,inn coaching vaalou ko kaise pta chal jaata hai mera result bhenchod.,bhenchod bht kutti haaalat huwe we he bhai,ajeeeeb bc 😒😂,bhenchod what a goal!,🤦‍♂️😭😭 bhenchod tere jaisay kuch bhi nahi tha,2,profane_batch_004.csv
class4_batch001_sample030060,1,30060,4,Profane,431060,435060,v3_original_demo_boundary_prompt,4-shot random authentic same-class,Shortlisted authentic RUHSOLD Profane examples,40,pubg lover hath toota howa hai phir b pubg nhai chorni bc😂😂😂,ajeeeeb bc 😒😂,2 years ago i asked my father for my own car. so he said “hbl car loan se lelo” bc itni khajal khawari keh tang akar i bought used honda civic. and mine is way better than new honda city. or sashky apny,inn coaching vaalou ko kaise pta chal jaata hai mera result bhenchod.,bs meri bat karu na ma ny bhi ye hi kr diya tha,1,profane_batch_001.csv
class4_batch004_sample030621,4,30621,4,Profane,431621,435621,v3_original_demo_boundary_prompt,4-shot random authentic same-class,Shortlisted authentic RUHSOLD Profane examples,40,ajeeeeb bc 😒😂,main 5'8 ke sath bh chota lgta hn bc😶😑😑😑,bhenchod parhna hai. par dimaagh ijazat nahi deta. ajeeb chutiyapa hai ye.,"tm jao ma ni ja rha, pehly he adhi zindagi saffr mein guzr gai bc meri.",kuch nae kahin bc,2,profane_batch_004.csv
class4_batch004_sample030755,4,30755,4,Profane,431755,435755,v3_original_demo_boundary_prompt,4-shot random authentic same-class,Shortlisted authentic RUHSOLD Profane examples,40,bc bb khatm ho gya but i cant move on,fuck man. the pain is traveling. bhenchod ye naya e corridor khul gya hai.,bhenchod aaj sirf roneka mann kar raha hai,rt : asa kon ludo khelta hi bc ....😇,jisne koi paisa nahi lekin kuch chahye tab se bc,2,profane_batch_004.csv
class4_batch001_sample030092,1,30092,4,Profane,431092,435092,v3_original_demo_boundary_prompt,4-shot random authentic same-class,Shortlisted authentic RUHSOLD Profane examples,40,code bhee saaf karna hai abheeee bc,"tm jao ma ni ja rha, pehly he adhi zindagi saffr mein guzr gai bc meri.","rt : yaar magar wifi bandh na karna, missile vissile daal do koi dikkat nahi, magar internet chahiye bc",bhenchod kya hai ye sb,bharwe hain bhenchod,1,profane_batch_001.csv
class4_batch005_sample030901,5,30901,4,Profane,431901,435901,v3_original_demo_boundary_prompt,4-shot random authentic same-class,Shortlisted authentic RUHSOLD Profane examples,40,my entire neighborhood is making weird sounds bhenchod shaddi hai kya,inn coaching vaalou ko kaise pta chal jaata hai mera result bhenchod.,mera bhi yaar bhai...jindgi jhand ho gya hai bhenchodv 3 t20 me 300 rupya haar gye....,bhenchod what a goal!,nahi bhenchod yeh to sabse bada dard hai,2,profane_batch_005.csv
class4_batch003_sample030462,3,30462,4,Profane,431462,435462,v3_original_demo_boundary_prompt,4-shot random authentic same-class,Shortlisted authentic RUHSOLD Profane examples,40,dil sumbhal ja zra bhenchod,bhenchod kya hai ye sb,ajeeeeb bc 😒😂,bauhat sardi hai bc,mjy jhooti lag rhi hai bc,1,profane_batch_003.csv
class4_batch004_sample030666,4,30666,4,Profane,431666,435666,v3_original_demo_boundary_prompt,4-shot random authentic same-class,Shortlisted authentic RUHSOLD Profane examples,40,rt : bhenchod graph paper pe eraser use karo toh graph paper hi gayab ho jaata hai,bauhat sardi hai bc,my entire neighborhood is making weird sounds bhenchod shaddi hai kya,2 years ago i asked my father for my own car. so he said “hbl car loan se lelo” bc itni khajal khawari keh tang akar i bought used honda civic. and mine is way better than new honda city. or sashky apny,teri maa ki choot maroon 5 ne tu woh gandu ka beta tha jo teri maa ko chod raha tha,2,profane_batch_004.csv
class4_batch005_sample030976,5,30976,4,Profane,431976,435976,v3_original_demo_boundary_prompt,4-shot random authentic same-class,Shortlisted authentic RUHSOLD Profane examples,40,rt : kisi ko bhulnay k liye ussay yaad karna parta hai. aur idhr bhenchod yaad hi ati rehti hai bus,dil sumbhal ja zra bhenchod,rona araha hai bhenchod why am i such a clown why am i so unimportant,bhenchod what a goal!,pta tha na chutiya,2,profane_batch_005.csv
class4_batch003_sample030477,3,30477,4,Profane,431477,435477,v3_original_demo_boundary_prompt,4-shot random authentic same-class,Shortlisted authentic RUHSOLD Profane examples,40,neend aa rhi h bc main sone jaa rhi hu 😂,rt : birthday wali feel hi nai arahi bhenchod,mere pas tum ho ny to puray saal ka rula dia bhenchod,pubg lover hath toota howa hai phir b pubg nhai chorni bc😂😂😂,hahaha haan tu bhi kya karega randi kehna mera baap hai,1,profane_batch_003.csv
class4_batch002_sample030332,2,30332,4,Profane,431332,435332,v3_original_demo_boundary_prompt,4-shot random authentic same-class,Shortlisted authentic RUHSOLD Profane examples,40,bhenchod exams uff,bhenchod kahan phass gaya hoon,bc bb khatm ho gya but i cant move on,bhenchod bht kutti haaalat huwe we he bhai,rt : bc wtf is this why are they doing this,1,profane_batch_002.csv
class4_batch005_sample030938,5,30938,4,Profane,431938,435938,v3_original_demo_boundary_prompt,4-shot random authentic same-class,Shortlisted authentic RUHSOLD Profane examples,40,inn coaching vaalou ko kaise pta chal jaata hai mera result bhenchod.,code bhee saaf karna hai abheeee bc,neend aa rhi h bc main sone jaa rhi hu 😂,bhenchod parhna hai. par dimaagh ijazat nahi deta. ajeeb chutiyapa hai ye.,bhenchod yeh kya hogaya h,2,profane_batch_005.csv
class4_batch004_sample030700,4,30700,4,Profane,431700,435700,v3_original_demo_boundary_prompt,4-shot random authentic same-class,Shortlisted authentic RUHSOLD Profane examples,40,bhenchod aaj sirf roneka mann kar raha hai,bhenchod kahan phass gaya hoon,bauhat sardi hai bc,neend aa rhi h bc main sone jaa rhi hu 😂,bahanchod ye bakwas dekhne se boht baray hain,2,profane_batch_004.csv
class4_batch003_sample030464,3,30464,4,Profane,431464,435464,v3_original_demo_boundary_prompt,4-shot random authentic same-class,Shortlisted authentic RUHSOLD Profane examples,40,bhenchod exams uff,"rt : yaar magar wifi bandh na karna, missile vissile daal do koi dikkat nahi, magar internet chahiye bc","tm jao ma ni ja rha, pehly he adhi zindagi saffr mein guzr gai bc meri.",neend aa rhi h bc main sone jaa rhi hu 😂,tmjhy pata ha bc,1,profane_batch_003.csv
class4_batch002_sample030355,2,30355,4,Profane,431355,435355,v3_original_demo_boundary_prompt,4-shot random authentic same-class,Shortlisted authentic RUHSOLD Profane examples,40,rt : kisi ko bhulnay k liye ussay yaad karna parta hai. aur idhr bhenchod yaad hi ati rehti hai bus,pubg lover hath toota howa hai phir b pubg nhai chorni bc😂😂😂,bc 40 rupees karaya kar diya hai is se acha to banda uber ya cream karwa laye 😏😏😏,rt : fariha without fa is riha and  riha kerdo koi bhenchod is zindagi se,rt : bhenchod mc main apko follow kr raha tha,1,profane_batch_002.csv
class4_batch002_sample030362,2,30362,4,Profane,431362,435362,v3_original_demo_boundary_prompt,4-shot random authentic same-class,Shortlisted authentic RUHSOLD Profane examples,40,bhenchod kya hai ye sb,bhenchod exams uff,nazar lag gayi bhenchod fuck this i knew it would never last,bhenchod bht kutti haaalat huwe we he bhai,randi ronay ke liye yahi koi zindagi hoti hai,1,profane_batch_002.csv
class4_batch002_sample030312,2,30312,4,Profane,431312,435312,v3_original_demo_boundary_prompt,4-shot random authentic same-class,Shortlisted authentic RUHSOLD Profane examples,40,main 5'8 ke sath bh chota lgta hn bc😶😑😑😑,slept for only 4 hours last night bc match daikhty daikhty girny wala hua wa hun,inn coaching vaalou ko kaise pta chal jaata hai mera result bhenchod.,why can’t i multitask???? i’m 22 fucking years old and i still dont know how to multitask bhenchod,galiyan bhaunk raha tha jo bhi mujhe kuch bola hota tu bakwas krta tha 😂😂,1,profane_batch_002.csv
class4_batch002_sample030318,2,30318,4,Profane,431318,435318,v3_original_demo_boundary_prompt,4-shot random authentic same-class,Shortlisted authentic RUHSOLD Profane examples,40,bhenchod bht kutti haaalat huwe we he bhai,2 years ago i asked my father for my own car. so he said “hbl car loan se lelo” bc itni khajal khawari keh tang akar i bought used honda civic. and mine is way better than new honda city. or sashky apny,rt : kisi ko bhulnay k liye ussay yaad karna parta hai. aur idhr bhenchod yaad hi ati rehti hai bus,nazar lag gayi bhenchod fuck this i knew it would never last,bhenchod maine nhi chor dia tha woh gand marwa raha tha,1,profane_batch_002.csv
class4_batch006_sample031013,6,31013,4,Profane,432013,436013,v3_original_demo_boundary_prompt,4-shot random authentic same-class,Shortlisted authentic RUHSOLD Profane examples,40,bhenchod what a goal!,inn coaching vaalou ko kaise pta chal jaata hai mera result bhenchod.,"tm jao ma ni ja rha, pehly he adhi zindagi saffr mein guzr gai bc meri.",rt : fariha without fa is riha and  riha kerdo koi bhenchod is zindagi se,bhenchod tum logon ko kya pta tha ke tere baap ne ye kehte the?,2,profane_batch_006.csv
class4_batch002_sample030380,2,30380,4,Profane,431380,435380,v3_original_demo_boundary_prompt,4-shot random authentic same-class,Shortlisted authentic RUHSOLD Profane examples,40,dil sumbhal ja zra bhenchod,rt : bhenchod graph paper pe eraser use karo toh graph paper hi gayab ho jaata hai,bhenchod kahan phass gaya hoon,bhenchod syllabus kuch aur..aur padhke kuch aur gaya.,jisko apne tweet mein sach bola hai uska twitter account chupa kar do bhenchod,1,profane_batch_002.csv
class4_batch001_sample030182,1,30182,4,Profane,431182,435182,v3_original_demo_boundary_prompt,4-shot random authentic same-class,Shortlisted authentic RUHSOLD Profane examples,40,bc 40 rupees karaya kar diya hai is se acha to banda uber ya cream karwa laye 😏😏😏,inn coaching vaalou ko kaise pta chal jaata hai mera result bhenchod.,bhenchod exams uff,bhenchod aaj sirf roneka mann kar raha hai,bhai bhenchod jb mera hmaraa dost nhi bolo toh aisa nahi hota,1,profane_batch_001.csv
class4_batch004_sample030716,4,30716,4,Profane,431716,435716,v3_original_demo_boundary_prompt,4-shot random authentic same-class,Shortlisted authentic RUHSOLD Profane examples,40,why can’t i multitask???? i’m 22 fucking years old and i still dont know how to multitask bhenchod,rt : bhenchod graph paper pe eraser use karo toh graph paper hi gayab ho jaata hai,i should've a bhenchod counter which will count the amount of times i've sad bhenchod,nazar lag gayi bhenchod fuck this i knew it would never last,oye ye nhi tha maine likha tha ab bhenchod,2,profane_batch_004.csv
class4_batch001_sample030110,1,30110,4,Profane,431110,435110,v3_original_demo_boundary_prompt,4-shot random authentic same-class,Shortlisted authentic RUHSOLD Profane examples,40,bhenchod bht kutti haaalat huwe we he bhai,bhenchod mairi thand se phatt rahi hai,i should've a bhenchod counter which will count the amount of times i've sad bhenchod,i hate ors bhenchod,ye larka or aisi ki gf ka story rakhega hai na 😂,1,profane_batch_001.csv
class4_batch003_sample030530,3,30530,4,Profane,431530,435530,v3_original_demo_boundary_prompt,4-shot random authentic same-class,Shortlisted authentic RUHSOLD Profane examples,40,why can’t i multitask???? i’m 22 fucking years old and i still dont know how to multitask bhenchod,2 years ago i asked my father for my own car. so he said “hbl car loan se lelo” bc itni khajal khawari keh tang akar i bought used honda civic. and mine is way better than new honda city. or sashky apny,bc bb khatm ho gya but i cant move on,bhenchod kya hai ye sb,bhenchod tujhe koi pata nahi?,1,profane_batch_003.csv
class4_batch002_sample030377,2,30377,4,Profane,431377,435377,v3_original_demo_boundary_prompt,4-shot random authentic same-class,Shortlisted authentic RUHSOLD Profane examples,40,bauhat sardi hai bc,bhenchod syllabus kuch aur..aur padhke kuch aur gaya.,rt : asa kon ludo khelta hi bc ....😇,nazar lag gayi bhenchod fuck this i knew it would never last,ye kya bat hai charsi,1,profane_batch_002.csv
class4_batch004_sample030713,4,30713,4,Profane,431713,435713,v3_original_demo_boundary_prompt,4-shot random authentic same-class,Shortlisted authentic RUHSOLD Profane examples,40,naak bandd ho gya bc.,bhenchod bht kutti haaalat huwe we he bhai,bhenchod mairi thand se phatt rahi hai,rt : bhenchod graph paper pe eraser use karo toh graph paper hi gayab ho jaata hai,tum logon ki jooti mein phudi ka zardusi bhi nahi hota,2,profane_batch_004.csv
class4_batch005_sample030872,5,30872,4,Profane,431872,435872,v3_original_demo_boundary_prompt,4-shot random authentic same-class,Shortlisted authentic RUHSOLD Profane examples,40,"tm jao ma ni ja rha, pehly he adhi zindagi saffr mein guzr gai bc meri.",naak bandd ho gya bc.,bhenchod kya hai ye sb,rt : kisi ko bhulnay k liye ussay yaad karna parta hai. aur idhr bhenchod yaad hi ati rehti hai bus,rt : bhenchod,2,profane_batch_005.csv
class4_batch005_sample030939,5,30939,4,Profane,431939,435939,v3_original_demo_boundary_prompt,4-shot random authentic same-class,Shortlisted authentic RUHSOLD Profane examples,40,kyaaaa musibbaattt ha yr sara mood khraab kr diya ha bc,dil sumbhal ja zra bhenchod,rt : asa kon ludo khelta hi bc ....😇,bhenchod exams uff,ye tu bhi bc kehti hn jesa,2,profane_batch_005.csv
class4_batch004_sample030731,4,30731,4,Profane,431731,435731,v3_original_demo_boundary_prompt,4-shot random authentic same-class,Shortlisted authentic RUHSOLD Profane examples,40,bhenchod aaj sirf roneka mann kar raha hai,"tm jao ma ni ja rha, pehly he adhi zindagi saffr mein guzr gai bc meri.",neend aa rhi h bc main sone jaa rhi hu 😂,mera bhi yaar bhai...jindgi jhand ho gya hai bhenchodv 3 t20 me 300 rupya haar gye....,ye bhenchodo kutte ki nasal ho rahi hai,2,profane_batch_004.csv
class4_batch002_sample030292,2,30292,4,Profane,431292,435292,v3_original_demo_boundary_prompt,4-shot random authentic same-class,Shortlisted authentic RUHSOLD Profane examples,40,my entire neighborhood is making weird sounds bhenchod shaddi hai kya,bhenchod what a goal!,mera bhi yaar bhai...jindgi jhand ho gya hai bhenchodv 3 t20 me 300 rupya haar gye....,bc 40 rupees karaya kar diya hai is se acha to banda uber ya cream karwa laye 😏😏😏,bc koi bat nahin krna chahiye..,1,profane_batch_002.csv
class4_batch003_sample030436,3,30436,4,Profane,431436,435436,v3_original_demo_boundary_prompt,4-shot random authentic same-class,Shortlisted authentic RUHSOLD Profane examples,40,i should've a bhenchod counter which will count the amount of times i've sad bhenchod,2 years ago i asked my father for my own car. so he said “hbl car loan se lelo” bc itni khajal khawari keh tang akar i bought used honda civic. and mine is way better than new honda city. or sashky apny,rt : kisi ko bhulnay k liye ussay yaad karna parta hai. aur idhr bhenchod yaad hi ati rehti hai bus,slept for only 4 hours last night bc match daikhty daikhty girny wala hua wa hun,abb yehi toh thi kiya na. yahan dhamki mat do,1,profane_batch_003.csv
class4_batch005_sample030835,5,30835,4,Profane,431835,435835,v3_original_demo_boundary_prompt,4-shot random authentic same-class,Shortlisted authentic RUHSOLD Profane examples,40,bhenchod syllabus kuch aur..aur padhke kuch aur gaya.,bhenchod parhna hai. par dimaagh ijazat nahi deta. ajeeb chutiyapa hai ye.,bhenchod exams uff,why can’t i multitask???? i’m 22 fucking years old and i still dont know how to multitask bhenchod,bc maine apko follow kr dya tha😂,2,profane_batch_005.csv
class4_batch002_sample030307,2,30307,4,Profane,431307,435307,v3_original_demo_boundary_prompt,4-shot random authentic same-class,Shortlisted authentic RUHSOLD Profane examples,40,rt : fariha without fa is riha and  riha kerdo koi bhenchod is zindagi se,kyaaaa musibbaattt ha yr sara mood khraab kr diya ha bc,rt : kisi ko bhulnay k liye ussay yaad karna parta hai. aur idhr bhenchod yaad hi ati rehti hai bus,rt : asa kon ludo khelta hi bc ....😇,ajeeb bhenchod mazaq chod kar,1,profane_batch_002.csv
class4_batch002_sample030289,2,30289,4,Profane,431289,435289,v3_original_demo_boundary_prompt,4-shot random authentic same-class,Shortlisted authentic RUHSOLD Profane examples,40,bhenchod what a goal!,bhenchod syllabus kuch aur..aur padhke kuch aur gaya.,i hate ors bhenchod,pubg lover hath toota howa hai phir b pubg nhai chorni bc😂😂😂,bhenchod sahi nahee hoti,1,profane_batch_002.csv
class4_batch005_sample030968,5,30968,4,Profane,431968,435968,v3_original_demo_boundary_prompt,4-shot random authentic same-class,Shortlisted authentic RUHSOLD Profane examples,40,pubg lover hath toota howa hai phir b pubg nhai chorni bc😂😂😂,fuck man. the pain is traveling. bhenchod ye naya e corridor khul gya hai.,rt : asa kon ludo khelta hi bc ....😇,rt : bhenchod graph paper pe eraser use karo toh graph paper hi gayab ho jaata hai,bhai rahne do abhi tak ye nai puchi,2,profane_batch_005.csv
class4_batch002_sample030215,2,30215,4,Profane,431215,435215,v3_original_demo_boundary_prompt,4-shot random authentic same-class,Shortlisted authentic RUHSOLD Profane examples,40,why can’t i multitask???? i’m 22 fucking years old and i still dont know how to multitask bhenchod,slept for only 4 hours last night bc match daikhty daikhty girny wala hua wa hun,i hate ors bhenchod,my entire neighborhood is making weird sounds bhenchod shaddi hai kya,khud bhi bhenchod kia hota hai,1,profane_batch_002.csv
class4_batch004_sample030630,4,30630,4,Profane,431630,435630,v3_original_demo_boundary_prompt,4-shot random authentic same-class,Shortlisted authentic RUHSOLD Profane examples,40,fuck man. the pain is traveling. bhenchod ye naya e corridor khul gya hai.,"tm jao ma ni ja rha, pehly he adhi zindagi saffr mein guzr gai bc meri.",bhenchod parhna hai. par dimaagh ijazat nahi deta. ajeeb chutiyapa hai ye.,bc bb khatm ho gya but i cant move on,ye mard ki trah pata hi nhi hoga,2,profane_batch_004.csv
class4_batch002_sample030280,2,30280,4,Profane,431280,435280,v3_original_demo_boundary_prompt,4-shot random authentic same-class,Shortlisted authentic RUHSOLD Profane examples,40,dil sumbhal ja zra bhenchod,kyaaaa musibbaattt ha yr sara mood khraab kr diya ha bc,nazar lag gayi bhenchod fuck this i knew it would never last,bhenchod mairi thand se phatt rahi hai,ye jis din marwa dete ho wo sab aik bar tum ko milta hai.,1,profane_batch_002.csv
class4_batch004_sample030673,4,30673,4,Profane,431673,435673,v3_original_demo_boundary_prompt,4-shot random authentic same-class,Shortlisted authentic RUHSOLD Profane examples,40,i should've a bhenchod counter which will count the amount of times i've sad bhenchod,bhenchod mairi thand se phatt rahi hai,bhenchod kahan phass gaya hoon,ajeeeeb bc 😒😂,bhenchod saali,2,profane_batch_004.csv
class4_batch003_sample030450,3,30450,4,Profane,431450,435450,v3_original_demo_boundary_prompt,4-shot random authentic same-class,Shortlisted authentic RUHSOLD Profane examples,40,2 years ago i asked my father for my own car. so he said “hbl car loan se lelo” bc itni khajal khawari keh tang akar i bought used honda civic. and mine is way better than new honda city. or sashky apny,kyaaaa musibbaattt ha yr sara mood khraab kr diya ha bc,nazar lag gayi bhenchod fuck this i knew it would never last,mera bhi yaar bhai...jindgi jhand ho gya hai bhenchodv 3 t20 me 300 rupya haar gye....,yeh tumhary sath nai jaty kbhi,1,profane_batch_003.csv
class4_batch002_sample030298,2,30298,4,Profane,431298,435298,v3_original_demo_boundary_prompt,4-shot random authentic same-class,Shortlisted authentic RUHSOLD Profane examples,40,i hate ors bhenchod,fuck man. the pain is traveling. bhenchod ye naya e corridor khul gya hai.,bhenchod mairi thand se phatt rahi hai,why can’t i multitask???? i’m 22 fucking years old and i still dont know how to multitask bhenchod,bhenchod maira ghar main tk baith k nahi ja raha,1,profane_batch_002.csv
class4_batch004_sample030785,4,30785,4,Profane,431785,435785,v3_original_demo_boundary_prompt,4-shot random authentic same-class,Shortlisted authentic RUHSOLD Profane examples,40,fuck man. the pain is traveling. bhenchod ye naya e corridor khul gya hai.,bc bb khatm ho gya but i cant move on,"rt : yaar magar wifi bandh na karna, missile vissile daal do koi dikkat nahi, magar internet chahiye bc",rt : asa kon ludo khelta hi bc ....😇,bhenchod sahi hai mein yaha pehle hota tha,2,profane_batch_004.csv
class4_batch001_sample030137,1,30137,4,Profane,431137,435137,v3_original_demo_boundary_prompt,4-shot random authentic same-class,Shortlisted authentic RUHSOLD Profane examples,40,ajeeeeb bc 😒😂,rona araha hai bhenchod why am i such a clown why am i so unimportant,"rt : koi physics samjha de bhenchod,,,,",kyaaaa musibbaattt ha yr sara mood khraab kr diya ha bc,ye to bhenchod jaisa tha na,1,profane_batch_001.csv
class4_batch002_sample030305,2,30305,4,Profane,431305,435305,v3_original_demo_boundary_prompt,4-shot random authentic same-class,Shortlisted authentic RUHSOLD Profane examples,40,why can’t i multitask???? i’m 22 fucking years old and i still dont know how to multitask bhenchod,rt : birthday wali feel hi nai arahi bhenchod,mera bhi yaar bhai...jindgi jhand ho gya hai bhenchodv 3 t20 me 300 rupya haar gye....,nazar lag gayi bhenchod fuck this i knew it would never last,rt : pakistan ka sharam kabhi nahin kiya tha? bc kia baat ha,1,profane_batch_002.csv
class4_batch005_sample030807,5,30807,4,Profane,431807,435807,v3_original_demo_boundary_prompt,4-shot random authentic same-class,Shortlisted authentic RUHSOLD Profane examples,40,2 years ago i asked my father for my own car. so he said “hbl car loan se lelo” bc itni khajal khawari keh tang akar i bought used honda civic. and mine is way better than new honda city. or sashky apny,bhenchod syllabus kuch aur..aur padhke kuch aur gaya.,bhenchod bht kutti haaalat huwe we he bhai,pubg lover hath toota howa hai phir b pubg nhai chorni bc😂😂😂,bhenchod mazaq krna pata nahi,2,profane_batch_005.csv
class4_batch002_sample030294,2,30294,4,Profane,431294,435294,v3_original_demo_boundary_prompt,4-shot random authentic same-class,Shortlisted authentic RUHSOLD Profane examples,40,ajeeeeb bc 😒😂,bauhat sardi hai bc,bhenchod syllabus kuch aur..aur padhke kuch aur gaya.,bc bb khatm ho gya but i cant move on,bhenchod ye mahira ko aise hi support krte hai jinke liye bhaunk raha tha kya,1,profane_batch_002.csv
class4_batch003_sample030599,3,30599,4,Profane,431599,435599,v3_original_demo_boundary_prompt,4-shot random authentic same-class,Shortlisted authentic RUHSOLD Profane examples,40,rt : kisi ko bhulnay k liye ussay yaad karna parta hai. aur idhr bhenchod yaad hi ati rehti hai bus,bhenchod mairi thand se phatt rahi hai,mere pas tum ho ny to puray saal ka rula dia bhenchod,bc 40 rupees karaya kar diya hai is se acha to banda uber ya cream karwa laye 😏😏😏,bhai logon ne chutiye kehna sochna shuru kr dia... ye bhenchod aisa hi nahi hota koi jism ki wja sy mujhey kha ja raha hoga,1,profane_batch_003.csv
class4_batch003_sample030581,3,30581,4,Profane,431581,435581,v3_original_demo_boundary_prompt,4-shot random authentic same-class,Shortlisted authentic RUHSOLD Profane examples,40,bhenchod what a goal!,i hate ors bhenchod,rt : bhenchod graph paper pe eraser use karo toh graph paper hi gayab ho jaata hai,rt : asa kon ludo khelta hi bc ....😇,abe mera number dekh lein bc,1,profane_batch_003.csv
class4_batch001_sample030029,1,30029,4,Profane,431029,435029,v3_original_demo_boundary_prompt,4-shot random authentic same-class,Shortlisted authentic RUHSOLD Profane examples,40,rt : bhenchod graph paper pe eraser use karo toh graph paper hi gayab ho jaata hai,bhenchod parhna hai. par dimaagh ijazat nahi deta. ajeeb chutiyapa hai ye.,bhenchod syllabus kuch aur..aur padhke kuch aur gaya.,dil sumbhal ja zra bhenchod,rt : tu mard hi nahi thaaa kya.,1,profane_batch_001.csv
class4_batch001_sample030165,1,30165,4,Profane,431165,435165,v3_original_demo_boundary_prompt,4-shot random authentic same-class,Shortlisted authentic RUHSOLD Profane examples,40,rt : birthday wali feel hi nai arahi bhenchod,bhenchod kahan phass gaya hoon,slept for only 4 hours last night bc match daikhty daikhty girny wala hua wa hun,i should've a bhenchod counter which will count the amount of times i've sad bhenchod,pata nahi bhai tum logon ne kabhi soch liya tha na ki pta chl jayega,1,profane_batch_001.csv
class4_batch002_sample030248,2,30248,4,Profane,431248,435248,v3_original_demo_boundary_prompt,4-shot random authentic same-class,Shortlisted authentic RUHSOLD Profane examples,40,rt : birthday wali feel hi nai arahi bhenchod,rt : asa kon ludo khelta hi bc ....😇,dil sumbhal ja zra bhenchod,neend aa rhi h bc main sone jaa rhi hu 😂,pata chl gya na apko 🤣,1,profane_batch_002.csv
class4_batch002_sample030310,2,30310,4,Profane,431310,435310,v3_original_demo_boundary_prompt,4-shot random authentic same-class,Shortlisted authentic RUHSOLD Profane examples,40,why can’t i multitask???? i’m 22 fucking years old and i still dont know how to multitask bhenchod,rt : asa kon ludo khelta hi bc ....😇,inn coaching vaalou ko kaise pta chal jaata hai mera result bhenchod.,bauhat sardi hai bc,ye baat mat bolna bc,1,profane_batch_002.csv
class4_batch004_sample030685,4,30685,4,Profane,431685,435685,v3_original_demo_boundary_prompt,4-shot random authentic same-class,Shortlisted authentic RUHSOLD Profane examples,40,bhenchod exams uff,fuck man. the pain is traveling. bhenchod ye naya e corridor khul gya hai.,bhenchod syllabus kuch aur..aur padhke kuch aur gaya.,mera bhi yaar bhai...jindgi jhand ho gya hai bhenchodv 3 t20 me 300 rupya haar gye....,bc maine apne khilaf nahi bolta..😂,2,profane_batch_004.csv
class4_batch005_sample030843,5,30843,4,Profane,431843,435843,v3_original_demo_boundary_prompt,4-shot random authentic same-class,Shortlisted authentic RUHSOLD Profane examples,40,mera bhi yaar bhai...jindgi jhand ho gya hai bhenchodv 3 t20 me 300 rupya haar gye....,neend aa rhi h bc main sone jaa rhi hu 😂,"tm jao ma ni ja rha, pehly he adhi zindagi saffr mein guzr gai bc meri.",bc bb khatm ho gya but i cant move on,rt : bc tu apni bat krta tha ke jaldi 750k followers ki hai tujhe pata chlga,2,profane_batch_005.csv
class4_batch002_sample030342,2,30342,4,Profane,431342,435342,v3_original_demo_boundary_prompt,4-shot random authentic same-class,Shortlisted authentic RUHSOLD Profane examples,40,"rt : yaar magar wifi bandh na karna, missile vissile daal do koi dikkat nahi, magar internet chahiye bc",2 years ago i asked my father for my own car. so he said “hbl car loan se lelo” bc itni khajal khawari keh tang akar i bought used honda civic. and mine is way better than new honda city. or sashky apny,"rt : koi physics samjha de bhenchod,,,,",rt : fariha without fa is riha and  riha kerdo koi bhenchod is zindagi se,rt : mc kya bhenchodo,1,profane_batch_002.csv
class4_batch004_sample030605,4,30605,4,Profane,431605,435605,v3_original_demo_boundary_prompt,4-shot random authentic same-class,Shortlisted authentic RUHSOLD Profane examples,40,bhenchod syllabus kuch aur..aur padhke kuch aur gaya.,"tm jao ma ni ja rha, pehly he adhi zindagi saffr mein guzr gai bc meri.",mere pas tum ho ny to puray saal ka rula dia bhenchod,bhenchod what a goal!,tm logo ko dikhta hai ab bhenchod apni tarah ke logon ki choti si nangi jagah se akela rakhty hain,2,profane_batch_004.csv
class4_batch003_sample030526,3,30526,4,Profane,431526,435526,v3_original_demo_boundary_prompt,4-shot random authentic same-class,Shortlisted authentic RUHSOLD Profane examples,40,bauhat sardi hai bc,nazar lag gayi bhenchod fuck this i knew it would never last,bc bb khatm ho gya but i cant move on,slept for only 4 hours last night bc match daikhty daikhty girny wala hua wa hun,bc i am too old for my own shit,1,profane_batch_003.csv
class4_batch001_sample030065,1,30065,4,Profane,431065,435065,v3_original_demo_boundary_prompt,4-shot random authentic same-class,Shortlisted authentic RUHSOLD Profane examples,40,fuck man. the pain is traveling. bhenchod ye naya e corridor khul gya hai.,bauhat sardi hai bc,bhenchod kya hai ye sb,rt : birthday wali feel hi nai arahi bhenchod,mtlb bc jab tak zindagi mein tu samjh raha tha naa...bhenchod itne saal main unka maa baap tere liye pata chala gaya hai,1,profane_batch_001.csv
class4_batch004_sample030631,4,30631,4,Profane,431631,435631,v3_original_demo_boundary_prompt,4-shot random authentic same-class,Shortlisted authentic RUHSOLD Profane examples,40,bc 40 rupees karaya kar diya hai is se acha to banda uber ya cream karwa laye 😏😏😏,rt : bhenchod graph paper pe eraser use karo toh graph paper hi gayab ho jaata hai,neend aa rhi h bc main sone jaa rhi hu 😂,rt : asa kon ludo khelta hi bc ....😇,rt : tu nikal nahi paayega,2,profane_batch_004.csv
class4_batch005_sample030891,5,30891,4,Profane,431891,435891,v3_original_demo_boundary_prompt,4-shot random authentic same-class,Shortlisted authentic RUHSOLD Profane examples,40,why can’t i multitask???? i’m 22 fucking years old and i still dont know how to multitask bhenchod,bauhat sardi hai bc,dil sumbhal ja zra bhenchod,bc 40 rupees karaya kar diya hai is se acha to banda uber ya cream karwa laye 😏😏😏,abu kuch rakho phir bhi teri maa chod deta hun,2,profane_batch_005.csv
class4_batch002_sample030254,2,30254,4,Profane,431254,435254,v3_original_demo_boundary_prompt,4-shot random authentic same-class,Shortlisted authentic RUHSOLD Profane examples,40,bhenchod bht kutti haaalat huwe we he bhai,bhenchod parhna hai. par dimaagh ijazat nahi deta. ajeeb chutiyapa hai ye.,nazar lag gayi bhenchod fuck this i knew it would never last,bhenchod syllabus kuch aur..aur padhke kuch aur gaya.,bc agr jb nhi tho tu kia krtay,1,profane_batch_002.csv
class4_batch004_sample030718,4,30718,4,Profane,431718,435718,v3_original_demo_boundary_prompt,4-shot random authentic same-class,Shortlisted authentic RUHSOLD Profane examples,40,bhenchod bht kutti haaalat huwe we he bhai,rt : fariha without fa is riha and  riha kerdo koi bhenchod is zindagi se,"tm jao ma ni ja rha, pehly he adhi zindagi saffr mein guzr gai bc meri.",rt : bhenchod graph paper pe eraser use karo toh graph paper hi gayab ho jaata hai,ab ye wali galiyan krta hun jab mjy sikha diya nae,2,profane_batch_004.csv
class4_batch004_sample030770,4,30770,4,Profane,431770,435770,v3_original_demo_boundary_prompt,4-shot random authentic same-class,Shortlisted authentic RUHSOLD Profane examples,40,bhenchod syllabus kuch aur..aur padhke kuch aur gaya.,bc 40 rupees karaya kar diya hai is se acha to banda uber ya cream karwa laye 😏😏😏,"rt : koi physics samjha de bhenchod,,,,",fuck man. the pain is traveling. bhenchod ye naya e corridor khul gya hai.,rt : yar apne baap ka naam kia ha? bc,2,profane_batch_004.csv
class4_batch002_sample030221,2,30221,4,Profane,431221,435221,v3_original_demo_boundary_prompt,4-shot random authentic same-class,Shortlisted authentic RUHSOLD Profane examples,40,ajeeeeb bc 😒😂,"rt : yaar magar wifi bandh na karna, missile vissile daal do koi dikkat nahi, magar internet chahiye bc",bhenchod aaj sirf roneka mann kar raha hai,rt : kisi ko bhulnay k liye ussay yaad karna parta hai. aur idhr bhenchod yaad hi ati rehti hai bus,rt : rt : ye nhi dekh ley gandu,1,profane_batch_002.csv
class4_batch002_sample030235,2,30235,4,Profane,431235,435235,v3_original_demo_boundary_prompt,4-shot random authentic same-class,Shortlisted authentic RUHSOLD Profane examples,40,i hate ors bhenchod,ajeeeeb bc 😒😂,2 years ago i asked my father for my own car. so he said “hbl car loan se lelo” bc itni khajal khawari keh tang akar i bought used honda civic. and mine is way better than new honda city. or sashky apny,fuck man. the pain is traveling. bhenchod ye naya e corridor khul gya hai.,agr yeh tu charsi tha to mera jism meri marzi bhi tere pakistani aurat ko haq nahin milta tha 😉,1,profane_batch_002.csv
class4_batch003_sample030429,3,30429,4,Profane,431429,435429,v3_original_demo_boundary_prompt,4-shot random authentic same-class,Shortlisted authentic RUHSOLD Profane examples,40,fuck man. the pain is traveling. bhenchod ye naya e corridor khul gya hai.,mere pas tum ho ny to puray saal ka rula dia bhenchod,bhenchod kya hai ye sb,my entire neighborhood is making weird sounds bhenchod shaddi hai kya,jab tak tu dikha deta tha ki tu chutiye hi to tere se bhi baat mat kar.,1,profane_batch_003.csv
class4_batch003_sample030543,3,30543,4,Profane,431543,435543,v3_original_demo_boundary_prompt,4-shot random authentic same-class,Shortlisted authentic RUHSOLD Profane examples,40,dil sumbhal ja zra bhenchod,inn coaching vaalou ko kaise pta chal jaata hai mera result bhenchod.,bc bb khatm ho gya but i cant move on,i should've a bhenchod counter which will count the amount of times i've sad bhenchod,dil se hi bhenchod,1,profane_batch_003.csv
class4_batch003_sample030440,3,30440,4,Profane,431440,435440,v3_original_demo_boundary_prompt,4-shot random authentic same-class,Shortlisted authentic RUHSOLD Profane examples,40,rt : asa kon ludo khelta hi bc ....😇,bhenchod aaj sirf roneka mann kar raha hai,mere pas tum ho ny to puray saal ka rula dia bhenchod,bhenchod exams uff,mera pass tmhri maa chod dena tha aur tu pata nahi bharwa😂,1,profane_batch_003.csv
class4_batch003_sample030588,3,30588,4,Profane,431588,435588,v3_original_demo_boundary_prompt,4-shot random authentic same-class,Shortlisted authentic RUHSOLD Profane examples,40,mere pas tum ho ny to puray saal ka rula dia bhenchod,bhenchod mairi thand se phatt rahi hai,rt : bhenchod graph paper pe eraser use karo toh graph paper hi gayab ho jaata hai,rt : asa kon ludo khelta hi bc ....😇,rt : bhenchod yeh koi sara din chali gaya uske baad,1,profane_batch_003.csv
class4_batch005_sample030972,5,30972,4,Profane,431972,435972,v3_original_demo_boundary_prompt,4-shot random authentic same-class,Shortlisted authentic RUHSOLD Profane examples,40,slept for only 4 hours last night bc match daikhty daikhty girny wala hua wa hun,rt : asa kon ludo khelta hi bc ....😇,i hate ors bhenchod,"rt : yaar magar wifi bandh na karna, missile vissile daal do koi dikkat nahi, magar internet chahiye bc","bhaunk raha tha yahan ki tarah, ye jo aadat ho gaya hai mjhy usko zada zada sambhal jana padega",2,profane_batch_005.csv
class4_batch002_sample030249,2,30249,4,Profane,431249,435249,v3_original_demo_boundary_prompt,4-shot random authentic same-class,Shortlisted authentic RUHSOLD Profane examples,40,bhenchod kahan phass gaya hoon,bhenchod exams uff,rona araha hai bhenchod why am i such a clown why am i so unimportant,bhenchod parhna hai. par dimaagh ijazat nahi deta. ajeeb chutiyapa hai ye.,bhenchod sach mn tere jaisi larkiyan hi hain,1,profane_batch_002.csv
class4_batch003_sample030578,3,30578,4,Profane,431578,435578,v3_original_demo_boundary_prompt,4-shot random authentic same-class,Shortlisted authentic RUHSOLD Profane examples,40,bhenchod kya hai ye sb,bhenchod kahan phass gaya hoon,my entire neighborhood is making weird sounds bhenchod shaddi hai kya,inn coaching vaalou ko kaise pta chal jaata hai mera result bhenchod.,yeh hi duniya tha bhenchod,1,profane_batch_003.csv
class4_batch003_sample030409,3,30409,4,Profane,431409,435409,v3_original_demo_boundary_prompt,4-shot random authentic same-class,Shortlisted authentic RUHSOLD Profane examples,40,fuck man. the pain is traveling. bhenchod ye naya e corridor khul gya hai.,my entire neighborhood is making weird sounds bhenchod shaddi hai kya,i should've a bhenchod counter which will count the amount of times i've sad bhenchod,why can’t i multitask???? i’m 22 fucking years old and i still dont know how to multitask bhenchod,rt : chupa raho bc,1,profane_batch_003.csv
class4_batch001_sample030071,1,30071,4,Profane,431071,435071,v3_original_demo_boundary_prompt,4-shot random authentic same-class,Shortlisted authentic RUHSOLD Profane examples,40,rt : fariha without fa is riha and  riha kerdo koi bhenchod is zindagi se,"tm jao ma ni ja rha, pehly he adhi zindagi saffr mein guzr gai bc meri.",bc bb khatm ho gya but i cant move on,rt : birthday wali feel hi nai arahi bhenchod,bc pata chal gaya kaisa hua,1,profane_batch_001.csv
class4_batch001_sample030094,1,30094,4,Profane,431094,435094,v3_original_demo_boundary_prompt,4-shot random authentic same-class,Shortlisted authentic RUHSOLD Profane examples,40,slept for only 4 hours last night bc match daikhty daikhty girny wala hua wa hun,bhenchod kya hai ye sb,inn coaching vaalou ko kaise pta chal jaata hai mera result bhenchod.,bhenchod kahan phass gaya hoon,jab tak tu apni maa ko dikhana chahta ho tab tak tu nhi dekh sakta,1,profane_batch_001.csv
class4_batch001_sample030033,1,30033,4,Profane,431033,435033,v3_original_demo_boundary_prompt,4-shot random authentic same-class,Shortlisted authentic RUHSOLD Profane examples,40,2 years ago i asked my father for my own car. so he said “hbl car loan se lelo” bc itni khajal khawari keh tang akar i bought used honda civic. and mine is way better than new honda city. or sashky apny,nazar lag gayi bhenchod fuck this i knew it would never last,kyaaaa musibbaattt ha yr sara mood khraab kr diya ha bc,bhenchod syllabus kuch aur..aur padhke kuch aur gaya.,oho bhai wo 100% ha mera dna tha ye pata nhi kbhi nae kiya ha,1,profane_batch_001.csv
class4_batch004_sample030644,4,30644,4,Profane,431644,435644,v3_original_demo_boundary_prompt,4-shot random authentic same-class,Shortlisted authentic RUHSOLD Profane examples,40,bhenchod exams uff,code bhee saaf karna hai abheeee bc,bhenchod syllabus kuch aur..aur padhke kuch aur gaya.,pubg lover hath toota howa hai phir b pubg nhai chorni bc😂😂😂,randi rona kiya karo,2,profane_batch_004.csv
class4_batch002_sample030259,2,30259,4,Profane,431259,435259,v3_original_demo_boundary_prompt,4-shot random authentic same-class,Shortlisted authentic RUHSOLD Profane examples,40,bhenchod kya hai ye sb,bhenchod what a goal!,bhenchod exams uff,neend aa rhi h bc main sone jaa rhi hu 😂,rt : i'm not saying i'm ugly but mehngi randi ki nasal,1,profane_batch_002.csv
class4_batch002_sample030204,2,30204,4,Profane,431204,435204,v3_original_demo_boundary_prompt,4-shot random authentic same-class,Shortlisted authentic RUHSOLD Profane examples,40,naak bandd ho gya bc.,main 5'8 ke sath bh chota lgta hn bc😶😑😑😑,bhenchod bht kutti haaalat huwe we he bhai,my entire neighborhood is making weird sounds bhenchod shaddi hai kya,abbhi tk 10 min phir beth jayga..,1,profane_batch_002.csv
class4_batch004_sample030798,4,30798,4,Profane,431798,435798,v3_original_demo_boundary_prompt,4-shot random authentic same-class,Shortlisted authentic RUHSOLD Profane examples,40,rt : fariha without fa is riha and  riha kerdo koi bhenchod is zindagi se,rona araha hai bhenchod why am i such a clown why am i so unimportant,inn coaching vaalou ko kaise pta chal jaata hai mera result bhenchod.,kyaaaa musibbaattt ha yr sara mood khraab kr diya ha bc,bhenchod sahi nai tha kia apne jis ki bat hi nahi karte,2,profane_batch_004.csv
class4_batch004_sample030620,4,30620,4,Profane,431620,435620,v3_original_demo_boundary_prompt,4-shot random authentic same-class,Shortlisted authentic RUHSOLD Profane examples,40,kyaaaa musibbaattt ha yr sara mood khraab kr diya ha bc,rt : asa kon ludo khelta hi bc ....😇,main 5'8 ke sath bh chota lgta hn bc😶😑😑😑,bhenchod kahan phass gaya hoon,sahi marna tha bhadwa,2,profane_batch_004.csv
class4_batch002_sample030365,2,30365,4,Profane,431365,435365,v3_original_demo_boundary_prompt,4-shot random authentic same-class,Shortlisted authentic RUHSOLD Profane examples,40,i hate ors bhenchod,rt : bhenchod graph paper pe eraser use karo toh graph paper hi gayab ho jaata hai,bhenchod kahan phass gaya hoon,mera bhi yaar bhai...jindgi jhand ho gya hai bhenchodv 3 t20 me 300 rupya haar gye....,randi ki nasal yahi rehna chod dena,1,profane_batch_002.csv
class4_batch001_sample030077,1,30077,4,Profane,431077,435077,v3_original_demo_boundary_prompt,4-shot random authentic same-class,Shortlisted authentic RUHSOLD Profane examples,40,rt : birthday wali feel hi nai arahi bhenchod,rt : fariha without fa is riha and  riha kerdo koi bhenchod is zindagi se,naak bandd ho gya bc.,bhenchod exams uff,rt : bhenchod hain yeh aurat march,1,profane_batch_001.csv
class4_batch001_sample030084,1,30084,4,Profane,431084,435084,v3_original_demo_boundary_prompt,4-shot random authentic same-class,Shortlisted authentic RUHSOLD Profane examples,40,bhenchod parhna hai. par dimaagh ijazat nahi deta. ajeeb chutiyapa hai ye.,naak bandd ho gya bc.,why can’t i multitask???? i’m 22 fucking years old and i still dont know how to multitask bhenchod,bhenchod syllabus kuch aur..aur padhke kuch aur gaya.,tere jaisay bharwey se hi pata chalta haa,1,profane_batch_001.csv
class4_batch005_sample030994,5,30994,4,Profane,431994,435994,v3_original_demo_boundary_prompt,4-shot random authentic same-class,Shortlisted authentic RUHSOLD Profane examples,40,bauhat sardi hai bc,rt : birthday wali feel hi nai arahi bhenchod,bc bb khatm ho gya but i cant move on,rt : kisi ko bhulnay k liye ussay yaad karna parta hai. aur idhr bhenchod yaad hi ati rehti hai bus,bhenchod ye chutiya pata nahi,2,profane_batch_005.csv
class4_batch001_sample030082,1,30082,4,Profane,431082,435082,v3_original_demo_boundary_prompt,4-shot random authentic same-class,Shortlisted authentic RUHSOLD Profane examples,40,mere pas tum ho ny to puray saal ka rula dia bhenchod,rt : birthday wali feel hi nai arahi bhenchod,mera bhi yaar bhai...jindgi jhand ho gya hai bhenchodv 3 t20 me 300 rupya haar gye....,bc bb khatm ho gya but i cant move on,"my best friend said ""koi naa"" like she was begging me to stop saying it but now i have to say it because if i don't it feels like i'll go crazyyyy",1,profane_batch_001.csv
class4_batch003_sample030525,3,30525,4,Profane,431525,435525,v3_original_demo_boundary_prompt,4-shot random authentic same-class,Shortlisted authentic RUHSOLD Profane examples,40,i should've a bhenchod counter which will count the amount of times i've sad bhenchod,bhenchod kya hai ye sb,rt : asa kon ludo khelta hi bc ....😇,bhenchod exams uff,bhenchod tera jism meri marzi,1,profane_batch_003.csv
class4_batch003_sample030439,3,30439,4,Profane,431439,435439,v3_original_demo_boundary_prompt,4-shot random authentic same-class,Shortlisted authentic RUHSOLD Profane examples,40,kyaaaa musibbaattt ha yr sara mood khraab kr diya ha bc,"tm jao ma ni ja rha, pehly he adhi zindagi saffr mein guzr gai bc meri.",inn coaching vaalou ko kaise pta chal jaata hai mera result bhenchod.,neend aa rhi h bc main sone jaa rhi hu 😂,mc tum dusro ki bhen ke liye randi h,1,profane_batch_003.csv
class4_batch003_sample030567,3,30567,4,Profane,431567,435567,v3_original_demo_boundary_prompt,4-shot random authentic same-class,Shortlisted authentic RUHSOLD Profane examples,40,bhenchod exams uff,rt : fariha without fa is riha and  riha kerdo koi bhenchod is zindagi se,slept for only 4 hours last night bc match daikhty daikhty girny wala hua wa hun,code bhee saaf karna hai abheeee bc,mc jb lgta hai ke yahi hi na ho sakta toh apni maa ki choot mein ghus deta hai,1,profane_batch_003.csv
class4_batch003_sample030560,3,30560,4,Profane,431560,435560,v3_original_demo_boundary_prompt,4-shot random authentic same-class,Shortlisted authentic RUHSOLD Profane examples,40,rt : birthday wali feel hi nai arahi bhenchod,bhenchod parhna hai. par dimaagh ijazat nahi deta. ajeeb chutiyapa hai ye.,naak bandd ho gya bc.,bhenchod kya hai ye sb,bc tu yahoodi he,1,profane_batch_003.csv
class4_batch003_sample030542,3,30542,4,Profane,431542,435542,v3_original_demo_boundary_prompt,4-shot random authentic same-class,Shortlisted authentic RUHSOLD Profane examples,40,i hate ors bhenchod,bhenchod mairi thand se phatt rahi hai,bauhat sardi hai bc,"rt : koi physics samjha de bhenchod,,,,",abe bhai kea dabba kuch zaroorat nahi hai.,1,profane_batch_003.csv
class4_batch005_sample030887,5,30887,4,Profane,431887,435887,v3_original_demo_boundary_prompt,4-shot random authentic same-class,Shortlisted authentic RUHSOLD Profane examples,40,nazar lag gayi bhenchod fuck this i knew it would never last,bc bb khatm ho gya but i cant move on,slept for only 4 hours last night bc match daikhty daikhty girny wala hua wa hun,bhenchod aaj sirf roneka mann kar raha hai,nahin naheen abhi tak,2,profane_batch_005.csv
class4_batch002_sample030331,2,30331,4,Profane,431331,435331,v3_original_demo_boundary_prompt,4-shot random authentic same-class,Shortlisted authentic RUHSOLD Profane examples,40,code bhee saaf karna hai abheeee bc,"rt : koi physics samjha de bhenchod,,,,",bauhat sardi hai bc,rt : asa kon ludo khelta hi bc ....😇,teri maa ki choot mein gandu,1,profane_batch_002.csv
class4_batch001_sample030005,1,30005,4,Profane,431005,435005,v3_original_demo_boundary_prompt,4-shot random authentic same-class,Shortlisted authentic RUHSOLD Profane examples,40,fuck man. the pain is traveling. bhenchod ye naya e corridor khul gya hai.,bhenchod aaj sirf roneka mann kar raha hai,ajeeeeb bc 😒😂,bhenchod exams uff,mera papa hai kuttey ka beta koi dum nahi,1,profane_batch_001.csv
class4_batch003_sample030479,3,30479,4,Profane,431479,435479,v3_original_demo_boundary_prompt,4-shot random authentic same-class,Shortlisted authentic RUHSOLD Profane examples,40,naak bandd ho gya bc.,bc bb khatm ho gya but i cant move on,rt : asa kon ludo khelta hi bc ....😇,bhenchod syllabus kuch aur..aur padhke kuch aur gaya.,"bharwe, teri maa ki chut mein aag lagao",1,profane_batch_003.csv
class4_batch001_sample030104,1,30104,4,Profane,431104,435104,v3_original_demo_boundary_prompt,4-shot random authentic same-class,Shortlisted authentic RUHSOLD Profane examples,40,"rt : koi physics samjha de bhenchod,,,,",bc bb khatm ho gya but i cant move on,ajeeeeb bc 😒😂,bhenchod mairi thand se phatt rahi hai,randi rona ka matlab kia hai?,1,profane_batch_001.csv
class4_batch001_sample030097,1,30097,4,Profane,431097,435097,v3_original_demo_boundary_prompt,4-shot random authentic same-class,Shortlisted authentic RUHSOLD Profane examples,40,bhenchod parhna hai. par dimaagh ijazat nahi deta. ajeeb chutiyapa hai ye.,bhenchod mairi thand se phatt rahi hai,mera bhi yaar bhai...jindgi jhand ho gya hai bhenchodv 3 t20 me 300 rupya haar gye....,main 5'8 ke sath bh chota lgta hn bc😶😑😑😑,teri ma ki choot maru ga bhenchod,1,profane_batch_001.csv
class4_batch005_sample030832,5,30832,4,Profane,431832,435832,v3_original_demo_boundary_prompt,4-shot random authentic same-class,Shortlisted authentic RUHSOLD Profane examples,40,"rt : yaar magar wifi bandh na karna, missile vissile daal do koi dikkat nahi, magar internet chahiye bc",bhenchod what a goal!,rt : birthday wali feel hi nai arahi bhenchod,dil sumbhal ja zra bhenchod,aby hmari zindagi mein lena hy tum ny mera dost dost na raha,2,profane_batch_005.csv
class4_batch004_sample030787,4,30787,4,Profane,431787,435787,v3_original_demo_boundary_prompt,4-shot random authentic same-class,Shortlisted authentic RUHSOLD Profane examples,40,bhenchod mairi thand se phatt rahi hai,dil sumbhal ja zra bhenchod,why can’t i multitask???? i’m 22 fucking years old and i still dont know how to multitask bhenchod,kyaaaa musibbaattt ha yr sara mood khraab kr diya ha bc,bhenchod i've lost my phone again. this time it was with me when i was asleep.,2,profane_batch_004.csv
class4_batch003_sample030424,3,30424,4,Profane,431424,435424,v3_original_demo_boundary_prompt,4-shot random authentic same-class,Shortlisted authentic RUHSOLD Profane examples,40,rt : asa kon ludo khelta hi bc ....😇,pubg lover hath toota howa hai phir b pubg nhai chorni bc😂😂😂,bhenchod parhna hai. par dimaagh ijazat nahi deta. ajeeb chutiyapa hai ye.,bhenchod what a goal!,yeh pata nae tha mera dimag jhoota ha. kia kehty hain aisa ho sakta ha?,1,profane_batch_003.csv
class4_batch005_sample030934,5,30934,4,Profane,431934,435934,v3_original_demo_boundary_prompt,4-shot random authentic same-class,Shortlisted authentic RUHSOLD Profane examples,40,"tm jao ma ni ja rha, pehly he adhi zindagi saffr mein guzr gai bc meri.",rt : birthday wali feel hi nai arahi bhenchod,ajeeeeb bc 😒😂,pubg lover hath toota howa hai phir b pubg nhai chorni bc😂😂😂,kutte ki tarah pakistan ke tareef karne se pura dard aata hai,2,profane_batch_005.csv
class4_batch002_sample030281,2,30281,4,Profane,431281,435281,v3_original_demo_boundary_prompt,4-shot random authentic same-class,Shortlisted authentic RUHSOLD Profane examples,40,bhenchod kahan phass gaya hoon,slept for only 4 hours last night bc match daikhty daikhty girny wala hua wa hun,i should've a bhenchod counter which will count the amount of times i've sad bhenchod,rt : bhenchod graph paper pe eraser use karo toh graph paper hi gayab ho jaata hai,bhenchod koi cheezein na chod lo,1,profane_batch_002.csv
class4_batch002_sample030266,2,30266,4,Profane,431266,435266,v3_original_demo_boundary_prompt,4-shot random authentic same-class,Shortlisted authentic RUHSOLD Profane examples,40,mera bhi yaar bhai...jindgi jhand ho gya hai bhenchodv 3 t20 me 300 rupya haar gye....,rt : bhenchod graph paper pe eraser use karo toh graph paper hi gayab ho jaata hai,bhenchod aaj sirf roneka mann kar raha hai,"rt : yaar magar wifi bandh na karna, missile vissile daal do koi dikkat nahi, magar internet chahiye bc",acha bhenchod,1,profane_batch_002.csv
class4_batch003_sample030534,3,30534,4,Profane,431534,435534,v3_original_demo_boundary_prompt,4-shot random authentic same-class,Shortlisted authentic RUHSOLD Profane examples,40,bhenchod kya hai ye sb,naak bandd ho gya bc.,bhenchod syllabus kuch aur..aur padhke kuch aur gaya.,pubg lover hath toota howa hai phir b pubg nhai chorni bc😂😂😂,yeh huwa aisa nahi lg rha.,1,profane_batch_003.csv
class4_batch003_sample030453,3,30453,4,Profane,431453,435453,v3_original_demo_boundary_prompt,4-shot random authentic same-class,Shortlisted authentic RUHSOLD Profane examples,40,mere pas tum ho ny to puray saal ka rula dia bhenchod,main 5'8 ke sath bh chota lgta hn bc😶😑😑😑,"rt : yaar magar wifi bandh na karna, missile vissile daal do koi dikkat nahi, magar internet chahiye bc",rona araha hai bhenchod why am i such a clown why am i so unimportant,bc ye jo nhi kr skta wo kya kr sakta hn bnda,1,profane_batch_003.csv
class4_batch002_sample030359,2,30359,4,Profane,431359,435359,v3_original_demo_boundary_prompt,4-shot random authentic same-class,Shortlisted authentic RUHSOLD Profane examples,40,rt : birthday wali feel hi nai arahi bhenchod,nazar lag gayi bhenchod fuck this i knew it would never last,pubg lover hath toota howa hai phir b pubg nhai chorni bc😂😂😂,i should've a bhenchod counter which will count the amount of times i've sad bhenchod,mera bhi nahi hoga bhenchod,1,profane_batch_002.csv
class4_batch003_sample030490,3,30490,4,Profane,431490,435490,v3_original_demo_boundary_prompt,4-shot random authentic same-class,Shortlisted authentic RUHSOLD Profane examples,40,neend aa rhi h bc main sone jaa rhi hu 😂,mere pas tum ho ny to puray saal ka rula dia bhenchod,nazar lag gayi bhenchod fuck this i knew it would never last,bauhat sardi hai bc,bhenchod what a way to end this month,1,profane_batch_003.csv
class4_batch005_sample030991,5,30991,4,Profane,431991,435991,v3_original_demo_boundary_prompt,4-shot random authentic same-class,Shortlisted authentic RUHSOLD Profane examples,40,bhenchod bht kutti haaalat huwe we he bhai,i should've a bhenchod counter which will count the amount of times i've sad bhenchod,bauhat sardi hai bc,neend aa rhi h bc main sone jaa rhi hu 😂,abe bhenchod ye tweet mera tha na...ye to pata nhi chala gaya ki mujhe twitter pe join karna hoga 😐,2,profane_batch_005.csv
class4_batch005_sample030816,5,30816,4,Profane,431816,435816,v3_original_demo_boundary_prompt,4-shot random authentic same-class,Shortlisted authentic RUHSOLD Profane examples,40,"rt : yaar magar wifi bandh na karna, missile vissile daal do koi dikkat nahi, magar internet chahiye bc",dil sumbhal ja zra bhenchod,pubg lover hath toota howa hai phir b pubg nhai chorni bc😂😂😂,rona araha hai bhenchod why am i such a clown why am i so unimportant,teri maa ki tatti mc,2,profane_batch_005.csv
class4_batch001_sample030118,1,30118,4,Profane,431118,435118,v3_original_demo_boundary_prompt,4-shot random authentic same-class,Shortlisted authentic RUHSOLD Profane examples,40,rt : kisi ko bhulnay k liye ussay yaad karna parta hai. aur idhr bhenchod yaad hi ati rehti hai bus,main 5'8 ke sath bh chota lgta hn bc😶😑😑😑,inn coaching vaalou ko kaise pta chal jaata hai mera result bhenchod.,my entire neighborhood is making weird sounds bhenchod shaddi hai kya,nahi bhenchod mein to phir bhi hoon,1,profane_batch_001.csv
class4_batch004_sample030634,4,30634,4,Profane,431634,435634,v3_original_demo_boundary_prompt,4-shot random authentic same-class,Shortlisted authentic RUHSOLD Profane examples,40,pubg lover hath toota howa hai phir b pubg nhai chorni bc😂😂😂,bhenchod syllabus kuch aur..aur padhke kuch aur gaya.,rt : bhenchod graph paper pe eraser use karo toh graph paper hi gayab ho jaata hai,rt : asa kon ludo khelta hi bc ....😇,rt : ye jo jinme ekdum mohabbat ho rhi hain uski shakal dekhni zrurat nahi hai... bc,2,profane_batch_004.csv
class4_batch002_sample030250,2,30250,4,Profane,431250,435250,v3_original_demo_boundary_prompt,4-shot random authentic same-class,Shortlisted authentic RUHSOLD Profane examples,40,bhenchod parhna hai. par dimaagh ijazat nahi deta. ajeeb chutiyapa hai ye.,mera bhi yaar bhai...jindgi jhand ho gya hai bhenchodv 3 t20 me 300 rupya haar gye....,neend aa rhi h bc main sone jaa rhi hu 😂,naak bandd ho gya bc.,rt : apni maa ki choot mar k apne hi baap ko nanga kar de,1,profane_batch_002.csv
class4_batch003_sample030405,3,30405,4,Profane,431405,435405,v3_original_demo_boundary_prompt,4-shot random authentic same-class,Shortlisted authentic RUHSOLD Profane examples,40,dil sumbhal ja zra bhenchod,nazar lag gayi bhenchod fuck this i knew it would never last,rt : birthday wali feel hi nai arahi bhenchod,"tm jao ma ni ja rha, pehly he adhi zindagi saffr mein guzr gai bc meri.",haha kya chutia hoa maine😂,1,profane_batch_003.csv
class4_batch004_sample030717,4,30717,4,Profane,431717,435717,v3_original_demo_boundary_prompt,4-shot random authentic same-class,Shortlisted authentic RUHSOLD Profane examples,40,bhenchod bht kutti haaalat huwe we he bhai,mere pas tum ho ny to puray saal ka rula dia bhenchod,bhenchod parhna hai. par dimaagh ijazat nahi deta. ajeeb chutiyapa hai ye.,bauhat sardi hai bc,rt : yeh kya pta chala jaata hai???,2,profane_batch_004.csv
class4_batch004_sample030704,4,30704,4,Profane,431704,435704,v3_original_demo_boundary_prompt,4-shot random authentic same-class,Shortlisted authentic RUHSOLD Profane examples,40,naak bandd ho gya bc.,ajeeeeb bc 😒😂,"rt : yaar magar wifi bandh na karna, missile vissile daal do koi dikkat nahi, magar internet chahiye bc",rt : kisi ko bhulnay k liye ussay yaad karna parta hai. aur idhr bhenchod yaad hi ati rehti hai bus,rt : abhi tak twitter pr bhenchod kabhi ni mjhy,2,profane_batch_004.csv
class4_batch001_sample030009,1,30009,4,Profane,431009,435009,v3_original_demo_boundary_prompt,4-shot random authentic same-class,Shortlisted authentic RUHSOLD Profane examples,40,rt : fariha without fa is riha and  riha kerdo koi bhenchod is zindagi se,bhenchod parhna hai. par dimaagh ijazat nahi deta. ajeeb chutiyapa hai ye.,kyaaaa musibbaattt ha yr sara mood khraab kr diya ha bc,rt : bhenchod graph paper pe eraser use karo toh graph paper hi gayab ho jaata hai,rt : bhenchod jinko kuch nhi mil raha wo dm karne lgta hai,1,profane_batch_001.csv
class4_batch005_sample030859,5,30859,4,Profane,431859,435859,v3_original_demo_boundary_prompt,4-shot random authentic same-class,Shortlisted authentic RUHSOLD Profane examples,40,mere pas tum ho ny to puray saal ka rula dia bhenchod,nazar lag gayi bhenchod fuck this i knew it would never last,ajeeeeb bc 😒😂,bhenchod kya hai ye sb,bhenchod khud hi gaya tha,2,profane_batch_005.csv
class4_batch001_sample030196,1,30196,4,Profane,431196,435196,v3_original_demo_boundary_prompt,4-shot random authentic same-class,Shortlisted authentic RUHSOLD Profane examples,40,inn coaching vaalou ko kaise pta chal jaata hai mera result bhenchod.,i hate ors bhenchod,bhenchod aaj sirf roneka mann kar raha hai,"rt : koi physics samjha de bhenchod,,,,",oye bhenchod ye to bhool jao..,1,profane_batch_001.csv
class4_batch004_sample030652,4,30652,4,Profane,431652,435652,v3_original_demo_boundary_prompt,4-shot random authentic same-class,Shortlisted authentic RUHSOLD Profane examples,40,code bhee saaf karna hai abheeee bc,bauhat sardi hai bc,rt : bhenchod graph paper pe eraser use karo toh graph paper hi gayab ho jaata hai,dil sumbhal ja zra bhenchod,acha toh bhi nahi hota bc ye mazaak hai,2,profane_batch_004.csv
class4_batch001_sample030081,1,30081,4,Profane,431081,435081,v3_original_demo_boundary_prompt,4-shot random authentic same-class,Shortlisted authentic RUHSOLD Profane examples,40,rt : fariha without fa is riha and  riha kerdo koi bhenchod is zindagi se,"tm jao ma ni ja rha, pehly he adhi zindagi saffr mein guzr gai bc meri.",mera bhi yaar bhai...jindgi jhand ho gya hai bhenchodv 3 t20 me 300 rupya haar gye....,ajeeeeb bc 😒😂,pata ni nae sakta ab ye wohi hi soch rahey hain jo apni choti behn ki choot ka najaiz kaam karne ke liye chutiya banwaya hua hai,1,profane_batch_001.csv
class4_batch003_sample030447,3,30447,4,Profane,431447,435447,v3_original_demo_boundary_prompt,4-shot random authentic same-class,Shortlisted authentic RUHSOLD Profane examples,40,bhenchod mairi thand se phatt rahi hai,bhenchod aaj sirf roneka mann kar raha hai,neend aa rhi h bc main sone jaa rhi hu 😂,inn coaching vaalou ko kaise pta chal jaata hai mera result bhenchod.,bhenchod ye jitna wale logon ki biwiyan hain,1,profane_batch_003.csv
class4_batch003_sample030533,3,30533,4,Profane,431533,435533,v3_original_demo_boundary_prompt,4-shot random authentic same-class,Shortlisted authentic RUHSOLD Profane examples,40,code bhee saaf karna hai abheeee bc,slept for only 4 hours last night bc match daikhty daikhty girny wala hua wa hun,fuck man. the pain is traveling. bhenchod ye naya e corridor khul gya hai.,bhenchod aaj sirf roneka mann kar raha hai,maa chod de k bhaunk lo bc,1,profane_batch_003.csv
class4_batch004_sample030668,4,30668,4,Profane,431668,435668,v3_original_demo_boundary_prompt,4-shot random authentic same-class,Shortlisted authentic RUHSOLD Profane examples,40,"rt : yaar magar wifi bandh na karna, missile vissile daal do koi dikkat nahi, magar internet chahiye bc",rt : asa kon ludo khelta hi bc ....😇,rt : bhenchod graph paper pe eraser use karo toh graph paper hi gayab ho jaata hai,bc bb khatm ho gya but i cant move on,rt : pti ki qanoonian nazrein mein dekho... #pakistan,2,profane_batch_004.csv
class4_batch002_sample030239,2,30239,4,Profane,431239,435239,v3_original_demo_boundary_prompt,4-shot random authentic same-class,Shortlisted authentic RUHSOLD Profane examples,40,why can’t i multitask???? i’m 22 fucking years old and i still dont know how to multitask bhenchod,rt : bhenchod graph paper pe eraser use karo toh graph paper hi gayab ho jaata hai,mere pas tum ho ny to puray saal ka rula dia bhenchod,nazar lag gayi bhenchod fuck this i knew it would never last,rt :  tiktok se gali dekhna koi chahiye nahi,1,profane_batch_002.csv
class4_batch003_sample030411,3,30411,4,Profane,431411,435411,v3_original_demo_boundary_prompt,4-shot random authentic same-class,Shortlisted authentic RUHSOLD Profane examples,40,neend aa rhi h bc main sone jaa rhi hu 😂,rt : asa kon ludo khelta hi bc ....😇,rt : bhenchod graph paper pe eraser use karo toh graph paper hi gayab ho jaata hai,rt : kisi ko bhulnay k liye ussay yaad karna parta hai. aur idhr bhenchod yaad hi ati rehti hai bus,"rt : me when i hear ""pakistan zindabad""",1,profane_batch_003.csv
class4_batch002_sample030211,2,30211,4,Profane,431211,435211,v3_original_demo_boundary_prompt,4-shot random authentic same-class,Shortlisted authentic RUHSOLD Profane examples,40,"rt : koi physics samjha de bhenchod,,,,",why can’t i multitask???? i’m 22 fucking years old and i still dont know how to multitask bhenchod,bhenchod parhna hai. par dimaagh ijazat nahi deta. ajeeb chutiyapa hai ye.,main 5'8 ke sath bh chota lgta hn bc😶😑😑😑,bhenchod tere ko pata nhi hota,1,profane_batch_002.csv
class4_batch004_sample030773,4,30773,4,Profane,431773,435773,v3_original_demo_boundary_prompt,4-shot random authentic same-class,Shortlisted authentic RUHSOLD Profane examples,40,bhenchod kahan phass gaya hoon,code bhee saaf karna hai abheeee bc,neend aa rhi h bc main sone jaa rhi hu 😂,bauhat sardi hai bc,abe tu kitna bhaunk raha tha mujhse,2,profane_batch_004.csv
class4_batch003_sample030545,3,30545,4,Profane,431545,435545,v3_original_demo_boundary_prompt,4-shot random authentic same-class,Shortlisted authentic RUHSOLD Profane examples,40,i should've a bhenchod counter which will count the amount of times i've sad bhenchod,fuck man. the pain is traveling. bhenchod ye naya e corridor khul gya hai.,bhenchod kya hai ye sb,bhenchod what a goal!,bhenchod aisay hi tum logon ne mera sary life ko dhoond rakha hai,1,profane_batch_003.csv
class4_batch003_sample030519,3,30519,4,Profane,431519,435519,v3_original_demo_boundary_prompt,4-shot random authentic same-class,Shortlisted authentic RUHSOLD Profane examples,40,i hate ors bhenchod,naak bandd ho gya bc.,mere pas tum ho ny to puray saal ka rula dia bhenchod,"tm jao ma ni ja rha, pehly he adhi zindagi saffr mein guzr gai bc meri.","yahan koi chupa hua haal nhi hai, ye gandu khan hain",1,profane_batch_003.csv
class4_batch002_sample030227,2,30227,4,Profane,431227,435227,v3_original_demo_boundary_prompt,4-shot random authentic same-class,Shortlisted authentic RUHSOLD Profane examples,40,rt : bhenchod graph paper pe eraser use karo toh graph paper hi gayab ho jaata hai,ajeeeeb bc 😒😂,neend aa rhi h bc main sone jaa rhi hu 😂,rt : kisi ko bhulnay k liye ussay yaad karna parta hai. aur idhr bhenchod yaad hi ati rehti hai bus,rt : tu apni maa ki chut mein nikaalta ha aur wahi se dikha raha ha kya,1,profane_batch_002.csv
class4_batch005_sample030922,5,30922,4,Profane,431922,435922,v3_original_demo_boundary_prompt,4-shot random authentic same-class,Shortlisted authentic RUHSOLD Profane examples,40,naak bandd ho gya bc.,bhenchod kya hai ye sb,rt : bhenchod graph paper pe eraser use karo toh graph paper hi gayab ho jaata hai,"tm jao ma ni ja rha, pehly he adhi zindagi saffr mein guzr gai bc meri.",bhenchod yeh sab tera baap kahan se le raha tha,2,profane_batch_005.csv
class4_batch003_sample030404,3,30404,4,Profane,431404,435404,v3_original_demo_boundary_prompt,4-shot random authentic same-class,Shortlisted authentic RUHSOLD Profane examples,40,nazar lag gayi bhenchod fuck this i knew it would never last,code bhee saaf karna hai abheeee bc,bhenchod mairi thand se phatt rahi hai,i hate ors bhenchod,chalo ye sab wohi kahta hai koi kuch nahi hota,1,profane_batch_003.csv
class4_batch005_sample030889,5,30889,4,Profane,431889,435889,v3_original_demo_boundary_prompt,4-shot random authentic same-class,Shortlisted authentic RUHSOLD Profane examples,40,i hate ors bhenchod,rt : bhenchod graph paper pe eraser use karo toh graph paper hi gayab ho jaata hai,rt : kisi ko bhulnay k liye ussay yaad karna parta hai. aur idhr bhenchod yaad hi ati rehti hai bus,why can’t i multitask???? i’m 22 fucking years old and i still dont know how to multitask bhenchod,bc itni chutiya kutte ke baare mein tweet kro gi..,2,profane_batch_005.csv
class4_batch001_sample030177,1,30177,4,Profane,431177,435177,v3_original_demo_boundary_prompt,4-shot random authentic same-class,Shortlisted authentic RUHSOLD Profane examples,40,main 5'8 ke sath bh chota lgta hn bc😶😑😑😑,bhenchod kahan phass gaya hoon,rt : bhenchod graph paper pe eraser use karo toh graph paper hi gayab ho jaata hai,bhenchod bht kutti haaalat huwe we he bhai,bhenchod ab to mjy aisa lag raha ha ke papa ka dard hi nahi ha...,1,profane_batch_001.csv
class4_batch006_sample031006,6,31006,4,Profane,432006,436006,v3_original_demo_boundary_prompt,4-shot random authentic same-class,Shortlisted authentic RUHSOLD Profane examples,40,bhenchod bht kutti haaalat huwe we he bhai,bhenchod aaj sirf roneka mann kar raha hai,why can’t i multitask???? i’m 22 fucking years old and i still dont know how to multitask bhenchod,"tm jao ma ni ja rha, pehly he adhi zindagi saffr mein guzr gai bc meri.",kbhi bhi bhenchod nahi bolta kabhi,2,profane_batch_006.csv
class4_batch003_sample030465,3,30465,4,Profane,431465,435465,v3_original_demo_boundary_prompt,4-shot random authentic same-class,Shortlisted authentic RUHSOLD Profane examples,40,rt : kisi ko bhulnay k liye ussay yaad karna parta hai. aur idhr bhenchod yaad hi ati rehti hai bus,mere pas tum ho ny to puray saal ka rula dia bhenchod,code bhee saaf karna hai abheeee bc,"rt : koi physics samjha de bhenchod,,,,",rt : koi ni btaya hoga tujhy bhi bhenchod,1,profane_batch_003.csv
class4_batch003_sample030430,3,30430,4,Profane,431430,435430,v3_original_demo_boundary_prompt,4-shot random authentic same-class,Shortlisted authentic RUHSOLD Profane examples,40,bhenchod syllabus kuch aur..aur padhke kuch aur gaya.,my entire neighborhood is making weird sounds bhenchod shaddi hai kya,rt : kisi ko bhulnay k liye ussay yaad karna parta hai. aur idhr bhenchod yaad hi ati rehti hai bus,why can’t i multitask???? i’m 22 fucking years old and i still dont know how to multitask bhenchod,bhenchod ye yeh larkia hain,1,profane_batch_003.csv
class4_batch003_sample030532,3,30532,4,Profane,431532,435532,v3_original_demo_boundary_prompt,4-shot random authentic same-class,Shortlisted authentic RUHSOLD Profane examples,40,naak bandd ho gya bc.,rona araha hai bhenchod why am i such a clown why am i so unimportant,rt : fariha without fa is riha and  riha kerdo koi bhenchod is zindagi se,rt : kisi ko bhulnay k liye ussay yaad karna parta hai. aur idhr bhenchod yaad hi ati rehti hai bus,sharam bhi nhi aati bhenchod,1,profane_batch_003.csv
class4_batch004_sample030695,4,30695,4,Profane,431695,435695,v3_original_demo_boundary_prompt,4-shot random authentic same-class,Shortlisted authentic RUHSOLD Profane examples,40,bhenchod what a goal!,bhenchod bht kutti haaalat huwe we he bhai,rt : bhenchod graph paper pe eraser use karo toh graph paper hi gayab ho jaata hai,"rt : koi physics samjha de bhenchod,,,,",rt : bhenchod kya yar,2,profane_batch_004.csv
class4_batch003_sample030478,3,30478,4,Profane,431478,435478,v3_original_demo_boundary_prompt,4-shot random authentic same-class,Shortlisted authentic RUHSOLD Profane examples,40,bhenchod kahan phass gaya hoon,rona araha hai bhenchod why am i such a clown why am i so unimportant,my entire neighborhood is making weird sounds bhenchod shaddi hai kya,mera bhi yaar bhai...jindgi jhand ho gya hai bhenchodv 3 t20 me 300 rupya haar gye....,bhenchod pata nahi kuch nhi kar sakta,1,profane_batch_003.csv
class4_batch004_sample030688,4,30688,4,Profane,431688,435688,v3_original_demo_boundary_prompt,4-shot random authentic same-class,Shortlisted authentic RUHSOLD Profane examples,40,rt : fariha without fa is riha and  riha kerdo koi bhenchod is zindagi se,bhenchod bht kutti haaalat huwe we he bhai,ajeeeeb bc 😒😂,bhenchod syllabus kuch aur..aur padhke kuch aur gaya.,me ny bhi pta naa hua ye kya hota ha,2,profane_batch_004.csv
class4_batch001_sample030007,1,30007,4,Profane,431007,435007,v3_original_demo_boundary_prompt,4-shot random authentic same-class,Shortlisted authentic RUHSOLD Profane examples,40,rt : fariha without fa is riha and  riha kerdo koi bhenchod is zindagi se,i should've a bhenchod counter which will count the amount of times i've sad bhenchod,"tm jao ma ni ja rha, pehly he adhi zindagi saffr mein guzr gai bc meri.",code bhee saaf karna hai abheeee bc,ye duniya ka bacha hi toh nahi ha,1,profane_batch_001.csv
class4_batch001_sample030155,1,30155,4,Profane,431155,435155,v3_original_demo_boundary_prompt,4-shot random authentic same-class,Shortlisted authentic RUHSOLD Profane examples,40,i should've a bhenchod counter which will count the amount of times i've sad bhenchod,mere pas tum ho ny to puray saal ka rula dia bhenchod,slept for only 4 hours last night bc match daikhty daikhty girny wala hua wa hun,ajeeeeb bc 😒😂,rt : yaar ye kya hota ha yeh kehna abhi,1,profane_batch_001.csv
class4_batch002_sample030357,2,30357,4,Profane,431357,435357,v3_original_demo_boundary_prompt,4-shot random authentic same-class,Shortlisted authentic RUHSOLD Profane examples,40,dil sumbhal ja zra bhenchod,slept for only 4 hours last night bc match daikhty daikhty girny wala hua wa hun,rona araha hai bhenchod why am i such a clown why am i so unimportant,"rt : koi physics samjha de bhenchod,,,,",rt : tum ny kya baat ki hai ab bhenchod?,1,profane_batch_002.csv
class4_batch003_sample030584,3,30584,4,Profane,431584,435584,v3_original_demo_boundary_prompt,4-shot random authentic same-class,Shortlisted authentic RUHSOLD Profane examples,40,neend aa rhi h bc main sone jaa rhi hu 😂,dil sumbhal ja zra bhenchod,code bhee saaf karna hai abheeee bc,bhenchod syllabus kuch aur..aur padhke kuch aur gaya.,haan tum kisi ko goli maro bhenchod,1,profane_batch_003.csv
class4_batch002_sample030223,2,30223,4,Profane,431223,435223,v3_original_demo_boundary_prompt,4-shot random authentic same-class,Shortlisted authentic RUHSOLD Profane examples,40,inn coaching vaalou ko kaise pta chal jaata hai mera result bhenchod.,i should've a bhenchod counter which will count the amount of times i've sad bhenchod,rt : birthday wali feel hi nai arahi bhenchod,ajeeeeb bc 😒😂,tere baap ka name bhenchod hai,1,profane_batch_002.csv
class4_batch002_sample030329,2,30329,4,Profane,431329,435329,v3_original_demo_boundary_prompt,4-shot random authentic same-class,Shortlisted authentic RUHSOLD Profane examples,40,bhenchod bht kutti haaalat huwe we he bhai,why can’t i multitask???? i’m 22 fucking years old and i still dont know how to multitask bhenchod,rt : birthday wali feel hi nai arahi bhenchod,ajeeeeb bc 😒😂,rt : chutiye jis din mujhe apny bhai ko follow krne ki yahi zarorat thi na.. ab bacha tu apko block ker diya hua tha..,1,profane_batch_002.csv
class4_batch004_sample030633,4,30633,4,Profane,431633,435633,v3_original_demo_boundary_prompt,4-shot random authentic same-class,Shortlisted authentic RUHSOLD Profane examples,40,rt : birthday wali feel hi nai arahi bhenchod,bhenchod syllabus kuch aur..aur padhke kuch aur gaya.,bhenchod parhna hai. par dimaagh ijazat nahi deta. ajeeb chutiyapa hai ye.,bc bb khatm ho gya but i cant move on,bc yar meri biwi ka pata ha ap ko kia krwa rha hn,2,profane_batch_004.csv
class4_batch005_sample030822,5,30822,4,Profane,431822,435822,v3_original_demo_boundary_prompt,4-shot random authentic same-class,Shortlisted authentic RUHSOLD Profane examples,40,rt : fariha without fa is riha and  riha kerdo koi bhenchod is zindagi se,2 years ago i asked my father for my own car. so he said “hbl car loan se lelo” bc itni khajal khawari keh tang akar i bought used honda civic. and mine is way better than new honda city. or sashky apny,dil sumbhal ja zra bhenchod,bhenchod aaj sirf roneka mann kar raha hai,wtf laga diya hai,2,profane_batch_005.csv
class4_batch005_sample030868,5,30868,4,Profane,431868,435868,v3_original_demo_boundary_prompt,4-shot random authentic same-class,Shortlisted authentic RUHSOLD Profane examples,40,2 years ago i asked my father for my own car. so he said “hbl car loan se lelo” bc itni khajal khawari keh tang akar i bought used honda civic. and mine is way better than new honda city. or sashky apny,bhenchod aaj sirf roneka mann kar raha hai,kyaaaa musibbaattt ha yr sara mood khraab kr diya ha bc,"tm jao ma ni ja rha, pehly he adhi zindagi saffr mein guzr gai bc meri.",aby mjhy 70% wala dard ha,2,profane_batch_005.csv
class4_batch004_sample030611,4,30611,4,Profane,431611,435611,v3_original_demo_boundary_prompt,4-shot random authentic same-class,Shortlisted authentic RUHSOLD Profane examples,40,naak bandd ho gya bc.,neend aa rhi h bc main sone jaa rhi hu 😂,rona araha hai bhenchod why am i such a clown why am i so unimportant,bc bb khatm ho gya but i cant move on,pata nahi ab tumhari kya larkiyon ko goli marne ke liye chootiyo ko samajhte ho,2,profane_batch_004.csv
class4_batch006_sample031041,6,31041,4,Profane,432041,436041,v3_original_demo_boundary_prompt,4-shot random authentic same-class,Shortlisted authentic RUHSOLD Profane examples,40,naak bandd ho gya bc.,bc bb khatm ho gya but i cant move on,rt : birthday wali feel hi nai arahi bhenchod,my entire neighborhood is making weird sounds bhenchod shaddi hai kya,bhai apki dost ko follow kro bhenchod,2,profane_batch_006.csv
class4_batch004_sample030746,4,30746,4,Profane,431746,435746,v3_original_demo_boundary_prompt,4-shot random authentic same-class,Shortlisted authentic RUHSOLD Profane examples,40,bc bb khatm ho gya but i cant move on,my entire neighborhood is making weird sounds bhenchod shaddi hai kya,2 years ago i asked my father for my own car. so he said “hbl car loan se lelo” bc itni khajal khawari keh tang akar i bought used honda civic. and mine is way better than new honda city. or sashky apny,rona araha hai bhenchod why am i such a clown why am i so unimportant,maa chod dain ga tum logon ki maa ko bc,2,profane_batch_004.csv
class4_batch006_sample031005,6,31005,4,Profane,432005,436005,v3_original_demo_boundary_prompt,4-shot random authentic same-class,Shortlisted authentic RUHSOLD Profane examples,40,rt : asa kon ludo khelta hi bc ....😇,bhenchod aaj sirf roneka mann kar raha hai,kyaaaa musibbaattt ha yr sara mood khraab kr diya ha bc,"tm jao ma ni ja rha, pehly he adhi zindagi saffr mein guzr gai bc meri.",😂😂😂😂😂😂 ye chutiye ajeeb se pata nhi kis ny likha tha,2,profane_batch_006.csv
class4_batch005_sample030809,5,30809,4,Profane,431809,435809,v3_original_demo_boundary_prompt,4-shot random authentic same-class,Shortlisted authentic RUHSOLD Profane examples,40,"rt : yaar magar wifi bandh na karna, missile vissile daal do koi dikkat nahi, magar internet chahiye bc",ajeeeeb bc 😒😂,mera bhi yaar bhai...jindgi jhand ho gya hai bhenchodv 3 t20 me 300 rupya haar gye....,i hate ors bhenchod,apne maa ka phir se lund kar le,2,profane_batch_005.csv
class4_batch003_sample030494,3,30494,4,Profane,431494,435494,v3_original_demo_boundary_prompt,4-shot random authentic same-class,Shortlisted authentic RUHSOLD Profane examples,40,rona araha hai bhenchod why am i such a clown why am i so unimportant,slept for only 4 hours last night bc match daikhty daikhty girny wala hua wa hun,inn coaching vaalou ko kaise pta chal jaata hai mera result bhenchod.,bhenchod aaj sirf roneka mann kar raha hai,gdhe yahan tak khud ki story mein ye loge naa tere jaisay keh rahe,1,profane_batch_003.csv
class4_batch003_sample030572,3,30572,4,Profane,431572,435572,v3_original_demo_boundary_prompt,4-shot random authentic same-class,Shortlisted authentic RUHSOLD Profane examples,40,rt : bhenchod graph paper pe eraser use karo toh graph paper hi gayab ho jaata hai,code bhee saaf karna hai abheeee bc,nazar lag gayi bhenchod fuck this i knew it would never last,bauhat sardi hai bc,mein teri maa ka yaar nahi bolta,1,profane_batch_003.csv
class4_batch004_sample030628,4,30628,4,Profane,431628,435628,v3_original_demo_boundary_prompt,4-shot random authentic same-class,Shortlisted authentic RUHSOLD Profane examples,40,neend aa rhi h bc main sone jaa rhi hu 😂,bhenchod bht kutti haaalat huwe we he bhai,bc 40 rupees karaya kar diya hai is se acha to banda uber ya cream karwa laye 😏😏😏,code bhee saaf karna hai abheeee bc,ye nhi pata bc,2,profane_batch_004.csv
class4_batch004_sample030762,4,30762,4,Profane,431762,435762,v3_original_demo_boundary_prompt,4-shot random authentic same-class,Shortlisted authentic RUHSOLD Profane examples,40,my entire neighborhood is making weird sounds bhenchod shaddi hai kya,rt : fariha without fa is riha and  riha kerdo koi bhenchod is zindagi se,main 5'8 ke sath bh chota lgta hn bc😶😑😑😑,bauhat sardi hai bc,rt : abhi tk mera gf nae mila😂😂,2,profane_batch_004.csv
class4_batch005_sample030958,5,30958,4,Profane,431958,435958,v3_original_demo_boundary_prompt,4-shot random authentic same-class,Shortlisted authentic RUHSOLD Profane examples,40,"tm jao ma ni ja rha, pehly he adhi zindagi saffr mein guzr gai bc meri.",inn coaching vaalou ko kaise pta chal jaata hai mera result bhenchod.,kyaaaa musibbaattt ha yr sara mood khraab kr diya ha bc,bc 40 rupees karaya kar diya hai is se acha to banda uber ya cream karwa laye 😏😏😏,bahanchod ye larkiyon ki wajah se hi hai,2,profane_batch_005.csv
class4_batch001_sample030163,1,30163,4,Profane,431163,435163,v3_original_demo_boundary_prompt,4-shot random authentic same-class,Shortlisted authentic RUHSOLD Profane examples,40,why can’t i multitask???? i’m 22 fucking years old and i still dont know how to multitask bhenchod,rona araha hai bhenchod why am i such a clown why am i so unimportant,bc bb khatm ho gya but i cant move on,inn coaching vaalou ko kaise pta chal jaata hai mera result bhenchod.,rt : mc koi aurat khud se hi kar sakti ha jis ne apne baap ki zindagi ka fasla lena tha,1,profane_batch_001.csv
class4_batch002_sample030228,2,30228,4,Profane,431228,435228,v3_original_demo_boundary_prompt,4-shot random authentic same-class,Shortlisted authentic RUHSOLD Profane examples,40,"rt : yaar magar wifi bandh na karna, missile vissile daal do koi dikkat nahi, magar internet chahiye bc",bhenchod kahan phass gaya hoon,rt : fariha without fa is riha and  riha kerdo koi bhenchod is zindagi se,ajeeeeb bc 😒😂,ye sab itna baat hi nhi kr raha bc,1,profane_batch_002.csv
class4_batch003_sample030523,3,30523,4,Profane,431523,435523,v3_original_demo_boundary_prompt,4-shot random authentic same-class,Shortlisted authentic RUHSOLD Profane examples,40,mera bhi yaar bhai...jindgi jhand ho gya hai bhenchodv 3 t20 me 300 rupya haar gye....,pubg lover hath toota howa hai phir b pubg nhai chorni bc😂😂😂,dil sumbhal ja zra bhenchod,"rt : koi physics samjha de bhenchod,,,,",haha yr bhai apni twitter pe sabit kar dena chahye,1,profane_batch_003.csv
class4_batch004_sample030786,4,30786,4,Profane,431786,435786,v3_original_demo_boundary_prompt,4-shot random authentic same-class,Shortlisted authentic RUHSOLD Profane examples,40,neend aa rhi h bc main sone jaa rhi hu 😂,rona araha hai bhenchod why am i such a clown why am i so unimportant,ajeeeeb bc 😒😂,why can’t i multitask???? i’m 22 fucking years old and i still dont know how to multitask bhenchod,abe bhenchod kya samjha rahe ho,2,profane_batch_004.csv
class4_batch002_sample030212,2,30212,4,Profane,431212,435212,v3_original_demo_boundary_prompt,4-shot random authentic same-class,Shortlisted authentic RUHSOLD Profane examples,40,bhenchod what a goal!,code bhee saaf karna hai abheeee bc,rt : asa kon ludo khelta hi bc ....😇,my entire neighborhood is making weird sounds bhenchod shaddi hai kya,mr jb nikla tu gali denge.. mr jab tak rona dunga tujhe.. aurat march ka muh se tootega na hoga,1,profane_batch_002.csv
class4_batch005_sample030825,5,30825,4,Profane,431825,435825,v3_original_demo_boundary_prompt,4-shot random authentic same-class,Shortlisted authentic RUHSOLD Profane examples,40,bhenchod parhna hai. par dimaagh ijazat nahi deta. ajeeb chutiyapa hai ye.,bhenchod aaj sirf roneka mann kar raha hai,mere pas tum ho ny to puray saal ka rula dia bhenchod,why can’t i multitask???? i’m 22 fucking years old and i still dont know how to multitask bhenchod,acha bhenchod abhi tak kya soch k pucha tha,2,profane_batch_005.csv
class4_batch001_sample030079,1,30079,4,Profane,431079,435079,v3_original_demo_boundary_prompt,4-shot random authentic same-class,Shortlisted authentic RUHSOLD Profane examples,40,neend aa rhi h bc main sone jaa rhi hu 😂,rona araha hai bhenchod why am i such a clown why am i so unimportant,mere pas tum ho ny to puray saal ka rula dia bhenchod,bhenchod syllabus kuch aur..aur padhke kuch aur gaya.,ye larkiyon ki zarorat nae hoti kis din beth jae gi uski dushman ko,1,profane_batch_001.csv
class4_batch001_sample030148,1,30148,4,Profane,431148,435148,v3_original_demo_boundary_prompt,4-shot random authentic same-class,Shortlisted authentic RUHSOLD Profane examples,40,bc bb khatm ho gya but i cant move on,bhenchod parhna hai. par dimaagh ijazat nahi deta. ajeeb chutiyapa hai ye.,bhenchod kahan phass gaya hoon,bhenchod bht kutti haaalat huwe we he bhai,rt : bc mera apne twitter pe tweet kr rha tha ab wo dekho,1,profane_batch_001.csv
class4_batch002_sample030302,2,30302,4,Profane,431302,435302,v3_original_demo_boundary_prompt,4-shot random authentic same-class,Shortlisted authentic RUHSOLD Profane examples,40,dil sumbhal ja zra bhenchod,rt : bhenchod graph paper pe eraser use karo toh graph paper hi gayab ho jaata hai,bhenchod kahan phass gaya hoon,rt : kisi ko bhulnay k liye ussay yaad karna parta hai. aur idhr bhenchod yaad hi ati rehti hai bus,rt : ye toh nhi bol rha tha bc,1,profane_batch_002.csv
class4_batch003_sample030448,3,30448,4,Profane,431448,435448,v3_original_demo_boundary_prompt,4-shot random authentic same-class,Shortlisted authentic RUHSOLD Profane examples,40,bhenchod what a goal!,bauhat sardi hai bc,i should've a bhenchod counter which will count the amount of times i've sad bhenchod,bhenchod kahan phass gaya hoon,bhenchod tera baap kya kar raha tha jo aisa krta hai,1,profane_batch_003.csv
class4_batch003_sample030548,3,30548,4,Profane,431548,435548,v3_original_demo_boundary_prompt,4-shot random authentic same-class,Shortlisted authentic RUHSOLD Profane examples,40,bhenchod mairi thand se phatt rahi hai,mere pas tum ho ny to puray saal ka rula dia bhenchod,why can’t i multitask???? i’m 22 fucking years old and i still dont know how to multitask bhenchod,bhenchod aaj sirf roneka mann kar raha hai,rt :  maine apne jaise bhenchod dost se kabhi bat nhi kiya,1,profane_batch_003.csv
class4_batch005_sample030841,5,30841,4,Profane,431841,435841,v3_original_demo_boundary_prompt,4-shot random authentic same-class,Shortlisted authentic RUHSOLD Profane examples,40,bauhat sardi hai bc,kyaaaa musibbaattt ha yr sara mood khraab kr diya ha bc,bhenchod bht kutti haaalat huwe we he bhai,"rt : yaar magar wifi bandh na karna, missile vissile daal do koi dikkat nahi, magar internet chahiye bc",jiska pata nahi uski kamiyabiiii hai. bhenchod,2,profane_batch_005.csv
class4_batch001_sample030043,1,30043,4,Profane,431043,435043,v3_original_demo_boundary_prompt,4-shot random authentic same-class,Shortlisted authentic RUHSOLD Profane examples,40,bhenchod aaj sirf roneka mann kar raha hai,bhenchod parhna hai. par dimaagh ijazat nahi deta. ajeeb chutiyapa hai ye.,naak bandd ho gya bc.,bc 40 rupees karaya kar diya hai is se acha to banda uber ya cream karwa laye 😏😏😏,ye mc kia jahil aadmi ha,1,profane_batch_001.csv
class4_batch003_sample030493,3,30493,4,Profane,431493,435493,v3_original_demo_boundary_prompt,4-shot random authentic same-class,Shortlisted authentic RUHSOLD Profane examples,40,rt : kisi ko bhulnay k liye ussay yaad karna parta hai. aur idhr bhenchod yaad hi ati rehti hai bus,bhenchod mairi thand se phatt rahi hai,naak bandd ho gya bc.,bhenchod what a goal!,aapne zindagi ke pichhe betha diya ha,1,profane_batch_003.csv
class4_batch001_sample030133,1,30133,4,Profane,431133,435133,v3_original_demo_boundary_prompt,4-shot random authentic same-class,Shortlisted authentic RUHSOLD Profane examples,40,kyaaaa musibbaattt ha yr sara mood khraab kr diya ha bc,bhenchod exams uff,rona araha hai bhenchod why am i such a clown why am i so unimportant,bhenchod bht kutti haaalat huwe we he bhai,aaj kuch nahi samjta bhenchod,1,profane_batch_001.csv
class4_batch003_sample030594,3,30594,4,Profane,431594,435594,v3_original_demo_boundary_prompt,4-shot random authentic same-class,Shortlisted authentic RUHSOLD Profane examples,40,rt : kisi ko bhulnay k liye ussay yaad karna parta hai. aur idhr bhenchod yaad hi ati rehti hai bus,bhenchod syllabus kuch aur..aur padhke kuch aur gaya.,bhenchod aaj sirf roneka mann kar raha hai,code bhee saaf karna hai abheeee bc,bhenchod 10 se 5 tak krwao na mera number,1,profane_batch_003.csv
class4_batch002_sample030311,2,30311,4,Profane,431311,435311,v3_original_demo_boundary_prompt,4-shot random authentic same-class,Shortlisted authentic RUHSOLD Profane examples,40,bhenchod kya hai ye sb,slept for only 4 hours last night bc match daikhty daikhty girny wala hua wa hun,inn coaching vaalou ko kaise pta chal jaata hai mera result bhenchod.,rt : fariha without fa is riha and  riha kerdo koi bhenchod is zindagi se,yaar ab tak yeh bhi soch raha tha tujhe nahi pta jata kaisay pta hoga ki tere jaise insan ke liye nafrat nhi hoti?,1,profane_batch_002.csv
class4_batch003_sample030507,3,30507,4,Profane,431507,435507,v3_original_demo_boundary_prompt,4-shot random authentic same-class,Shortlisted authentic RUHSOLD Profane examples,40,"tm jao ma ni ja rha, pehly he adhi zindagi saffr mein guzr gai bc meri.",rt : birthday wali feel hi nai arahi bhenchod,bhenchod kahan phass gaya hoon,bhenchod kya hai ye sb,bhen chod tumhari amma ke chakke mangne se khush ho na bharwe,1,profane_batch_003.csv
class4_batch004_sample030655,4,30655,4,Profane,431655,435655,v3_original_demo_boundary_prompt,4-shot random authentic same-class,Shortlisted authentic RUHSOLD Profane examples,40,"rt : koi physics samjha de bhenchod,,,,",naak bandd ho gya bc.,nazar lag gayi bhenchod fuck this i knew it would never last,rt : bhenchod graph paper pe eraser use karo toh graph paper hi gayab ho jaata hai,bhenchod 70%,2,profane_batch_004.csv
class4_batch003_sample030516,3,30516,4,Profane,431516,435516,v3_original_demo_boundary_prompt,4-shot random authentic same-class,Shortlisted authentic RUHSOLD Profane examples,40,"rt : koi physics samjha de bhenchod,,,,",ajeeeeb bc 😒😂,rt : asa kon ludo khelta hi bc ....😇,bauhat sardi hai bc,rt : mera jism meri marzi kehte ho..tum jaisay zyada madarchod chutiya thodi ni lagti.,1,profane_batch_003.csv
class4_batch005_sample030849,5,30849,4,Profane,431849,435849,v3_original_demo_boundary_prompt,4-shot random authentic same-class,Shortlisted authentic RUHSOLD Profane examples,40,pubg lover hath toota howa hai phir b pubg nhai chorni bc😂😂😂,kyaaaa musibbaattt ha yr sara mood khraab kr diya ha bc,rt : kisi ko bhulnay k liye ussay yaad karna parta hai. aur idhr bhenchod yaad hi ati rehti hai bus,mera bhi yaar bhai...jindgi jhand ho gya hai bhenchodv 3 t20 me 300 rupya haar gye....,rt : wo apni maa ki dhokha khatm kar lo bc,2,profane_batch_005.csv
class4_batch005_sample030811,5,30811,4,Profane,431811,435811,v3_original_demo_boundary_prompt,4-shot random authentic same-class,Shortlisted authentic RUHSOLD Profane examples,40,bc bb khatm ho gya but i cant move on,i hate ors bhenchod,rt : kisi ko bhulnay k liye ussay yaad karna parta hai. aur idhr bhenchod yaad hi ati rehti hai bus,bhenchod syllabus kuch aur..aur padhke kuch aur gaya.,randi rona karne wala jis ka baap bhi nahi tha yeh bhi na kare,2,profane_batch_005.csv
class4_batch001_sample030000,1,30000,4,Profane,431000,435000,v3_original_demo_boundary_prompt,4-shot random authentic same-class,Shortlisted authentic RUHSOLD Profane examples,40,bhenchod bht kutti haaalat huwe we he bhai,2 years ago i asked my father for my own car. so he said “hbl car loan se lelo” bc itni khajal khawari keh tang akar i bought used honda civic. and mine is way better than new honda city. or sashky apny,bhenchod exams uff,i should've a bhenchod counter which will count the amount of times i've sad bhenchod,bhenchod i wanna cry but can’t 😔,1,profane_batch_001.csv
class4_batch004_sample030782,4,30782,4,Profane,431782,435782,v3_original_demo_boundary_prompt,4-shot random authentic same-class,Shortlisted authentic RUHSOLD Profane examples,40,code bhee saaf karna hai abheeee bc,pubg lover hath toota howa hai phir b pubg nhai chorni bc😂😂😂,slept for only 4 hours last night bc match daikhty daikhty girny wala hua wa hun,naak bandd ho gya bc.,�����������������������������������������������������������,2,profane_batch_004.csv
class4_batch002_sample030382,2,30382,4,Profane,431382,435382,v3_original_demo_boundary_prompt,4-shot random authentic same-class,Shortlisted authentic RUHSOLD Profane examples,40,ajeeeeb bc 😒😂,bhenchod exams uff,kyaaaa musibbaattt ha yr sara mood khraab kr diya ha bc,bhenchod what a goal!,bc abhi tak nae kia apna mc nikla,1,profane_batch_002.csv
class4_batch002_sample030316,2,30316,4,Profane,431316,435316,v3_original_demo_boundary_prompt,4-shot random authentic same-class,Shortlisted authentic RUHSOLD Profane examples,40,bhenchod aaj sirf roneka mann kar raha hai,bhenchod syllabus kuch aur..aur padhke kuch aur gaya.,mera bhi yaar bhai...jindgi jhand ho gya hai bhenchodv 3 t20 me 300 rupya haar gye....,why can’t i multitask???? i’m 22 fucking years old and i still dont know how to multitask bhenchod,maine bhi dekha tha..meri maa ka baap tu janta nahi hai,1,profane_batch_002.csv
class4_batch004_sample030761,4,30761,4,Profane,431761,435761,v3_original_demo_boundary_prompt,4-shot random authentic same-class,Shortlisted authentic RUHSOLD Profane examples,40,pubg lover hath toota howa hai phir b pubg nhai chorni bc😂😂😂,rt : fariha without fa is riha and  riha kerdo koi bhenchod is zindagi se,bhenchod aaj sirf roneka mann kar raha hai,main 5'8 ke sath bh chota lgta hn bc😶😑😑😑,jitna apni maa ko paise milte hai wo har ghutno ki tarah sahi nahin deta. #captaincoolshuklaji,2,profane_batch_004.csv
class4_batch003_sample030591,3,30591,4,Profane,431591,435591,v3_original_demo_boundary_prompt,4-shot random authentic same-class,Shortlisted authentic RUHSOLD Profane examples,40,inn coaching vaalou ko kaise pta chal jaata hai mera result bhenchod.,bhenchod kya hai ye sb,my entire neighborhood is making weird sounds bhenchod shaddi hai kya,"rt : koi physics samjha de bhenchod,,,,",bhenchod yeh na hi gandu,1,profane_batch_003.csv
class4_batch003_sample030408,3,30408,4,Profane,431408,435408,v3_original_demo_boundary_prompt,4-shot random authentic same-class,Shortlisted authentic RUHSOLD Profane examples,40,bhenchod syllabus kuch aur..aur padhke kuch aur gaya.,dil sumbhal ja zra bhenchod,nazar lag gayi bhenchod fuck this i knew it would never last,bc bb khatm ho gya but i cant move on,rt : mera najaiz khandani hai na bc,1,profane_batch_003.csv
class4_batch005_sample030941,5,30941,4,Profane,431941,435941,v3_original_demo_boundary_prompt,4-shot random authentic same-class,Shortlisted authentic RUHSOLD Profane examples,40,2 years ago i asked my father for my own car. so he said “hbl car loan se lelo” bc itni khajal khawari keh tang akar i bought used honda civic. and mine is way better than new honda city. or sashky apny,rona araha hai bhenchod why am i such a clown why am i so unimportant,main 5'8 ke sath bh chota lgta hn bc😶😑😑😑,i should've a bhenchod counter which will count the amount of times i've sad bhenchod,ye sai pata hai ya bhenchod nahi,2,profane_batch_005.csv
class4_batch006_sample031004,6,31004,4,Profane,432004,436004,v3_original_demo_boundary_prompt,4-shot random authentic same-class,Shortlisted authentic RUHSOLD Profane examples,40,bhenchod kya hai ye sb,ajeeeeb bc 😒😂,main 5'8 ke sath bh chota lgta hn bc😶😑😑😑,bhenchod syllabus kuch aur..aur padhke kuch aur gaya.,bhenchod yeh sahi kia hai,2,profane_batch_006.csv
class4_batch004_sample030750,4,30750,4,Profane,431750,435750,v3_original_demo_boundary_prompt,4-shot random authentic same-class,Shortlisted authentic RUHSOLD Profane examples,40,neend aa rhi h bc main sone jaa rhi hu 😂,bhenchod syllabus kuch aur..aur padhke kuch aur gaya.,kyaaaa musibbaattt ha yr sara mood khraab kr diya ha bc,my entire neighborhood is making weird sounds bhenchod shaddi hai kya,ye bat nae mera kaam hy yaar,2,profane_batch_004.csv
class4_batch001_sample030172,1,30172,4,Profane,431172,435172,v3_original_demo_boundary_prompt,4-shot random authentic same-class,Shortlisted authentic RUHSOLD Profane examples,40,bhenchod kahan phass gaya hoon,kyaaaa musibbaattt ha yr sara mood khraab kr diya ha bc,"rt : koi physics samjha de bhenchod,,,,",neend aa rhi h bc main sone jaa rhi hu 😂,kutte ki nasal hai,1,profane_batch_001.csv
class4_batch001_sample030125,1,30125,4,Profane,431125,435125,v3_original_demo_boundary_prompt,4-shot random authentic same-class,Shortlisted authentic RUHSOLD Profane examples,40,main 5'8 ke sath bh chota lgta hn bc😶😑😑😑,"rt : koi physics samjha de bhenchod,,,,",i hate ors bhenchod,bhenchod aaj sirf roneka mann kar raha hai,apne ko pata hai ye dusra ke jism kya nhi..🤣,1,profane_batch_001.csv
class4_batch004_sample030696,4,30696,4,Profane,431696,435696,v3_original_demo_boundary_prompt,4-shot random authentic same-class,Shortlisted authentic RUHSOLD Profane examples,40,rt : fariha without fa is riha and  riha kerdo koi bhenchod is zindagi se,inn coaching vaalou ko kaise pta chal jaata hai mera result bhenchod.,"rt : yaar magar wifi bandh na karna, missile vissile daal do koi dikkat nahi, magar internet chahiye bc",mera bhi yaar bhai...jindgi jhand ho gya hai bhenchodv 3 t20 me 300 rupya haar gye....,rt : ye wohi lagaon jo apke bhee nanga hoga😝,2,profane_batch_004.csv
class4_batch003_sample030499,3,30499,4,Profane,431499,435499,v3_original_demo_boundary_prompt,4-shot random authentic same-class,Shortlisted authentic RUHSOLD Profane examples,40,bhenchod exams uff,code bhee saaf karna hai abheeee bc,slept for only 4 hours last night bc match daikhty daikhty girny wala hua wa hun,i hate ors bhenchod,rt : mera jism meri marzi yar..  mera jism meri marzi yaar... mera jism tere jism meri maa ki chut mein teri maa ki phudi.. mera jism teri maa ki ch,1,profane_batch_003.csv
class4_batch005_sample030893,5,30893,4,Profane,431893,435893,v3_original_demo_boundary_prompt,4-shot random authentic same-class,Shortlisted authentic RUHSOLD Profane examples,40,kyaaaa musibbaattt ha yr sara mood khraab kr diya ha bc,bauhat sardi hai bc,"tm jao ma ni ja rha, pehly he adhi zindagi saffr mein guzr gai bc meri.",neend aa rhi h bc main sone jaa rhi hu 😂,wtf,2,profane_batch_005.csv
class4_batch004_sample030678,4,30678,4,Profane,431678,435678,v3_original_demo_boundary_prompt,4-shot random authentic same-class,Shortlisted authentic RUHSOLD Profane examples,40,rt : birthday wali feel hi nai arahi bhenchod,i hate ors bhenchod,kyaaaa musibbaattt ha yr sara mood khraab kr diya ha bc,naak bandd ho gya bc.,abe tu hamesha bhag jayega charsi,2,profane_batch_004.csv
