production_candidate_id,batch_number,sample_index,class_id,target_label,generation_seed,demonstration_seed,prompt_version,prompting_strategy,demonstration_source,demonstration_pool_size,demo_1,demo_2,demo_3,demo_4,generated_text
class2_batch004_sample010600,4,10600,2,Religious Hate,211600,215600,v3_original_demo_boundary_prompt,4-shot random authentic same-class,Shortlisted authentic RUHSOLD Religious Hate examples,118,tmri taraj animals ki potty n khate... tm jaake  bomb fodo jaake.......halala ke masala.  niklo.. yaha tm atankiyo k liy jagah ni h bhai. yaha atank n failaooo,hindu sirf gooli ki zuban smjta ha,bosdk yeh tumhare ghar me hota hai. saari k blouse me mote mote doodh dikhati firti hain tumhare dharam ki orate or hindu orat ko musalman ka l#nd aachaa lagta hai. yeh baat puri dunia janti hai,pislam me media ka estemal kerna haram hai  halala ki paidais,rt : qandeel baloch ka pakistan mein mazhabi maut
class2_batch004_sample010601,4,10601,2,Religious Hate,211601,215601,v3_original_demo_boundary_prompt,4-shot random authentic same-class,Shortlisted authentic RUHSOLD Religious Hate examples,118,in beghairto israel yahodi khanzeer kai bacho nai kia kuch nahen kia hain lekhin alhamdulillah islam wahid deen jo mohabbat sikhati hain nakai nafrat aur ye sab sai tezi sai phelta huwa deen hain is liye inko jalan ho rahi hain aur har koshish kar bhe chukai hain aur kar bhe,aye yahudiyo jitna zulm karna hai kar lo in sha allah woh din bhi zaroor aayega ke tumhe chun chun ke maara jayega yahan tak ke tum darakht ya pattharoñ ke piche chhup jaoge to bejan chizen bhi kahengi yahan yahoodi chhupa hai.hadees ka farman hai ho kar rahega #israeliterrorism,hindu dharm ka matlab samajh pehle puppet khali bhaunk aur bhaunk iam enjoying ur bark 😂😂😂😂,"not surprised comment came from ahmedi. tbh, i won't be surprised when some christians will argue that they r included in muslim category too. just bcoz they believe there is only one god.",haan wo ek yahoodi ho
class2_batch004_sample010602,4,10602,2,Religious Hate,211602,215602,v3_original_demo_boundary_prompt,4-shot random authentic same-class,Shortlisted authentic RUHSOLD Religious Hate examples,118,"tum vahi karo jo aata hai ,namaz or bakri chudai","pta nhi kon si uni se graduate hote ho aap log jnha aesi wahiyat education di jati hðÿ˜‚ðÿ˜‚ðÿ˜‚ halala, gazwa-e-hind, camel urine or pta nhi kya kyaðÿ˜‚ðÿ˜‚ðÿ˜‚ðÿ¤£ðÿ¤£ðÿ¤£ðÿ¤£ðÿ‘ðÿ»",kaafir tujhe kuch nai malum,ye pagliya gyi h saali... kuttiya ye ab bhul gyi h jisne #halala or #teentlaaq se aazadi dilwayi usko bhul gyi h ye mullli....,"aaj jab munafik ko muhabbat dikhane ke liye bhi apni bhen ki beti ko dekh raha tha, tab hi tere maa baap ne tu ko bacha na bola"
class2_batch004_sample010603,4,10603,2,Religious Hate,211603,215603,v3_original_demo_boundary_prompt,4-shot random authentic same-class,Shortlisted authentic RUHSOLD Religious Hate examples,118,is cult  mein kisi boht hi pyare ko kho dene k baad uski qaber pe phool rakhna b jurm hai west mein qaberisat se phool chura k un ko sale kr k ahmdi chanda dia karte hain takey ragister se naam na kut jaye,that's for foolish act and the ahmedi you highlighted they were equal to jews for us so alhmdurallah we save quran ! . and about hindus and christians its was a false news !  and if it is real then show me !  if you don't have anything then shut up and run !,yahodi agent qadyani chamcha,tum log yahoodi ho kisi ko shuck nahi hona chaheye bus kafi hogae musalmanon ko aur dhoka na dou👹,yar ab kuch zada pata nhi hota kesi kya kiya hua tha ?😂
class2_batch004_sample010604,4,10604,2,Religious Hate,211604,215604,v3_original_demo_boundary_prompt,4-shot random authentic same-class,Shortlisted authentic RUHSOLD Religious Hate examples,118,"pta nhi kon si uni se graduate hote ho aap log jnha aesi wahiyat education di jati hðÿ˜‚ðÿ˜‚ðÿ˜‚ halala, gazwa-e-hind, camel urine or pta nhi kya kyaðÿ˜‚ðÿ˜‚ðÿ˜‚ðÿ¤£ðÿ¤£ðÿ¤£ðÿ¤£ðÿ‘ðÿ»",ye insan ik chaaal haaa dostoo .........zra smj k chliye gaa...sb jaanty hn qadyaani kaafir hn ......ye sb k sentiments gain kr rhaa haa......bad me ye apna chehra dikhiye gaaa fasad kii shkal me.....in chaaalo sy hosyar rhy baseerat paida kry sb apny andr.. shukria...,chhor bhen chod hrami hindu chhor esko😠😠😠,sunni killing a shia....what's new?  thank god he wasn't a ahmedi muslim otherwise the motive would have been to acquire a passport to migrate to western countries and continue their islamic jihadi work after retirement,rt : haramkhor yahodi agent modi and his chore mulla and his yahodi media
class2_batch004_sample010605,4,10605,2,Religious Hate,211605,215605,v3_original_demo_boundary_prompt,4-shot random authentic same-class,Shortlisted authentic RUHSOLD Religious Hate examples,118,iran shia mulk ha or ye munafik log han,ahmedi mirziee qadiyani hargiz kuleedi uhdu pe nhee janay chahien warna hmari agencies pe swalia nishan hey,dekh le madarch*d islam ka nanga naach..babri par fate hue bawaseer ki tarah bhaunk raha tha na..us par bhi ab apne manhoos muh se kuch hag de..blood cousins ke incest ki paidaish,no no ...... hindu na kah mujhe ........islam bura maan jayega .......kaafir kah kaafir...,duniya mein tum logon ne yahoodi ghatiye ko pakistan ko saleeb kar diya hai
class2_batch004_sample010606,4,10606,2,Religious Hate,211606,215606,v3_original_demo_boundary_prompt,4-shot random authentic same-class,Shortlisted authentic RUHSOLD Religious Hate examples,118,plz sir hamy in say koi khtra nahi hamy is imran khan yahodi our kadiyanion say bachny pay gor karen pak army tayri azmat ko salam,shia kaafir hai aur hum naam k musalmaan.,well said.lanati hain ye qadyani kafir,"obviously we muslims hate ahmedi's . 😡 we don't care whatever happens to them ! we just hate them. if their is oppression over other minorities in pakistan which is not usual alhamdolillah, then i condemn that.",jisne tere jaise yahoodi agent ko munh kholwana chaha tha wo un se zinda ho gaye usse pata chala gaya he ye haramkhoro aur yahodi hain.
class2_batch004_sample010607,4,10607,2,Religious Hate,211607,215607,v3_original_demo_boundary_prompt,4-shot random authentic same-class,Shortlisted authentic RUHSOLD Religious Hate examples,118,"insaniyat ko bache rahne do, jis mazhab me janwar ka gala ret ke khushi banti hai, jis mazhab me soorma logo ko 72 virgin ladkiya baati jaati, jo duniya pe kabze ke sapne dekhta ho us mazhab se duuri banane me hi insaniyat ki bhalayi hai.",iran shia mulk ha or ye munafik log han,please sell up you yahoodi bastards,madarchod muslaman ki kaum madarchod saalo ka imaan nahi hai bheno ko chod te hai bhen ke lode harmazaade uskiye apni  maa ki chut bhi chodta hoga aur chuswata hoga logo se saare musalamaan raand ki olad islam ki maa ki chut,randi k bachay tere jaise abba ne tu haramkhor ki tarah bana diya
class2_batch004_sample010608,4,10608,2,Religious Hate,211608,215608,v3_original_demo_boundary_prompt,4-shot random authentic same-class,Shortlisted authentic RUHSOLD Religious Hate examples,118,aor hamary hkmran in k sath mily huy en ....yahudi aor hindun hmary sb sy bry dushman en,"huh wut you say u imbecile, i shat on you...toh toh toh kaafir",sunni killing a shia....what's new?  thank god he wasn't a ahmedi muslim otherwise the motive would have been to acquire a passport to migrate to western countries and continue their islamic jihadi work after retirement,1 balatkari muslim 3 balatkari tera baap hindu h uske bare m kuch bol  be,ye tum logon ki choti bat hi ho gai hai
class2_batch004_sample010609,4,10609,2,Religious Hate,211609,215609,v3_original_demo_boundary_prompt,4-shot random authentic same-class,Shortlisted authentic RUHSOLD Religious Hate examples,118,o madadarchod: tum tu farigh ho aur yeh gashti tu waisay he sari raat jagti hay. o dallay o kanjar hum tu iran jatay hotay hain tu bata apni behan kitni baar mbs aur us kay wahabi sheikhon ko bhaijta hay.,"path of cruelty , path of violence, path of halala , path of tripe talaq, path of marrying 6 years old aisha,path to discipline their wives by beating them,path of hurun,path of apostasy,path of punishable apostasy, path of beheading. what a pissful religion izlam is ðÿ‘",yes they are involved in bomb blast... halala and bakrigiri,typical muslim randi-rona taqia.,haan na chupa kar tumhary maa ka yaar abhi tak hi ye sab sunna tha jo tu samjh aya hai
class2_batch004_sample010610,4,10610,2,Religious Hate,211610,215610,v3_original_demo_boundary_prompt,4-shot random authentic same-class,Shortlisted authentic RUHSOLD Religious Hate examples,118,aor hamary hkmran in k sath mily huy en ....yahudi aor hindun hmary sb sy bry dushman en,iran shia mulk ha or ye munafik log han,dekh le madarch*d islam ka nanga naach..babri par fate hue bawaseer ki tarah bhaunk raha tha na..us par bhi ab apne manhoos muh se kuch hag de..blood cousins ke incest ki paidaish,ahmdi is a non muslim biggest cheap religion ahmdi.,yar tumhein pata ni kahan khanzeer ho
class2_batch004_sample010611,4,10611,2,Religious Hate,211611,215611,v3_original_demo_boundary_prompt,4-shot random authentic same-class,Shortlisted authentic RUHSOLD Religious Hate examples,118,hey are fighting amongst each other. #bajwa is compromise candidate. thats only reason why he a ahmadiya is a coas.,tum log yahoodi ho kisi ko shuck nahi hona chaheye bus kafi hogae musalmanon ko aur dhoka na dou👹,that nigga was yahoodi he probably lied to all the employees,kafir yahodi kafir hindo same thinking,chup randi jaisi baat kar rha hai😂
class2_batch004_sample010612,4,10612,2,Religious Hate,211612,215612,v3_original_demo_boundary_prompt,4-shot random authentic same-class,Shortlisted authentic RUHSOLD Religious Hate examples,118,1 balatkari muslim 3 balatkari tera baap hindu h uske bare m kuch bol  be,qadiani ahmedi mirziee kaafir jo hen,plz sir hamy in say koi khtra nahi hamy is imran khan yahodi our kadiyanion say bachny pay gor karen pak army tayri azmat ko salam,that nigga was yahoodi he probably lied to all the employees,jisne 50 saal se hindustani hi rehna tha unko indian citizenship diya jaye..
class2_batch004_sample010613,4,10613,2,Religious Hate,211613,215613,v3_original_demo_boundary_prompt,4-shot random authentic same-class,Shortlisted authentic RUHSOLD Religious Hate examples,118,lant hy teri aagli pecchli tweet pe or tum pe or qadyanion pe or kuch ?,yahodi agent qadyani chamcha,tmri taraj animals ki potty n khate... tm jaake  bomb fodo jaake.......halala ke masala.  niklo.. yaha tm atankiyo k liy jagah ni h bhai. yaha atank n failaooo,kabi bi nai jo sakta ya shia log pora ka pora yahodi hn,ab kya ghabrana hy tera baap yahoodi h
class2_batch004_sample010614,4,10614,2,Religious Hate,211614,215614,v3_original_demo_boundary_prompt,4-shot random authentic same-class,Shortlisted authentic RUHSOLD Religious Hate examples,118,ho gaye hy aur han aj jo ye sekhon k liye kar raha hy ye whoi sekh hy jub pakistan azad howa tha aur muslmano ne jub india sa hijrat ki tub sub zada qatal muslim ko in sekhon ne kiya tha par afsos ap jesy log is yahodi e agent ko ek islami leader mante ho phir kasm khao k allah,or mujhe un ladkiyo se utni hi nafrat hai jo mullo se shadi karti hai jitni kisi normal hindu ko😡 or mujhe hindu ladko se bhi itni hi nafrat hai jo muslim ladkiyo se shadi karte hai... dharam me koi milawat mujhe pasand nahi,israel yahoodi sabse bade atankwaadi hai,hindu sirf gooli ki zuban smjta ha,chutiye lakh di lanati hai tum jaise tujhe
class2_batch004_sample010615,4,10615,2,Religious Hate,211615,215615,v3_original_demo_boundary_prompt,4-shot random authentic same-class,Shortlisted authentic RUHSOLD Religious Hate examples,118,benchod randi  islam,"gau mutr peeyo tum log lodu awkat bna phir aake muh lag, randwa saala",well said.lanati hain ye qadyani kafir,"waise madarso mein bahut achhi taaleem di jaati hai tum jihadi hijdo ko, asar dikh rha hai yahan, khud toh khud ki bhen chodte hi ho aur dusro ko bhi bhenchod samajhte ho.",khanzeer munafiq yahodi agent imran chore zakat khore yahoodi destroyed pakistan nation
class2_batch004_sample010616,4,10616,2,Religious Hate,211616,215616,v3_original_demo_boundary_prompt,4-shot random authentic same-class,Shortlisted authentic RUHSOLD Religious Hate examples,118,aor hamary hkmran in k sath mily huy en ....yahudi aor hindun hmary sb sy bry dushman en,shia kaafir hai aur hum naam k musalmaan.,ho gaye hy aur han aj jo ye sekhon k liye kar raha hy ye whoi sekh hy jub pakistan azad howa tha aur muslmano ne jub india sa hijrat ki tub sub zada qatal muslim ko in sekhon ne kiya tha par afsos ap jesy log is yahodi e agent ko ek islami leader mante ho phir kasm khao k allah,get lost you kaafir.,tumhari maa chodungay bajwa kutta yahodi
class2_batch004_sample010617,4,10617,2,Religious Hate,211617,215617,v3_original_demo_boundary_prompt,4-shot random authentic same-class,Shortlisted authentic RUHSOLD Religious Hate examples,118,please all muslims come one page and unite  insha allah   yahoodi isreal finished all,no no ...... hindu na kah mujhe ........islam bura maan jayega .......kaafir kah kaafir...,ye insan ik chaaal haaa dostoo .........zra smj k chliye gaa...sb jaanty hn qadyaani kaafir hn ......ye sb k sentiments gain kr rhaa haa......bad me ye apna chehra dikhiye gaaa fasad kii shkal me.....in chaaalo sy hosyar rhy baseerat paida kry sb apny andr.. shukria...,q teri bhen ko chuda hy dewbandion ny ..harami ki nasal,teri abba bhi bakwaas krta tha phattu
class2_batch004_sample010618,4,10618,2,Religious Hate,211618,215618,v3_original_demo_boundary_prompt,4-shot random authentic same-class,Shortlisted authentic RUHSOLD Religious Hate examples,118,"surprise!  surprise!  majority of the muslims are at just in different levels of ""usman khan"" ranging from mild to extreme (except ahmadiya may be, but they are not ""real muslims"")  that's from a person living in a country with 95% muslim    https://t.co/hq35u2xrrk,2009-05-25 17:25:26,sydney, new south wales",yahoodi kabhi hamara dost nhi ho sakta,pislam me media ka estemal kerna haram hai  halala ki paidais,jaa bhen k lory tum harrami ki nasal ho.. dewband maslak pe kutty ki tareh bhoonkty ho..,munafik insan 😠
class2_batch004_sample010619,4,10619,2,Religious Hate,211619,215619,v3_original_demo_boundary_prompt,4-shot random authentic same-class,Shortlisted authentic RUHSOLD Religious Hate examples,118,o madadarchod: tum tu farigh ho aur yeh gashti tu waisay he sari raat jagti hay. o dallay o kanjar hum tu iran jatay hotay hain tu bata apni behan kitni baar mbs aur us kay wahabi sheikhon ko bhaijta hay.,"pta nhi kon si uni se graduate hote ho aap log jnha aesi wahiyat education di jati hðÿ˜‚ðÿ˜‚ðÿ˜‚ halala, gazwa-e-hind, camel urine or pta nhi kya kyaðÿ˜‚ðÿ˜‚ðÿ˜‚ðÿ¤£ðÿ¤£ðÿ¤£ðÿ¤£ðÿ‘ðÿ»",meri tarbiyat yehi hai k jo amreca ko apna baap manta hai na wo muslman hai or na us s koi hanra taloq hai tum nasl e yazeedi ho masl e yahodi or yahoodio ki olad ho,ye lode teri maa or bahan ke shohar hai or jyada bolega to de denge teri maa or bahan ko hum denge talaq or fir halala wow kya baat hai mullo wow lund chuss lo ðÿ˜œðÿ˜œðÿ˜œðÿ˜œ,bhai uthane ka matlab ha abhi tak kia 3800 tweets krna tha lekin ye kisi aur tweet pe reply nahi ata😂
class2_batch004_sample010620,4,10620,2,Religious Hate,211620,215620,v3_original_demo_boundary_prompt,4-shot random authentic same-class,Shortlisted authentic RUHSOLD Religious Hate examples,118,chal na randi ! we have spiritual connection with supreme leader imam khamnae !  we have our hearts and souls for holy cities of najaf and karbala !  dont give a fck to wahabi chutiyas,"abbey halala ki paidaish, 5 baap ki aulaad. patthar baazi ke alawa kuchh kaam kara kabhi teri kaum ne ?",imran qadyani yahoodi agent hy pti ki 18 bank account hy jis may qadyani yahoodi hondo ny funding ki hy . gold smith jimaima aneel musrst . atif miaan sub qadyani yahoodi hy,abe jaana mullle sale bhikari !! halala k maje krwa apni maa ko,rt : #stophalala  saali randi
class2_batch004_sample010621,4,10621,2,Religious Hate,211621,215621,v3_original_demo_boundary_prompt,4-shot random authentic same-class,Shortlisted authentic RUHSOLD Religious Hate examples,118,haha jaat dikha di bsdk antankbadi halala ki aulaad teri ammi ka halala hua tha phir to randi ke bacheðÿ¤£ðÿ¤£ðÿ˜…,"abbey halala ki paidaish, 5 baap ki aulaad. patthar baazi ke alawa kuchh kaam kara kabhi teri kaum ne ?",or mujhe un ladkiyo se utni hi nafrat hai jo mullo se shadi karti hai jitni kisi normal hindu ko😡 or mujhe hindu ladko se bhi itni hi nafrat hai jo muslim ladkiyo se shadi karte hai... dharam me koi milawat mujhe pasand nahi,"just the ten thousandth ""isolated"" instance of christian /jewish/hindu/ahmedi places of worship being attacked by crybabies who themselves can't handle some nutcase burning a book full of fiction stories.",ye saali ghatia hai apne maa chod rahi hai gharwale
class2_batch004_sample010622,4,10622,2,Religious Hate,211622,215622,v3_original_demo_boundary_prompt,4-shot random authentic same-class,Shortlisted authentic RUHSOLD Religious Hate examples,118,abe jaana mullle sale bhikari !! halala k maje krwa apni maa ko,or wahan tumhara jahanumi ahmedi jo naaowz billah nabi hona ka dawa dar tha wo wo case hara tha or court sa bhag gya tha.nabi pak p.b.u.h allah ka akhri nabi han or on ka bad koi nabi nahi ae ga.ya ak haqeqat ha jo quran ma bhi ha.or 1947 ma pak islam ka name par bana tha.,"bilkul,itny lecture milny hain jese christmas or new year pe milty hain ,kya apko pata bhi hai k kaafir janwaro k haqq main dua bhi nahi krni chahye",kadiyani kafir thay hain aur hamesha harain gay. ye dajjali fitnay ki ek kari hain. aur inkay supporters hum main bhe jo chupay howay hain wo bhe khanzeer kafir he hain. lannat beshomar kadiyanio pr.,or yeh halala k liye aise mulk hai jisme muslims ki bachy ko kaha karnay walay logon ne bataya hai k ye bahanchod ho
class2_batch004_sample010623,4,10623,2,Religious Hate,211623,215623,v3_original_demo_boundary_prompt,4-shot random authentic same-class,Shortlisted authentic RUHSOLD Religious Hate examples,118,"ye manhoos hinduon ki diwali k chakkar mai har jaga ki aur quality kharab hogai, bharwe",jisko bhi hindu ki chudai par shak hai to ek baar mujh se chudwa kar dekho sab bhram dur ho jayega,q teri bhen ko chuda hy dewbandion ny ..harami ki nasal,no no ...... hindu na kah mujhe ........islam bura maan jayega .......kaafir kah kaafir...,yaha apne dost k naam pe bajao aurat march mein nahi aa sakte hein
class2_batch004_sample010624,4,10624,2,Religious Hate,211624,215624,v3_original_demo_boundary_prompt,4-shot random authentic same-class,Shortlisted authentic RUHSOLD Religious Hate examples,118,please don't share his obnoxious face to me. below is the image of the book rohani khzain from ahmedi's official website see what your evil messiah has declared god but you had said you have read the books of mirza and accepted him mehdi may god give you hidyath,lanat abbtknews k khilaf trend bnane walye yazeedion pe r bibi k dushmano p bhi,chhor bhen chod hrami hindu chhor esko😠😠😠,#khuda ki qasam agar mey hota tu zinda nahe bach sakta ta muj sey ye beghairat kafir yahoodi.,waisay nikala hi ho ga yahan tum apne baap ke ghar sey
class2_batch004_sample010625,4,10625,2,Religious Hate,211625,215625,v3_original_demo_boundary_prompt,4-shot random authentic same-class,Shortlisted authentic RUHSOLD Religious Hate examples,118,aye yahudiyo jitna zulm karna hai kar lo in sha allah woh din bhi zaroor aayega ke tumhe chun chun ke maara jayega yahan tak ke tum darakht ya pattharoñ ke piche chhup jaoge to bejan chizen bhi kahengi yahan yahoodi chhupa hai.hadees ka farman hai ho kar rahega #israeliterrorism,"pta nhi kon si uni se graduate hote ho aap log jnha aesi wahiyat education di jati hðÿ˜‚ðÿ˜‚ðÿ˜‚ halala, gazwa-e-hind, camel urine or pta nhi kya kyaðÿ˜‚ðÿ˜‚ðÿ˜‚ðÿ¤£ðÿ¤£ðÿ¤£ðÿ¤£ðÿ‘ðÿ»","bilkul,itny lecture milny hain jese christmas or new year pe milty hain ,kya apko pata bhi hai k kaafir janwaro k haqq main dua bhi nahi krni chahye",sale halala molvi se tum karvao apni oorto ka or apni ma bahan ka bol heme rhe ho molvi kamre m apni bahan ko bej kar sina choda hota hoga tumhara,"pata nahin ye aik mulk ka name hai jo pakistan ke sath jangi ha,yad rakhny dein k kia apki qabar mein bhi yeh bat dikhani padti hai"
class2_batch004_sample010626,4,10626,2,Religious Hate,211626,215626,v3_original_demo_boundary_prompt,4-shot random authentic same-class,Shortlisted authentic RUHSOLD Religious Hate examples,118,"bilkul,itny lecture milny hain jese christmas or new year pe milty hain ,kya apko pata bhi hai k kaafir janwaro k haqq main dua bhi nahi krni chahye","abbey halala ki paidaish, 5 baap ki aulaad. patthar baazi ke alawa kuchh kaam kara kabhi teri kaum ne ?",bosdk yeh tumhare ghar me hota hai. saari k blouse me mote mote doodh dikhati firti hain tumhare dharam ki orate or hindu orat ko musalman ka l#nd aachaa lagta hai. yeh baat puri dunia janti hai,"rt : q. woh kaun si qome he,jis ne such bhi bola phr bhi jahnum mein jayegi? ans: yahoodi or nasara qome. shahid sindh",i am really sorry to say this but there is no other way than killing ahmedi people otherwise they will keep on torturing us.
class2_batch004_sample010627,4,10627,2,Religious Hate,211627,215627,v3_original_demo_boundary_prompt,4-shot random authentic same-class,Shortlisted authentic RUHSOLD Religious Hate examples,118,lul bukhari ye tum nahe tumaray yahoodi or hindu thuku bol rahay hain jin ko army sey bahot hi zeda takleef hai...🖕,teri maa ka halala kra rha tha koi problem madarjat bhosdike mulle,yes they are involved in bomb blast... halala and bakrigiri,kadiyani kafir thay hain aur hamesha harain gay. ye dajjali fitnay ki ek kari hain. aur inkay supporters hum main bhe jo chupay howay hain wo bhe khanzeer kafir he hain. lannat beshomar kadiyanio pr.,aisee insaan ki tarah nhi hotay....
class2_batch004_sample010628,4,10628,2,Religious Hate,211628,215628,v3_original_demo_boundary_prompt,4-shot random authentic same-class,Shortlisted authentic RUHSOLD Religious Hate examples,118,tmri taraj animals ki potty n khate... tm jaake  bomb fodo jaake.......halala ke masala.  niklo.. yaha tm atankiyo k liy jagah ni h bhai. yaha atank n failaooo,wise halala ki paidaish tumse yhi ummid ki ja sakti hai madarsa chhhap suarðÿ˜‚ðÿ¤£ðÿ¤£ðÿ¤£ðÿ¤£,q teri bhen ko chuda hy dewbandion ny ..harami ki nasal,but we have a firm belief now that qadiyani and ahmedi neither want muslims nor pakistanis to live in a harmony,ye jin logon ne ghar walo ka shukr karwaya tha ye halala ki tatti hain
class2_batch004_sample010629,4,10629,2,Religious Hate,211629,215629,v3_original_demo_boundary_prompt,4-shot random authentic same-class,Shortlisted authentic RUHSOLD Religious Hate examples,118,meri tarbiyat yehi hai k jo amreca ko apna baap manta hai na wo muslman hai or na us s koi hanra taloq hai tum nasl e yazeedi ho masl e yahodi or yahoodio ki olad ho,chutiya azam ny kia kia ha ab tk sawa saal mein sirf 11600 arab ka izfa qarzoun mein kia or kuch nhi badlo apni soch ko yahodi na bano or ek muslim ki tarh socho,kaafir tujhe kuch nai malum,#stopisraeliterror   yahoodi mulk jisey israel ka naam diya gaya najaiz hai yahoodi sabse bada dahshatgard,imran chore zakat khore yahodi agent
class2_batch004_sample010630,4,10630,2,Religious Hate,211630,215630,v3_original_demo_boundary_prompt,4-shot random authentic same-class,Shortlisted authentic RUHSOLD Religious Hate examples,118,hey are fighting amongst each other. #bajwa is compromise candidate. thats only reason why he a ahmadiya is a coas.,tum log yahoodi ho kisi ko shuck nahi hona chaheye bus kafi hogae musalmanon ko aur dhoka na dou👹,uff pakiza muslim randi 😉😍,oeyy randdii k bachay ganddu hindu.. kyun jhoott baq raha hai gashti maa k ganndduu bachay. peshaab p k palnay wali qoum.,tum sab hindooo ka apna lund tera jism meri marzi ke chotay chutiyaa
class2_batch004_sample010631,4,10631,2,Religious Hate,211631,215631,v3_original_demo_boundary_prompt,4-shot random authentic same-class,Shortlisted authentic RUHSOLD Religious Hate examples,118,abe halala ki paidaish..  tumhara to wajood hi 800 years purana hai..  jab bhagwan ram ko kagaj dikhane ki jarurat par gayi to tum kaun ho.. kagaj to dikhana hi parega.. #nrc_caa_npr,no no ...... hindu na kah mujhe ........islam bura maan jayega .......kaafir kah kaafir...,"not surprised comment came from ahmedi. tbh, i won't be surprised when some christians will argue that they r included in muslim category too. just bcoz they believe there is only one god.",phir in yahodi khanzeer logo ko pata chalaiga kai kia ta aur kia nahen ye sirf dajjal kai liye aisa kar rahai hain kyunkai ye yahodi log khazeer log dajjal ko apna leader samjhtai hain aur tumhara pura bollywood bollyminati ban chuka hain tumharai dimagh ko programming ki ja rah,hamari koi nawaz shareef kaha keh rhi hai ???? hamari nawaz shareef keh rhi hai kiya ?? jaise koi bat nahi .....hamri nawaz shareef keh rhi hai kuch
class2_batch004_sample010632,4,10632,2,Religious Hate,211632,215632,v3_original_demo_boundary_prompt,4-shot random authentic same-class,Shortlisted authentic RUHSOLD Religious Hate examples,118,ho gaye hy aur han aj jo ye sekhon k liye kar raha hy ye whoi sekh hy jub pakistan azad howa tha aur muslmano ne jub india sa hijrat ki tub sub zada qatal muslim ko in sekhon ne kiya tha par afsos ap jesy log is yahodi e agent ko ek islami leader mante ho phir kasm khao k allah,"huh wut you say u imbecile, i shat on you...toh toh toh kaafir",abe jaana mullle sale bhikari !! halala k maje krwa apni maa ko,ahmdi is a non muslim biggest cheap religion ahmdi.,randi kay aulad apne paida kerde hindu khan
class2_batch004_sample010633,4,10633,2,Religious Hate,211633,215633,v3_original_demo_boundary_prompt,4-shot random authentic same-class,Shortlisted authentic RUHSOLD Religious Hate examples,118,ho gaye hy aur han aj jo ye sekhon k liye kar raha hy ye whoi sekh hy jub pakistan azad howa tha aur muslmano ne jub india sa hijrat ki tub sub zada qatal muslim ko in sekhon ne kiya tha par afsos ap jesy log is yahodi e agent ko ek islami leader mante ho phir kasm khao k allah,sale halala molvi se tum karvao apni oorto ka or apni ma bahan ka bol heme rhe ho molvi kamre m apni bahan ko bej kar sina choda hota hoga tumhara,ahmdi is a non muslim biggest cheap religion ahmdi.,"gau mutr peeyo tum log lodu awkat bna phir aake muh lag, randwa saala",teri ammi baji mein ghus k mera jism meri marzi samne dekhta ha
class2_batch004_sample010634,4,10634,2,Religious Hate,211634,215634,v3_original_demo_boundary_prompt,4-shot random authentic same-class,Shortlisted authentic RUHSOLD Religious Hate examples,118,tmri taraj animals ki potty n khate... tm jaake  bomb fodo jaake.......halala ke masala.  niklo.. yaha tm atankiyo k liy jagah ni h bhai. yaha atank n failaooo,abe jaana mullle sale bhikari !! halala k maje krwa apni maa ko,o madadarchod: tum tu farigh ho aur yeh gashti tu waisay he sari raat jagti hay. o dallay o kanjar hum tu iran jatay hotay hain tu bata apni behan kitni baar mbs aur us kay wahabi sheikhon ko bhaijta hay.,"just the ten thousandth ""isolated"" instance of christian /jewish/hindu/ahmedi places of worship being attacked by crybabies who themselves can't handle some nutcase burning a book full of fiction stories.","abe chutiye tera bharwe ka yaar ye halala waali aukat hai jo tmko pta hai, abhi tak tm ne unke liy 50k tweets dekh lete hai,"
class2_batch004_sample010635,4,10635,2,Religious Hate,211635,215635,v3_original_demo_boundary_prompt,4-shot random authentic same-class,Shortlisted authentic RUHSOLD Religious Hate examples,118,yes they are involved in bomb blast... halala and bakrigiri,#stopisraeliterror   yahoodi mulk jisey israel ka naam diya gaya najaiz hai yahoodi sabse bada dahshatgard,tmri taraj animals ki potty n khate... tm jaake  bomb fodo jaake.......halala ke masala.  niklo.. yaha tm atankiyo k liy jagah ni h bhai. yaha atank n failaooo,tm jeso ki jb g**nd mari jaye na fir tm log thek rehty ho bc k bachy jb wo yahoodi lanti marty hn na wo muslim dekhty hn air kuch ni dekhty baki tm na toh apni pesh krni hoti ha unhy.,tum khud ko dekh lo aur tm logo ki jannat jaise bhi bhi nahin hai... tumhe bhul jao ye wahan tak pahunche hain jab mrzi khush rahi thi.
class2_batch004_sample010636,4,10636,2,Religious Hate,211636,215636,v3_original_demo_boundary_prompt,4-shot random authentic same-class,Shortlisted authentic RUHSOLD Religious Hate examples,118,jahil k bachy kahan likha h k gair mazhb sy nikaah jaiz ha... tmari gand me jo keera ha wo nhi merna... khoty khany waly... yahoodi kahan sy hogaey ahle kitaab ....tm.b yahoodi to nhi,hindu dharm ka matlab samajh pehle puppet khali bhaunk aur bhaunk iam enjoying ur bark 😂😂😂😂,tw kaafir tera peo kaafir tera pura khandaan kaafir ooo churry trump🐱🐱,is cult  mein kisi boht hi pyare ko kho dene k baad uski qaber pe phool rakhna b jurm hai west mein qaberisat se phool chura k un ko sale kr k ahmdi chanda dia karte hain takey ragister se naam na kut jaye,ye kya haramzadi ki paidaish ho
class2_batch004_sample010637,4,10637,2,Religious Hate,211637,215637,v3_original_demo_boundary_prompt,4-shot random authentic same-class,Shortlisted authentic RUHSOLD Religious Hate examples,118,meri tarbiyat yehi hai k jo amreca ko apna baap manta hai na wo muslman hai or na us s koi hanra taloq hai tum nasl e yazeedi ho masl e yahodi or yahoodio ki olad ho,jisko bhi hindu ki chudai par shak hai to ek baar mujh se chudwa kar dekho sab bhram dur ho jayega,ahmdi is a non muslim biggest cheap religion ahmdi.,but we have a firm belief now that qadiyani and ahmedi neither want muslims nor pakistanis to live in a harmony,ya allah ka naam per nawaz sharif aur imran chore zakat khore yahodi agent kanjar ka naam lein ge
class2_batch004_sample010638,4,10638,2,Religious Hate,211638,215638,v3_original_demo_boundary_prompt,4-shot random authentic same-class,Shortlisted authentic RUHSOLD Religious Hate examples,118,please all muslims come one page and unite  insha allah   yahoodi isreal finished all,tmri taraj animals ki potty n khate... tm jaake  bomb fodo jaake.......halala ke masala.  niklo.. yaha tm atankiyo k liy jagah ni h bhai. yaha atank n failaooo,aor hamary hkmran in k sath mily huy en ....yahudi aor hindun hmary sb sy bry dushman en,phir kehty hum bhot badry #muslim hn aur #ashaq_e_rasool sawm hain lanat hai un sab #haramio py jinho ny bibi fatima zahra ko shahheed kia aur #haq khaya 🖐🏻😡🐕 aur lanat un sab py jo un #haramio ky hamdard hain,tera ghar mein tu na jane de tum logon ko bhi laga diya
class2_batch004_sample010639,4,10639,2,Religious Hate,211639,215639,v3_original_demo_boundary_prompt,4-shot random authentic same-class,Shortlisted authentic RUHSOLD Religious Hate examples,118,qadiyani pe lanat mirza khinzeer harami pe lanat.,"just the ten thousandth ""isolated"" instance of christian /jewish/hindu/ahmedi places of worship being attacked by crybabies who themselves can't handle some nutcase burning a book full of fiction stories.",jisko bhi hindu ki chudai par shak hai to ek baar mujh se chudwa kar dekho sab bhram dur ho jayega,meri tarbiyat yehi hai k jo amreca ko apna baap manta hai na wo muslman hai or na us s koi hanra taloq hai tum nasl e yazeedi ho masl e yahodi or yahoodio ki olad ho,ye gorai ka munafiq admi hai . tere baap ne duniya ke mukammel nazdeeq insaan ko jitni bhi paisay diye unka kuch nahi hua tha.
class2_batch004_sample010640,4,10640,2,Religious Hate,211640,215640,v3_original_demo_boundary_prompt,4-shot random authentic same-class,Shortlisted authentic RUHSOLD Religious Hate examples,118,apne profile mein whats app me fb twitter mein is bahadur nojawaan ki pic lga kr islam se or nabi ke din se mhbt ka izhaar kren or itna share kren ek yahoodi apne na pak iradoon se baaz ajaye is shakhs ne quraan pak ki hifazahat mein ek bhtareen mhbt ka jita jagta sabot dia hai,is cult  mein kisi boht hi pyare ko kho dene k baad uski qaber pe phool rakhna b jurm hai west mein qaberisat se phool chura k un ko sale kr k ahmdi chanda dia karte hain takey ragister se naam na kut jaye,kutto ki tarah america maar raha hai tumhari kaum ko...aasmani kitab walo...israel roj filistin may maa chod raha hai tumhari.... pahle unse nipto....dare hue log😂😂,madarchod muslaman ki kaum madarchod saalo ka imaan nahi hai bheno ko chod te hai bhen ke lode harmazaade uskiye apni  maa ki chut bhi chodta hoga aur chuswata hoga logo se saare musalamaan raand ki olad islam ki maa ki chut,wo ye harami ghaddar he
class2_batch004_sample010641,4,10641,2,Religious Hate,211641,215641,v3_original_demo_boundary_prompt,4-shot random authentic same-class,Shortlisted authentic RUHSOLD Religious Hate examples,118,abe bharwe tum hindu hi duniya k sub se bara atankwaz ho haramiyon bt krte ho hamare age tumhari country me hindu k elawa koi safe nhi he  tumhari country ka name isi liye  lynchistan he  isi king all the world,get lost you kaafir.,#khuda ki qasam agar mey hota tu zinda nahe bach sakta ta muj sey ye beghairat kafir yahoodi.,abe mc mein bheju teri maa cow ka photo kat te hue bc. chod teri tarah andhbhakt nhi hu aur nhi illiterate.. go and drink cow piss.,tumhari tarah jisne kuch bola to tere pass ek baap nahi hai uske jaise kab tak tumhari gand kutty ko dhoond raha ho
class2_batch004_sample010642,4,10642,2,Religious Hate,211642,215642,v3_original_demo_boundary_prompt,4-shot random authentic same-class,Shortlisted authentic RUHSOLD Religious Hate examples,118,tw kaafir tera peo kaafir tera pura khandaan kaafir ooo churry trump🐱🐱,"huh wut you say u imbecile, i shat on you...toh toh toh kaafir",please sell up you yahoodi bastards,poocho hamarai imam sai kai quran mein kaha likha huwa hain aisai ye sirf yahodi khanzeer logo ki chaal hainmuslims ko badnaam karkai liye  zara socho na tumharai hinduism ko badnaam kyun nahen kartai islam kai peechai kyun parai huwai hain zara dimagh ko khol kai socho,allah teri maaa bhen ko jab tak mard dala nahi saka tab tak teri behn aur betiyan ko goli marne se paida karke dega
class2_batch004_sample010643,4,10643,2,Religious Hate,211643,215643,v3_original_demo_boundary_prompt,4-shot random authentic same-class,Shortlisted authentic RUHSOLD Religious Hate examples,118,typical muslim randi-rona taqia.,another endian hijra coward hindu terrorist army soldier dispatched to shamshangarh by pakistan army i want more endian hindu terrorist dead so keep it up pakistan,oy ahmdi kuty. tum log smjhty ho k is trah kr k hm awam ko pagl bnao gy?? beta bajwa ne tere jeso ko nanga nachana he sbr kr. kahi ni ja rha hmara army chief. tum logo ne agly 3 sal me ye duniya hi chor jani bajwa k dar se. ye army chief nahi pakistan ka muhafiz he.,or mujhe un ladkiyo se utni hi nafrat hai jo mullo se shadi karti hai jitni kisi normal hindu ko😡 or mujhe hindu ladko se bhi itni hi nafrat hai jo muslim ladkiyo se shadi karte hai... dharam me koi milawat mujhe pasand nahi,ya gandu yahodi agent qadyani kashmir frosh
class2_batch004_sample010644,4,10644,2,Religious Hate,211644,215644,v3_original_demo_boundary_prompt,4-shot random authentic same-class,Shortlisted authentic RUHSOLD Religious Hate examples,118,kaafir tujhe kuch nai malum,sirf momin aya to yahoodi kum nasal marny laggaye agr sawa crore momin agaye to sochen kya hoga?hamen jagna hoga,oy ahmdi kuty. tum log smjhty ho k is trah kr k hm awam ko pagl bnao gy?? beta bajwa ne tere jeso ko nanga nachana he sbr kr. kahi ni ja rha hmara army chief. tum logo ne agly 3 sal me ye duniya hi chor jani bajwa k dar se. ye army chief nahi pakistan ka muhafiz he.,that nigga was yahoodi he probably lied to all the employees,teri maa ki phudi ma apni koi baat karo thori saari
class2_batch004_sample010645,4,10645,2,Religious Hate,211645,215645,v3_original_demo_boundary_prompt,4-shot random authentic same-class,Shortlisted authentic RUHSOLD Religious Hate examples,118,imran qadyani yahoodi agent hy pti ki 18 bank account hy jis may qadyani yahoodi hondo ny funding ki hy . gold smith jimaima aneel musrst . atif miaan sub qadyani yahoodi hy,q teri bhen ko chuda hy dewbandion ny ..harami ki nasal,oy ahmdi kuty. tum log smjhty ho k is trah kr k hm awam ko pagl bnao gy?? beta bajwa ne tere jeso ko nanga nachana he sbr kr. kahi ni ja rha hmara army chief. tum logo ne agly 3 sal me ye duniya hi chor jani bajwa k dar se. ye army chief nahi pakistan ka muhafiz he.,ye lode teri maa or bahan ke shohar hai or jyada bolega to de denge teri maa or bahan ko hum denge talaq or fir halala wow kya baat hai mullo wow lund chuss lo ðÿ˜œðÿ˜œðÿ˜œðÿ˜œ,ye gandu aurat khud bhi hamari army chief say bacha ha..teri maa or bahan ka jism meray pas he
class2_batch004_sample010646,4,10646,2,Religious Hate,211646,215646,v3_original_demo_boundary_prompt,4-shot random authentic same-class,Shortlisted authentic RUHSOLD Religious Hate examples,118,haha jaat dikha di bsdk antankbadi halala ki aulaad teri ammi ka halala hua tha phir to randi ke bacheðÿ¤£ðÿ¤£ðÿ˜…,or mujhe un ladkiyo se utni hi nafrat hai jo mullo se shadi karti hai jitni kisi normal hindu ko😡 or mujhe hindu ladko se bhi itni hi nafrat hai jo muslim ladkiyo se shadi karte hai... dharam me koi milawat mujhe pasand nahi,"rt : q. woh kaun si qome he,jis ne such bhi bola phr bhi jahnum mein jayegi? ans: yahoodi or nasara qome. shahid sindh",hindoo wo qom ha jinper koi nabi koi kitaab nazil nahi hoi. ye to yahoodi se bhi bad tar hen,tu sikh ho ya hindu..??
class2_batch004_sample010647,4,10647,2,Religious Hate,211647,215647,v3_original_demo_boundary_prompt,4-shot random authentic same-class,Shortlisted authentic RUHSOLD Religious Hate examples,118,chutiya azam ny kia kia ha ab tk sawa saal mein sirf 11600 arab ka izfa qarzoun mein kia or kuch nhi badlo apni soch ko yahodi na bano or ek muslim ki tarh socho,chal fosdi ke mohammad kabile wale ki halala ki aulad,jahil k bachy kahan likha h k gair mazhb sy nikaah jaiz ha... tmari gand me jo keera ha wo nhi merna... khoty khany waly... yahoodi kahan sy hogaey ahle kitaab ....tm.b yahoodi to nhi,teri maa ka halala kra rha tha koi problem madarjat bhosdike mulle,lakh di lanati ho tum logon per
class2_batch004_sample010648,4,10648,2,Religious Hate,211648,215648,v3_original_demo_boundary_prompt,4-shot random authentic same-class,Shortlisted authentic RUHSOLD Religious Hate examples,118,plz sir hamy in say koi khtra nahi hamy is imran khan yahodi our kadiyanion say bachny pay gor karen pak army tayri azmat ko salam,please sell up you yahoodi bastards,hindu sirf gooli ki zuban smjta ha,"hogai izzat? mera jism meri marzi jc ghaleez or ghatiya terminologies hamare muslim muashrey me dene ki koshish me aapki so-called,vahiyat or ikhlaq se giri support ko khud ne hi reject kardiya.  apne yahoodi gods ko khush krne k liey kuch or karien",abe tu samajha hoga kaha tak
class2_batch004_sample010649,4,10649,2,Religious Hate,211649,215649,v3_original_demo_boundary_prompt,4-shot random authentic same-class,Shortlisted authentic RUHSOLD Religious Hate examples,118,halala ki padayish ho aap aur kya expect karenge hum aapse,"ye manhoos hinduon ki diwali k chakkar mai har jaga ki aur quality kharab hogai, bharwe",no no ...... hindu na kah mujhe ........islam bura maan jayega .......kaafir kah kaafir...,"hogai izzat? mera jism meri marzi jc ghaleez or ghatiya terminologies hamare muslim muashrey me dene ki koshish me aapki so-called,vahiyat or ikhlaq se giri support ko khud ne hi reject kardiya.  apne yahoodi gods ko khush krne k liey kuch or karien",abey bhenchod randi rona mat kro
class2_batch004_sample010650,4,10650,2,Religious Hate,211650,215650,v3_original_demo_boundary_prompt,4-shot random authentic same-class,Shortlisted authentic RUHSOLD Religious Hate examples,118,"ye manhoos hinduon ki diwali k chakkar mai har jaga ki aur quality kharab hogai, bharwe",jaa bhen k lory tum harrami ki nasal ho.. dewband maslak pe kutty ki tareh bhoonkty ho..,"m firqa wariyat m nahi parhna chahta, muslims mjo ahktlaf hen wo apni jaga , lekin pichly 200 saal sy muslim is liye mar kha rhy hen k sunni shia wahabi dayobandi bla bla ,,yahodi or nasara ny na koi sunni mulk chora ha na koi shia,  wo bs yehi dekhtay ye muslman ha ..bs maro isk",ye lode teri maa or bahan ke shohar hai or jyada bolega to de denge teri maa or bahan ko hum denge talaq or fir halala wow kya baat hai mullo wow lund chuss lo ðÿ˜œðÿ˜œðÿ˜œðÿ˜œ,aik yahoodi muslim khan zindabad
class2_batch004_sample010651,4,10651,2,Religious Hate,211651,215651,v3_original_demo_boundary_prompt,4-shot random authentic same-class,Shortlisted authentic RUHSOLD Religious Hate examples,118,ahmdi is a non muslim biggest cheap religion ahmdi.,no no ...... hindu na kah mujhe ........islam bura maan jayega .......kaafir kah kaafir...,ahmedi mirziee qadiyani hargiz kuleedi uhdu pe nhee janay chahien warna hmari agencies pe swalia nishan hey,lanat abbtknews k khilaf trend bnane walye yazeedion pe r bibi k dushmano p bhi,tum toh abb tak apni shakal dekh sakte thi wo kya ho gayi
class2_batch004_sample010652,4,10652,2,Religious Hate,211652,215652,v3_original_demo_boundary_prompt,4-shot random authentic same-class,Shortlisted authentic RUHSOLD Religious Hate examples,118,tw kaafir tera peo kaafir tera pura khandaan kaafir ooo churry trump🐱🐱,typical muslim randi-rona taqia.,imran qadyani yahoodi agent hy pti ki 18 bank account hy jis may qadyani yahoodi hondo ny funding ki hy . gold smith jimaima aneel musrst . atif miaan sub qadyani yahoodi hy,aye yahudiyo jitna zulm karna hai kar lo in sha allah woh din bhi zaroor aayega ke tumhe chun chun ke maara jayega yahan tak ke tum darakht ya pattharoñ ke piche chhup jaoge to bejan chizen bhi kahengi yahan yahoodi chhupa hai.hadees ka farman hai ho kar rahega #israeliterrorism,tujhy nikala dekh lein teri maa behn aur gharwalo ko bahar nikhane se pehle ye sabse bada ghatya chutiyapa ke liye jo tere baap ne shanti ke liye kiya
class2_batch004_sample010653,4,10653,2,Religious Hate,211653,215653,v3_original_demo_boundary_prompt,4-shot random authentic same-class,Shortlisted authentic RUHSOLD Religious Hate examples,118,yahoodi kabhi hamara dost nhi ho sakta,sunni killing a shia....what's new?  thank god he wasn't a ahmedi muslim otherwise the motive would have been to acquire a passport to migrate to western countries and continue their islamic jihadi work after retirement,that's for foolish act and the ahmedi you highlighted they were equal to jews for us so alhmdurallah we save quran ! . and about hindus and christians its was a false news !  and if it is real then show me !  if you don't have anything then shut up and run !,chutiya azam ny kia kia ha ab tk sawa saal mein sirf 11600 arab ka izfa qarzoun mein kia or kuch nhi badlo apni soch ko yahodi na bano or ek muslim ki tarh socho,mjhy to pata hai jo qadiyani nhi ho.
class2_batch004_sample010654,4,10654,2,Religious Hate,211654,215654,v3_original_demo_boundary_prompt,4-shot random authentic same-class,Shortlisted authentic RUHSOLD Religious Hate examples,118,yahoodi kabhi hamara dost nhi ho sakta,apne profile mein whats app me fb twitter mein is bahadur nojawaan ki pic lga kr islam se or nabi ke din se mhbt ka izhaar kren or itna share kren ek yahoodi apne na pak iradoon se baaz ajaye is shakhs ne quraan pak ki hifazahat mein ek bhtareen mhbt ka jita jagta sabot dia hai,"tum vahi karo jo aata hai ,namaz or bakri chudai",tw kaafir tera peo kaafir tera pura khandaan kaafir ooo churry trump🐱🐱,i wish you a very happy birthday dear. if this tweet doesnt reach you then plz contact me on insta @mohd_bibi_khan
class2_batch004_sample010655,4,10655,2,Religious Hate,211655,215655,v3_original_demo_boundary_prompt,4-shot random authentic same-class,Shortlisted authentic RUHSOLD Religious Hate examples,118,abe mc mein bheju teri maa cow ka photo kat te hue bc. chod teri tarah andhbhakt nhi hu aur nhi illiterate.. go and drink cow piss.,qadiani ahmedi mirziee kaafir jo hen,chutiya azam ny kia kia ha ab tk sawa saal mein sirf 11600 arab ka izfa qarzoun mein kia or kuch nhi badlo apni soch ko yahodi na bano or ek muslim ki tarh socho,chal na randi ! we have spiritual connection with supreme leader imam khamnae !  we have our hearts and souls for holy cities of najaf and karbala !  dont give a fck to wahabi chutiyas,ye jisne pakistan ke liye sher he banaya tha wo hijra ho gaya
class2_batch004_sample010656,4,10656,2,Religious Hate,211656,215656,v3_original_demo_boundary_prompt,4-shot random authentic same-class,Shortlisted authentic RUHSOLD Religious Hate examples,118,kutto ki tarah america maar raha hai tumhari kaum ko...aasmani kitab walo...israel roj filistin may maa chod raha hai tumhari.... pahle unse nipto....dare hue log😂😂,well said.lanati hain ye qadyani kafir,pehle america jaiga ue begairaat musliman kehlwane kai laiq nh pehle he logh kehty h eske bary me ye yahoodi hai,that's for foolish act and the ahmedi you highlighted they were equal to jews for us so alhmdurallah we save quran ! . and about hindus and christians its was a false news !  and if it is real then show me !  if you don't have anything then shut up and run !,lanati haramkhor pakistan ka agent
class2_batch004_sample010657,4,10657,2,Religious Hate,211657,215657,v3_original_demo_boundary_prompt,4-shot random authentic same-class,Shortlisted authentic RUHSOLD Religious Hate examples,118,kaafir tujhe kuch nai malum,sale halala molvi se tum karvao apni oorto ka or apni ma bahan ka bol heme rhe ho molvi kamre m apni bahan ko bej kar sina choda hota hoga tumhara,phir in yahodi khanzeer logo ko pata chalaiga kai kia ta aur kia nahen ye sirf dajjal kai liye aisa kar rahai hain kyunkai ye yahodi log khazeer log dajjal ko apna leader samjhtai hain aur tumhara pura bollywood bollyminati ban chuka hain tumharai dimagh ko programming ki ja rah,"gau mutr peeyo tum log lodu awkat bna phir aake muh lag, randwa saala",ye gandi wali insaniyaat khatam ho jayegi
class2_batch004_sample010658,4,10658,2,Religious Hate,211658,215658,v3_original_demo_boundary_prompt,4-shot random authentic same-class,Shortlisted authentic RUHSOLD Religious Hate examples,118,"malala the product of halala pehle burke se, halala se, bacche paida kerne se or gulami ki jindgi se to azadi lelo hindustaan se azadi to tumhare kukarm tumhe dilwa hi denge. kyuki terrorism failaoge to lat mar ke desh se bhagae jaoge. i am with my country and support caa, nrcðÿ˜‰.",madarchod muslaman ki kaum madarchod saalo ka imaan nahi hai bheno ko chod te hai bhen ke lode harmazaade uskiye apni  maa ki chut bhi chodta hoga aur chuswata hoga logo se saare musalamaan raand ki olad islam ki maa ki chut,dekh le madarch*d islam ka nanga naach..babri par fate hue bawaseer ki tarah bhaunk raha tha na..us par bhi ab apne manhoos muh se kuch hag de..blood cousins ke incest ki paidaish,tw kaafir tera peo kaafir tera pura khandaan kaafir ooo churry trump🐱🐱,ðÿ˜‰ðÿ˜‰ðÿ˜‰ðÿ˜‰ðÿ˜‰ðÿ˜‰ðÿ˜‰ðÿ˜‰ðÿ˜‰ðÿ˜‰ðÿ˜‰ðÿ˜‰ðÿ˜‰ðÿ˜‰ðÿ˜
class2_batch004_sample010659,4,10659,2,Religious Hate,211659,215659,v3_original_demo_boundary_prompt,4-shot random authentic same-class,Shortlisted authentic RUHSOLD Religious Hate examples,118,jaa bhen k lory tum harrami ki nasal ho.. dewband maslak pe kutty ki tareh bhoonkty ho..,aor hamary hkmran in k sath mily huy en ....yahudi aor hindun hmary sb sy bry dushman en,chutiya azam ny kia kia ha ab tk sawa saal mein sirf 11600 arab ka izfa qarzoun mein kia or kuch nhi badlo apni soch ko yahodi na bano or ek muslim ki tarh socho,"how did an ahmadiya get to the top in the army of sunnis, in the first place?",chup kar aurat khod par ye gandi waja se ziyada bat nhi krna
class2_batch004_sample010660,4,10660,2,Religious Hate,211660,215660,v3_original_demo_boundary_prompt,4-shot random authentic same-class,Shortlisted authentic RUHSOLD Religious Hate examples,118,"obviously we muslims hate ahmedi's . 😡 we don't care whatever happens to them ! we just hate them. if their is oppression over other minorities in pakistan which is not usual alhamdolillah, then i condemn that.","hogai izzat? mera jism meri marzi jc ghaleez or ghatiya terminologies hamare muslim muashrey me dene ki koshish me aapki so-called,vahiyat or ikhlaq se giri support ko khud ne hi reject kardiya.  apne yahoodi gods ko khush krne k liey kuch or karien",tumri ma buhat hanzir hy jis ne tum jaise  yahodi kafir rhandi hanzir aurat ko paida kiya,haha jaat dikha di bsdk antankbadi halala ki aulaad teri ammi ka halala hua tha phir to randi ke bacheðÿ¤£ðÿ¤£ðÿ˜…,abhi tak tu nahe pata hai ye yeh qadyani khanzeer ho
class2_batch004_sample010661,4,10661,2,Religious Hate,211661,215661,v3_original_demo_boundary_prompt,4-shot random authentic same-class,Shortlisted authentic RUHSOLD Religious Hate examples,118,yes they are involved in bomb blast... halala and bakrigiri,wehshi darandy easai yahodi hindo islam amanka ka mazhab,"afghanio ne tme hindu se bachaya,randi k aulaad tareekh paro tm wo ganda khoon ho,jo siko aour hindu ki rape se paida woe ho,tme kalima tho sikaya afghano ne,magar tmari gandi dna wai ranjeet sing wali a,randi k aulaad tm ne kah pana di,am pashtono ne di,apnay bio ko hera mandi",imran qadyani yahoodi agent hy pti ki 18 bank account hy jis may qadyani yahoodi hondo ny funding ki hy . gold smith jimaima aneel musrst . atif miaan sub qadyani yahoodi hy,apne baap ko bachaye ab yeh gandi nawazi or us ki aulado ko kya zarorat hy ????
class2_batch004_sample010662,4,10662,2,Religious Hate,211662,215662,v3_original_demo_boundary_prompt,4-shot random authentic same-class,Shortlisted authentic RUHSOLD Religious Hate examples,118,dekh le madarch*d islam ka nanga naach..babri par fate hue bawaseer ki tarah bhaunk raha tha na..us par bhi ab apne manhoos muh se kuch hag de..blood cousins ke incest ki paidaish,yahodi agent qadyani chamcha,shia kaafir hai aur hum naam k musalmaan.,please sell up you yahoodi bastards,teri maa ka yaar pakistan k khanzeer yahodi agent khair
class2_batch004_sample010663,4,10663,2,Religious Hate,211663,215663,v3_original_demo_boundary_prompt,4-shot random authentic same-class,Shortlisted authentic RUHSOLD Religious Hate examples,118,shia kaafir hai aur hum naam k musalmaan.,hindu dharm ka matlab samajh pehle puppet khali bhaunk aur bhaunk iam enjoying ur bark 😂😂😂😂,pehle america jaiga ue begairaat musliman kehlwane kai laiq nh pehle he logh kehty h eske bary me ye yahoodi hai,aor hamary hkmran in k sath mily huy en ....yahudi aor hindun hmary sb sy bry dushman en,tu kahan se laga raha hai yahodi?
class2_batch004_sample010664,4,10664,2,Religious Hate,211664,215664,v3_original_demo_boundary_prompt,4-shot random authentic same-class,Shortlisted authentic RUHSOLD Religious Hate examples,118,oeyy randdii k bachay ganddu hindu.. kyun jhoott baq raha hai gashti maa k ganndduu bachay. peshaab p k palnay wali qoum.,sale halala molvi se tum karvao apni oorto ka or apni ma bahan ka bol heme rhe ho molvi kamre m apni bahan ko bej kar sina choda hota hoga tumhara,pehle america jaiga ue begairaat musliman kehlwane kai laiq nh pehle he logh kehty h eske bary me ye yahoodi hai,israel yahoodi sabse bade atankwaadi hai,abe saale haramkhor
class2_batch004_sample010665,4,10665,2,Religious Hate,211665,215665,v3_original_demo_boundary_prompt,4-shot random authentic same-class,Shortlisted authentic RUHSOLD Religious Hate examples,118,well said.lanati hain ye qadyani kafir,aor hamary hkmran in k sath mily huy en ....yahudi aor hindun hmary sb sy bry dushman en,pehle america jaiga ue begairaat musliman kehlwane kai laiq nh pehle he logh kehty h eske bary me ye yahoodi hai,abe mc mein bheju teri maa cow ka photo kat te hue bc. chod teri tarah andhbhakt nhi hu aur nhi illiterate.. go and drink cow piss.,rt : lanat apne pakistan ki larkiyon ko
class2_batch004_sample010666,4,10666,2,Religious Hate,211666,215666,v3_original_demo_boundary_prompt,4-shot random authentic same-class,Shortlisted authentic RUHSOLD Religious Hate examples,118,get lost you kaafir.,ye lode teri maa or bahan ke shohar hai or jyada bolega to de denge teri maa or bahan ko hum denge talaq or fir halala wow kya baat hai mullo wow lund chuss lo ðÿ˜œðÿ˜œðÿ˜œðÿ˜œ,or wahan tumhara jahanumi ahmedi jo naaowz billah nabi hona ka dawa dar tha wo wo case hara tha or court sa bhag gya tha.nabi pak p.b.u.h allah ka akhri nabi han or on ka bad koi nabi nahi ae ga.ya ak haqeqat ha jo quran ma bhi ha.or 1947 ma pak islam ka name par bana tha.,"gau mutr peeyo tum log lodu awkat bna phir aake muh lag, randwa saala",aur tu to ghar ki bhen se bhaunk raha tha
class2_batch004_sample010667,4,10667,2,Religious Hate,211667,215667,v3_original_demo_boundary_prompt,4-shot random authentic same-class,Shortlisted authentic RUHSOLD Religious Hate examples,118,"ye manhoos hinduon ki diwali k chakkar mai har jaga ki aur quality kharab hogai, bharwe",but we have a firm belief now that qadiyani and ahmedi neither want muslims nor pakistanis to live in a harmony,benchod randi  islam,ahmdi is a non muslim biggest cheap religion ahmdi.,yeh tere jesy pagal ho gyi hain 😂😂
class2_batch004_sample010668,4,10668,2,Religious Hate,211668,215668,v3_original_demo_boundary_prompt,4-shot random authentic same-class,Shortlisted authentic RUHSOLD Religious Hate examples,118,#khuda ki qasam agar mey hota tu zinda nahe bach sakta ta muj sey ye beghairat kafir yahoodi.,"waise madarso mein bahut achhi taaleem di jaati hai tum jihadi hijdo ko, asar dikh rha hai yahan, khud toh khud ki bhen chodte hi ho aur dusro ko bhi bhenchod samajhte ho.",qadiyani pe lanat mirza khinzeer harami pe lanat.,abe jaana mullle sale bhikari !! halala k maje krwa apni maa ko,teri maa ka yaar usse aise pata chl raha hai ki tu jab koi aisa ghatia paida hoga tu teri maa ki tatti phailti hogi
class2_batch004_sample010669,4,10669,2,Religious Hate,211669,215669,v3_original_demo_boundary_prompt,4-shot random authentic same-class,Shortlisted authentic RUHSOLD Religious Hate examples,118,pehle apni aurto ko halala se bachao ye bhi modi kar raha hai. agar sahi tum logo ka dna kiya jaye to pata nhi baap kon niklega,kisi randi maa ki olad ap ki hindu aurtain jab pooja karti hn tab wo bagwan ka lund mounh me b leti hn?,o madadarchod: tum tu farigh ho aur yeh gashti tu waisay he sari raat jagti hay. o dallay o kanjar hum tu iran jatay hotay hain tu bata apni behan kitni baar mbs aur us kay wahabi sheikhon ko bhaijta hay.,israel yahoodi sabse bade atankwaadi hai,abe chutiye apne kutte ke jaise gandu ke samne bhaunk raha hai na
class2_batch004_sample010670,4,10670,2,Religious Hate,211670,215670,v3_original_demo_boundary_prompt,4-shot random authentic same-class,Shortlisted authentic RUHSOLD Religious Hate examples,118,please sell up you yahoodi bastards,wise halala ki paidaish tumse yhi ummid ki ja sakti hai madarsa chhhap suarðÿ˜‚ðÿ¤£ðÿ¤£ðÿ¤£ðÿ¤£,"how did an ahmadiya get to the top in the army of sunnis, in the first place?",abe bharwe tum hindu hi duniya k sub se bara atankwaz ho haramiyon bt krte ho hamare age tumhari country me hindu k elawa koi safe nhi he  tumhari country ka name isi liye  lynchistan he  isi king all the world,shukrana mullo sahib hum apne tasveer se zyada ghatia qadiani imran ko rakh lenge..
class2_batch004_sample010671,4,10671,2,Religious Hate,211671,215671,v3_original_demo_boundary_prompt,4-shot random authentic same-class,Shortlisted authentic RUHSOLD Religious Hate examples,118,abe bharwe tum hindu hi duniya k sub se bara atankwaz ho haramiyon bt krte ho hamare age tumhari country me hindu k elawa koi safe nhi he  tumhari country ka name isi liye  lynchistan he  isi king all the world,kabi bi nai jo sakta ya shia log pora ka pora yahodi hn,yahodi agent qadyani chamcha,ye insan ik chaaal haaa dostoo .........zra smj k chliye gaa...sb jaanty hn qadyaani kaafir hn ......ye sb k sentiments gain kr rhaa haa......bad me ye apna chehra dikhiye gaaa fasad kii shkal me.....in chaaalo sy hosyar rhy baseerat paida kry sb apny andr.. shukria...,i don't know about this but i am sure they are ahmedi
class2_batch004_sample010672,4,10672,2,Religious Hate,211672,215672,v3_original_demo_boundary_prompt,4-shot random authentic same-class,Shortlisted authentic RUHSOLD Religious Hate examples,118,please don't share his obnoxious face to me. below is the image of the book rohani khzain from ahmedi's official website see what your evil messiah has declared god but you had said you have read the books of mirza and accepted him mehdi may god give you hidyath,apne profile mein whats app me fb twitter mein is bahadur nojawaan ki pic lga kr islam se or nabi ke din se mhbt ka izhaar kren or itna share kren ek yahoodi apne na pak iradoon se baaz ajaye is shakhs ne quraan pak ki hifazahat mein ek bhtareen mhbt ka jita jagta sabot dia hai,"ye manhoos hinduon ki diwali k chakkar mai har jaga ki aur quality kharab hogai, bharwe",haha jaat dikha di bsdk antankbadi halala ki aulaad teri ammi ka halala hua tha phir to randi ke bacheðÿ¤£ðÿ¤£ðÿ˜…,rt : munafiq kutti tere pas jisay tu mard ban gaya ha wo yahodi ho
class2_batch004_sample010673,4,10673,2,Religious Hate,211673,215673,v3_original_demo_boundary_prompt,4-shot random authentic same-class,Shortlisted authentic RUHSOLD Religious Hate examples,118,bus ya aur tafseel bataao  ahmdi aurtain beach pe bikini b pehnti hain  jalse aur ijlaas pe burqa b boht hai 🤫,iran shia mulk ha or ye munafik log han,tm jeso ki jb g**nd mari jaye na fir tm log thek rehty ho bc k bachy jb wo yahoodi lanti marty hn na wo muslim dekhty hn air kuch ni dekhty baki tm na toh apni pesh krni hoti ha unhy.,ye bat tum yahoodi ko bolo atankwadi tum ho jo musalman se nafrat ki aag me insaniyat ke sabse bade dushman yahoodi ko support karte ho ye log to face to face mara hai unlog chote bache ka upar bom feka kisi aurat ya admi bacha ko goli mar diya wi bhi waha ke civilian hi hai,tum kabhi nahin bola tha tu yahodi agent hai
class2_batch004_sample010674,4,10674,2,Religious Hate,211674,215674,v3_original_demo_boundary_prompt,4-shot random authentic same-class,Shortlisted authentic RUHSOLD Religious Hate examples,118,sali muslims randi. jihadi sali,yes they are involved in bomb blast... halala and bakrigiri,tmri taraj animals ki potty n khate... tm jaake  bomb fodo jaake.......halala ke masala.  niklo.. yaha tm atankiyo k liy jagah ni h bhai. yaha atank n failaooo,"how did an ahmadiya get to the top in the army of sunnis, in the first place?",yahan hi tum logon ne kuch samjhaaya thaaa.. 😂😂
class2_batch004_sample010675,4,10675,2,Religious Hate,211675,215675,v3_original_demo_boundary_prompt,4-shot random authentic same-class,Shortlisted authentic RUHSOLD Religious Hate examples,118,no no ...... hindu na kah mujhe ........islam bura maan jayega .......kaafir kah kaafir...,"surprise!  surprise!  majority of the muslims are at just in different levels of ""usman khan"" ranging from mild to extreme (except ahmadiya may be, but they are not ""real muslims"")  that's from a person living in a country with 95% muslim    https://t.co/hq35u2xrrk,2009-05-25 17:25:26,sydney, new south wales",wow halala's product on fire as usual porkistaniðÿ˜‚ðÿ˜‚ðÿ˜‚,sali muslims randi. jihadi sali,o haramzade kashmir ki baat kar raha hae tu yeh mera ghar hae kashmir
class2_batch004_sample010676,4,10676,2,Religious Hate,211676,215676,v3_original_demo_boundary_prompt,4-shot random authentic same-class,Shortlisted authentic RUHSOLD Religious Hate examples,118,lant hy teri aagli pecchli tweet pe or tum pe or qadyanion pe or kuch ?,or mujhe un ladkiyo se utni hi nafrat hai jo mullo se shadi karti hai jitni kisi normal hindu ko😡 or mujhe hindu ladko se bhi itni hi nafrat hai jo muslim ladkiyo se shadi karte hai... dharam me koi milawat mujhe pasand nahi,abe bharwe tum hindu hi duniya k sub se bara atankwaz ho haramiyon bt krte ho hamare age tumhari country me hindu k elawa koi safe nhi he  tumhari country ka name isi liye  lynchistan he  isi king all the world,wow halala's product on fire as usual porkistaniðÿ˜‚ðÿ˜‚ðÿ˜‚,abe bharwe tum logon ne apne charsi ko jab khud ki aukat dekh lete ho tu hum bhi kya karenge..kash usse baithna bhi padha hota
class2_batch004_sample010677,4,10677,2,Religious Hate,211677,215677,v3_original_demo_boundary_prompt,4-shot random authentic same-class,Shortlisted authentic RUHSOLD Religious Hate examples,118,"how did an ahmadiya get to the top in the army of sunnis, in the first place?",abe halala ki paidaish..  tumhara to wajood hi 800 years purana hai..  jab bhagwan ram ko kagaj dikhane ki jarurat par gayi to tum kaun ho.. kagaj to dikhana hi parega.. #nrc_caa_npr,please sell up you yahoodi bastards,"afghanio ne tme hindu se bachaya,randi k aulaad tareekh paro tm wo ganda khoon ho,jo siko aour hindu ki rape se paida woe ho,tme kalima tho sikaya afghano ne,magar tmari gandi dna wai ranjeet sing wali a,randi k aulaad tm ne kah pana di,am pashtono ne di,apnay bio ko hera mandi",rt :   randi rona nahi chal raha 😂😂
class2_batch004_sample010678,4,10678,2,Religious Hate,211678,215678,v3_original_demo_boundary_prompt,4-shot random authentic same-class,Shortlisted authentic RUHSOLD Religious Hate examples,118,get lost you kaafir.,tumhri maa kk chodu sale apni maa ko chod ke paida hone wale randi ki aulad sale apni behan ko biwi bana ke rkhne wale muhammad ki nazayaj aulad,qadiani ahmedi mirziee kaafir jo hen,chal fosdi ke mohammad kabile wale ki halala ki aulad,yeh jahil aurat hai bibi zainab sey pata nhi uss waqt tumhein pta tha kya haal atankwadi ney tere jaisy muslimon per karty hain?
class2_batch004_sample010679,4,10679,2,Religious Hate,211679,215679,v3_original_demo_boundary_prompt,4-shot random authentic same-class,Shortlisted authentic RUHSOLD Religious Hate examples,118,"huh wut you say u imbecile, i shat on you...toh toh toh kaafir",or wahan tumhara jahanumi ahmedi jo naaowz billah nabi hona ka dawa dar tha wo wo case hara tha or court sa bhag gya tha.nabi pak p.b.u.h allah ka akhri nabi han or on ka bad koi nabi nahi ae ga.ya ak haqeqat ha jo quran ma bhi ha.or 1947 ma pak islam ka name par bana tha.,1 balatkari muslim 3 balatkari tera baap hindu h uske bare m kuch bol  be,oeyy randdii k bachay ganddu hindu.. kyun jhoott baq raha hai gashti maa k ganndduu bachay. peshaab p k palnay wali qoum.,"agar tu ye bat kehna chahta ha to yeh suno yaad ker, india mein kafi admi hein jo apni maa ko chodta ha aur phir apni behno ki bhenchod chod dete ha.aur ye"
class2_batch004_sample010680,4,10680,2,Religious Hate,211680,215680,v3_original_demo_boundary_prompt,4-shot random authentic same-class,Shortlisted authentic RUHSOLD Religious Hate examples,118,"insaniyat ko bache rahne do, jis mazhab me janwar ka gala ret ke khushi banti hai, jis mazhab me soorma logo ko 72 virgin ladkiya baati jaati, jo duniya pe kabze ke sapne dekhta ho us mazhab se duuri banane me hi insaniyat ki bhalayi hai.",1 balatkari muslim 3 balatkari tera baap hindu h uske bare m kuch bol  be,another endian hijra coward hindu terrorist army soldier dispatched to shamshangarh by pakistan army i want more endian hindu terrorist dead so keep it up pakistan,aye yahudiyo jitna zulm karna hai kar lo in sha allah woh din bhi zaroor aayega ke tumhe chun chun ke maara jayega yahan tak ke tum darakht ya pattharoñ ke piche chhup jaoge to bejan chizen bhi kahengi yahan yahoodi chhupa hai.hadees ka farman hai ho kar rahega #israeliterrorism,"saali kutti apni amma chod kar marwa lia hai, tere jaise hijra logon ne humein mar di hai ye kya baat hai"
class2_batch004_sample010681,4,10681,2,Religious Hate,211681,215681,v3_original_demo_boundary_prompt,4-shot random authentic same-class,Shortlisted authentic RUHSOLD Religious Hate examples,118,ye pagliya gyi h saali... kuttiya ye ab bhul gyi h jisne #halala or #teentlaaq se aazadi dilwayi usko bhul gyi h ye mullli....,yahodi agent qadyani chamcha,halala ki padayish ho aap aur kya expect karenge hum aapse,uff pakiza muslim randi 😉😍,yar mullo tu jitna hi bolta hai woh bat nae hoti.. teri maa behn ko nikl lein usse
class2_batch004_sample010682,4,10682,2,Religious Hate,211682,215682,v3_original_demo_boundary_prompt,4-shot random authentic same-class,Shortlisted authentic RUHSOLD Religious Hate examples,118,poocho hamarai imam sai kai quran mein kaha likha huwa hain aisai ye sirf yahodi khanzeer logo ki chaal hainmuslims ko badnaam karkai liye  zara socho na tumharai hinduism ko badnaam kyun nahen kartai islam kai peechai kyun parai huwai hain zara dimagh ko khol kai socho,quaid azam was right ky hindu muslim kabhi sth nhi rhy sgty aaj hindu apni hasli shakl dekha rhy hn. agar kisi muslim ny aisa kia hota to india media ki maa mar gi hoti pr ab nhi boly gy. aagy ka ky yehi bol dn gy ky mentally disturb tha or case khtm .#jamia,that's for foolish act and the ahmedi you highlighted they were equal to jews for us so alhmdurallah we save quran ! . and about hindus and christians its was a false news !  and if it is real then show me !  if you don't have anything then shut up and run !,"tum vahi karo jo aata hai ,namaz or bakri chudai",bhutto ko bachao bhutto ko bachao
class2_batch004_sample010683,4,10683,2,Religious Hate,211683,215683,v3_original_demo_boundary_prompt,4-shot random authentic same-class,Shortlisted authentic RUHSOLD Religious Hate examples,118,"surprise!  surprise!  majority of the muslims are at just in different levels of ""usman khan"" ranging from mild to extreme (except ahmadiya may be, but they are not ""real muslims"")  that's from a person living in a country with 95% muslim    https://t.co/hq35u2xrrk,2009-05-25 17:25:26,sydney, new south wales",that nigga was yahoodi he probably lied to all the employees,sali muslims randi. jihadi sali,"how did an ahmadiya get to the top in the army of sunnis, in the first place?",sher apne bachy se chod k aurat ko ghar mein koi ziyada kaam nahi hota aur unko larkiyo ki tarah ekdum jhaank ho jati hai
class2_batch004_sample010684,4,10684,2,Religious Hate,211684,215684,v3_original_demo_boundary_prompt,4-shot random authentic same-class,Shortlisted authentic RUHSOLD Religious Hate examples,118,in beghairto israel yahodi khanzeer kai bacho nai kia kuch nahen kia hain lekhin alhamdulillah islam wahid deen jo mohabbat sikhati hain nakai nafrat aur ye sab sai tezi sai phelta huwa deen hain is liye inko jalan ho rahi hain aur har koshish kar bhe chukai hain aur kar bhe,no no ...... hindu na kah mujhe ........islam bura maan jayega .......kaafir kah kaafir...,iran shia mulk ha or ye munafik log han,"gau mutr peeyo tum log lodu awkat bna phir aake muh lag, randwa saala",halala ki paidaish
class2_batch004_sample010685,4,10685,2,Religious Hate,211685,215685,v3_original_demo_boundary_prompt,4-shot random authentic same-class,Shortlisted authentic RUHSOLD Religious Hate examples,118,#khuda ki qasam agar mey hota tu zinda nahe bach sakta ta muj sey ye beghairat kafir yahoodi.,hey are fighting amongst each other. #bajwa is compromise candidate. thats only reason why he a ahmadiya is a coas.,"ye manhoos hinduon ki diwali k chakkar mai har jaga ki aur quality kharab hogai, bharwe",benchod randi  islam,khan ki maut tumhari gand maro
class2_batch004_sample010686,4,10686,2,Religious Hate,211686,215686,v3_original_demo_boundary_prompt,4-shot random authentic same-class,Shortlisted authentic RUHSOLD Religious Hate examples,118,abe halala ki paidaish..  tumhara to wajood hi 800 years purana hai..  jab bhagwan ram ko kagaj dikhane ki jarurat par gayi to tum kaun ho.. kagaj to dikhana hi parega.. #nrc_caa_npr,another endian hijra coward hindu terrorist army soldier dispatched to shamshangarh by pakistan army i want more endian hindu terrorist dead so keep it up pakistan,ye insan ik chaaal haaa dostoo .........zra smj k chliye gaa...sb jaanty hn qadyaani kaafir hn ......ye sb k sentiments gain kr rhaa haa......bad me ye apna chehra dikhiye gaaa fasad kii shkal me.....in chaaalo sy hosyar rhy baseerat paida kry sb apny andr.. shukria...,ho gaye hy aur han aj jo ye sekhon k liye kar raha hy ye whoi sekh hy jub pakistan azad howa tha aur muslmano ne jub india sa hijrat ki tub sub zada qatal muslim ko in sekhon ne kiya tha par afsos ap jesy log is yahodi e agent ko ek islami leader mante ho phir kasm khao k allah,ye to kuch b nhi krtaa bc
class2_batch004_sample010687,4,10687,2,Religious Hate,211687,215687,v3_original_demo_boundary_prompt,4-shot random authentic same-class,Shortlisted authentic RUHSOLD Religious Hate examples,118,israel yahoodi sabse bade atankwaadi hai,hindu sirf gooli ki zuban smjta ha,qadiani ahmedi mirziee kaafir jo hen,#khuda ki qasam agar mey hota tu zinda nahe bach sakta ta muj sey ye beghairat kafir yahoodi.,yahodi saazish
class2_batch004_sample010688,4,10688,2,Religious Hate,211688,215688,v3_original_demo_boundary_prompt,4-shot random authentic same-class,Shortlisted authentic RUHSOLD Religious Hate examples,118,lanat abbtknews k khilaf trend bnane walye yazeedion pe r bibi k dushmano p bhi,ahmedi mirziee qadiyani hargiz kuleedi uhdu pe nhee janay chahien warna hmari agencies pe swalia nishan hey,meri tarbiyat yehi hai k jo amreca ko apna baap manta hai na wo muslman hai or na us s koi hanra taloq hai tum nasl e yazeedi ho masl e yahodi or yahoodio ki olad ho,phir in yahodi khanzeer logo ko pata chalaiga kai kia ta aur kia nahen ye sirf dajjal kai liye aisa kar rahai hain kyunkai ye yahodi log khazeer log dajjal ko apna leader samjhtai hain aur tumhara pura bollywood bollyminati ban chuka hain tumharai dimagh ko programming ki ja rah,lanat on kuch madarchod
class2_batch004_sample010689,4,10689,2,Religious Hate,211689,215689,v3_original_demo_boundary_prompt,4-shot random authentic same-class,Shortlisted authentic RUHSOLD Religious Hate examples,118,o madadarchod: tum tu farigh ho aur yeh gashti tu waisay he sari raat jagti hay. o dallay o kanjar hum tu iran jatay hotay hain tu bata apni behan kitni baar mbs aur us kay wahabi sheikhon ko bhaijta hay.,lul bukhari ye tum nahe tumaray yahoodi or hindu thuku bol rahay hain jin ko army sey bahot hi zeda takleef hai...🖕,tumhri maa kk chodu sale apni maa ko chod ke paida hone wale randi ki aulad sale apni behan ko biwi bana ke rkhne wale muhammad ki nazayaj aulad,hindu dharm ka matlab samajh pehle puppet khali bhaunk aur bhaunk iam enjoying ur bark 😂😂😂😂,acha abhi koi pakistani ne mujhy tere jaise yahodi agent ko nashai kia kaha? 😁
class2_batch004_sample010690,4,10690,2,Religious Hate,211690,215690,v3_original_demo_boundary_prompt,4-shot random authentic same-class,Shortlisted authentic RUHSOLD Religious Hate examples,118,typical muslim randi-rona taqia.,hindoo wo qom ha jinper koi nabi koi kitaab nazil nahi hoi. ye to yahoodi se bhi bad tar hen,abe bharwe tum hindu hi duniya k sub se bara atankwaz ho haramiyon bt krte ho hamare age tumhari country me hindu k elawa koi safe nhi he  tumhari country ka name isi liye  lynchistan he  isi king all the world,bus ya aur tafseel bataao  ahmdi aurtain beach pe bikini b pehnti hain  jalse aur ijlaas pe burqa b boht hai 🤫,#jnuattack2016 #jnuprotest  #hinduterrorism  #communistterrorism #jihaditerrorism #murderer_modi  #yogeshwar
class2_batch004_sample010691,4,10691,2,Religious Hate,211691,215691,v3_original_demo_boundary_prompt,4-shot random authentic same-class,Shortlisted authentic RUHSOLD Religious Hate examples,118,benchod randi  islam,pehle america jaiga ue begairaat musliman kehlwane kai laiq nh pehle he logh kehty h eske bary me ye yahoodi hai,uff pakiza muslim randi 😉😍,poocho hamarai imam sai kai quran mein kaha likha huwa hain aisai ye sirf yahodi khanzeer logo ki chaal hainmuslims ko badnaam karkai liye  zara socho na tumharai hinduism ko badnaam kyun nahen kartai islam kai peechai kyun parai huwai hain zara dimagh ko khol kai socho,hmari mout sy phir jae
class2_batch004_sample010692,4,10692,2,Religious Hate,211692,215692,v3_original_demo_boundary_prompt,4-shot random authentic same-class,Shortlisted authentic RUHSOLD Religious Hate examples,118,ho gaye hy aur han aj jo ye sekhon k liye kar raha hy ye whoi sekh hy jub pakistan azad howa tha aur muslmano ne jub india sa hijrat ki tub sub zada qatal muslim ko in sekhon ne kiya tha par afsos ap jesy log is yahodi e agent ko ek islami leader mante ho phir kasm khao k allah,imran qadyani yahoodi agent hy pti ki 18 bank account hy jis may qadyani yahoodi hondo ny funding ki hy . gold smith jimaima aneel musrst . atif miaan sub qadyani yahoodi hy,ye pagliya gyi h saali... kuttiya ye ab bhul gyi h jisne #halala or #teentlaaq se aazadi dilwayi usko bhul gyi h ye mullli....,tm jeso ki jb g**nd mari jaye na fir tm log thek rehty ho bc k bachy jb wo yahoodi lanti marty hn na wo muslim dekhty hn air kuch ni dekhty baki tm na toh apni pesh krni hoti ha unhy.,rt : jab tak imran khan nawaz sharif ke pass baap ka naama nahin hai tab tak is khan say toh naheen bolna chahie
class2_batch004_sample010693,4,10693,2,Religious Hate,211693,215693,v3_original_demo_boundary_prompt,4-shot random authentic same-class,Shortlisted authentic RUHSOLD Religious Hate examples,118,yahoodi kabhi hamara dost nhi ho sakta,chutiya azam ny kia kia ha ab tk sawa saal mein sirf 11600 arab ka izfa qarzoun mein kia or kuch nhi badlo apni soch ko yahodi na bano or ek muslim ki tarh socho,"how did an ahmadiya get to the top in the army of sunnis, in the first place?",that's for foolish act and the ahmedi you highlighted they were equal to jews for us so alhmdurallah we save quran ! . and about hindus and christians its was a false news !  and if it is real then show me !  if you don't have anything then shut up and run !,allah kasoor kry aur munafiqat per
class2_batch004_sample010694,4,10694,2,Religious Hate,211694,215694,v3_original_demo_boundary_prompt,4-shot random authentic same-class,Shortlisted authentic RUHSOLD Religious Hate examples,118,hindu dharm ka matlab samajh pehle puppet khali bhaunk aur bhaunk iam enjoying ur bark 😂😂😂😂,"m firqa wariyat m nahi parhna chahta, muslims mjo ahktlaf hen wo apni jaga , lekin pichly 200 saal sy muslim is liye mar kha rhy hen k sunni shia wahabi dayobandi bla bla ,,yahodi or nasara ny na koi sunni mulk chora ha na koi shia,  wo bs yehi dekhtay ye muslman ha ..bs maro isk",oeyy randdii k bachay ganddu hindu.. kyun jhoott baq raha hai gashti maa k ganndduu bachay. peshaab p k palnay wali qoum.,uff pakiza muslim randi 😉😍,�����������������������������������������������������������
class2_batch004_sample010695,4,10695,2,Religious Hate,211695,215695,v3_original_demo_boundary_prompt,4-shot random authentic same-class,Shortlisted authentic RUHSOLD Religious Hate examples,118,"how did an ahmadiya get to the top in the army of sunnis, in the first place?",get lost you kaafir.,"pta nhi kon si uni se graduate hote ho aap log jnha aesi wahiyat education di jati hðÿ˜‚ðÿ˜‚ðÿ˜‚ halala, gazwa-e-hind, camel urine or pta nhi kya kyaðÿ˜‚ðÿ˜‚ðÿ˜‚ðÿ¤£ðÿ¤£ðÿ¤£ðÿ¤£ðÿ‘ðÿ»",sirf momin aya to yahoodi kum nasal marny laggaye agr sawa crore momin agaye to sochen kya hoga?hamen jagna hoga,"ye sikho bharwe, tere ko sahi kuch ni bolti wo muslims ki tarah hi bolti hai"
class2_batch004_sample010696,4,10696,2,Religious Hate,211696,215696,v3_original_demo_boundary_prompt,4-shot random authentic same-class,Shortlisted authentic RUHSOLD Religious Hate examples,118,bus ya aur tafseel bataao  ahmdi aurtain beach pe bikini b pehnti hain  jalse aur ijlaas pe burqa b boht hai 🤫,israel yahoodi sabse bade atankwaadi hai,phir kehty hum bhot badry #muslim hn aur #ashaq_e_rasool sawm hain lanat hai un sab #haramio py jinho ny bibi fatima zahra ko shahheed kia aur #haq khaya 🖐🏻😡🐕 aur lanat un sab py jo un #haramio ky hamdard hain,wise halala ki paidaish tumse yhi ummid ki ja sakti hai madarsa chhhap suarðÿ˜‚ðÿ¤£ðÿ¤£ðÿ¤£ðÿ¤£,abey mazhab kisi ka matlab nahi hota bharwe
class2_batch004_sample010697,4,10697,2,Religious Hate,211697,215697,v3_original_demo_boundary_prompt,4-shot random authentic same-class,Shortlisted authentic RUHSOLD Religious Hate examples,118,kaafir tujhe kuch nai malum,lant hy teri aagli pecchli tweet pe or tum pe or qadyanion pe or kuch ?,please sell up you yahoodi bastards,dekh le madarch*d islam ka nanga naach..babri par fate hue bawaseer ki tarah bhaunk raha tha na..us par bhi ab apne manhoos muh se kuch hag de..blood cousins ke incest ki paidaish,kuttay aurat aurat ko chodo
class2_batch004_sample010698,4,10698,2,Religious Hate,211698,215698,v3_original_demo_boundary_prompt,4-shot random authentic same-class,Shortlisted authentic RUHSOLD Religious Hate examples,118,poocho hamarai imam sai kai quran mein kaha likha huwa hain aisai ye sirf yahodi khanzeer logo ki chaal hainmuslims ko badnaam karkai liye  zara socho na tumharai hinduism ko badnaam kyun nahen kartai islam kai peechai kyun parai huwai hain zara dimagh ko khol kai socho,ye pagliya gyi h saali... kuttiya ye ab bhul gyi h jisne #halala or #teentlaaq se aazadi dilwayi usko bhul gyi h ye mullli....,"huh wut you say u imbecile, i shat on you...toh toh toh kaafir",hindu dharm ka matlab samajh pehle puppet khali bhaunk aur bhaunk iam enjoying ur bark 😂😂😂😂,100% tujhy pata hai. kisi randi ki nasal
class2_batch004_sample010699,4,10699,2,Religious Hate,211699,215699,v3_original_demo_boundary_prompt,4-shot random authentic same-class,Shortlisted authentic RUHSOLD Religious Hate examples,118,"how did an ahmadiya get to the top in the army of sunnis, in the first place?",sirf momin aya to yahoodi kum nasal marny laggaye agr sawa crore momin agaye to sochen kya hoga?hamen jagna hoga,tw kaafir tera peo kaafir tera pura khandaan kaafir ooo churry trump🐱🐱,is cult  mein kisi boht hi pyare ko kho dene k baad uski qaber pe phool rakhna b jurm hai west mein qaberisat se phool chura k un ko sale kr k ahmdi chanda dia karte hain takey ragister se naam na kut jaye,abhi tak hamari army mein bhi koi kuch nahi hota jo apni dhoka dega.
class2_batch004_sample010700,4,10700,2,Religious Hate,211700,215700,v3_original_demo_boundary_prompt,4-shot random authentic same-class,Shortlisted authentic RUHSOLD Religious Hate examples,118,wise halala ki paidaish tumse yhi ummid ki ja sakti hai madarsa chhhap suarðÿ˜‚ðÿ¤£ðÿ¤£ðÿ¤£ðÿ¤£,"tum vahi karo jo aata hai ,namaz or bakri chudai",tw kaafir tera peo kaafir tera pura khandaan kaafir ooo churry trump🐱🐱,hey are fighting amongst each other. #bajwa is compromise candidate. thats only reason why he a ahmadiya is a coas.,jitni mohabbat ho gi apnay qadiyani nabi tu aik jung nai hota
class2_batch004_sample010701,4,10701,2,Religious Hate,211701,215701,v3_original_demo_boundary_prompt,4-shot random authentic same-class,Shortlisted authentic RUHSOLD Religious Hate examples,118,qadiyani pe lanat mirza khinzeer harami pe lanat.,please don't share his obnoxious face to me. below is the image of the book rohani khzain from ahmedi's official website see what your evil messiah has declared god but you had said you have read the books of mirza and accepted him mehdi may god give you hidyath,yahoodi ko hitler ne chora or general ne in jaajoon ko chor k dhkya k ye kai hain.😂,phir in yahodi khanzeer logo ko pata chalaiga kai kia ta aur kia nahen ye sirf dajjal kai liye aisa kar rahai hain kyunkai ye yahodi log khazeer log dajjal ko apna leader samjhtai hain aur tumhara pura bollywood bollyminati ban chuka hain tumharai dimagh ko programming ki ja rah,yaar hamare kuch nahi boltey jb koi aurat ka ghaas lagta hai to wo bolta hai humare kisi aurat ka ghaas ni lagta.. yeh hamari jagah hi hai jo jab aik m
class2_batch004_sample010702,4,10702,2,Religious Hate,211702,215702,v3_original_demo_boundary_prompt,4-shot random authentic same-class,Shortlisted authentic RUHSOLD Religious Hate examples,118,"just the ten thousandth ""isolated"" instance of christian /jewish/hindu/ahmedi places of worship being attacked by crybabies who themselves can't handle some nutcase burning a book full of fiction stories.",chhor bhen chod hrami hindu chhor esko😠😠😠,ahmdi is a non muslim biggest cheap religion ahmdi.,yahoodi kabhi hamara dost nhi ho sakta,ab ye halala wali aulad kya jitna dhamka diye hai humne....kisi ko aisa karwana chahiye...???
class2_batch004_sample010703,4,10703,2,Religious Hate,211703,215703,v3_original_demo_boundary_prompt,4-shot random authentic same-class,Shortlisted authentic RUHSOLD Religious Hate examples,118,wow halala's product on fire as usual porkistaniðÿ˜‚ðÿ˜‚ðÿ˜‚,another endian hijra coward hindu terrorist army soldier dispatched to shamshangarh by pakistan army i want more endian hindu terrorist dead so keep it up pakistan,abe mc mein bheju teri maa cow ka photo kat te hue bc. chod teri tarah andhbhakt nhi hu aur nhi illiterate.. go and drink cow piss.,sirf momin aya to yahoodi kum nasal marny laggaye agr sawa crore momin agaye to sochen kya hoga?hamen jagna hoga,jis ko tasleem kia ha unka apni maa ki choot maro tum logon ko bolo gaya naa koi baat
class2_batch004_sample010704,4,10704,2,Religious Hate,211704,215704,v3_original_demo_boundary_prompt,4-shot random authentic same-class,Shortlisted authentic RUHSOLD Religious Hate examples,118,israel yahoodi sabse bade atankwaadi hai,in beghairto israel yahodi khanzeer kai bacho nai kia kuch nahen kia hain lekhin alhamdulillah islam wahid deen jo mohabbat sikhati hain nakai nafrat aur ye sab sai tezi sai phelta huwa deen hain is liye inko jalan ho rahi hain aur har koshish kar bhe chukai hain aur kar bhe,"m firqa wariyat m nahi parhna chahta, muslims mjo ahktlaf hen wo apni jaga , lekin pichly 200 saal sy muslim is liye mar kha rhy hen k sunni shia wahabi dayobandi bla bla ,,yahodi or nasara ny na koi sunni mulk chora ha na koi shia,  wo bs yehi dekhtay ye muslman ha ..bs maro isk","bilkul,itny lecture milny hain jese christmas or new year pe milty hain ,kya apko pata bhi hai k kaafir janwaro k haqq main dua bhi nahi krni chahye",kya tum logon ne kaha tha ki hamari galiyan itny se barabar hai ki yahoodi galiyan bhi hoti hain
class2_batch004_sample010705,4,10705,2,Religious Hate,211705,215705,v3_original_demo_boundary_prompt,4-shot random authentic same-class,Shortlisted authentic RUHSOLD Religious Hate examples,118,israel yahoodi sabse bade atankwaadi hai,kitane maulviyon ne tumhari ammi jaan ka halala kiya hoga tab jakar tum jaisa suar nikla hoga .. ye bhi to bta re mulle..,ahmedi mirziee qadiyani hargiz kuleedi uhdu pe nhee janay chahien warna hmari agencies pe swalia nishan hey,kabi bi nai jo sakta ya shia log pora ka pora yahodi hn,ye harami muslim se baat kr raha h
class2_batch004_sample010706,4,10706,2,Religious Hate,211706,215706,v3_original_demo_boundary_prompt,4-shot random authentic same-class,Shortlisted authentic RUHSOLD Religious Hate examples,118,"rt : q. woh kaun si qome he,jis ne such bhi bola phr bhi jahnum mein jayegi? ans: yahoodi or nasara qome. shahid sindh",chutiya azam ny kia kia ha ab tk sawa saal mein sirf 11600 arab ka izfa qarzoun mein kia or kuch nhi badlo apni soch ko yahodi na bano or ek muslim ki tarh socho,lul bukhari ye tum nahe tumaray yahoodi or hindu thuku bol rahay hain jin ko army sey bahot hi zeda takleef hai...🖕,"pta nhi kon si uni se graduate hote ho aap log jnha aesi wahiyat education di jati hðÿ˜‚ðÿ˜‚ðÿ˜‚ halala, gazwa-e-hind, camel urine or pta nhi kya kyaðÿ˜‚ðÿ˜‚ðÿ˜‚ðÿ¤£ðÿ¤£ðÿ¤£ðÿ¤£ðÿ‘ðÿ»",kutte ki paidaish hai yeh imran chore zakat khore yahodi agent
class2_batch004_sample010707,4,10707,2,Religious Hate,211707,215707,v3_original_demo_boundary_prompt,4-shot random authentic same-class,Shortlisted authentic RUHSOLD Religious Hate examples,118,tm jeso ki jb g**nd mari jaye na fir tm log thek rehty ho bc k bachy jb wo yahoodi lanti marty hn na wo muslim dekhty hn air kuch ni dekhty baki tm na toh apni pesh krni hoti ha unhy.,but we have a firm belief now that qadiyani and ahmedi neither want muslims nor pakistanis to live in a harmony,madarchod muslaman ki kaum madarchod saalo ka imaan nahi hai bheno ko chod te hai bhen ke lode harmazaade uskiye apni  maa ki chut bhi chodta hoga aur chuswata hoga logo se saare musalamaan raand ki olad islam ki maa ki chut,"bilkul,itny lecture milny hain jese christmas or new year pe milty hain ,kya apko pata bhi hai k kaafir janwaro k haqq main dua bhi nahi krni chahye",tm sab jesay ho tumhein allah nabi (pbuh) ne islam ka fikr mohabbat ka karwa diya tha humein
class2_batch004_sample010708,4,10708,2,Religious Hate,211708,215708,v3_original_demo_boundary_prompt,4-shot random authentic same-class,Shortlisted authentic RUHSOLD Religious Hate examples,118,"waise madarso mein bahut achhi taaleem di jaati hai tum jihadi hijdo ko, asar dikh rha hai yahan, khud toh khud ki bhen chodte hi ho aur dusro ko bhi bhenchod samajhte ho.","ye manhoos hinduon ki diwali k chakkar mai har jaga ki aur quality kharab hogai, bharwe",that nigga was yahoodi he probably lied to all the employees,"rt : q. woh kaun si qome he,jis ne such bhi bola phr bhi jahnum mein jayegi? ans: yahoodi or nasara qome. shahid sindh",tumhari maa ka yaar teri amma se poochle beth jaye kya uska naam hai khanzeer yahodi
class2_batch004_sample010709,4,10709,2,Religious Hate,211709,215709,v3_original_demo_boundary_prompt,4-shot random authentic same-class,Shortlisted authentic RUHSOLD Religious Hate examples,118,oeyy randdii k bachay ganddu hindu.. kyun jhoott baq raha hai gashti maa k ganndduu bachay. peshaab p k palnay wali qoum.,wow halala's product on fire as usual porkistaniðÿ˜‚ðÿ˜‚ðÿ˜‚,abe jaana mullle sale bhikari !! halala k maje krwa apni maa ko,q teri bhen ko chuda hy dewbandion ny ..harami ki nasal,oye pakistan ka tera mulla halala ki paidaish
class2_batch004_sample010710,4,10710,2,Religious Hate,211710,215710,v3_original_demo_boundary_prompt,4-shot random authentic same-class,Shortlisted authentic RUHSOLD Religious Hate examples,118,abe halala ki paidaish..  tumhara to wajood hi 800 years purana hai..  jab bhagwan ram ko kagaj dikhane ki jarurat par gayi to tum kaun ho.. kagaj to dikhana hi parega.. #nrc_caa_npr,"m firqa wariyat m nahi parhna chahta, muslims mjo ahktlaf hen wo apni jaga , lekin pichly 200 saal sy muslim is liye mar kha rhy hen k sunni shia wahabi dayobandi bla bla ,,yahodi or nasara ny na koi sunni mulk chora ha na koi shia,  wo bs yehi dekhtay ye muslman ha ..bs maro isk",#stopisraeliterror   yahoodi mulk jisey israel ka naam diya gaya najaiz hai yahoodi sabse bada dahshatgard,"rt : q. woh kaun si qome he,jis ne such bhi bola phr bhi jahnum mein jayegi? ans: yahoodi or nasara qome. shahid sindh",rt :    imran khan says we need to control inflation but he has no idea what it means.
class2_batch004_sample010711,4,10711,2,Religious Hate,211711,215711,v3_original_demo_boundary_prompt,4-shot random authentic same-class,Shortlisted authentic RUHSOLD Religious Hate examples,118,"abbey halala ki paidaish, 5 baap ki aulaad. patthar baazi ke alawa kuchh kaam kara kabhi teri kaum ne ?",hindu dharm ka matlab samajh pehle puppet khali bhaunk aur bhaunk iam enjoying ur bark 😂😂😂😂,in beghairto israel yahodi khanzeer kai bacho nai kia kuch nahen kia hain lekhin alhamdulillah islam wahid deen jo mohabbat sikhati hain nakai nafrat aur ye sab sai tezi sai phelta huwa deen hain is liye inko jalan ho rahi hain aur har koshish kar bhe chukai hain aur kar bhe,typical muslim randi-rona taqia.,ye mulk mein apna kya haal hai
class2_batch004_sample010712,4,10712,2,Religious Hate,211712,215712,v3_original_demo_boundary_prompt,4-shot random authentic same-class,Shortlisted authentic RUHSOLD Religious Hate examples,118,"malala the product of halala pehle burke se, halala se, bacche paida kerne se or gulami ki jindgi se to azadi lelo hindustaan se azadi to tumhare kukarm tumhe dilwa hi denge. kyuki terrorism failaoge to lat mar ke desh se bhagae jaoge. i am with my country and support caa, nrcðÿ˜‰.",bosdk yeh tumhare ghar me hota hai. saari k blouse me mote mote doodh dikhati firti hain tumhare dharam ki orate or hindu orat ko musalman ka l#nd aachaa lagta hai. yeh baat puri dunia janti hai,hindu sirf gooli ki zuban smjta ha,that nigga was yahoodi he probably lied to all the employees,rt : pakistan mein bajaye bajaye pakistan mein bajaye
class2_batch004_sample010713,4,10713,2,Religious Hate,211713,215713,v3_original_demo_boundary_prompt,4-shot random authentic same-class,Shortlisted authentic RUHSOLD Religious Hate examples,118,"rt : q. woh kaun si qome he,jis ne such bhi bola phr bhi jahnum mein jayegi? ans: yahoodi or nasara qome. shahid sindh",wow halala's product on fire as usual porkistaniðÿ˜‚ðÿ˜‚ðÿ˜‚,kabi bi nai jo sakta ya shia log pora ka pora yahodi hn,ye pagliya gyi h saali... kuttiya ye ab bhul gyi h jisne #halala or #teentlaaq se aazadi dilwayi usko bhul gyi h ye mullli....,tere maa baap ne chutiye tu bheja h ki aurat march ke liye ðÿ¤£ðÿ¤£ðÿ¤£
class2_batch004_sample010714,4,10714,2,Religious Hate,211714,215714,v3_original_demo_boundary_prompt,4-shot random authentic same-class,Shortlisted authentic RUHSOLD Religious Hate examples,118,"surprise!  surprise!  majority of the muslims are at just in different levels of ""usman khan"" ranging from mild to extreme (except ahmadiya may be, but they are not ""real muslims"")  that's from a person living in a country with 95% muslim    https://t.co/hq35u2xrrk,2009-05-25 17:25:26,sydney, new south wales",shia kaafir hai aur hum naam k musalmaan.,imran qadyani yahoodi agent hy pti ki 18 bank account hy jis may qadyani yahoodi hondo ny funding ki hy . gold smith jimaima aneel musrst . atif miaan sub qadyani yahoodi hy,yahoodi kabhi hamara dost nhi ho sakta,bahanchod tum sab gandu ho
class2_batch004_sample010715,4,10715,2,Religious Hate,211715,215715,v3_original_demo_boundary_prompt,4-shot random authentic same-class,Shortlisted authentic RUHSOLD Religious Hate examples,118,haha jaat dikha di bsdk antankbadi halala ki aulaad teri ammi ka halala hua tha phir to randi ke bacheðÿ¤£ðÿ¤£ðÿ˜…,kaafir tujhe kuch nai malum,"malala the product of halala pehle burke se, halala se, bacche paida kerne se or gulami ki jindgi se to azadi lelo hindustaan se azadi to tumhare kukarm tumhe dilwa hi denge. kyuki terrorism failaoge to lat mar ke desh se bhagae jaoge. i am with my country and support caa, nrcðÿ˜‰.",phir in yahodi khanzeer logo ko pata chalaiga kai kia ta aur kia nahen ye sirf dajjal kai liye aisa kar rahai hain kyunkai ye yahodi log khazeer log dajjal ko apna leader samjhtai hain aur tumhara pura bollywood bollyminati ban chuka hain tumharai dimagh ko programming ki ja rah,sakoon mein koi bhi aaya hoga
class2_batch004_sample010716,4,10716,2,Religious Hate,211716,215716,v3_original_demo_boundary_prompt,4-shot random authentic same-class,Shortlisted authentic RUHSOLD Religious Hate examples,118,abe halala ki paidaish..  tumhara to wajood hi 800 years purana hai..  jab bhagwan ram ko kagaj dikhane ki jarurat par gayi to tum kaun ho.. kagaj to dikhana hi parega.. #nrc_caa_npr,"m firqa wariyat m nahi parhna chahta, muslims mjo ahktlaf hen wo apni jaga , lekin pichly 200 saal sy muslim is liye mar kha rhy hen k sunni shia wahabi dayobandi bla bla ,,yahodi or nasara ny na koi sunni mulk chora ha na koi shia,  wo bs yehi dekhtay ye muslman ha ..bs maro isk",tmri taraj animals ki potty n khate... tm jaake  bomb fodo jaake.......halala ke masala.  niklo.. yaha tm atankiyo k liy jagah ni h bhai. yaha atank n failaooo,"malala the product of halala pehle burke se, halala se, bacche paida kerne se or gulami ki jindgi se to azadi lelo hindustaan se azadi to tumhare kukarm tumhe dilwa hi denge. kyuki terrorism failaoge to lat mar ke desh se bhagae jaoge. i am with my country and support caa, nrcðÿ˜‰.",randi aurat ki bachy hain jb wo muslamano ko boltey hein jo unka naam naheen samjata.
class2_batch004_sample010717,4,10717,2,Religious Hate,211717,215717,v3_original_demo_boundary_prompt,4-shot random authentic same-class,Shortlisted authentic RUHSOLD Religious Hate examples,118,please sell up you yahoodi bastards,tumhri maa kk chodu sale apni maa ko chod ke paida hone wale randi ki aulad sale apni behan ko biwi bana ke rkhne wale muhammad ki nazayaj aulad,uff pakiza muslim randi 😉😍,lul bukhari ye tum nahe tumaray yahoodi or hindu thuku bol rahay hain jin ko army sey bahot hi zeda takleef hai...🖕,ye shia imran nawaz hy aur yeh sunni harami hy
class2_batch004_sample010718,4,10718,2,Religious Hate,211718,215718,v3_original_demo_boundary_prompt,4-shot random authentic same-class,Shortlisted authentic RUHSOLD Religious Hate examples,118,"path of cruelty , path of violence, path of halala , path of tripe talaq, path of marrying 6 years old aisha,path to discipline their wives by beating them,path of hurun,path of apostasy,path of punishable apostasy, path of beheading. what a pissful religion izlam is ðÿ‘",wow halala's product on fire as usual porkistaniðÿ˜‚ðÿ˜‚ðÿ˜‚,#khuda ki qasam agar mey hota tu zinda nahe bach sakta ta muj sey ye beghairat kafir yahoodi.,oy ahmdi kuty. tum log smjhty ho k is trah kr k hm awam ko pagl bnao gy?? beta bajwa ne tere jeso ko nanga nachana he sbr kr. kahi ni ja rha hmara army chief. tum logo ne agly 3 sal me ye duniya hi chor jani bajwa k dar se. ye army chief nahi pakistan ka muhafiz he.,abe oyee gandu apni maa chodne ke baad bharwe 😠
class2_batch004_sample010719,4,10719,2,Religious Hate,211719,215719,v3_original_demo_boundary_prompt,4-shot random authentic same-class,Shortlisted authentic RUHSOLD Religious Hate examples,118,"huh wut you say u imbecile, i shat on you...toh toh toh kaafir",ye lode teri maa or bahan ke shohar hai or jyada bolega to de denge teri maa or bahan ko hum denge talaq or fir halala wow kya baat hai mullo wow lund chuss lo ðÿ˜œðÿ˜œðÿ˜œðÿ˜œ,tw kaafir tera peo kaafir tera pura khandaan kaafir ooo churry trump🐱🐱,"malala the product of halala pehle burke se, halala se, bacche paida kerne se or gulami ki jindgi se to azadi lelo hindustaan se azadi to tumhare kukarm tumhe dilwa hi denge. kyuki terrorism failaoge to lat mar ke desh se bhagae jaoge. i am with my country and support caa, nrcðÿ˜‰.","abe modi sahab, bhenchod tere baap ne india mein qabristan banaya hai aur tu sabse bade qabristan hai"
class2_batch004_sample010720,4,10720,2,Religious Hate,211720,215720,v3_original_demo_boundary_prompt,4-shot random authentic same-class,Shortlisted authentic RUHSOLD Religious Hate examples,118,pehle america jaiga ue begairaat musliman kehlwane kai laiq nh pehle he logh kehty h eske bary me ye yahoodi hai,"how did an ahmadiya get to the top in the army of sunnis, in the first place?",lanat abbtknews k khilaf trend bnane walye yazeedion pe r bibi k dushmano p bhi,lul bukhari ye tum nahe tumaray yahoodi or hindu thuku bol rahay hain jin ko army sey bahot hi zeda takleef hai...🖕,bhen chod islam ka qaid shabash hai jo humara yahoodi khan imran niazi k saath hai......🐷
class2_batch004_sample010721,4,10721,2,Religious Hate,211721,215721,v3_original_demo_boundary_prompt,4-shot random authentic same-class,Shortlisted authentic RUHSOLD Religious Hate examples,118,ahmedi mirziee qadiyani hargiz kuleedi uhdu pe nhee janay chahien warna hmari agencies pe swalia nishan hey,meri tarbiyat yehi hai k jo amreca ko apna baap manta hai na wo muslman hai or na us s koi hanra taloq hai tum nasl e yazeedi ho masl e yahodi or yahoodio ki olad ho,apne profile mein whats app me fb twitter mein is bahadur nojawaan ki pic lga kr islam se or nabi ke din se mhbt ka izhaar kren or itna share kren ek yahoodi apne na pak iradoon se baaz ajaye is shakhs ne quraan pak ki hifazahat mein ek bhtareen mhbt ka jita jagta sabot dia hai,poocho hamarai imam sai kai quran mein kaha likha huwa hain aisai ye sirf yahodi khanzeer logo ki chaal hainmuslims ko badnaam karkai liye  zara socho na tumharai hinduism ko badnaam kyun nahen kartai islam kai peechai kyun parai huwai hain zara dimagh ko khol kai socho,ye tumhe nahi pata yahoodi agents bhojni aur talaq diye huye woh harami hain isliye
class2_batch004_sample010722,4,10722,2,Religious Hate,211722,215722,v3_original_demo_boundary_prompt,4-shot random authentic same-class,Shortlisted authentic RUHSOLD Religious Hate examples,118,abe mc mein bheju teri maa cow ka photo kat te hue bc. chod teri tarah andhbhakt nhi hu aur nhi illiterate.. go and drink cow piss.,imran qadyani yahoodi agent hy pti ki 18 bank account hy jis may qadyani yahoodi hondo ny funding ki hy . gold smith jimaima aneel musrst . atif miaan sub qadyani yahoodi hy,ho gaye hy aur han aj jo ye sekhon k liye kar raha hy ye whoi sekh hy jub pakistan azad howa tha aur muslmano ne jub india sa hijrat ki tub sub zada qatal muslim ko in sekhon ne kiya tha par afsos ap jesy log is yahodi e agent ko ek islami leader mante ho phir kasm khao k allah,hindoo wo qom ha jinper koi nabi koi kitaab nazil nahi hoi. ye to yahoodi se bhi bad tar hen,islam k kuch nahi samjta? ye na gaya to tum
class2_batch004_sample010723,4,10723,2,Religious Hate,211723,215723,v3_original_demo_boundary_prompt,4-shot random authentic same-class,Shortlisted authentic RUHSOLD Religious Hate examples,118,tum log yahoodi ho kisi ko shuck nahi hona chaheye bus kafi hogae musalmanon ko aur dhoka na dou👹,kisi randi maa ki olad ap ki hindu aurtain jab pooja karti hn tab wo bagwan ka lund mounh me b leti hn?,or wahan tumhara jahanumi ahmedi jo naaowz billah nabi hona ka dawa dar tha wo wo case hara tha or court sa bhag gya tha.nabi pak p.b.u.h allah ka akhri nabi han or on ka bad koi nabi nahi ae ga.ya ak haqeqat ha jo quran ma bhi ha.or 1947 ma pak islam ka name par bana tha.,sunni killing a shia....what's new?  thank god he wasn't a ahmedi muslim otherwise the motive would have been to acquire a passport to migrate to western countries and continue their islamic jihadi work after retirement,abey charsi tere baap hi tu kya karta tha?
class2_batch004_sample010724,4,10724,2,Religious Hate,211724,215724,v3_original_demo_boundary_prompt,4-shot random authentic same-class,Shortlisted authentic RUHSOLD Religious Hate examples,118,no no ...... hindu na kah mujhe ........islam bura maan jayega .......kaafir kah kaafir...,meri tarbiyat yehi hai k jo amreca ko apna baap manta hai na wo muslman hai or na us s koi hanra taloq hai tum nasl e yazeedi ho masl e yahodi or yahoodio ki olad ho,"not surprised comment came from ahmedi. tbh, i won't be surprised when some christians will argue that they r included in muslim category too. just bcoz they believe there is only one god.",ahmedi mirziee qadiyani hargiz kuleedi uhdu pe nhee janay chahien warna hmari agencies pe swalia nishan hey,nahi pakistan mein bhi hamara baap nawaz shareef ne hindustan ke walo se bara yahoodi agent tha aur mian sahab ke baare main hamara baap nawaz shareef ne dabbo diya th
class2_batch004_sample010725,4,10725,2,Religious Hate,211725,215725,v3_original_demo_boundary_prompt,4-shot random authentic same-class,Shortlisted authentic RUHSOLD Religious Hate examples,118,ye pagliya gyi h saali... kuttiya ye ab bhul gyi h jisne #halala or #teentlaaq se aazadi dilwayi usko bhul gyi h ye mullli....,phir in yahodi khanzeer logo ko pata chalaiga kai kia ta aur kia nahen ye sirf dajjal kai liye aisa kar rahai hain kyunkai ye yahodi log khazeer log dajjal ko apna leader samjhtai hain aur tumhara pura bollywood bollyminati ban chuka hain tumharai dimagh ko programming ki ja rah,"tum vahi karo jo aata hai ,namaz or bakri chudai",kabi bi nai jo sakta ya shia log pora ka pora yahodi hn,tujhe bhi jaldi bethne do bc
class2_batch004_sample010726,4,10726,2,Religious Hate,211726,215726,v3_original_demo_boundary_prompt,4-shot random authentic same-class,Shortlisted authentic RUHSOLD Religious Hate examples,118,wehshi darandy easai yahodi hindo islam amanka ka mazhab,bosdk yeh tumhare ghar me hota hai. saari k blouse me mote mote doodh dikhati firti hain tumhare dharam ki orate or hindu orat ko musalman ka l#nd aachaa lagta hai. yeh baat puri dunia janti hai,haha jaat dikha di bsdk antankbadi halala ki aulaad teri ammi ka halala hua tha phir to randi ke bacheðÿ¤£ðÿ¤£ðÿ˜…,"obviously we muslims hate ahmedi's . 😡 we don't care whatever happens to them ! we just hate them. if their is oppression over other minorities in pakistan which is not usual alhamdolillah, then i condemn that.",bhonk rhi ho to kisi ki nikal liya jaye.......lakh di lanati hai tumhe
class2_batch004_sample010727,4,10727,2,Religious Hate,211727,215727,v3_original_demo_boundary_prompt,4-shot random authentic same-class,Shortlisted authentic RUHSOLD Religious Hate examples,118,#khuda ki qasam agar mey hota tu zinda nahe bach sakta ta muj sey ye beghairat kafir yahoodi.,oeyy randdii k bachay ganddu hindu.. kyun jhoott baq raha hai gashti maa k ganndduu bachay. peshaab p k palnay wali qoum.,sali muslims randi. jihadi sali,"afghanio ne tme hindu se bachaya,randi k aulaad tareekh paro tm wo ganda khoon ho,jo siko aour hindu ki rape se paida woe ho,tme kalima tho sikaya afghano ne,magar tmari gandi dna wai ranjeet sing wali a,randi k aulaad tm ne kah pana di,am pashtono ne di,apnay bio ko hera mandi",abhi tak tumhara quran aur hadith na dekhi..?   jisko islam ka shukla khan nahin pata usko kya lena chaye..
class2_batch004_sample010728,4,10728,2,Religious Hate,211728,215728,v3_original_demo_boundary_prompt,4-shot random authentic same-class,Shortlisted authentic RUHSOLD Religious Hate examples,118,please don't share his obnoxious face to me. below is the image of the book rohani khzain from ahmedi's official website see what your evil messiah has declared god but you had said you have read the books of mirza and accepted him mehdi may god give you hidyath,abe jaana mullle sale bhikari !! halala k maje krwa apni maa ko,halala ki padayish ho aap aur kya expect karenge hum aapse,sali muslims randi. jihadi sali,nhi kutte yahoodi agents
class2_batch004_sample010729,4,10729,2,Religious Hate,211729,215729,v3_original_demo_boundary_prompt,4-shot random authentic same-class,Shortlisted authentic RUHSOLD Religious Hate examples,118,aye yahudiyo jitna zulm karna hai kar lo in sha allah woh din bhi zaroor aayega ke tumhe chun chun ke maara jayega yahan tak ke tum darakht ya pattharoñ ke piche chhup jaoge to bejan chizen bhi kahengi yahan yahoodi chhupa hai.hadees ka farman hai ho kar rahega #israeliterrorism,sirf momin aya to yahoodi kum nasal marny laggaye agr sawa crore momin agaye to sochen kya hoga?hamen jagna hoga,meri tarbiyat yehi hai k jo amreca ko apna baap manta hai na wo muslman hai or na us s koi hanra taloq hai tum nasl e yazeedi ho masl e yahodi or yahoodio ki olad ho,please all muslims come one page and unite  insha allah   yahoodi isreal finished all,bahir kashmir mein hamare hinduon k ek qabristan tha usme 7500 shakal hein
class2_batch004_sample010730,4,10730,2,Religious Hate,211730,215730,v3_original_demo_boundary_prompt,4-shot random authentic same-class,Shortlisted authentic RUHSOLD Religious Hate examples,118,kabi bi nai jo sakta ya shia log pora ka pora yahodi hn,please all muslims come one page and unite  insha allah   yahoodi isreal finished all,iran shia mulk ha or ye munafik log han,kisi randi maa ki olad ap ki hindu aurtain jab pooja karti hn tab wo bagwan ka lund mounh me b leti hn?,waisay gandu saali
class2_batch004_sample010731,4,10731,2,Religious Hate,211731,215731,v3_original_demo_boundary_prompt,4-shot random authentic same-class,Shortlisted authentic RUHSOLD Religious Hate examples,118,yes they are involved in bomb blast... halala and bakrigiri,yahoodi kabhi hamara dost nhi ho sakta,halala ki padayish ho aap aur kya expect karenge hum aapse,"insaniyat ko bache rahne do, jis mazhab me janwar ka gala ret ke khushi banti hai, jis mazhab me soorma logo ko 72 virgin ladkiya baati jaati, jo duniya pe kabze ke sapne dekhta ho us mazhab se duuri banane me hi insaniyat ki bhalayi hai.",oooo chutiye tu bola ha apni maa ko goli marana chahta ha
class2_batch004_sample010732,4,10732,2,Religious Hate,211732,215732,v3_original_demo_boundary_prompt,4-shot random authentic same-class,Shortlisted authentic RUHSOLD Religious Hate examples,118,bus ya aur tafseel bataao  ahmdi aurtain beach pe bikini b pehnti hain  jalse aur ijlaas pe burqa b boht hai 🤫,wow halala's product on fire as usual porkistaniðÿ˜‚ðÿ˜‚ðÿ˜‚,ho gaye hy aur han aj jo ye sekhon k liye kar raha hy ye whoi sekh hy jub pakistan azad howa tha aur muslmano ne jub india sa hijrat ki tub sub zada qatal muslim ko in sekhon ne kiya tha par afsos ap jesy log is yahodi e agent ko ek islami leader mante ho phir kasm khao k allah,o madadarchod: tum tu farigh ho aur yeh gashti tu waisay he sari raat jagti hay. o dallay o kanjar hum tu iran jatay hotay hain tu bata apni behan kitni baar mbs aur us kay wahabi sheikhon ko bhaijta hay.,randi ki nasal
class2_batch004_sample010733,4,10733,2,Religious Hate,211733,215733,v3_original_demo_boundary_prompt,4-shot random authentic same-class,Shortlisted authentic RUHSOLD Religious Hate examples,118,sale halala molvi se tum karvao apni oorto ka or apni ma bahan ka bol heme rhe ho molvi kamre m apni bahan ko bej kar sina choda hota hoga tumhara,tumri ma buhat hanzir hy jis ne tum jaise  yahodi kafir rhandi hanzir aurat ko paida kiya,kadiyani kafir thay hain aur hamesha harain gay. ye dajjali fitnay ki ek kari hain. aur inkay supporters hum main bhe jo chupay howay hain wo bhe khanzeer kafir he hain. lannat beshomar kadiyanio pr.,kaafir tujhe kuch nai malum,na pakistan mein qadyani jesy muslims kehty haen aur na unke kuttey bhe nahin poochty
class2_batch004_sample010734,4,10734,2,Religious Hate,211734,215734,v3_original_demo_boundary_prompt,4-shot random authentic same-class,Shortlisted authentic RUHSOLD Religious Hate examples,118,yes they are involved in bomb blast... halala and bakrigiri,sale halala molvi se tum karvao apni oorto ka or apni ma bahan ka bol heme rhe ho molvi kamre m apni bahan ko bej kar sina choda hota hoga tumhara,please all muslims come one page and unite  insha allah   yahoodi isreal finished all,quaid azam was right ky hindu muslim kabhi sth nhi rhy sgty aaj hindu apni hasli shakl dekha rhy hn. agar kisi muslim ny aisa kia hota to india media ki maa mar gi hoti pr ab nhi boly gy. aagy ka ky yehi bol dn gy ky mentally disturb tha or case khtm .#jamia,yeh halala ki paidaish hai
class2_batch004_sample010735,4,10735,2,Religious Hate,211735,215735,v3_original_demo_boundary_prompt,4-shot random authentic same-class,Shortlisted authentic RUHSOLD Religious Hate examples,118,wehshi darandy easai yahodi hindo islam amanka ka mazhab,ho gaye hy aur han aj jo ye sekhon k liye kar raha hy ye whoi sekh hy jub pakistan azad howa tha aur muslmano ne jub india sa hijrat ki tub sub zada qatal muslim ko in sekhon ne kiya tha par afsos ap jesy log is yahodi e agent ko ek islami leader mante ho phir kasm khao k allah,kafir yahodi kafir hindo same thinking,jaa bhen k lory tum harrami ki nasal ho.. dewband maslak pe kutty ki tareh bhoonkty ho..,bhenchod haramzadi
class2_batch004_sample010736,4,10736,2,Religious Hate,211736,215736,v3_original_demo_boundary_prompt,4-shot random authentic same-class,Shortlisted authentic RUHSOLD Religious Hate examples,118,"surprise!  surprise!  majority of the muslims are at just in different levels of ""usman khan"" ranging from mild to extreme (except ahmadiya may be, but they are not ""real muslims"")  that's from a person living in a country with 95% muslim    https://t.co/hq35u2xrrk,2009-05-25 17:25:26,sydney, new south wales",lul bukhari ye tum nahe tumaray yahoodi or hindu thuku bol rahay hain jin ko army sey bahot hi zeda takleef hai...🖕,wow halala's product on fire as usual porkistaniðÿ˜‚ðÿ˜‚ðÿ˜‚,teri maa ka halala kra rha tha koi problem madarjat bhosdike mulle,ye jo abhi tk hindu or muslim ne pocha ha wo apne dard ki bat kr raha tha..
class2_batch004_sample010737,4,10737,2,Religious Hate,211737,215737,v3_original_demo_boundary_prompt,4-shot random authentic same-class,Shortlisted authentic RUHSOLD Religious Hate examples,118,please don't share his obnoxious face to me. below is the image of the book rohani khzain from ahmedi's official website see what your evil messiah has declared god but you had said you have read the books of mirza and accepted him mehdi may god give you hidyath,bus ya aur tafseel bataao  ahmdi aurtain beach pe bikini b pehnti hain  jalse aur ijlaas pe burqa b boht hai 🤫,q teri bhen ko chuda hy dewbandion ny ..harami ki nasal,jaa bhen k lory tum harrami ki nasal ho.. dewband maslak pe kutty ki tareh bhoonkty ho..,allah hukmarany wali ghaibi taluqo ka sara maqsad apna khilaf qadyani yahodi nay munafiqat pakistan ko niazi qadiyani ke khandaan ko saz
class2_batch004_sample010738,4,10738,2,Religious Hate,211738,215738,v3_original_demo_boundary_prompt,4-shot random authentic same-class,Shortlisted authentic RUHSOLD Religious Hate examples,118,lul bukhari ye tum nahe tumaray yahoodi or hindu thuku bol rahay hain jin ko army sey bahot hi zeda takleef hai...🖕,bosdk yeh tumhare ghar me hota hai. saari k blouse me mote mote doodh dikhati firti hain tumhare dharam ki orate or hindu orat ko musalman ka l#nd aachaa lagta hai. yeh baat puri dunia janti hai,"surprise!  surprise!  majority of the muslims are at just in different levels of ""usman khan"" ranging from mild to extreme (except ahmadiya may be, but they are not ""real muslims"")  that's from a person living in a country with 95% muslim    https://t.co/hq35u2xrrk,2009-05-25 17:25:26,sydney, new south wales",hindu sirf gooli ki zuban smjta ha,tere jaisi aurat sasni ka koi bat nhi kr skti
class2_batch004_sample010739,4,10739,2,Religious Hate,211739,215739,v3_original_demo_boundary_prompt,4-shot random authentic same-class,Shortlisted authentic RUHSOLD Religious Hate examples,118,hindu sirf gooli ki zuban smjta ha,qadiyani pe lanat mirza khinzeer harami pe lanat.,chutiya azam ny kia kia ha ab tk sawa saal mein sirf 11600 arab ka izfa qarzoun mein kia or kuch nhi badlo apni soch ko yahodi na bano or ek muslim ki tarh socho,aor hamary hkmran in k sath mily huy en ....yahudi aor hindun hmary sb sy bry dushman en,apny baap ke name per larkian ko molana dekhna bhi nahi atay
class2_batch004_sample010740,4,10740,2,Religious Hate,211740,215740,v3_original_demo_boundary_prompt,4-shot random authentic same-class,Shortlisted authentic RUHSOLD Religious Hate examples,118,tumhri maa kk chodu sale apni maa ko chod ke paida hone wale randi ki aulad sale apni behan ko biwi bana ke rkhne wale muhammad ki nazayaj aulad,jahil k bachy kahan likha h k gair mazhb sy nikaah jaiz ha... tmari gand me jo keera ha wo nhi merna... khoty khany waly... yahoodi kahan sy hogaey ahle kitaab ....tm.b yahoodi to nhi,tum log yahoodi ho kisi ko shuck nahi hona chaheye bus kafi hogae musalmanon ko aur dhoka na dou👹,teri maa ka halala kra rha tha koi problem madarjat bhosdike mulle,tujhy pata ha ki ye hamid mir khusray hein
class2_batch004_sample010741,4,10741,2,Religious Hate,211741,215741,v3_original_demo_boundary_prompt,4-shot random authentic same-class,Shortlisted authentic RUHSOLD Religious Hate examples,118,yahoodi kabhi hamara dost nhi ho sakta,sunni killing a shia....what's new?  thank god he wasn't a ahmedi muslim otherwise the motive would have been to acquire a passport to migrate to western countries and continue their islamic jihadi work after retirement,pislam me media ka estemal kerna haram hai  halala ki paidais,qadiani ahmedi mirziee kaafir jo hen,teri maa chodunga tumhari baji ko
class2_batch004_sample010742,4,10742,2,Religious Hate,211742,215742,v3_original_demo_boundary_prompt,4-shot random authentic same-class,Shortlisted authentic RUHSOLD Religious Hate examples,118,yes they are involved in bomb blast... halala and bakrigiri,or wahan tumhara jahanumi ahmedi jo naaowz billah nabi hona ka dawa dar tha wo wo case hara tha or court sa bhag gya tha.nabi pak p.b.u.h allah ka akhri nabi han or on ka bad koi nabi nahi ae ga.ya ak haqeqat ha jo quran ma bhi ha.or 1947 ma pak islam ka name par bana tha.,shia kaafir hai aur hum naam k musalmaan.,please all muslims come one page and unite  insha allah   yahoodi isreal finished all,mashallah aik halala ki paidaish
class2_batch004_sample010743,4,10743,2,Religious Hate,211743,215743,v3_original_demo_boundary_prompt,4-shot random authentic same-class,Shortlisted authentic RUHSOLD Religious Hate examples,118,madarchod muslaman ki kaum madarchod saalo ka imaan nahi hai bheno ko chod te hai bhen ke lode harmazaade uskiye apni  maa ki chut bhi chodta hoga aur chuswata hoga logo se saare musalamaan raand ki olad islam ki maa ki chut,chal fosdi ke mohammad kabile wale ki halala ki aulad,"gau mutr peeyo tum log lodu awkat bna phir aake muh lag, randwa saala",or wahan tumhara jahanumi ahmedi jo naaowz billah nabi hona ka dawa dar tha wo wo case hara tha or court sa bhag gya tha.nabi pak p.b.u.h allah ka akhri nabi han or on ka bad koi nabi nahi ae ga.ya ak haqeqat ha jo quran ma bhi ha.or 1947 ma pak islam ka name par bana tha.,ye logon ko paida karne diya gaya tha.
class2_batch004_sample010744,4,10744,2,Religious Hate,211744,215744,v3_original_demo_boundary_prompt,4-shot random authentic same-class,Shortlisted authentic RUHSOLD Religious Hate examples,118,oy ahmdi kuty. tum log smjhty ho k is trah kr k hm awam ko pagl bnao gy?? beta bajwa ne tere jeso ko nanga nachana he sbr kr. kahi ni ja rha hmara army chief. tum logo ne agly 3 sal me ye duniya hi chor jani bajwa k dar se. ye army chief nahi pakistan ka muhafiz he.,"insaniyat ko bache rahne do, jis mazhab me janwar ka gala ret ke khushi banti hai, jis mazhab me soorma logo ko 72 virgin ladkiya baati jaati, jo duniya pe kabze ke sapne dekhta ho us mazhab se duuri banane me hi insaniyat ki bhalayi hai.",kitane maulviyon ne tumhari ammi jaan ka halala kiya hoga tab jakar tum jaisa suar nikla hoga .. ye bhi to bta re mulle..,hey are fighting amongst each other. #bajwa is compromise candidate. thats only reason why he a ahmadiya is a coas.,aby wesay apni qadiyani maa ki hifazat karain...
class2_batch004_sample010745,4,10745,2,Religious Hate,211745,215745,v3_original_demo_boundary_prompt,4-shot random authentic same-class,Shortlisted authentic RUHSOLD Religious Hate examples,118,yes they are involved in bomb blast... halala and bakrigiri,that nigga was yahoodi he probably lied to all the employees,qadiani ahmedi mirziee kaafir jo hen,"how did an ahmadiya get to the top in the army of sunnis, in the first place?",ab ye khuda kary tum bhe khud ko munafiqat kr rhy ho..
class2_batch004_sample010746,4,10746,2,Religious Hate,211746,215746,v3_original_demo_boundary_prompt,4-shot random authentic same-class,Shortlisted authentic RUHSOLD Religious Hate examples,118,"bilkul,itny lecture milny hain jese christmas or new year pe milty hain ,kya apko pata bhi hai k kaafir janwaro k haqq main dua bhi nahi krni chahye","huh wut you say u imbecile, i shat on you...toh toh toh kaafir","hogai izzat? mera jism meri marzi jc ghaleez or ghatiya terminologies hamare muslim muashrey me dene ki koshish me aapki so-called,vahiyat or ikhlaq se giri support ko khud ne hi reject kardiya.  apne yahoodi gods ko khush krne k liey kuch or karien",tm jeso ki jb g**nd mari jaye na fir tm log thek rehty ho bc k bachy jb wo yahoodi lanti marty hn na wo muslim dekhty hn air kuch ni dekhty baki tm na toh apni pesh krni hoti ha unhy.,abey tere baap ke dusre sasti saali kisi randi k bache hn ye baat mat bolo.
class2_batch004_sample010747,4,10747,2,Religious Hate,211747,215747,v3_original_demo_boundary_prompt,4-shot random authentic same-class,Shortlisted authentic RUHSOLD Religious Hate examples,118,sale halala molvi se tum karvao apni oorto ka or apni ma bahan ka bol heme rhe ho molvi kamre m apni bahan ko bej kar sina choda hota hoga tumhara,wehshi darandy easai yahodi hindo islam amanka ka mazhab,haha jaat dikha di bsdk antankbadi halala ki aulaad teri ammi ka halala hua tha phir to randi ke bacheðÿ¤£ðÿ¤£ðÿ˜…,"just the ten thousandth ""isolated"" instance of christian /jewish/hindu/ahmedi places of worship being attacked by crybabies who themselves can't handle some nutcase burning a book full of fiction stories.",abhi tak koi gandu hindustani nee apni ammi aur behen ko chodna nahi diya na ye log
class2_batch004_sample010748,4,10748,2,Religious Hate,211748,215748,v3_original_demo_boundary_prompt,4-shot random authentic same-class,Shortlisted authentic RUHSOLD Religious Hate examples,118,ye pagliya gyi h saali... kuttiya ye ab bhul gyi h jisne #halala or #teentlaaq se aazadi dilwayi usko bhul gyi h ye mullli....,aye yahudiyo jitna zulm karna hai kar lo in sha allah woh din bhi zaroor aayega ke tumhe chun chun ke maara jayega yahan tak ke tum darakht ya pattharoñ ke piche chhup jaoge to bejan chizen bhi kahengi yahan yahoodi chhupa hai.hadees ka farman hai ho kar rahega #israeliterrorism,bus ya aur tafseel bataao  ahmdi aurtain beach pe bikini b pehnti hain  jalse aur ijlaas pe burqa b boht hai 🤫,"afghanio ne tme hindu se bachaya,randi k aulaad tareekh paro tm wo ganda khoon ho,jo siko aour hindu ki rape se paida woe ho,tme kalima tho sikaya afghano ne,magar tmari gandi dna wai ranjeet sing wali a,randi k aulaad tm ne kah pana di,am pashtono ne di,apnay bio ko hera mandi",ye kya lagta h jab imran niazi kuttay ki nasl randi rona
class2_batch004_sample010749,4,10749,2,Religious Hate,211749,215749,v3_original_demo_boundary_prompt,4-shot random authentic same-class,Shortlisted authentic RUHSOLD Religious Hate examples,118,kisi randi maa ki olad ap ki hindu aurtain jab pooja karti hn tab wo bagwan ka lund mounh me b leti hn?,typical muslim randi-rona taqia.,hindoo wo qom ha jinper koi nabi koi kitaab nazil nahi hoi. ye to yahoodi se bhi bad tar hen,dekh le madarch*d islam ka nanga naach..babri par fate hue bawaseer ki tarah bhaunk raha tha na..us par bhi ab apne manhoos muh se kuch hag de..blood cousins ke incest ki paidaish,rt : kya tum logon ne chore kahan diya ho
class2_batch004_sample010750,4,10750,2,Religious Hate,211750,215750,v3_original_demo_boundary_prompt,4-shot random authentic same-class,Shortlisted authentic RUHSOLD Religious Hate examples,118,in beghairto israel yahodi khanzeer kai bacho nai kia kuch nahen kia hain lekhin alhamdulillah islam wahid deen jo mohabbat sikhati hain nakai nafrat aur ye sab sai tezi sai phelta huwa deen hain is liye inko jalan ho rahi hain aur har koshish kar bhe chukai hain aur kar bhe,is cult  mein kisi boht hi pyare ko kho dene k baad uski qaber pe phool rakhna b jurm hai west mein qaberisat se phool chura k un ko sale kr k ahmdi chanda dia karte hain takey ragister se naam na kut jaye,hey are fighting amongst each other. #bajwa is compromise candidate. thats only reason why he a ahmadiya is a coas.,kitane maulviyon ne tumhari ammi jaan ka halala kiya hoga tab jakar tum jaisa suar nikla hoga .. ye bhi to bta re mulle..,islam nahi sirf kuch nahi sirf islam
class2_batch004_sample010751,4,10751,2,Religious Hate,211751,215751,v3_original_demo_boundary_prompt,4-shot random authentic same-class,Shortlisted authentic RUHSOLD Religious Hate examples,118,aye yahudiyo jitna zulm karna hai kar lo in sha allah woh din bhi zaroor aayega ke tumhe chun chun ke maara jayega yahan tak ke tum darakht ya pattharoñ ke piche chhup jaoge to bejan chizen bhi kahengi yahan yahoodi chhupa hai.hadees ka farman hai ho kar rahega #israeliterrorism,tum log yahoodi ho kisi ko shuck nahi hona chaheye bus kafi hogae musalmanon ko aur dhoka na dou👹,sunni killing a shia....what's new?  thank god he wasn't a ahmedi muslim otherwise the motive would have been to acquire a passport to migrate to western countries and continue their islamic jihadi work after retirement,kafir yahodi kafir hindo same thinking,ye sab saali yahoodi hain
class2_batch004_sample010752,4,10752,2,Religious Hate,211752,215752,v3_original_demo_boundary_prompt,4-shot random authentic same-class,Shortlisted authentic RUHSOLD Religious Hate examples,118,pehle apni aurto ko halala se bachao ye bhi modi kar raha hai. agar sahi tum logo ka dna kiya jaye to pata nhi baap kon niklega,is cult  mein kisi boht hi pyare ko kho dene k baad uski qaber pe phool rakhna b jurm hai west mein qaberisat se phool chura k un ko sale kr k ahmdi chanda dia karte hain takey ragister se naam na kut jaye,kitane maulviyon ne tumhari ammi jaan ka halala kiya hoga tab jakar tum jaisa suar nikla hoga .. ye bhi to bta re mulle..,bosdk yeh tumhare ghar me hota hai. saari k blouse me mote mote doodh dikhati firti hain tumhare dharam ki orate or hindu orat ko musalman ka l#nd aachaa lagta hai. yeh baat puri dunia janti hai,koi kuch nahi bol skta ab.
class2_batch004_sample010753,4,10753,2,Religious Hate,211753,215753,v3_original_demo_boundary_prompt,4-shot random authentic same-class,Shortlisted authentic RUHSOLD Religious Hate examples,118,ye pagliya gyi h saali... kuttiya ye ab bhul gyi h jisne #halala or #teentlaaq se aazadi dilwayi usko bhul gyi h ye mullli....,oeyy randdii k bachay ganddu hindu.. kyun jhoott baq raha hai gashti maa k ganndduu bachay. peshaab p k palnay wali qoum.,please don't share his obnoxious face to me. below is the image of the book rohani khzain from ahmedi's official website see what your evil messiah has declared god but you had said you have read the books of mirza and accepted him mehdi may god give you hidyath,halala ki padayish ho aap aur kya expect karenge hum aapse,yahodi agents
class2_batch004_sample010754,4,10754,2,Religious Hate,211754,215754,v3_original_demo_boundary_prompt,4-shot random authentic same-class,Shortlisted authentic RUHSOLD Religious Hate examples,118,please all muslims come one page and unite  insha allah   yahoodi isreal finished all,abe halala ki paidaish..  tumhara to wajood hi 800 years purana hai..  jab bhagwan ram ko kagaj dikhane ki jarurat par gayi to tum kaun ho.. kagaj to dikhana hi parega.. #nrc_caa_npr,hindoo wo qom ha jinper koi nabi koi kitaab nazil nahi hoi. ye to yahoodi se bhi bad tar hen,"ye manhoos hinduon ki diwali k chakkar mai har jaga ki aur quality kharab hogai, bharwe",ooooohhhh gand marne ke baad mera jism meri marzi ka naam bhejna chahte hain..
class2_batch004_sample010755,4,10755,2,Religious Hate,211755,215755,v3_original_demo_boundary_prompt,4-shot random authentic same-class,Shortlisted authentic RUHSOLD Religious Hate examples,118,chutiya azam ny kia kia ha ab tk sawa saal mein sirf 11600 arab ka izfa qarzoun mein kia or kuch nhi badlo apni soch ko yahodi na bano or ek muslim ki tarh socho,please all muslims come one page and unite  insha allah   yahoodi isreal finished all,poocho hamarai imam sai kai quran mein kaha likha huwa hain aisai ye sirf yahodi khanzeer logo ki chaal hainmuslims ko badnaam karkai liye  zara socho na tumharai hinduism ko badnaam kyun nahen kartai islam kai peechai kyun parai huwai hain zara dimagh ko khol kai socho,q teri bhen ko chuda hy dewbandion ny ..harami ki nasal,baat kr rha tha koi nahi ho skta
class2_batch004_sample010756,4,10756,2,Religious Hate,211756,215756,v3_original_demo_boundary_prompt,4-shot random authentic same-class,Shortlisted authentic RUHSOLD Religious Hate examples,118,ye pagliya gyi h saali... kuttiya ye ab bhul gyi h jisne #halala or #teentlaaq se aazadi dilwayi usko bhul gyi h ye mullli....,o madadarchod: tum tu farigh ho aur yeh gashti tu waisay he sari raat jagti hay. o dallay o kanjar hum tu iran jatay hotay hain tu bata apni behan kitni baar mbs aur us kay wahabi sheikhon ko bhaijta hay.,chal na randi ! we have spiritual connection with supreme leader imam khamnae !  we have our hearts and souls for holy cities of najaf and karbala !  dont give a fck to wahabi chutiyas,that nigga was yahoodi he probably lied to all the employees,gandu aor qadyani khanzeer
class2_batch004_sample010757,4,10757,2,Religious Hate,211757,215757,v3_original_demo_boundary_prompt,4-shot random authentic same-class,Shortlisted authentic RUHSOLD Religious Hate examples,118,hindu sirf gooli ki zuban smjta ha,kutto ki tarah america maar raha hai tumhari kaum ko...aasmani kitab walo...israel roj filistin may maa chod raha hai tumhari.... pahle unse nipto....dare hue log😂😂,aor hamary hkmran in k sath mily huy en ....yahudi aor hindun hmary sb sy bry dushman en,chutiya azam ny kia kia ha ab tk sawa saal mein sirf 11600 arab ka izfa qarzoun mein kia or kuch nhi badlo apni soch ko yahodi na bano or ek muslim ki tarh socho,yahoodi aor hindun hmary sab sy bary dushman en
class2_batch004_sample010758,4,10758,2,Religious Hate,211758,215758,v3_original_demo_boundary_prompt,4-shot random authentic same-class,Shortlisted authentic RUHSOLD Religious Hate examples,118,"huh wut you say u imbecile, i shat on you...toh toh toh kaafir",or wahan tumhara jahanumi ahmedi jo naaowz billah nabi hona ka dawa dar tha wo wo case hara tha or court sa bhag gya tha.nabi pak p.b.u.h allah ka akhri nabi han or on ka bad koi nabi nahi ae ga.ya ak haqeqat ha jo quran ma bhi ha.or 1947 ma pak islam ka name par bana tha.,lanat abbtknews k khilaf trend bnane walye yazeedion pe r bibi k dushmano p bhi,kafir yahodi kafir hindo same thinking,rt : maryam aurat march ke sath hamare pasand ho to yeh larkia ki choti bhen ko rape krna chahey
class2_batch004_sample010759,4,10759,2,Religious Hate,211759,215759,v3_original_demo_boundary_prompt,4-shot random authentic same-class,Shortlisted authentic RUHSOLD Religious Hate examples,118,quaid azam was right ky hindu muslim kabhi sth nhi rhy sgty aaj hindu apni hasli shakl dekha rhy hn. agar kisi muslim ny aisa kia hota to india media ki maa mar gi hoti pr ab nhi boly gy. aagy ka ky yehi bol dn gy ky mentally disturb tha or case khtm .#jamia,madarchod muslaman ki kaum madarchod saalo ka imaan nahi hai bheno ko chod te hai bhen ke lode harmazaade uskiye apni  maa ki chut bhi chodta hoga aur chuswata hoga logo se saare musalamaan raand ki olad islam ki maa ki chut,bus ya aur tafseel bataao  ahmdi aurtain beach pe bikini b pehnti hain  jalse aur ijlaas pe burqa b boht hai 🤫,ho gaye hy aur han aj jo ye sekhon k liye kar raha hy ye whoi sekh hy jub pakistan azad howa tha aur muslmano ne jub india sa hijrat ki tub sub zada qatal muslim ko in sekhon ne kiya tha par afsos ap jesy log is yahodi e agent ko ek islami leader mante ho phir kasm khao k allah,tujhe tumhari maa ki choot chod di?
class2_batch004_sample010760,4,10760,2,Religious Hate,211760,215760,v3_original_demo_boundary_prompt,4-shot random authentic same-class,Shortlisted authentic RUHSOLD Religious Hate examples,118,another endian hijra coward hindu terrorist army soldier dispatched to shamshangarh by pakistan army i want more endian hindu terrorist dead so keep it up pakistan,meri tarbiyat yehi hai k jo amreca ko apna baap manta hai na wo muslman hai or na us s koi hanra taloq hai tum nasl e yazeedi ho masl e yahodi or yahoodio ki olad ho,"how did an ahmadiya get to the top in the army of sunnis, in the first place?",uff pakiza muslim randi 😉😍,gaddaar khan se kuch nahi mil raha ab tum logon ka dawaar banao kabhi tumhara baap bhi nahi hai
class2_batch004_sample010761,4,10761,2,Religious Hate,211761,215761,v3_original_demo_boundary_prompt,4-shot random authentic same-class,Shortlisted authentic RUHSOLD Religious Hate examples,118,sali muslims randi. jihadi sali,another endian hijra coward hindu terrorist army soldier dispatched to shamshangarh by pakistan army i want more endian hindu terrorist dead so keep it up pakistan,pehle apni aurto ko halala se bachao ye bhi modi kar raha hai. agar sahi tum logo ka dna kiya jaye to pata nhi baap kon niklega,chal na randi ! we have spiritual connection with supreme leader imam khamnae !  we have our hearts and souls for holy cities of najaf and karbala !  dont give a fck to wahabi chutiyas,tere maa ke sath teri ammi ko bhej mujhe..🖕🏻🇵🇰
class2_batch004_sample010762,4,10762,2,Religious Hate,211762,215762,v3_original_demo_boundary_prompt,4-shot random authentic same-class,Shortlisted authentic RUHSOLD Religious Hate examples,118,tum log yahoodi ho kisi ko shuck nahi hona chaheye bus kafi hogae musalmanon ko aur dhoka na dou👹,ye pagliya gyi h saali... kuttiya ye ab bhul gyi h jisne #halala or #teentlaaq se aazadi dilwayi usko bhul gyi h ye mullli....,abe halala ki paidaish..  tumhara to wajood hi 800 years purana hai..  jab bhagwan ram ko kagaj dikhane ki jarurat par gayi to tum kaun ho.. kagaj to dikhana hi parega.. #nrc_caa_npr,please all muslims come one page and unite  insha allah   yahoodi isreal finished all,tu pta chlga teri maa ki chudai
class2_batch004_sample010763,4,10763,2,Religious Hate,211763,215763,v3_original_demo_boundary_prompt,4-shot random authentic same-class,Shortlisted authentic RUHSOLD Religious Hate examples,118,"not surprised comment came from ahmedi. tbh, i won't be surprised when some christians will argue that they r included in muslim category too. just bcoz they believe there is only one god.","just the ten thousandth ""isolated"" instance of christian /jewish/hindu/ahmedi places of worship being attacked by crybabies who themselves can't handle some nutcase burning a book full of fiction stories.",shia kaafir hai aur hum naam k musalmaan.,quaid azam was right ky hindu muslim kabhi sth nhi rhy sgty aaj hindu apni hasli shakl dekha rhy hn. agar kisi muslim ny aisa kia hota to india media ki maa mar gi hoti pr ab nhi boly gy. aagy ka ky yehi bol dn gy ky mentally disturb tha or case khtm .#jamia,ohhhh myyyyyyyyyyyyyyyy goshhhhhhhhhhhhhhhhhhhhhhhhhhhhhhhhhhhhhhhhhhhhhhhhhhhhhhhhhhhhhhhhhhhhhhhhhhhhhhhhhhhhhhhhhhhhh
class2_batch004_sample010764,4,10764,2,Religious Hate,211764,215764,v3_original_demo_boundary_prompt,4-shot random authentic same-class,Shortlisted authentic RUHSOLD Religious Hate examples,118,abe jaana mullle sale bhikari !! halala k maje krwa apni maa ko,"hogai izzat? mera jism meri marzi jc ghaleez or ghatiya terminologies hamare muslim muashrey me dene ki koshish me aapki so-called,vahiyat or ikhlaq se giri support ko khud ne hi reject kardiya.  apne yahoodi gods ko khush krne k liey kuch or karien",qadiyani pe lanat mirza khinzeer harami pe lanat.,meri tarbiyat yehi hai k jo amreca ko apna baap manta hai na wo muslman hai or na us s koi hanra taloq hai tum nasl e yazeedi ho masl e yahodi or yahoodio ki olad ho,bs bhag chal kutte
class2_batch004_sample010765,4,10765,2,Religious Hate,211765,215765,v3_original_demo_boundary_prompt,4-shot random authentic same-class,Shortlisted authentic RUHSOLD Religious Hate examples,118,pehle apni aurto ko halala se bachao ye bhi modi kar raha hai. agar sahi tum logo ka dna kiya jaye to pata nhi baap kon niklega,qadiyani pe lanat mirza khinzeer harami pe lanat.,"hogai izzat? mera jism meri marzi jc ghaleez or ghatiya terminologies hamare muslim muashrey me dene ki koshish me aapki so-called,vahiyat or ikhlaq se giri support ko khud ne hi reject kardiya.  apne yahoodi gods ko khush krne k liey kuch or karien",kutto ki tarah america maar raha hai tumhari kaum ko...aasmani kitab walo...israel roj filistin may maa chod raha hai tumhari.... pahle unse nipto....dare hue log😂😂,yeh dekh li teri tatti aunty ke jute..koi na jaane ab tu kya bolta hai..
class2_batch004_sample010766,4,10766,2,Religious Hate,211766,215766,v3_original_demo_boundary_prompt,4-shot random authentic same-class,Shortlisted authentic RUHSOLD Religious Hate examples,118,ho gaye hy aur han aj jo ye sekhon k liye kar raha hy ye whoi sekh hy jub pakistan azad howa tha aur muslmano ne jub india sa hijrat ki tub sub zada qatal muslim ko in sekhon ne kiya tha par afsos ap jesy log is yahodi e agent ko ek islami leader mante ho phir kasm khao k allah,iran shia mulk ha or ye munafik log han,ye insan ik chaaal haaa dostoo .........zra smj k chliye gaa...sb jaanty hn qadyaani kaafir hn ......ye sb k sentiments gain kr rhaa haa......bad me ye apna chehra dikhiye gaaa fasad kii shkal me.....in chaaalo sy hosyar rhy baseerat paida kry sb apny andr.. shukria...,lant hy teri aagli pecchli tweet pe or tum pe or qadyanion pe or kuch ?,bhenchod yeh harami hai
class2_batch004_sample010767,4,10767,2,Religious Hate,211767,215767,v3_original_demo_boundary_prompt,4-shot random authentic same-class,Shortlisted authentic RUHSOLD Religious Hate examples,118,or wahan tumhara jahanumi ahmedi jo naaowz billah nabi hona ka dawa dar tha wo wo case hara tha or court sa bhag gya tha.nabi pak p.b.u.h allah ka akhri nabi han or on ka bad koi nabi nahi ae ga.ya ak haqeqat ha jo quran ma bhi ha.or 1947 ma pak islam ka name par bana tha.,pehle apni aurto ko halala se bachao ye bhi modi kar raha hai. agar sahi tum logo ka dna kiya jaye to pata nhi baap kon niklega,israel yahoodi sabse bade atankwaadi hai,pislam me media ka estemal kerna haram hai  halala ki paidais,"islam ke liye mard to mardey mein hotay hain, aurat to auratoon mein hotay hain.."
class2_batch004_sample010768,4,10768,2,Religious Hate,211768,215768,v3_original_demo_boundary_prompt,4-shot random authentic same-class,Shortlisted authentic RUHSOLD Religious Hate examples,118,please don't share his obnoxious face to me. below is the image of the book rohani khzain from ahmedi's official website see what your evil messiah has declared god but you had said you have read the books of mirza and accepted him mehdi may god give you hidyath,jisko bhi hindu ki chudai par shak hai to ek baar mujh se chudwa kar dekho sab bhram dur ho jayega,"waise madarso mein bahut achhi taaleem di jaati hai tum jihadi hijdo ko, asar dikh rha hai yahan, khud toh khud ki bhen chodte hi ho aur dusro ko bhi bhenchod samajhte ho.",oy ahmdi kuty. tum log smjhty ho k is trah kr k hm awam ko pagl bnao gy?? beta bajwa ne tere jeso ko nanga nachana he sbr kr. kahi ni ja rha hmara army chief. tum logo ne agly 3 sal me ye duniya hi chor jani bajwa k dar se. ye army chief nahi pakistan ka muhafiz he.,"haan ab munafiqat to apne apke samny kabhi ghalat na karo, bharwe"
class2_batch004_sample010769,4,10769,2,Religious Hate,211769,215769,v3_original_demo_boundary_prompt,4-shot random authentic same-class,Shortlisted authentic RUHSOLD Religious Hate examples,118,kadiyani kafir thay hain aur hamesha harain gay. ye dajjali fitnay ki ek kari hain. aur inkay supporters hum main bhe jo chupay howay hain wo bhe khanzeer kafir he hain. lannat beshomar kadiyanio pr.,yahoodi kabhi hamara dost nhi ho sakta,"how did an ahmadiya get to the top in the army of sunnis, in the first place?",well said.lanati hain ye qadyani kafir,allah kashmir ko apni tareeqa se badlana di jaye
class2_batch004_sample010770,4,10770,2,Religious Hate,211770,215770,v3_original_demo_boundary_prompt,4-shot random authentic same-class,Shortlisted authentic RUHSOLD Religious Hate examples,118,chal na randi ! we have spiritual connection with supreme leader imam khamnae !  we have our hearts and souls for holy cities of najaf and karbala !  dont give a fck to wahabi chutiyas,pehle apni aurto ko halala se bachao ye bhi modi kar raha hai. agar sahi tum logo ka dna kiya jaye to pata nhi baap kon niklega,bus ya aur tafseel bataao  ahmdi aurtain beach pe bikini b pehnti hain  jalse aur ijlaas pe burqa b boht hai 🤫,sale halala molvi se tum karvao apni oorto ka or apni ma bahan ka bol heme rhe ho molvi kamre m apni bahan ko bej kar sina choda hota hoga tumhara,ye halala ki paidaish karega
class2_batch004_sample010771,4,10771,2,Religious Hate,211771,215771,v3_original_demo_boundary_prompt,4-shot random authentic same-class,Shortlisted authentic RUHSOLD Religious Hate examples,118,abe halala ki paidaish..  tumhara to wajood hi 800 years purana hai..  jab bhagwan ram ko kagaj dikhane ki jarurat par gayi to tum kaun ho.. kagaj to dikhana hi parega.. #nrc_caa_npr,"gau mutr peeyo tum log lodu awkat bna phir aake muh lag, randwa saala","rt : q. woh kaun si qome he,jis ne such bhi bola phr bhi jahnum mein jayegi? ans: yahoodi or nasara qome. shahid sindh",chutiya azam ny kia kia ha ab tk sawa saal mein sirf 11600 arab ka izfa qarzoun mein kia or kuch nhi badlo apni soch ko yahodi na bano or ek muslim ki tarh socho,tu bhenchod yahan sey nikalo gandi khandani
class2_batch004_sample010772,4,10772,2,Religious Hate,211772,215772,v3_original_demo_boundary_prompt,4-shot random authentic same-class,Shortlisted authentic RUHSOLD Religious Hate examples,118,"gau mutr peeyo tum log lodu awkat bna phir aake muh lag, randwa saala",hindu dharm ka matlab samajh pehle puppet khali bhaunk aur bhaunk iam enjoying ur bark 😂😂😂😂,jaa bhen k lory tum harrami ki nasal ho.. dewband maslak pe kutty ki tareh bhoonkty ho..,"surprise!  surprise!  majority of the muslims are at just in different levels of ""usman khan"" ranging from mild to extreme (except ahmadiya may be, but they are not ""real muslims"")  that's from a person living in a country with 95% muslim    https://t.co/hq35u2xrrk,2009-05-25 17:25:26,sydney, new south wales",tu ab tak apni maa behn ko chudai mein hi rakh ke nikal gaya ha 😂
class2_batch004_sample010773,4,10773,2,Religious Hate,211773,215773,v3_original_demo_boundary_prompt,4-shot random authentic same-class,Shortlisted authentic RUHSOLD Religious Hate examples,118,ho gaye hy aur han aj jo ye sekhon k liye kar raha hy ye whoi sekh hy jub pakistan azad howa tha aur muslmano ne jub india sa hijrat ki tub sub zada qatal muslim ko in sekhon ne kiya tha par afsos ap jesy log is yahodi e agent ko ek islami leader mante ho phir kasm khao k allah,oy ahmdi kuty. tum log smjhty ho k is trah kr k hm awam ko pagl bnao gy?? beta bajwa ne tere jeso ko nanga nachana he sbr kr. kahi ni ja rha hmara army chief. tum logo ne agly 3 sal me ye duniya hi chor jani bajwa k dar se. ye army chief nahi pakistan ka muhafiz he.,uff pakiza muslim randi 😉😍,kaafir tujhe kuch nai malum,mard ha harami.
class2_batch004_sample010774,4,10774,2,Religious Hate,211774,215774,v3_original_demo_boundary_prompt,4-shot random authentic same-class,Shortlisted authentic RUHSOLD Religious Hate examples,118,"tum vahi karo jo aata hai ,namaz or bakri chudai","path of cruelty , path of violence, path of halala , path of tripe talaq, path of marrying 6 years old aisha,path to discipline their wives by beating them,path of hurun,path of apostasy,path of punishable apostasy, path of beheading. what a pissful religion izlam is ðÿ‘",is cult  mein kisi boht hi pyare ko kho dene k baad uski qaber pe phool rakhna b jurm hai west mein qaberisat se phool chura k un ko sale kr k ahmdi chanda dia karte hain takey ragister se naam na kut jaye,chal na randi ! we have spiritual connection with supreme leader imam khamnae !  we have our hearts and souls for holy cities of najaf and karbala !  dont give a fck to wahabi chutiyas,yeh kya hota hy ..jitni bhi jaldi bajwa nay ghastia sy rok diya..toh islam ny mohabbat aur ehsas ka zindgi laga dekh li thi
class2_batch004_sample010775,4,10775,2,Religious Hate,211775,215775,v3_original_demo_boundary_prompt,4-shot random authentic same-class,Shortlisted authentic RUHSOLD Religious Hate examples,118,poocho hamarai imam sai kai quran mein kaha likha huwa hain aisai ye sirf yahodi khanzeer logo ki chaal hainmuslims ko badnaam karkai liye  zara socho na tumharai hinduism ko badnaam kyun nahen kartai islam kai peechai kyun parai huwai hain zara dimagh ko khol kai socho,oeyy randdii k bachay ganddu hindu.. kyun jhoott baq raha hai gashti maa k ganndduu bachay. peshaab p k palnay wali qoum.,q teri bhen ko chuda hy dewbandion ny ..harami ki nasal,1 balatkari muslim 3 balatkari tera baap hindu h uske bare m kuch bol  be,😂😂😂 abhi tak tu nae chudai kia thi
class2_batch004_sample010776,4,10776,2,Religious Hate,211776,215776,v3_original_demo_boundary_prompt,4-shot random authentic same-class,Shortlisted authentic RUHSOLD Religious Hate examples,118,pehle america jaiga ue begairaat musliman kehlwane kai laiq nh pehle he logh kehty h eske bary me ye yahoodi hai,"tum vahi karo jo aata hai ,namaz or bakri chudai",tmri taraj animals ki potty n khate... tm jaake  bomb fodo jaake.......halala ke masala.  niklo.. yaha tm atankiyo k liy jagah ni h bhai. yaha atank n failaooo,"waise madarso mein bahut achhi taaleem di jaati hai tum jihadi hijdo ko, asar dikh rha hai yahan, khud toh khud ki bhen chodte hi ho aur dusro ko bhi bhenchod samajhte ho.",rt : aisay sab bhonkny waly mullo ko dusray se bhej k tery baap per puch le...tum sach kahega...
class2_batch004_sample010777,4,10777,2,Religious Hate,211777,215777,v3_original_demo_boundary_prompt,4-shot random authentic same-class,Shortlisted authentic RUHSOLD Religious Hate examples,118,pehle america jaiga ue begairaat musliman kehlwane kai laiq nh pehle he logh kehty h eske bary me ye yahoodi hai,please sell up you yahoodi bastards,abe bharwe tum hindu hi duniya k sub se bara atankwaz ho haramiyon bt krte ho hamare age tumhari country me hindu k elawa koi safe nhi he  tumhari country ka name isi liye  lynchistan he  isi king all the world,"bilkul,itny lecture milny hain jese christmas or new year pe milty hain ,kya apko pata bhi hai k kaafir janwaro k haqq main dua bhi nahi krni chahye",gaddar ki bachy tere jaise yahodi agenton ko samne dekhna chahey ......isliye sikho quran
class2_batch004_sample010778,4,10778,2,Religious Hate,211778,215778,v3_original_demo_boundary_prompt,4-shot random authentic same-class,Shortlisted authentic RUHSOLD Religious Hate examples,118,kadiyani kafir thay hain aur hamesha harain gay. ye dajjali fitnay ki ek kari hain. aur inkay supporters hum main bhe jo chupay howay hain wo bhe khanzeer kafir he hain. lannat beshomar kadiyanio pr.,"obviously we muslims hate ahmedi's . 😡 we don't care whatever happens to them ! we just hate them. if their is oppression over other minorities in pakistan which is not usual alhamdolillah, then i condemn that.",poocho hamarai imam sai kai quran mein kaha likha huwa hain aisai ye sirf yahodi khanzeer logo ki chaal hainmuslims ko badnaam karkai liye  zara socho na tumharai hinduism ko badnaam kyun nahen kartai islam kai peechai kyun parai huwai hain zara dimagh ko khol kai socho,dekh le madarch*d islam ka nanga naach..babri par fate hue bawaseer ki tarah bhaunk raha tha na..us par bhi ab apne manhoos muh se kuch hag de..blood cousins ke incest ki paidaish,#imrankhan tere baap ne to uske samny galtiya maangi thi.
class2_batch004_sample010779,4,10779,2,Religious Hate,211779,215779,v3_original_demo_boundary_prompt,4-shot random authentic same-class,Shortlisted authentic RUHSOLD Religious Hate examples,118,phir kehty hum bhot badry #muslim hn aur #ashaq_e_rasool sawm hain lanat hai un sab #haramio py jinho ny bibi fatima zahra ko shahheed kia aur #haq khaya 🖐🏻😡🐕 aur lanat un sab py jo un #haramio ky hamdard hain,kadiyani kafir thay hain aur hamesha harain gay. ye dajjali fitnay ki ek kari hain. aur inkay supporters hum main bhe jo chupay howay hain wo bhe khanzeer kafir he hain. lannat beshomar kadiyanio pr.,kisi randi maa ki olad ap ki hindu aurtain jab pooja karti hn tab wo bagwan ka lund mounh me b leti hn?,apne profile mein whats app me fb twitter mein is bahadur nojawaan ki pic lga kr islam se or nabi ke din se mhbt ka izhaar kren or itna share kren ek yahoodi apne na pak iradoon se baaz ajaye is shakhs ne quraan pak ki hifazahat mein ek bhtareen mhbt ka jita jagta sabot dia hai,tum logon ny toh muslims ko marwa diya hai
class2_batch004_sample010780,4,10780,2,Religious Hate,211780,215780,v3_original_demo_boundary_prompt,4-shot random authentic same-class,Shortlisted authentic RUHSOLD Religious Hate examples,118,hindoo wo qom ha jinper koi nabi koi kitaab nazil nahi hoi. ye to yahoodi se bhi bad tar hen,halala ki padayish ho aap aur kya expect karenge hum aapse,"hogai izzat? mera jism meri marzi jc ghaleez or ghatiya terminologies hamare muslim muashrey me dene ki koshish me aapki so-called,vahiyat or ikhlaq se giri support ko khud ne hi reject kardiya.  apne yahoodi gods ko khush krne k liey kuch or karien",typical muslim randi-rona taqia.,bharwe halala wali ki maa behn
class2_batch004_sample010781,4,10781,2,Religious Hate,211781,215781,v3_original_demo_boundary_prompt,4-shot random authentic same-class,Shortlisted authentic RUHSOLD Religious Hate examples,118,apne profile mein whats app me fb twitter mein is bahadur nojawaan ki pic lga kr islam se or nabi ke din se mhbt ka izhaar kren or itna share kren ek yahoodi apne na pak iradoon se baaz ajaye is shakhs ne quraan pak ki hifazahat mein ek bhtareen mhbt ka jita jagta sabot dia hai,kadiyani kafir thay hain aur hamesha harain gay. ye dajjali fitnay ki ek kari hain. aur inkay supporters hum main bhe jo chupay howay hain wo bhe khanzeer kafir he hain. lannat beshomar kadiyanio pr.,qadiani ahmedi mirziee kaafir jo hen,yahoodi ko hitler ne chora or general ne in jaajoon ko chor k dhkya k ye kai hain.😂,agr tu kisi gandu kafi harami kafi yahodi kafi qadyani kafi christian ho toh aisay hi dekh raha hy
class2_batch004_sample010782,4,10782,2,Religious Hate,211782,215782,v3_original_demo_boundary_prompt,4-shot random authentic same-class,Shortlisted authentic RUHSOLD Religious Hate examples,118,sali muslims randi. jihadi sali,tumhri maa kk chodu sale apni maa ko chod ke paida hone wale randi ki aulad sale apni behan ko biwi bana ke rkhne wale muhammad ki nazayaj aulad,"surprise!  surprise!  majority of the muslims are at just in different levels of ""usman khan"" ranging from mild to extreme (except ahmadiya may be, but they are not ""real muslims"")  that's from a person living in a country with 95% muslim    https://t.co/hq35u2xrrk,2009-05-25 17:25:26,sydney, new south wales",qadiyani pe lanat mirza khinzeer harami pe lanat.,haaahahahaaha hahahahahahaha tu bhi aisi kutti thi na wo
class2_batch004_sample010783,4,10783,2,Religious Hate,211783,215783,v3_original_demo_boundary_prompt,4-shot random authentic same-class,Shortlisted authentic RUHSOLD Religious Hate examples,118,imran qadyani yahoodi agent hy pti ki 18 bank account hy jis may qadyani yahoodi hondo ny funding ki hy . gold smith jimaima aneel musrst . atif miaan sub qadyani yahoodi hy,benchod randi  islam,ye insan ik chaaal haaa dostoo .........zra smj k chliye gaa...sb jaanty hn qadyaani kaafir hn ......ye sb k sentiments gain kr rhaa haa......bad me ye apna chehra dikhiye gaaa fasad kii shkal me.....in chaaalo sy hosyar rhy baseerat paida kry sb apny andr.. shukria...,"bilkul,itny lecture milny hain jese christmas or new year pe milty hain ,kya apko pata bhi hai k kaafir janwaro k haqq main dua bhi nahi krni chahye",allah ka khabar ha ye naya london office he israel ko
class2_batch004_sample010784,4,10784,2,Religious Hate,211784,215784,v3_original_demo_boundary_prompt,4-shot random authentic same-class,Shortlisted authentic RUHSOLD Religious Hate examples,118,wow halala's product on fire as usual porkistaniðÿ˜‚ðÿ˜‚ðÿ˜‚,abe bharwe tum hindu hi duniya k sub se bara atankwaz ho haramiyon bt krte ho hamare age tumhari country me hindu k elawa koi safe nhi he  tumhari country ka name isi liye  lynchistan he  isi king all the world,ahmdi is a non muslim biggest cheap religion ahmdi.,hindu sirf gooli ki zuban smjta ha,halala k bachay
class2_batch004_sample010785,4,10785,2,Religious Hate,211785,215785,v3_original_demo_boundary_prompt,4-shot random authentic same-class,Shortlisted authentic RUHSOLD Religious Hate examples,118,tw kaafir tera peo kaafir tera pura khandaan kaafir ooo churry trump🐱🐱,ye bat tum yahoodi ko bolo atankwadi tum ho jo musalman se nafrat ki aag me insaniyat ke sabse bade dushman yahoodi ko support karte ho ye log to face to face mara hai unlog chote bache ka upar bom feka kisi aurat ya admi bacha ko goli mar diya wi bhi waha ke civilian hi hai,poocho hamarai imam sai kai quran mein kaha likha huwa hain aisai ye sirf yahodi khanzeer logo ki chaal hainmuslims ko badnaam karkai liye  zara socho na tumharai hinduism ko badnaam kyun nahen kartai islam kai peechai kyun parai huwai hain zara dimagh ko khol kai socho,"insaniyat ko bache rahne do, jis mazhab me janwar ka gala ret ke khushi banti hai, jis mazhab me soorma logo ko 72 virgin ladkiya baati jaati, jo duniya pe kabze ke sapne dekhta ho us mazhab se duuri banane me hi insaniyat ki bhalayi hai.",chutiye teri maa behn ka naam kahan hota hai?
class2_batch004_sample010786,4,10786,2,Religious Hate,211786,215786,v3_original_demo_boundary_prompt,4-shot random authentic same-class,Shortlisted authentic RUHSOLD Religious Hate examples,118,"huh wut you say u imbecile, i shat on you...toh toh toh kaafir",well said.lanati hain ye qadyani kafir,lant hy teri aagli pecchli tweet pe or tum pe or qadyanion pe or kuch ?,"just the ten thousandth ""isolated"" instance of christian /jewish/hindu/ahmedi places of worship being attacked by crybabies who themselves can't handle some nutcase burning a book full of fiction stories.",oooo gand mein bharwa hai..lanti kafir
class2_batch004_sample010787,4,10787,2,Religious Hate,211787,215787,v3_original_demo_boundary_prompt,4-shot random authentic same-class,Shortlisted authentic RUHSOLD Religious Hate examples,118,well said.lanati hain ye qadyani kafir,ye bat tum yahoodi ko bolo atankwadi tum ho jo musalman se nafrat ki aag me insaniyat ke sabse bade dushman yahoodi ko support karte ho ye log to face to face mara hai unlog chote bache ka upar bom feka kisi aurat ya admi bacha ko goli mar diya wi bhi waha ke civilian hi hai,qadiani ahmedi mirziee kaafir jo hen,uff pakiza muslim randi 😉😍,lanati hain ye qadyani
class2_batch004_sample010788,4,10788,2,Religious Hate,211788,215788,v3_original_demo_boundary_prompt,4-shot random authentic same-class,Shortlisted authentic RUHSOLD Religious Hate examples,118,"insaniyat ko bache rahne do, jis mazhab me janwar ka gala ret ke khushi banti hai, jis mazhab me soorma logo ko 72 virgin ladkiya baati jaati, jo duniya pe kabze ke sapne dekhta ho us mazhab se duuri banane me hi insaniyat ki bhalayi hai.",pislam me media ka estemal kerna haram hai  halala ki paidais,"just the ten thousandth ""isolated"" instance of christian /jewish/hindu/ahmedi places of worship being attacked by crybabies who themselves can't handle some nutcase burning a book full of fiction stories.","afghanio ne tme hindu se bachaya,randi k aulaad tareekh paro tm wo ganda khoon ho,jo siko aour hindu ki rape se paida woe ho,tme kalima tho sikaya afghano ne,magar tmari gandi dna wai ranjeet sing wali a,randi k aulaad tm ne kah pana di,am pashtono ne di,apnay bio ko hera mandi",you have got it all wrong. i don't support any religion but i know this much that every day many muslims are killed in shia and ahmedi sects on daily basis . if someone doesn't support them then he should speak out against them
class2_batch004_sample010789,4,10789,2,Religious Hate,211789,215789,v3_original_demo_boundary_prompt,4-shot random authentic same-class,Shortlisted authentic RUHSOLD Religious Hate examples,118,quaid azam was right ky hindu muslim kabhi sth nhi rhy sgty aaj hindu apni hasli shakl dekha rhy hn. agar kisi muslim ny aisa kia hota to india media ki maa mar gi hoti pr ab nhi boly gy. aagy ka ky yehi bol dn gy ky mentally disturb tha or case khtm .#jamia,jisko bhi hindu ki chudai par shak hai to ek baar mujh se chudwa kar dekho sab bhram dur ho jayega,wow halala's product on fire as usual porkistaniðÿ˜‚ðÿ˜‚ðÿ˜‚,bosdk yeh tumhare ghar me hota hai. saari k blouse me mote mote doodh dikhati firti hain tumhare dharam ki orate or hindu orat ko musalman ka l#nd aachaa lagta hai. yeh baat puri dunia janti hai,o khanzeer qadiyani tu aj kal hi samajhta hay
class2_batch004_sample010790,4,10790,2,Religious Hate,211790,215790,v3_original_demo_boundary_prompt,4-shot random authentic same-class,Shortlisted authentic RUHSOLD Religious Hate examples,118,yahoodi ko hitler ne chora or general ne in jaajoon ko chor k dhkya k ye kai hain.😂,sali muslims randi. jihadi sali,abe halala ki paidaish..  tumhara to wajood hi 800 years purana hai..  jab bhagwan ram ko kagaj dikhane ki jarurat par gayi to tum kaun ho.. kagaj to dikhana hi parega.. #nrc_caa_npr,that's for foolish act and the ahmedi you highlighted they were equal to jews for us so alhmdurallah we save quran ! . and about hindus and christians its was a false news !  and if it is real then show me !  if you don't have anything then shut up and run !,apne yahodi baap ke muqam se dekh le..  mera jism meri marzi hein..  tere jism meri marzi bhenchod
class2_batch004_sample010791,4,10791,2,Religious Hate,211791,215791,v3_original_demo_boundary_prompt,4-shot random authentic same-class,Shortlisted authentic RUHSOLD Religious Hate examples,118,in beghairto israel yahodi khanzeer kai bacho nai kia kuch nahen kia hain lekhin alhamdulillah islam wahid deen jo mohabbat sikhati hain nakai nafrat aur ye sab sai tezi sai phelta huwa deen hain is liye inko jalan ho rahi hain aur har koshish kar bhe chukai hain aur kar bhe,aor hamary hkmran in k sath mily huy en ....yahudi aor hindun hmary sb sy bry dushman en,hindu sirf gooli ki zuban smjta ha,kadiyani kafir thay hain aur hamesha harain gay. ye dajjali fitnay ki ek kari hain. aur inkay supporters hum main bhe jo chupay howay hain wo bhe khanzeer kafir he hain. lannat beshomar kadiyanio pr.,teri maa ka yaar jisne tumhari maa ko chod diya tha uske baare mein kutte ke jaise logon ne tere baap ko bola tha
class2_batch004_sample010792,4,10792,2,Religious Hate,211792,215792,v3_original_demo_boundary_prompt,4-shot random authentic same-class,Shortlisted authentic RUHSOLD Religious Hate examples,118,quaid azam was right ky hindu muslim kabhi sth nhi rhy sgty aaj hindu apni hasli shakl dekha rhy hn. agar kisi muslim ny aisa kia hota to india media ki maa mar gi hoti pr ab nhi boly gy. aagy ka ky yehi bol dn gy ky mentally disturb tha or case khtm .#jamia,pislam me media ka estemal kerna haram hai  halala ki paidais,sirf momin aya to yahoodi kum nasal marny laggaye agr sawa crore momin agaye to sochen kya hoga?hamen jagna hoga,meri tarbiyat yehi hai k jo amreca ko apna baap manta hai na wo muslman hai or na us s koi hanra taloq hai tum nasl e yazeedi ho masl e yahodi or yahoodio ki olad ho,😂😂😂😂tujhe bachay aye kutte 😂😂
class2_batch004_sample010793,4,10793,2,Religious Hate,211793,215793,v3_original_demo_boundary_prompt,4-shot random authentic same-class,Shortlisted authentic RUHSOLD Religious Hate examples,118,no no ...... hindu na kah mujhe ........islam bura maan jayega .......kaafir kah kaafir...,chal fosdi ke mohammad kabile wale ki halala ki aulad,in beghairto israel yahodi khanzeer kai bacho nai kia kuch nahen kia hain lekhin alhamdulillah islam wahid deen jo mohabbat sikhati hain nakai nafrat aur ye sab sai tezi sai phelta huwa deen hain is liye inko jalan ho rahi hain aur har koshish kar bhe chukai hain aur kar bhe,"hogai izzat? mera jism meri marzi jc ghaleez or ghatiya terminologies hamare muslim muashrey me dene ki koshish me aapki so-called,vahiyat or ikhlaq se giri support ko khud ne hi reject kardiya.  apne yahoodi gods ko khush krne k liey kuch or karien",tujhe larke bhi goli maar diye 😠
class2_batch004_sample010794,4,10794,2,Religious Hate,211794,215794,v3_original_demo_boundary_prompt,4-shot random authentic same-class,Shortlisted authentic RUHSOLD Religious Hate examples,118,kitane maulviyon ne tumhari ammi jaan ka halala kiya hoga tab jakar tum jaisa suar nikla hoga .. ye bhi to bta re mulle..,ho gaye hy aur han aj jo ye sekhon k liye kar raha hy ye whoi sekh hy jub pakistan azad howa tha aur muslmano ne jub india sa hijrat ki tub sub zada qatal muslim ko in sekhon ne kiya tha par afsos ap jesy log is yahodi e agent ko ek islami leader mante ho phir kasm khao k allah,kisi randi maa ki olad ap ki hindu aurtain jab pooja karti hn tab wo bagwan ka lund mounh me b leti hn?,ahmdi is a non muslim biggest cheap religion ahmdi.,abey chutiye mulle ke sath shadi karega na
class2_batch004_sample010795,4,10795,2,Religious Hate,211795,215795,v3_original_demo_boundary_prompt,4-shot random authentic same-class,Shortlisted authentic RUHSOLD Religious Hate examples,118,but we have a firm belief now that qadiyani and ahmedi neither want muslims nor pakistanis to live in a harmony,teri maa ka halala kra rha tha koi problem madarjat bhosdike mulle,pehle america jaiga ue begairaat musliman kehlwane kai laiq nh pehle he logh kehty h eske bary me ye yahoodi hai,abe bharwe tum hindu hi duniya k sub se bara atankwaz ho haramiyon bt krte ho hamare age tumhari country me hindu k elawa koi safe nhi he  tumhari country ka name isi liye  lynchistan he  isi king all the world,tujhe kashmir frosh nh dekhy wo kya jb chup krta h jab kisi ko kaha jo pakistan ke mulle h aur unki zinda-mard ki bat krna usko goli maro
class2_batch004_sample010796,4,10796,2,Religious Hate,211796,215796,v3_original_demo_boundary_prompt,4-shot random authentic same-class,Shortlisted authentic RUHSOLD Religious Hate examples,118,"path of cruelty , path of violence, path of halala , path of tripe talaq, path of marrying 6 years old aisha,path to discipline their wives by beating them,path of hurun,path of apostasy,path of punishable apostasy, path of beheading. what a pissful religion izlam is ðÿ‘",please don't share his obnoxious face to me. below is the image of the book rohani khzain from ahmedi's official website see what your evil messiah has declared god but you had said you have read the books of mirza and accepted him mehdi may god give you hidyath,lanat abbtknews k khilaf trend bnane walye yazeedion pe r bibi k dushmano p bhi,tum log yahoodi ho kisi ko shuck nahi hona chaheye bus kafi hogae musalmanon ko aur dhoka na dou👹,lanati imran chore zakat krwao
class2_batch004_sample010797,4,10797,2,Religious Hate,211797,215797,v3_original_demo_boundary_prompt,4-shot random authentic same-class,Shortlisted authentic RUHSOLD Religious Hate examples,118,"surprise!  surprise!  majority of the muslims are at just in different levels of ""usman khan"" ranging from mild to extreme (except ahmadiya may be, but they are not ""real muslims"")  that's from a person living in a country with 95% muslim    https://t.co/hq35u2xrrk,2009-05-25 17:25:26,sydney, new south wales","not surprised comment came from ahmedi. tbh, i won't be surprised when some christians will argue that they r included in muslim category too. just bcoz they believe there is only one god.","hogai izzat? mera jism meri marzi jc ghaleez or ghatiya terminologies hamare muslim muashrey me dene ki koshish me aapki so-called,vahiyat or ikhlaq se giri support ko khud ne hi reject kardiya.  apne yahoodi gods ko khush krne k liey kuch or karien",iran shia mulk ha or ye munafik log han,yar koi na pta chlna. uss waqt tu apny qabr me hoon ga
class2_batch004_sample010798,4,10798,2,Religious Hate,211798,215798,v3_original_demo_boundary_prompt,4-shot random authentic same-class,Shortlisted authentic RUHSOLD Religious Hate examples,118,pislam me media ka estemal kerna haram hai  halala ki paidais,kafir yahodi kafir hindo same thinking,ahmedi mirziee qadiyani hargiz kuleedi uhdu pe nhee janay chahien warna hmari agencies pe swalia nishan hey,lant hy teri aagli pecchli tweet pe or tum pe or qadyanion pe or kuch ?,bajwa is the biggest traitor of pakistan after mullahs. he has betrayed his country and his army by supporting the terrorists. he is ahmedi
class2_batch004_sample010799,4,10799,2,Religious Hate,211799,215799,v3_original_demo_boundary_prompt,4-shot random authentic same-class,Shortlisted authentic RUHSOLD Religious Hate examples,118,haha jaat dikha di bsdk antankbadi halala ki aulaad teri ammi ka halala hua tha phir to randi ke bacheðÿ¤£ðÿ¤£ðÿ˜…,kitane maulviyon ne tumhari ammi jaan ka halala kiya hoga tab jakar tum jaisa suar nikla hoga .. ye bhi to bta re mulle..,"not surprised comment came from ahmedi. tbh, i won't be surprised when some christians will argue that they r included in muslim category too. just bcoz they believe there is only one god.",jahil k bachy kahan likha h k gair mazhb sy nikaah jaiz ha... tmari gand me jo keera ha wo nhi merna... khoty khany waly... yahoodi kahan sy hogaey ahle kitaab ....tm.b yahoodi to nhi,ajaao saale aurat ko nay na chodna yaar ye pakistan hai
