production_candidate_id,batch_number,sample_index,class_id,target_label,generation_seed,demonstration_seed,prompt_version,prompting_strategy,demonstration_source,demonstration_pool_size,demo_1,demo_2,demo_3,demo_4,generated_text
class2_batch001_sample010000,1,10000,2,Religious Hate,211000,215000,v3_original_demo_boundary_prompt,4-shot random authentic same-class,Shortlisted authentic RUHSOLD Religious Hate examples,118,phir in yahodi khanzeer logo ko pata chalaiga kai kia ta aur kia nahen ye sirf dajjal kai liye aisa kar rahai hain kyunkai ye yahodi log khazeer log dajjal ko apna leader samjhtai hain aur tumhara pura bollywood bollyminati ban chuka hain tumharai dimagh ko programming ki ja rah,1 balatkari muslim 3 balatkari tera baap hindu h uske bare m kuch bol  be,haha jaat dikha di bsdk antankbadi halala ki aulaad teri ammi ka halala hua tha phir to randi ke bacheðÿ¤£ðÿ¤£ðÿ˜…,"insaniyat ko bache rahne do, jis mazhab me janwar ka gala ret ke khushi banti hai, jis mazhab me soorma logo ko 72 virgin ladkiya baati jaati, jo duniya pe kabze ke sapne dekhta ho us mazhab se duuri banane me hi insaniyat ki bhalayi hai.",jitni quran ya adhadith pe likh rahi hai ye yahoodi agent
class2_batch001_sample010001,1,10001,2,Religious Hate,211001,215001,v3_original_demo_boundary_prompt,4-shot random authentic same-class,Shortlisted authentic RUHSOLD Religious Hate examples,118,please don't share his obnoxious face to me. below is the image of the book rohani khzain from ahmedi's official website see what your evil messiah has declared god but you had said you have read the books of mirza and accepted him mehdi may god give you hidyath,sunni killing a shia....what's new?  thank god he wasn't a ahmedi muslim otherwise the motive would have been to acquire a passport to migrate to western countries and continue their islamic jihadi work after retirement,tm jeso ki jb g**nd mari jaye na fir tm log thek rehty ho bc k bachy jb wo yahoodi lanti marty hn na wo muslim dekhty hn air kuch ni dekhty baki tm na toh apni pesh krni hoti ha unhy.,"afghanio ne tme hindu se bachaya,randi k aulaad tareekh paro tm wo ganda khoon ho,jo siko aour hindu ki rape se paida woe ho,tme kalima tho sikaya afghano ne,magar tmari gandi dna wai ranjeet sing wali a,randi k aulaad tm ne kah pana di,am pashtono ne di,apnay bio ko hera mandi",tere baap k kutte ka nam nahin pata teri maa ko bhi chodta hun
class2_batch001_sample010002,1,10002,2,Religious Hate,211002,215002,v3_original_demo_boundary_prompt,4-shot random authentic same-class,Shortlisted authentic RUHSOLD Religious Hate examples,118,sale halala molvi se tum karvao apni oorto ka or apni ma bahan ka bol heme rhe ho molvi kamre m apni bahan ko bej kar sina choda hota hoga tumhara,halala ki padayish ho aap aur kya expect karenge hum aapse,abe halala ki paidaish..  tumhara to wajood hi 800 years purana hai..  jab bhagwan ram ko kagaj dikhane ki jarurat par gayi to tum kaun ho.. kagaj to dikhana hi parega.. #nrc_caa_npr,"ye manhoos hinduon ki diwali k chakkar mai har jaga ki aur quality kharab hogai, bharwe",tujhe tu pata nahi
class2_batch001_sample010003,1,10003,2,Religious Hate,211003,215003,v3_original_demo_boundary_prompt,4-shot random authentic same-class,Shortlisted authentic RUHSOLD Religious Hate examples,118,chal fosdi ke mohammad kabile wale ki halala ki aulad,abe mc mein bheju teri maa cow ka photo kat te hue bc. chod teri tarah andhbhakt nhi hu aur nhi illiterate.. go and drink cow piss.,tumri ma buhat hanzir hy jis ne tum jaise  yahodi kafir rhandi hanzir aurat ko paida kiya,1 balatkari muslim 3 balatkari tera baap hindu h uske bare m kuch bol  be,galiyan de raha hai ye chutiye kanjar halala ki aulad
class2_batch001_sample010004,1,10004,2,Religious Hate,211004,215004,v3_original_demo_boundary_prompt,4-shot random authentic same-class,Shortlisted authentic RUHSOLD Religious Hate examples,118,"huh wut you say u imbecile, i shat on you...toh toh toh kaafir",ho gaye hy aur han aj jo ye sekhon k liye kar raha hy ye whoi sekh hy jub pakistan azad howa tha aur muslmano ne jub india sa hijrat ki tub sub zada qatal muslim ko in sekhon ne kiya tha par afsos ap jesy log is yahodi e agent ko ek islami leader mante ho phir kasm khao k allah,or wahan tumhara jahanumi ahmedi jo naaowz billah nabi hona ka dawa dar tha wo wo case hara tha or court sa bhag gya tha.nabi pak p.b.u.h allah ka akhri nabi han or on ka bad koi nabi nahi ae ga.ya ak haqeqat ha jo quran ma bhi ha.or 1947 ma pak islam ka name par bana tha.,"waise madarso mein bahut achhi taaleem di jaati hai tum jihadi hijdo ko, asar dikh rha hai yahan, khud toh khud ki bhen chodte hi ho aur dusro ko bhi bhenchod samajhte ho.",abe ajeeb tareef krte ho apne baap ka yaar aurat khilaf..
class2_batch001_sample010005,1,10005,2,Religious Hate,211005,215005,v3_original_demo_boundary_prompt,4-shot random authentic same-class,Shortlisted authentic RUHSOLD Religious Hate examples,118,wow halala's product on fire as usual porkistaniðÿ˜‚ðÿ˜‚ðÿ˜‚,meri tarbiyat yehi hai k jo amreca ko apna baap manta hai na wo muslman hai or na us s koi hanra taloq hai tum nasl e yazeedi ho masl e yahodi or yahoodio ki olad ho,chutiya azam ny kia kia ha ab tk sawa saal mein sirf 11600 arab ka izfa qarzoun mein kia or kuch nhi badlo apni soch ko yahodi na bano or ek muslim ki tarh socho,imran qadyani yahoodi agent hy pti ki 18 bank account hy jis may qadyani yahoodi hondo ny funding ki hy . gold smith jimaima aneel musrst . atif miaan sub qadyani yahoodi hy,rt : gandu yahodi shukla
class2_batch001_sample010006,1,10006,2,Religious Hate,211006,215006,v3_original_demo_boundary_prompt,4-shot random authentic same-class,Shortlisted authentic RUHSOLD Religious Hate examples,118,o madadarchod: tum tu farigh ho aur yeh gashti tu waisay he sari raat jagti hay. o dallay o kanjar hum tu iran jatay hotay hain tu bata apni behan kitni baar mbs aur us kay wahabi sheikhon ko bhaijta hay.,in beghairto israel yahodi khanzeer kai bacho nai kia kuch nahen kia hain lekhin alhamdulillah islam wahid deen jo mohabbat sikhati hain nakai nafrat aur ye sab sai tezi sai phelta huwa deen hain is liye inko jalan ho rahi hain aur har koshish kar bhe chukai hain aur kar bhe,please sell up you yahoodi bastards,"hogai izzat? mera jism meri marzi jc ghaleez or ghatiya terminologies hamare muslim muashrey me dene ki koshish me aapki so-called,vahiyat or ikhlaq se giri support ko khud ne hi reject kardiya.  apne yahoodi gods ko khush krne k liey kuch or karien",haan yahan tere jaise lund dalte ho ke mohammed ka naam dikhana pasand nahin hota.
class2_batch001_sample010007,1,10007,2,Religious Hate,211007,215007,v3_original_demo_boundary_prompt,4-shot random authentic same-class,Shortlisted authentic RUHSOLD Religious Hate examples,118,is cult  mein kisi boht hi pyare ko kho dene k baad uski qaber pe phool rakhna b jurm hai west mein qaberisat se phool chura k un ko sale kr k ahmdi chanda dia karte hain takey ragister se naam na kut jaye,kutto ki tarah america maar raha hai tumhari kaum ko...aasmani kitab walo...israel roj filistin may maa chod raha hai tumhari.... pahle unse nipto....dare hue log😂😂,"hogai izzat? mera jism meri marzi jc ghaleez or ghatiya terminologies hamare muslim muashrey me dene ki koshish me aapki so-called,vahiyat or ikhlaq se giri support ko khud ne hi reject kardiya.  apne yahoodi gods ko khush krne k liey kuch or karien",hindu dharm ka matlab samajh pehle puppet khali bhaunk aur bhaunk iam enjoying ur bark 😂😂😂😂,ye jo yahodi hai wo ghalib nahi ho sakta
class2_batch001_sample010008,1,10008,2,Religious Hate,211008,215008,v3_original_demo_boundary_prompt,4-shot random authentic same-class,Shortlisted authentic RUHSOLD Religious Hate examples,118,abe jaana mullle sale bhikari !! halala k maje krwa apni maa ko,sali muslims randi. jihadi sali,halala ki padayish ho aap aur kya expect karenge hum aapse,"just the ten thousandth ""isolated"" instance of christian /jewish/hindu/ahmedi places of worship being attacked by crybabies who themselves can't handle some nutcase burning a book full of fiction stories.",tere baap ne jo kaha tha woh koi gandgiyaa nhi hai
class2_batch001_sample010009,1,10009,2,Religious Hate,211009,215009,v3_original_demo_boundary_prompt,4-shot random authentic same-class,Shortlisted authentic RUHSOLD Religious Hate examples,118,"rt : q. woh kaun si qome he,jis ne such bhi bola phr bhi jahnum mein jayegi? ans: yahoodi or nasara qome. shahid sindh",please don't share his obnoxious face to me. below is the image of the book rohani khzain from ahmedi's official website see what your evil messiah has declared god but you had said you have read the books of mirza and accepted him mehdi may god give you hidyath,sale halala molvi se tum karvao apni oorto ka or apni ma bahan ka bol heme rhe ho molvi kamre m apni bahan ko bej kar sina choda hota hoga tumhara,get lost you kaafir.,"qadiyani, hindu and christian are also non muslims."
class2_batch001_sample010010,1,10010,2,Religious Hate,211010,215010,v3_original_demo_boundary_prompt,4-shot random authentic same-class,Shortlisted authentic RUHSOLD Religious Hate examples,118,1 balatkari muslim 3 balatkari tera baap hindu h uske bare m kuch bol  be,ye bat tum yahoodi ko bolo atankwadi tum ho jo musalman se nafrat ki aag me insaniyat ke sabse bade dushman yahoodi ko support karte ho ye log to face to face mara hai unlog chote bache ka upar bom feka kisi aurat ya admi bacha ko goli mar diya wi bhi waha ke civilian hi hai,yahoodi kabhi hamara dost nhi ho sakta,teri maa ka halala kra rha tha koi problem madarjat bhosdike mulle,rt :   aaj yeh randi rona kharab ho jata ha. humare baap ne pakistan dekhna chahte the.
class2_batch001_sample010011,1,10011,2,Religious Hate,211011,215011,v3_original_demo_boundary_prompt,4-shot random authentic same-class,Shortlisted authentic RUHSOLD Religious Hate examples,118,kafir yahodi kafir hindo same thinking,yahodi agent qadyani chamcha,"abbey halala ki paidaish, 5 baap ki aulaad. patthar baazi ke alawa kuchh kaam kara kabhi teri kaum ne ?",qadiani ahmedi mirziee kaafir jo hen,hareem shah ka apni behn k bachy na baney
class2_batch001_sample010012,1,10012,2,Religious Hate,211012,215012,v3_original_demo_boundary_prompt,4-shot random authentic same-class,Shortlisted authentic RUHSOLD Religious Hate examples,118,please don't share his obnoxious face to me. below is the image of the book rohani khzain from ahmedi's official website see what your evil messiah has declared god but you had said you have read the books of mirza and accepted him mehdi may god give you hidyath,or wahan tumhara jahanumi ahmedi jo naaowz billah nabi hona ka dawa dar tha wo wo case hara tha or court sa bhag gya tha.nabi pak p.b.u.h allah ka akhri nabi han or on ka bad koi nabi nahi ae ga.ya ak haqeqat ha jo quran ma bhi ha.or 1947 ma pak islam ka name par bana tha.,sale halala molvi se tum karvao apni oorto ka or apni ma bahan ka bol heme rhe ho molvi kamre m apni bahan ko bej kar sina choda hota hoga tumhara,kafir yahodi kafir hindo same thinking,abey bc tu pagla hai kyun. shukria 😂
class2_batch001_sample010013,1,10013,2,Religious Hate,211013,215013,v3_original_demo_boundary_prompt,4-shot random authentic same-class,Shortlisted authentic RUHSOLD Religious Hate examples,118,oeyy randdii k bachay ganddu hindu.. kyun jhoott baq raha hai gashti maa k ganndduu bachay. peshaab p k palnay wali qoum.,kafir yahodi kafir hindo same thinking,lant hy teri aagli pecchli tweet pe or tum pe or qadyanion pe or kuch ?,pehle america jaiga ue begairaat musliman kehlwane kai laiq nh pehle he logh kehty h eske bary me ye yahoodi hai,chup kr randdi k bachay
class2_batch001_sample010014,1,10014,2,Religious Hate,211014,215014,v3_original_demo_boundary_prompt,4-shot random authentic same-class,Shortlisted authentic RUHSOLD Religious Hate examples,118,imran qadyani yahoodi agent hy pti ki 18 bank account hy jis may qadyani yahoodi hondo ny funding ki hy . gold smith jimaima aneel musrst . atif miaan sub qadyani yahoodi hy,abe jaana mullle sale bhikari !! halala k maje krwa apni maa ko,kitane maulviyon ne tumhari ammi jaan ka halala kiya hoga tab jakar tum jaisa suar nikla hoga .. ye bhi to bta re mulle..,iran shia mulk ha or ye munafik log han,gandu sali jism k lye chodwati ho
class2_batch001_sample010015,1,10015,2,Religious Hate,211015,215015,v3_original_demo_boundary_prompt,4-shot random authentic same-class,Shortlisted authentic RUHSOLD Religious Hate examples,118,please don't share his obnoxious face to me. below is the image of the book rohani khzain from ahmedi's official website see what your evil messiah has declared god but you had said you have read the books of mirza and accepted him mehdi may god give you hidyath,"afghanio ne tme hindu se bachaya,randi k aulaad tareekh paro tm wo ganda khoon ho,jo siko aour hindu ki rape se paida woe ho,tme kalima tho sikaya afghano ne,magar tmari gandi dna wai ranjeet sing wali a,randi k aulaad tm ne kah pana di,am pashtono ne di,apnay bio ko hera mandi",hindoo wo qom ha jinper koi nabi koi kitaab nazil nahi hoi. ye to yahoodi se bhi bad tar hen,poocho hamarai imam sai kai quran mein kaha likha huwa hain aisai ye sirf yahodi khanzeer logo ki chaal hainmuslims ko badnaam karkai liye  zara socho na tumharai hinduism ko badnaam kyun nahen kartai islam kai peechai kyun parai huwai hain zara dimagh ko khol kai socho,ye kya mazhab hai jo apni maa behno ka yar ko chod raha hy
class2_batch001_sample010016,1,10016,2,Religious Hate,211016,215016,v3_original_demo_boundary_prompt,4-shot random authentic same-class,Shortlisted authentic RUHSOLD Religious Hate examples,118,but we have a firm belief now that qadiyani and ahmedi neither want muslims nor pakistanis to live in a harmony,sirf momin aya to yahoodi kum nasal marny laggaye agr sawa crore momin agaye to sochen kya hoga?hamen jagna hoga,or wahan tumhara jahanumi ahmedi jo naaowz billah nabi hona ka dawa dar tha wo wo case hara tha or court sa bhag gya tha.nabi pak p.b.u.h allah ka akhri nabi han or on ka bad koi nabi nahi ae ga.ya ak haqeqat ha jo quran ma bhi ha.or 1947 ma pak islam ka name par bana tha.,jaa bhen k lory tum harrami ki nasal ho.. dewband maslak pe kutty ki tareh bhoonkty ho..,ap ny kaha ke hum nay zindagi mein islam k sath chal rha hai...to kuch sharam kar lo..hum sab musalman hain aur hamari zindagi mein ye log chale gaye hain.
class2_batch001_sample010017,1,10017,2,Religious Hate,211017,215017,v3_original_demo_boundary_prompt,4-shot random authentic same-class,Shortlisted authentic RUHSOLD Religious Hate examples,118,jisko bhi hindu ki chudai par shak hai to ek baar mujh se chudwa kar dekho sab bhram dur ho jayega,that nigga was yahoodi he probably lied to all the employees,poocho hamarai imam sai kai quran mein kaha likha huwa hain aisai ye sirf yahodi khanzeer logo ki chaal hainmuslims ko badnaam karkai liye  zara socho na tumharai hinduism ko badnaam kyun nahen kartai islam kai peechai kyun parai huwai hain zara dimagh ko khol kai socho,hey are fighting amongst each other. #bajwa is compromise candidate. thats only reason why he a ahmadiya is a coas.,yeh tareeqa apne kaam ka haal hai
class2_batch001_sample010018,1,10018,2,Religious Hate,211018,215018,v3_original_demo_boundary_prompt,4-shot random authentic same-class,Shortlisted authentic RUHSOLD Religious Hate examples,118,kafir yahodi kafir hindo same thinking,"abbey halala ki paidaish, 5 baap ki aulaad. patthar baazi ke alawa kuchh kaam kara kabhi teri kaum ne ?","bilkul,itny lecture milny hain jese christmas or new year pe milty hain ,kya apko pata bhi hai k kaafir janwaro k haqq main dua bhi nahi krni chahye","path of cruelty , path of violence, path of halala , path of tripe talaq, path of marrying 6 years old aisha,path to discipline their wives by beating them,path of hurun,path of apostasy,path of punishable apostasy, path of beheading. what a pissful religion izlam is ðÿ‘",abe halala wale tum logon ko maafi mangne se pehle dikhao kyu ye larkiyaon ko halala kar rhe ho
class2_batch001_sample010019,1,10019,2,Religious Hate,211019,215019,v3_original_demo_boundary_prompt,4-shot random authentic same-class,Shortlisted authentic RUHSOLD Religious Hate examples,118,uff pakiza muslim randi 😉😍,ye bat tum yahoodi ko bolo atankwadi tum ho jo musalman se nafrat ki aag me insaniyat ke sabse bade dushman yahoodi ko support karte ho ye log to face to face mara hai unlog chote bache ka upar bom feka kisi aurat ya admi bacha ko goli mar diya wi bhi waha ke civilian hi hai,get lost you kaafir.,jisko bhi hindu ki chudai par shak hai to ek baar mujh se chudwa kar dekho sab bhram dur ho jayega,ye bharwe uske sath rehte hain to nawaz shareef ko tereko yahan se nahi banana padta..😂😂
class2_batch001_sample010020,1,10020,2,Religious Hate,211020,215020,v3_original_demo_boundary_prompt,4-shot random authentic same-class,Shortlisted authentic RUHSOLD Religious Hate examples,118,lul bukhari ye tum nahe tumaray yahoodi or hindu thuku bol rahay hain jin ko army sey bahot hi zeda takleef hai...🖕,"obviously we muslims hate ahmedi's . 😡 we don't care whatever happens to them ! we just hate them. if their is oppression over other minorities in pakistan which is not usual alhamdolillah, then i condemn that.","just the ten thousandth ""isolated"" instance of christian /jewish/hindu/ahmedi places of worship being attacked by crybabies who themselves can't handle some nutcase burning a book full of fiction stories.","bilkul,itny lecture milny hain jese christmas or new year pe milty hain ,kya apko pata bhi hai k kaafir janwaro k haqq main dua bhi nahi krni chahye",teri maa ki phudi mehnat karne wali aurat ko sach mehngi nazar ata hai
class2_batch001_sample010021,1,10021,2,Religious Hate,211021,215021,v3_original_demo_boundary_prompt,4-shot random authentic same-class,Shortlisted authentic RUHSOLD Religious Hate examples,118,oeyy randdii k bachay ganddu hindu.. kyun jhoott baq raha hai gashti maa k ganndduu bachay. peshaab p k palnay wali qoum.,get lost you kaafir.,"huh wut you say u imbecile, i shat on you...toh toh toh kaafir",kutto ki tarah america maar raha hai tumhari kaum ko...aasmani kitab walo...israel roj filistin may maa chod raha hai tumhari.... pahle unse nipto....dare hue log😂😂,yar sab kuch dikhta he na kuch nhi
class2_batch001_sample010022,1,10022,2,Religious Hate,211022,215022,v3_original_demo_boundary_prompt,4-shot random authentic same-class,Shortlisted authentic RUHSOLD Religious Hate examples,118,"gau mutr peeyo tum log lodu awkat bna phir aake muh lag, randwa saala",phir in yahodi khanzeer logo ko pata chalaiga kai kia ta aur kia nahen ye sirf dajjal kai liye aisa kar rahai hain kyunkai ye yahodi log khazeer log dajjal ko apna leader samjhtai hain aur tumhara pura bollywood bollyminati ban chuka hain tumharai dimagh ko programming ki ja rah,apne profile mein whats app me fb twitter mein is bahadur nojawaan ki pic lga kr islam se or nabi ke din se mhbt ka izhaar kren or itna share kren ek yahoodi apne na pak iradoon se baaz ajaye is shakhs ne quraan pak ki hifazahat mein ek bhtareen mhbt ka jita jagta sabot dia hai,halala ki padayish ho aap aur kya expect karenge hum aapse,ab tera jism meri marzi ha jo islam ka kuch nahi saktii
class2_batch001_sample010023,1,10023,2,Religious Hate,211023,215023,v3_original_demo_boundary_prompt,4-shot random authentic same-class,Shortlisted authentic RUHSOLD Religious Hate examples,118,ye bat tum yahoodi ko bolo atankwadi tum ho jo musalman se nafrat ki aag me insaniyat ke sabse bade dushman yahoodi ko support karte ho ye log to face to face mara hai unlog chote bache ka upar bom feka kisi aurat ya admi bacha ko goli mar diya wi bhi waha ke civilian hi hai,qadiyani pe lanat mirza khinzeer harami pe lanat.,kaafir tujhe kuch nai malum,abe mc mein bheju teri maa cow ka photo kat te hue bc. chod teri tarah andhbhakt nhi hu aur nhi illiterate.. go and drink cow piss.,pakistan me apni beti ko chup krna padta hai jab humare jahan me tere jaise logon ne bhenchod
class2_batch001_sample010024,1,10024,2,Religious Hate,211024,215024,v3_original_demo_boundary_prompt,4-shot random authentic same-class,Shortlisted authentic RUHSOLD Religious Hate examples,118,abe bharwe tum hindu hi duniya k sub se bara atankwaz ho haramiyon bt krte ho hamare age tumhari country me hindu k elawa koi safe nhi he  tumhari country ka name isi liye  lynchistan he  isi king all the world,plz sir hamy in say koi khtra nahi hamy is imran khan yahodi our kadiyanion say bachny pay gor karen pak army tayri azmat ko salam,aye yahudiyo jitna zulm karna hai kar lo in sha allah woh din bhi zaroor aayega ke tumhe chun chun ke maara jayega yahan tak ke tum darakht ya pattharoñ ke piche chhup jaoge to bejan chizen bhi kahengi yahan yahoodi chhupa hai.hadees ka farman hai ho kar rahega #israeliterrorism,lanat abbtknews k khilaf trend bnane walye yazeedion pe r bibi k dushmano p bhi,kutto ki tarah bhaunk raha hai yahodi
class2_batch001_sample010025,1,10025,2,Religious Hate,211025,215025,v3_original_demo_boundary_prompt,4-shot random authentic same-class,Shortlisted authentic RUHSOLD Religious Hate examples,118,is cult  mein kisi boht hi pyare ko kho dene k baad uski qaber pe phool rakhna b jurm hai west mein qaberisat se phool chura k un ko sale kr k ahmdi chanda dia karte hain takey ragister se naam na kut jaye,benchod randi  islam,in beghairto israel yahodi khanzeer kai bacho nai kia kuch nahen kia hain lekhin alhamdulillah islam wahid deen jo mohabbat sikhati hain nakai nafrat aur ye sab sai tezi sai phelta huwa deen hain is liye inko jalan ho rahi hain aur har koshish kar bhe chukai hain aur kar bhe,kitane maulviyon ne tumhari ammi jaan ka halala kiya hoga tab jakar tum jaisa suar nikla hoga .. ye bhi to bta re mulle..,tujhy pata nahi k baat kaise krne wali hai tu? 😂
class2_batch001_sample010026,1,10026,2,Religious Hate,211026,215026,v3_original_demo_boundary_prompt,4-shot random authentic same-class,Shortlisted authentic RUHSOLD Religious Hate examples,118,wehshi darandy easai yahodi hindo islam amanka ka mazhab,ahmdi is a non muslim biggest cheap religion ahmdi.,is cult  mein kisi boht hi pyare ko kho dene k baad uski qaber pe phool rakhna b jurm hai west mein qaberisat se phool chura k un ko sale kr k ahmdi chanda dia karte hain takey ragister se naam na kut jaye,wise halala ki paidaish tumse yhi ummid ki ja sakti hai madarsa chhhap suarðÿ˜‚ðÿ¤£ðÿ¤£ðÿ¤£ðÿ¤£,ppp aur ahmdi party kay zamanay mein yeh naya muqam kuch nahi hota.  yehan keh k aik khabar haalat ki ho.
class2_batch001_sample010027,1,10027,2,Religious Hate,211027,215027,v3_original_demo_boundary_prompt,4-shot random authentic same-class,Shortlisted authentic RUHSOLD Religious Hate examples,118,tum log yahoodi ho kisi ko shuck nahi hona chaheye bus kafi hogae musalmanon ko aur dhoka na dou👹,no no ...... hindu na kah mujhe ........islam bura maan jayega .......kaafir kah kaafir...,"waise madarso mein bahut achhi taaleem di jaati hai tum jihadi hijdo ko, asar dikh rha hai yahan, khud toh khud ki bhen chodte hi ho aur dusro ko bhi bhenchod samajhte ho.","ye manhoos hinduon ki diwali k chakkar mai har jaga ki aur quality kharab hogai, bharwe",iska mazhab hai koi nikala nahi sakte
class2_batch001_sample010028,1,10028,2,Religious Hate,211028,215028,v3_original_demo_boundary_prompt,4-shot random authentic same-class,Shortlisted authentic RUHSOLD Religious Hate examples,118,halala ki padayish ho aap aur kya expect karenge hum aapse,"hogai izzat? mera jism meri marzi jc ghaleez or ghatiya terminologies hamare muslim muashrey me dene ki koshish me aapki so-called,vahiyat or ikhlaq se giri support ko khud ne hi reject kardiya.  apne yahoodi gods ko khush krne k liey kuch or karien",aor hamary hkmran in k sath mily huy en ....yahudi aor hindun hmary sb sy bry dushman en,"obviously we muslims hate ahmedi's . 😡 we don't care whatever happens to them ! we just hate them. if their is oppression over other minorities in pakistan which is not usual alhamdolillah, then i condemn that.",aby teri maa ka yaar ha ye yahodi agent
class2_batch001_sample010029,1,10029,2,Religious Hate,211029,215029,v3_original_demo_boundary_prompt,4-shot random authentic same-class,Shortlisted authentic RUHSOLD Religious Hate examples,118,but we have a firm belief now that qadiyani and ahmedi neither want muslims nor pakistanis to live in a harmony,aye yahudiyo jitna zulm karna hai kar lo in sha allah woh din bhi zaroor aayega ke tumhe chun chun ke maara jayega yahan tak ke tum darakht ya pattharoñ ke piche chhup jaoge to bejan chizen bhi kahengi yahan yahoodi chhupa hai.hadees ka farman hai ho kar rahega #israeliterrorism,tumhri maa kk chodu sale apni maa ko chod ke paida hone wale randi ki aulad sale apni behan ko biwi bana ke rkhne wale muhammad ki nazayaj aulad,teri maa ka halala kra rha tha koi problem madarjat bhosdike mulle,nawaz sharif ka yeh hi samna de raha hai ye harami jihadi imran chore zakat chore yahodi agent
class2_batch001_sample010030,1,10030,2,Religious Hate,211030,215030,v3_original_demo_boundary_prompt,4-shot random authentic same-class,Shortlisted authentic RUHSOLD Religious Hate examples,118,tumhri maa kk chodu sale apni maa ko chod ke paida hone wale randi ki aulad sale apni behan ko biwi bana ke rkhne wale muhammad ki nazayaj aulad,get lost you kaafir.,o madadarchod: tum tu farigh ho aur yeh gashti tu waisay he sari raat jagti hay. o dallay o kanjar hum tu iran jatay hotay hain tu bata apni behan kitni baar mbs aur us kay wahabi sheikhon ko bhaijta hay.,shia kaafir hai aur hum naam k musalmaan.,tujhe pata chal gaya tha na hum tu kuch nhi krte hamare pass
class2_batch001_sample010031,1,10031,2,Religious Hate,211031,215031,v3_original_demo_boundary_prompt,4-shot random authentic same-class,Shortlisted authentic RUHSOLD Religious Hate examples,118,but we have a firm belief now that qadiyani and ahmedi neither want muslims nor pakistanis to live in a harmony,"bilkul,itny lecture milny hain jese christmas or new year pe milty hain ,kya apko pata bhi hai k kaafir janwaro k haqq main dua bhi nahi krni chahye",tumhri maa kk chodu sale apni maa ko chod ke paida hone wale randi ki aulad sale apni behan ko biwi bana ke rkhne wale muhammad ki nazayaj aulad,ye pagliya gyi h saali... kuttiya ye ab bhul gyi h jisne #halala or #teentlaaq se aazadi dilwayi usko bhul gyi h ye mullli....,rt : yeh baat hi bolna hota hai. agar hinduon ne islam aur muslim ko ghatia name diya to humse yahan tak ho ga k tum logon ko badnam banaya jaega.
class2_batch001_sample010032,1,10032,2,Religious Hate,211032,215032,v3_original_demo_boundary_prompt,4-shot random authentic same-class,Shortlisted authentic RUHSOLD Religious Hate examples,118,but we have a firm belief now that qadiyani and ahmedi neither want muslims nor pakistanis to live in a harmony,phir kehty hum bhot badry #muslim hn aur #ashaq_e_rasool sawm hain lanat hai un sab #haramio py jinho ny bibi fatima zahra ko shahheed kia aur #haq khaya 🖐🏻😡🐕 aur lanat un sab py jo un #haramio ky hamdard hain,or wahan tumhara jahanumi ahmedi jo naaowz billah nabi hona ka dawa dar tha wo wo case hara tha or court sa bhag gya tha.nabi pak p.b.u.h allah ka akhri nabi han or on ka bad koi nabi nahi ae ga.ya ak haqeqat ha jo quran ma bhi ha.or 1947 ma pak islam ka name par bana tha.,yahodi agent qadyani chamcha,kuch bhi bhi ni kr sakty hamein apni khud ki maa bajy tk na chly kisi munafiq kay barabar ho jaey
class2_batch001_sample010033,1,10033,2,Religious Hate,211033,215033,v3_original_demo_boundary_prompt,4-shot random authentic same-class,Shortlisted authentic RUHSOLD Religious Hate examples,118,"m firqa wariyat m nahi parhna chahta, muslims mjo ahktlaf hen wo apni jaga , lekin pichly 200 saal sy muslim is liye mar kha rhy hen k sunni shia wahabi dayobandi bla bla ,,yahodi or nasara ny na koi sunni mulk chora ha na koi shia,  wo bs yehi dekhtay ye muslman ha ..bs maro isk","surprise!  surprise!  majority of the muslims are at just in different levels of ""usman khan"" ranging from mild to extreme (except ahmadiya may be, but they are not ""real muslims"")  that's from a person living in a country with 95% muslim    https://t.co/hq35u2xrrk,2009-05-25 17:25:26,sydney, new south wales",ye insan ik chaaal haaa dostoo .........zra smj k chliye gaa...sb jaanty hn qadyaani kaafir hn ......ye sb k sentiments gain kr rhaa haa......bad me ye apna chehra dikhiye gaaa fasad kii shkal me.....in chaaalo sy hosyar rhy baseerat paida kry sb apny andr.. shukria...,oy ahmdi kuty. tum log smjhty ho k is trah kr k hm awam ko pagl bnao gy?? beta bajwa ne tere jeso ko nanga nachana he sbr kr. kahi ni ja rha hmara army chief. tum logo ne agly 3 sal me ye duniya hi chor jani bajwa k dar se. ye army chief nahi pakistan ka muhafiz he.,"hamari yahan dum ho rahe hai, yeh nawaz sharif ka munafiqat ko barbarish dikhany ki zarurat nahi thi."
class2_batch001_sample010034,1,10034,2,Religious Hate,211034,215034,v3_original_demo_boundary_prompt,4-shot random authentic same-class,Shortlisted authentic RUHSOLD Religious Hate examples,118,wow halala's product on fire as usual porkistaniðÿ˜‚ðÿ˜‚ðÿ˜‚,"path of cruelty , path of violence, path of halala , path of tripe talaq, path of marrying 6 years old aisha,path to discipline their wives by beating them,path of hurun,path of apostasy,path of punishable apostasy, path of beheading. what a pissful religion izlam is ðÿ‘",#stopisraeliterror   yahoodi mulk jisey israel ka naam diya gaya najaiz hai yahoodi sabse bada dahshatgard,tm jeso ki jb g**nd mari jaye na fir tm log thek rehty ho bc k bachy jb wo yahoodi lanti marty hn na wo muslim dekhty hn air kuch ni dekhty baki tm na toh apni pesh krni hoti ha unhy.,ab toh aurat march ko chakkar mein laa lein na halala ki baari thi na
class2_batch001_sample010035,1,10035,2,Religious Hate,211035,215035,v3_original_demo_boundary_prompt,4-shot random authentic same-class,Shortlisted authentic RUHSOLD Religious Hate examples,118,ahmdi is a non muslim biggest cheap religion ahmdi.,that nigga was yahoodi he probably lied to all the employees,aye yahudiyo jitna zulm karna hai kar lo in sha allah woh din bhi zaroor aayega ke tumhe chun chun ke maara jayega yahan tak ke tum darakht ya pattharoñ ke piche chhup jaoge to bejan chizen bhi kahengi yahan yahoodi chhupa hai.hadees ka farman hai ho kar rahega #israeliterrorism,ye pagliya gyi h saali... kuttiya ye ab bhul gyi h jisne #halala or #teentlaaq se aazadi dilwayi usko bhul gyi h ye mullli....,"haan mard ko aik muslim ki gand mein dukh na de, koi halala walee kutta"
class2_batch001_sample010036,1,10036,2,Religious Hate,211036,215036,v3_original_demo_boundary_prompt,4-shot random authentic same-class,Shortlisted authentic RUHSOLD Religious Hate examples,118,"huh wut you say u imbecile, i shat on you...toh toh toh kaafir",q teri bhen ko chuda hy dewbandion ny ..harami ki nasal,"ye manhoos hinduon ki diwali k chakkar mai har jaga ki aur quality kharab hogai, bharwe",kadiyani kafir thay hain aur hamesha harain gay. ye dajjali fitnay ki ek kari hain. aur inkay supporters hum main bhe jo chupay howay hain wo bhe khanzeer kafir he hain. lannat beshomar kadiyanio pr.,abay charsi....islamo mein jo yahoodi muslim nahi hona chahte usse imran ki maa behno ne kaha ha tery baap mian sahab ne niaziya ko khatm kar k pti ko k
class2_batch001_sample010037,1,10037,2,Religious Hate,211037,215037,v3_original_demo_boundary_prompt,4-shot random authentic same-class,Shortlisted authentic RUHSOLD Religious Hate examples,118,"pta nhi kon si uni se graduate hote ho aap log jnha aesi wahiyat education di jati hðÿ˜‚ðÿ˜‚ðÿ˜‚ halala, gazwa-e-hind, camel urine or pta nhi kya kyaðÿ˜‚ðÿ˜‚ðÿ˜‚ðÿ¤£ðÿ¤£ðÿ¤£ðÿ¤£ðÿ‘ðÿ»",or mujhe un ladkiyo se utni hi nafrat hai jo mullo se shadi karti hai jitni kisi normal hindu ko😡 or mujhe hindu ladko se bhi itni hi nafrat hai jo muslim ladkiyo se shadi karte hai... dharam me koi milawat mujhe pasand nahi,typical muslim randi-rona taqia.,hey are fighting amongst each other. #bajwa is compromise candidate. thats only reason why he a ahmadiya is a coas.,ye hain ye kaun hain?
class2_batch001_sample010038,1,10038,2,Religious Hate,211038,215038,v3_original_demo_boundary_prompt,4-shot random authentic same-class,Shortlisted authentic RUHSOLD Religious Hate examples,118,aye yahudiyo jitna zulm karna hai kar lo in sha allah woh din bhi zaroor aayega ke tumhe chun chun ke maara jayega yahan tak ke tum darakht ya pattharoñ ke piche chhup jaoge to bejan chizen bhi kahengi yahan yahoodi chhupa hai.hadees ka farman hai ho kar rahega #israeliterrorism,tumhri maa kk chodu sale apni maa ko chod ke paida hone wale randi ki aulad sale apni behan ko biwi bana ke rkhne wale muhammad ki nazayaj aulad,abe jaana mullle sale bhikari !! halala k maje krwa apni maa ko,is cult  mein kisi boht hi pyare ko kho dene k baad uski qaber pe phool rakhna b jurm hai west mein qaberisat se phool chura k un ko sale kr k ahmdi chanda dia karte hain takey ragister se naam na kut jaye,ye logon k sath gharwalo ne kya kiya kia kuch nahi?
class2_batch001_sample010039,1,10039,2,Religious Hate,211039,215039,v3_original_demo_boundary_prompt,4-shot random authentic same-class,Shortlisted authentic RUHSOLD Religious Hate examples,118,pehle apni aurto ko halala se bachao ye bhi modi kar raha hai. agar sahi tum logo ka dna kiya jaye to pata nhi baap kon niklega,kadiyani kafir thay hain aur hamesha harain gay. ye dajjali fitnay ki ek kari hain. aur inkay supporters hum main bhe jo chupay howay hain wo bhe khanzeer kafir he hain. lannat beshomar kadiyanio pr.,"huh wut you say u imbecile, i shat on you...toh toh toh kaafir","insaniyat ko bache rahne do, jis mazhab me janwar ka gala ret ke khushi banti hai, jis mazhab me soorma logo ko 72 virgin ladkiya baati jaati, jo duniya pe kabze ke sapne dekhta ho us mazhab se duuri banane me hi insaniyat ki bhalayi hai.",aap kuch nahi sakti isi liye yahan na bolte.
class2_batch001_sample010040,1,10040,2,Religious Hate,211040,215040,v3_original_demo_boundary_prompt,4-shot random authentic same-class,Shortlisted authentic RUHSOLD Religious Hate examples,118,kisi randi maa ki olad ap ki hindu aurtain jab pooja karti hn tab wo bagwan ka lund mounh me b leti hn?,"abbey halala ki paidaish, 5 baap ki aulaad. patthar baazi ke alawa kuchh kaam kara kabhi teri kaum ne ?",another endian hijra coward hindu terrorist army soldier dispatched to shamshangarh by pakistan army i want more endian hindu terrorist dead so keep it up pakistan,bus ya aur tafseel bataao  ahmdi aurtain beach pe bikini b pehnti hain  jalse aur ijlaas pe burqa b boht hai 🤫,yeh logon ko qurbani krna hai...islam k muhabbat se hai....
class2_batch001_sample010041,1,10041,2,Religious Hate,211041,215041,v3_original_demo_boundary_prompt,4-shot random authentic same-class,Shortlisted authentic RUHSOLD Religious Hate examples,118,sunni killing a shia....what's new?  thank god he wasn't a ahmedi muslim otherwise the motive would have been to acquire a passport to migrate to western countries and continue their islamic jihadi work after retirement,o madadarchod: tum tu farigh ho aur yeh gashti tu waisay he sari raat jagti hay. o dallay o kanjar hum tu iran jatay hotay hain tu bata apni behan kitni baar mbs aur us kay wahabi sheikhon ko bhaijta hay.,lanat abbtknews k khilaf trend bnane walye yazeedion pe r bibi k dushmano p bhi,"surprise!  surprise!  majority of the muslims are at just in different levels of ""usman khan"" ranging from mild to extreme (except ahmadiya may be, but they are not ""real muslims"")  that's from a person living in a country with 95% muslim    https://t.co/hq35u2xrrk,2009-05-25 17:25:26,sydney, new south wales",lanati ahmedi gandu saali ka jism mar ja
class2_batch001_sample010042,1,10042,2,Religious Hate,211042,215042,v3_original_demo_boundary_prompt,4-shot random authentic same-class,Shortlisted authentic RUHSOLD Religious Hate examples,118,tumhri maa kk chodu sale apni maa ko chod ke paida hone wale randi ki aulad sale apni behan ko biwi bana ke rkhne wale muhammad ki nazayaj aulad,tmri taraj animals ki potty n khate... tm jaake  bomb fodo jaake.......halala ke masala.  niklo.. yaha tm atankiyo k liy jagah ni h bhai. yaha atank n failaooo,aor hamary hkmran in k sath mily huy en ....yahudi aor hindun hmary sb sy bry dushman en,benchod randi  islam,pakistan mein sab se bara teri behn ka chut kholna chahye 😂
class2_batch001_sample010043,1,10043,2,Religious Hate,211043,215043,v3_original_demo_boundary_prompt,4-shot random authentic same-class,Shortlisted authentic RUHSOLD Religious Hate examples,118,meri tarbiyat yehi hai k jo amreca ko apna baap manta hai na wo muslman hai or na us s koi hanra taloq hai tum nasl e yazeedi ho masl e yahodi or yahoodio ki olad ho,tw kaafir tera peo kaafir tera pura khandaan kaafir ooo churry trump🐱🐱,sirf momin aya to yahoodi kum nasal marny laggaye agr sawa crore momin agaye to sochen kya hoga?hamen jagna hoga,uff pakiza muslim randi 😉😍,aur tu islam se nikla hai
class2_batch001_sample010044,1,10044,2,Religious Hate,211044,215044,v3_original_demo_boundary_prompt,4-shot random authentic same-class,Shortlisted authentic RUHSOLD Religious Hate examples,118,"tum vahi karo jo aata hai ,namaz or bakri chudai",no no ...... hindu na kah mujhe ........islam bura maan jayega .......kaafir kah kaafir...,ye lode teri maa or bahan ke shohar hai or jyada bolega to de denge teri maa or bahan ko hum denge talaq or fir halala wow kya baat hai mullo wow lund chuss lo ðÿ˜œðÿ˜œðÿ˜œðÿ˜œ,"not surprised comment came from ahmedi. tbh, i won't be surprised when some christians will argue that they r included in muslim category too. just bcoz they believe there is only one god.",ghaddar imran niazi yahodi agent
class2_batch001_sample010045,1,10045,2,Religious Hate,211045,215045,v3_original_demo_boundary_prompt,4-shot random authentic same-class,Shortlisted authentic RUHSOLD Religious Hate examples,118,bosdk yeh tumhare ghar me hota hai. saari k blouse me mote mote doodh dikhati firti hain tumhare dharam ki orate or hindu orat ko musalman ka l#nd aachaa lagta hai. yeh baat puri dunia janti hai,lul bukhari ye tum nahe tumaray yahoodi or hindu thuku bol rahay hain jin ko army sey bahot hi zeda takleef hai...🖕,uff pakiza muslim randi 😉😍,but we have a firm belief now that qadiyani and ahmedi neither want muslims nor pakistanis to live in a harmony,ye abhi ek bat ho gayi jinko hum ne tere sath shadi kar diya tha wo logon ke bache or unke baap jaise yahoodi agent khandan wale yahan kuch nahi samjhte aur teri
class2_batch001_sample010046,1,10046,2,Religious Hate,211046,215046,v3_original_demo_boundary_prompt,4-shot random authentic same-class,Shortlisted authentic RUHSOLD Religious Hate examples,118,ye bat tum yahoodi ko bolo atankwadi tum ho jo musalman se nafrat ki aag me insaniyat ke sabse bade dushman yahoodi ko support karte ho ye log to face to face mara hai unlog chote bache ka upar bom feka kisi aurat ya admi bacha ko goli mar diya wi bhi waha ke civilian hi hai,"bilkul,itny lecture milny hain jese christmas or new year pe milty hain ,kya apko pata bhi hai k kaafir janwaro k haqq main dua bhi nahi krni chahye",oeyy randdii k bachay ganddu hindu.. kyun jhoott baq raha hai gashti maa k ganndduu bachay. peshaab p k palnay wali qoum.,halala ki padayish ho aap aur kya expect karenge hum aapse,oein bhenchod
class2_batch001_sample010047,1,10047,2,Religious Hate,211047,215047,v3_original_demo_boundary_prompt,4-shot random authentic same-class,Shortlisted authentic RUHSOLD Religious Hate examples,118,"huh wut you say u imbecile, i shat on you...toh toh toh kaafir",lant hy teri aagli pecchli tweet pe or tum pe or qadyanion pe or kuch ?,kadiyani kafir thay hain aur hamesha harain gay. ye dajjali fitnay ki ek kari hain. aur inkay supporters hum main bhe jo chupay howay hain wo bhe khanzeer kafir he hain. lannat beshomar kadiyanio pr.,that's for foolish act and the ahmedi you highlighted they were equal to jews for us so alhmdurallah we save quran ! . and about hindus and christians its was a false news !  and if it is real then show me !  if you don't have anything then shut up and run !,mazak nai ha
class2_batch001_sample010048,1,10048,2,Religious Hate,211048,215048,v3_original_demo_boundary_prompt,4-shot random authentic same-class,Shortlisted authentic RUHSOLD Religious Hate examples,118,"hogai izzat? mera jism meri marzi jc ghaleez or ghatiya terminologies hamare muslim muashrey me dene ki koshish me aapki so-called,vahiyat or ikhlaq se giri support ko khud ne hi reject kardiya.  apne yahoodi gods ko khush krne k liey kuch or karien","huh wut you say u imbecile, i shat on you...toh toh toh kaafir",poocho hamarai imam sai kai quran mein kaha likha huwa hain aisai ye sirf yahodi khanzeer logo ki chaal hainmuslims ko badnaam karkai liye  zara socho na tumharai hinduism ko badnaam kyun nahen kartai islam kai peechai kyun parai huwai hain zara dimagh ko khol kai socho,sunni killing a shia....what's new?  thank god he wasn't a ahmedi muslim otherwise the motive would have been to acquire a passport to migrate to western countries and continue their islamic jihadi work after retirement,teri maa chodunga bajwa.  abay koi chutiye nhi hai tu
class2_batch001_sample010049,1,10049,2,Religious Hate,211049,215049,v3_original_demo_boundary_prompt,4-shot random authentic same-class,Shortlisted authentic RUHSOLD Religious Hate examples,118,quaid azam was right ky hindu muslim kabhi sth nhi rhy sgty aaj hindu apni hasli shakl dekha rhy hn. agar kisi muslim ny aisa kia hota to india media ki maa mar gi hoti pr ab nhi boly gy. aagy ka ky yehi bol dn gy ky mentally disturb tha or case khtm .#jamia,kafir yahodi kafir hindo same thinking,that nigga was yahoodi he probably lied to all the employees,that's for foolish act and the ahmedi you highlighted they were equal to jews for us so alhmdurallah we save quran ! . and about hindus and christians its was a false news !  and if it is real then show me !  if you don't have anything then shut up and run !,koi baat nahi jinki behna jaan lete ho unko koi baat nai karna
class2_batch001_sample010050,1,10050,2,Religious Hate,211050,215050,v3_original_demo_boundary_prompt,4-shot random authentic same-class,Shortlisted authentic RUHSOLD Religious Hate examples,118,"m firqa wariyat m nahi parhna chahta, muslims mjo ahktlaf hen wo apni jaga , lekin pichly 200 saal sy muslim is liye mar kha rhy hen k sunni shia wahabi dayobandi bla bla ,,yahodi or nasara ny na koi sunni mulk chora ha na koi shia,  wo bs yehi dekhtay ye muslman ha ..bs maro isk",madarchod muslaman ki kaum madarchod saalo ka imaan nahi hai bheno ko chod te hai bhen ke lode harmazaade uskiye apni  maa ki chut bhi chodta hoga aur chuswata hoga logo se saare musalamaan raand ki olad islam ki maa ki chut,shia kaafir hai aur hum naam k musalmaan.,pehle apni aurto ko halala se bachao ye bhi modi kar raha hai. agar sahi tum logo ka dna kiya jaye to pata nhi baap kon niklega,apko kuch nhi pata yahoodi or christian bhi musalmaan hain...
class2_batch001_sample010051,1,10051,2,Religious Hate,211051,215051,v3_original_demo_boundary_prompt,4-shot random authentic same-class,Shortlisted authentic RUHSOLD Religious Hate examples,118,hindu sirf gooli ki zuban smjta ha,pislam me media ka estemal kerna haram hai  halala ki paidais,"obviously we muslims hate ahmedi's . 😡 we don't care whatever happens to them ! we just hate them. if their is oppression over other minorities in pakistan which is not usual alhamdolillah, then i condemn that.",phir in yahodi khanzeer logo ko pata chalaiga kai kia ta aur kia nahen ye sirf dajjal kai liye aisa kar rahai hain kyunkai ye yahodi log khazeer log dajjal ko apna leader samjhtai hain aur tumhara pura bollywood bollyminati ban chuka hain tumharai dimagh ko programming ki ja rah,sach jahan se mohabbat krte ho wo waise hi sabse bara baat hoti hai
class2_batch001_sample010052,1,10052,2,Religious Hate,211052,215052,v3_original_demo_boundary_prompt,4-shot random authentic same-class,Shortlisted authentic RUHSOLD Religious Hate examples,118,ye pagliya gyi h saali... kuttiya ye ab bhul gyi h jisne #halala or #teentlaaq se aazadi dilwayi usko bhul gyi h ye mullli....,"m firqa wariyat m nahi parhna chahta, muslims mjo ahktlaf hen wo apni jaga , lekin pichly 200 saal sy muslim is liye mar kha rhy hen k sunni shia wahabi dayobandi bla bla ,,yahodi or nasara ny na koi sunni mulk chora ha na koi shia,  wo bs yehi dekhtay ye muslman ha ..bs maro isk","rt : q. woh kaun si qome he,jis ne such bhi bola phr bhi jahnum mein jayegi? ans: yahoodi or nasara qome. shahid sindh","obviously we muslims hate ahmedi's . 😡 we don't care whatever happens to them ! we just hate them. if their is oppression over other minorities in pakistan which is not usual alhamdolillah, then i condemn that.",halala ki paidaish aur talaq peeche hai tum logon ko
class2_batch001_sample010053,1,10053,2,Religious Hate,211053,215053,v3_original_demo_boundary_prompt,4-shot random authentic same-class,Shortlisted authentic RUHSOLD Religious Hate examples,118,hindu sirf gooli ki zuban smjta ha,typical muslim randi-rona taqia.,hindoo wo qom ha jinper koi nabi koi kitaab nazil nahi hoi. ye to yahoodi se bhi bad tar hen,uff pakiza muslim randi 😉😍,teri maa ka yaar kya bol raha tha tera baap teri maa ko chod gaya tha
class2_batch001_sample010054,1,10054,2,Religious Hate,211054,215054,v3_original_demo_boundary_prompt,4-shot random authentic same-class,Shortlisted authentic RUHSOLD Religious Hate examples,118,hindoo wo qom ha jinper koi nabi koi kitaab nazil nahi hoi. ye to yahoodi se bhi bad tar hen,poocho hamarai imam sai kai quran mein kaha likha huwa hain aisai ye sirf yahodi khanzeer logo ki chaal hainmuslims ko badnaam karkai liye  zara socho na tumharai hinduism ko badnaam kyun nahen kartai islam kai peechai kyun parai huwai hain zara dimagh ko khol kai socho,teri maa ka halala kra rha tha koi problem madarjat bhosdike mulle,"path of cruelty , path of violence, path of halala , path of tripe talaq, path of marrying 6 years old aisha,path to discipline their wives by beating them,path of hurun,path of apostasy,path of punishable apostasy, path of beheading. what a pissful religion izlam is ðÿ‘",yahodi agent aur atankwadi sab haramkhor hai.
class2_batch001_sample010055,1,10055,2,Religious Hate,211055,215055,v3_original_demo_boundary_prompt,4-shot random authentic same-class,Shortlisted authentic RUHSOLD Religious Hate examples,118,haha jaat dikha di bsdk antankbadi halala ki aulaad teri ammi ka halala hua tha phir to randi ke bacheðÿ¤£ðÿ¤£ðÿ˜…,pehle america jaiga ue begairaat musliman kehlwane kai laiq nh pehle he logh kehty h eske bary me ye yahoodi hai,hey are fighting amongst each other. #bajwa is compromise candidate. thats only reason why he a ahmadiya is a coas.,pislam me media ka estemal kerna haram hai  halala ki paidais,pakistan mullahs have created a situation in which ahmedi's will have no choice but to join forces with balochis and punjabi nationalists against the state.
class2_batch001_sample010056,1,10056,2,Religious Hate,211056,215056,v3_original_demo_boundary_prompt,4-shot random authentic same-class,Shortlisted authentic RUHSOLD Religious Hate examples,118,kitane maulviyon ne tumhari ammi jaan ka halala kiya hoga tab jakar tum jaisa suar nikla hoga .. ye bhi to bta re mulle..,q teri bhen ko chuda hy dewbandion ny ..harami ki nasal,bosdk yeh tumhare ghar me hota hai. saari k blouse me mote mote doodh dikhati firti hain tumhare dharam ki orate or hindu orat ko musalman ka l#nd aachaa lagta hai. yeh baat puri dunia janti hai,jahil k bachy kahan likha h k gair mazhb sy nikaah jaiz ha... tmari gand me jo keera ha wo nhi merna... khoty khany waly... yahoodi kahan sy hogaey ahle kitaab ....tm.b yahoodi to nhi,rt : allah apne shukran diye tumhary sath hain
class2_batch001_sample010057,1,10057,2,Religious Hate,211057,215057,v3_original_demo_boundary_prompt,4-shot random authentic same-class,Shortlisted authentic RUHSOLD Religious Hate examples,118,ho gaye hy aur han aj jo ye sekhon k liye kar raha hy ye whoi sekh hy jub pakistan azad howa tha aur muslmano ne jub india sa hijrat ki tub sub zada qatal muslim ko in sekhon ne kiya tha par afsos ap jesy log is yahodi e agent ko ek islami leader mante ho phir kasm khao k allah,jaa bhen k lory tum harrami ki nasal ho.. dewband maslak pe kutty ki tareh bhoonkty ho..,"obviously we muslims hate ahmedi's . 😡 we don't care whatever happens to them ! we just hate them. if their is oppression over other minorities in pakistan which is not usual alhamdolillah, then i condemn that.",aye yahudiyo jitna zulm karna hai kar lo in sha allah woh din bhi zaroor aayega ke tumhe chun chun ke maara jayega yahan tak ke tum darakht ya pattharoñ ke piche chhup jaoge to bejan chizen bhi kahengi yahan yahoodi chhupa hai.hadees ka farman hai ho kar rahega #israeliterrorism,😂😂😂😂😂😂😂😂😂😂😂😂😂😂😂😂😂😂😂😂😂😂😂😂😂😂😂😂😂😂😂😂😂😂😂😂😂😂😂😂😂😂😂😂😂😂😂😂😂😂😂😂😂😂😂😂😂😂😂
class2_batch001_sample010058,1,10058,2,Religious Hate,211058,215058,v3_original_demo_boundary_prompt,4-shot random authentic same-class,Shortlisted authentic RUHSOLD Religious Hate examples,118,qadiani ahmedi mirziee kaafir jo hen,another endian hijra coward hindu terrorist army soldier dispatched to shamshangarh by pakistan army i want more endian hindu terrorist dead so keep it up pakistan,kutto ki tarah america maar raha hai tumhari kaum ko...aasmani kitab walo...israel roj filistin may maa chod raha hai tumhari.... pahle unse nipto....dare hue log😂😂,"insaniyat ko bache rahne do, jis mazhab me janwar ka gala ret ke khushi banti hai, jis mazhab me soorma logo ko 72 virgin ladkiya baati jaati, jo duniya pe kabze ke sapne dekhta ho us mazhab se duuri banane me hi insaniyat ki bhalayi hai.",kuttey kutiye jaisey hindoo sazishi
class2_batch001_sample010059,1,10059,2,Religious Hate,211059,215059,v3_original_demo_boundary_prompt,4-shot random authentic same-class,Shortlisted authentic RUHSOLD Religious Hate examples,118,sale halala molvi se tum karvao apni oorto ka or apni ma bahan ka bol heme rhe ho molvi kamre m apni bahan ko bej kar sina choda hota hoga tumhara,pehle apni aurto ko halala se bachao ye bhi modi kar raha hai. agar sahi tum logo ka dna kiya jaye to pata nhi baap kon niklega,pehle america jaiga ue begairaat musliman kehlwane kai laiq nh pehle he logh kehty h eske bary me ye yahoodi hai,ye pagliya gyi h saali... kuttiya ye ab bhul gyi h jisne #halala or #teentlaaq se aazadi dilwayi usko bhul gyi h ye mullli....,tujhy shakl deta h kesay tu ye nh mangegi
class2_batch001_sample010060,1,10060,2,Religious Hate,211060,215060,v3_original_demo_boundary_prompt,4-shot random authentic same-class,Shortlisted authentic RUHSOLD Religious Hate examples,118,ye insan ik chaaal haaa dostoo .........zra smj k chliye gaa...sb jaanty hn qadyaani kaafir hn ......ye sb k sentiments gain kr rhaa haa......bad me ye apna chehra dikhiye gaaa fasad kii shkal me.....in chaaalo sy hosyar rhy baseerat paida kry sb apny andr.. shukria...,"gau mutr peeyo tum log lodu awkat bna phir aake muh lag, randwa saala","abbey halala ki paidaish, 5 baap ki aulaad. patthar baazi ke alawa kuchh kaam kara kabhi teri kaum ne ?",lanat abbtknews k khilaf trend bnane walye yazeedion pe r bibi k dushmano p bhi,bhenchod imran chore zakat khore yahodi agent niazi tera ghar bhag jaye ga tere pass
class2_batch001_sample010061,1,10061,2,Religious Hate,211061,215061,v3_original_demo_boundary_prompt,4-shot random authentic same-class,Shortlisted authentic RUHSOLD Religious Hate examples,118,ye pagliya gyi h saali... kuttiya ye ab bhul gyi h jisne #halala or #teentlaaq se aazadi dilwayi usko bhul gyi h ye mullli....,"rt : q. woh kaun si qome he,jis ne such bhi bola phr bhi jahnum mein jayegi? ans: yahoodi or nasara qome. shahid sindh",imran qadyani yahoodi agent hy pti ki 18 bank account hy jis may qadyani yahoodi hondo ny funding ki hy . gold smith jimaima aneel musrst . atif miaan sub qadyani yahoodi hy,ye bat tum yahoodi ko bolo atankwadi tum ho jo musalman se nafrat ki aag me insaniyat ke sabse bade dushman yahoodi ko support karte ho ye log to face to face mara hai unlog chote bache ka upar bom feka kisi aurat ya admi bacha ko goli mar diya wi bhi waha ke civilian hi hai,teri maa baap ka halala kr rha tha tu phir bhi tere najaiz saale paida honge
class2_batch001_sample010062,1,10062,2,Religious Hate,211062,215062,v3_original_demo_boundary_prompt,4-shot random authentic same-class,Shortlisted authentic RUHSOLD Religious Hate examples,118,pehle apni aurto ko halala se bachao ye bhi modi kar raha hai. agar sahi tum logo ka dna kiya jaye to pata nhi baap kon niklega,please sell up you yahoodi bastards,madarchod muslaman ki kaum madarchod saalo ka imaan nahi hai bheno ko chod te hai bhen ke lode harmazaade uskiye apni  maa ki chut bhi chodta hoga aur chuswata hoga logo se saare musalamaan raand ki olad islam ki maa ki chut,yahodi agent qadyani chamcha,teri aukat na hoti koi gali di jaye
class2_batch001_sample010063,1,10063,2,Religious Hate,211063,215063,v3_original_demo_boundary_prompt,4-shot random authentic same-class,Shortlisted authentic RUHSOLD Religious Hate examples,118,tumhri maa kk chodu sale apni maa ko chod ke paida hone wale randi ki aulad sale apni behan ko biwi bana ke rkhne wale muhammad ki nazayaj aulad,1 balatkari muslim 3 balatkari tera baap hindu h uske bare m kuch bol  be,uff pakiza muslim randi 😉😍,benchod randi  islam,mullah kya khelna chaye? jb aik yahodi agent aur sazishi harami ek sath aye to tu kyun na samjha?
class2_batch001_sample010064,1,10064,2,Religious Hate,211064,215064,v3_original_demo_boundary_prompt,4-shot random authentic same-class,Shortlisted authentic RUHSOLD Religious Hate examples,118,uff pakiza muslim randi 😉😍,"abbey halala ki paidaish, 5 baap ki aulaad. patthar baazi ke alawa kuchh kaam kara kabhi teri kaum ne ?",please all muslims come one page and unite  insha allah   yahoodi isreal finished all,chhor bhen chod hrami hindu chhor esko😠😠😠,ye jb tu apni maa ko behn chor sakta tha tab tumhari zindagi mein tera naam hi nahi samjata. halala ki paidaish
class2_batch001_sample010065,1,10065,2,Religious Hate,211065,215065,v3_original_demo_boundary_prompt,4-shot random authentic same-class,Shortlisted authentic RUHSOLD Religious Hate examples,118,"rt : q. woh kaun si qome he,jis ne such bhi bola phr bhi jahnum mein jayegi? ans: yahoodi or nasara qome. shahid sindh",ahmedi mirziee qadiyani hargiz kuleedi uhdu pe nhee janay chahien warna hmari agencies pe swalia nishan hey,phir in yahodi khanzeer logo ko pata chalaiga kai kia ta aur kia nahen ye sirf dajjal kai liye aisa kar rahai hain kyunkai ye yahodi log khazeer log dajjal ko apna leader samjhtai hain aur tumhara pura bollywood bollyminati ban chuka hain tumharai dimagh ko programming ki ja rah,no no ...... hindu na kah mujhe ........islam bura maan jayega .......kaafir kah kaafir...,i am a muslim but i dont support this terrorist organization.
class2_batch001_sample010066,1,10066,2,Religious Hate,211066,215066,v3_original_demo_boundary_prompt,4-shot random authentic same-class,Shortlisted authentic RUHSOLD Religious Hate examples,118,"rt : q. woh kaun si qome he,jis ne such bhi bola phr bhi jahnum mein jayegi? ans: yahoodi or nasara qome. shahid sindh",is cult  mein kisi boht hi pyare ko kho dene k baad uski qaber pe phool rakhna b jurm hai west mein qaberisat se phool chura k un ko sale kr k ahmdi chanda dia karte hain takey ragister se naam na kut jaye,quaid azam was right ky hindu muslim kabhi sth nhi rhy sgty aaj hindu apni hasli shakl dekha rhy hn. agar kisi muslim ny aisa kia hota to india media ki maa mar gi hoti pr ab nhi boly gy. aagy ka ky yehi bol dn gy ky mentally disturb tha or case khtm .#jamia,"m firqa wariyat m nahi parhna chahta, muslims mjo ahktlaf hen wo apni jaga , lekin pichly 200 saal sy muslim is liye mar kha rhy hen k sunni shia wahabi dayobandi bla bla ,,yahodi or nasara ny na koi sunni mulk chora ha na koi shia,  wo bs yehi dekhtay ye muslman ha ..bs maro isk",tum logon ny 200 saal mein kuch nahi kiya kisi kuch ni banaya aur tere lode ghar mein kaha ho ga wo tu kuch nahi banega...
class2_batch001_sample010067,1,10067,2,Religious Hate,211067,215067,v3_original_demo_boundary_prompt,4-shot random authentic same-class,Shortlisted authentic RUHSOLD Religious Hate examples,118,wow halala's product on fire as usual porkistaniðÿ˜‚ðÿ˜‚ðÿ˜‚,ye insan ik chaaal haaa dostoo .........zra smj k chliye gaa...sb jaanty hn qadyaani kaafir hn ......ye sb k sentiments gain kr rhaa haa......bad me ye apna chehra dikhiye gaaa fasad kii shkal me.....in chaaalo sy hosyar rhy baseerat paida kry sb apny andr.. shukria...,hindu sirf gooli ki zuban smjta ha,another endian hijra coward hindu terrorist army soldier dispatched to shamshangarh by pakistan army i want more endian hindu terrorist dead so keep it up pakistan,hahahaha yeh jesy bachy hn jo nai nai nai
class2_batch001_sample010068,1,10068,2,Religious Hate,211068,215068,v3_original_demo_boundary_prompt,4-shot random authentic same-class,Shortlisted authentic RUHSOLD Religious Hate examples,118,kabi bi nai jo sakta ya shia log pora ka pora yahodi hn,kisi randi maa ki olad ap ki hindu aurtain jab pooja karti hn tab wo bagwan ka lund mounh me b leti hn?,kitane maulviyon ne tumhari ammi jaan ka halala kiya hoga tab jakar tum jaisa suar nikla hoga .. ye bhi to bta re mulle..,another endian hijra coward hindu terrorist army soldier dispatched to shamshangarh by pakistan army i want more endian hindu terrorist dead so keep it up pakistan,aur kesi galiyan diye huye thi koi?
class2_batch001_sample010069,1,10069,2,Religious Hate,211069,215069,v3_original_demo_boundary_prompt,4-shot random authentic same-class,Shortlisted authentic RUHSOLD Religious Hate examples,118,ye lode teri maa or bahan ke shohar hai or jyada bolega to de denge teri maa or bahan ko hum denge talaq or fir halala wow kya baat hai mullo wow lund chuss lo ðÿ˜œðÿ˜œðÿ˜œðÿ˜œ,hey are fighting amongst each other. #bajwa is compromise candidate. thats only reason why he a ahmadiya is a coas.,"obviously we muslims hate ahmedi's . 😡 we don't care whatever happens to them ! we just hate them. if their is oppression over other minorities in pakistan which is not usual alhamdolillah, then i condemn that.",oy ahmdi kuty. tum log smjhty ho k is trah kr k hm awam ko pagl bnao gy?? beta bajwa ne tere jeso ko nanga nachana he sbr kr. kahi ni ja rha hmara army chief. tum logo ne agly 3 sal me ye duniya hi chor jani bajwa k dar se. ye army chief nahi pakistan ka muhafiz he.,haye akhir tu ajit apni maa ko bacha na kro or apni behno ko
class2_batch001_sample010070,1,10070,2,Religious Hate,211070,215070,v3_original_demo_boundary_prompt,4-shot random authentic same-class,Shortlisted authentic RUHSOLD Religious Hate examples,118,sali muslims randi. jihadi sali,plz sir hamy in say koi khtra nahi hamy is imran khan yahodi our kadiyanion say bachny pay gor karen pak army tayri azmat ko salam,uff pakiza muslim randi 😉😍,"afghanio ne tme hindu se bachaya,randi k aulaad tareekh paro tm wo ganda khoon ho,jo siko aour hindu ki rape se paida woe ho,tme kalima tho sikaya afghano ne,magar tmari gandi dna wai ranjeet sing wali a,randi k aulaad tm ne kah pana di,am pashtono ne di,apnay bio ko hera mandi",apnay janab per mohabbat nhi ati???
class2_batch001_sample010071,1,10071,2,Religious Hate,211071,215071,v3_original_demo_boundary_prompt,4-shot random authentic same-class,Shortlisted authentic RUHSOLD Religious Hate examples,118,yes they are involved in bomb blast... halala and bakrigiri,"just the ten thousandth ""isolated"" instance of christian /jewish/hindu/ahmedi places of worship being attacked by crybabies who themselves can't handle some nutcase burning a book full of fiction stories.","rt : q. woh kaun si qome he,jis ne such bhi bola phr bhi jahnum mein jayegi? ans: yahoodi or nasara qome. shahid sindh",please don't share his obnoxious face to me. below is the image of the book rohani khzain from ahmedi's official website see what your evil messiah has declared god but you had said you have read the books of mirza and accepted him mehdi may god give you hidyath,rt : jahil hai tu islamiya maryam ko ghatia kahta hai
class2_batch001_sample010072,1,10072,2,Religious Hate,211072,215072,v3_original_demo_boundary_prompt,4-shot random authentic same-class,Shortlisted authentic RUHSOLD Religious Hate examples,118,kitane maulviyon ne tumhari ammi jaan ka halala kiya hoga tab jakar tum jaisa suar nikla hoga .. ye bhi to bta re mulle..,oy ahmdi kuty. tum log smjhty ho k is trah kr k hm awam ko pagl bnao gy?? beta bajwa ne tere jeso ko nanga nachana he sbr kr. kahi ni ja rha hmara army chief. tum logo ne agly 3 sal me ye duniya hi chor jani bajwa k dar se. ye army chief nahi pakistan ka muhafiz he.,bosdk yeh tumhare ghar me hota hai. saari k blouse me mote mote doodh dikhati firti hain tumhare dharam ki orate or hindu orat ko musalman ka l#nd aachaa lagta hai. yeh baat puri dunia janti hai,is cult  mein kisi boht hi pyare ko kho dene k baad uski qaber pe phool rakhna b jurm hai west mein qaberisat se phool chura k un ko sale kr k ahmdi chanda dia karte hain takey ragister se naam na kut jaye,bhenchod kya samjhega inko?
class2_batch001_sample010073,1,10073,2,Religious Hate,211073,215073,v3_original_demo_boundary_prompt,4-shot random authentic same-class,Shortlisted authentic RUHSOLD Religious Hate examples,118,"just the ten thousandth ""isolated"" instance of christian /jewish/hindu/ahmedi places of worship being attacked by crybabies who themselves can't handle some nutcase burning a book full of fiction stories.",halala ki padayish ho aap aur kya expect karenge hum aapse,abe halala ki paidaish..  tumhara to wajood hi 800 years purana hai..  jab bhagwan ram ko kagaj dikhane ki jarurat par gayi to tum kaun ho.. kagaj to dikhana hi parega.. #nrc_caa_npr,kabi bi nai jo sakta ya shia log pora ka pora yahodi hn,apne samjhao wo qadiyani nhi h..  ye to tere saath mohammed aur ibna e karim ka baap bhe h
class2_batch001_sample010074,1,10074,2,Religious Hate,211074,215074,v3_original_demo_boundary_prompt,4-shot random authentic same-class,Shortlisted authentic RUHSOLD Religious Hate examples,118,bosdk yeh tumhare ghar me hota hai. saari k blouse me mote mote doodh dikhati firti hain tumhare dharam ki orate or hindu orat ko musalman ka l#nd aachaa lagta hai. yeh baat puri dunia janti hai,oeyy randdii k bachay ganddu hindu.. kyun jhoott baq raha hai gashti maa k ganndduu bachay. peshaab p k palnay wali qoum.,kabi bi nai jo sakta ya shia log pora ka pora yahodi hn,yahoodi kabhi hamara dost nhi ho sakta,ye baat dekho apni behno ko chup krna padega ab
class2_batch001_sample010075,1,10075,2,Religious Hate,211075,215075,v3_original_demo_boundary_prompt,4-shot random authentic same-class,Shortlisted authentic RUHSOLD Religious Hate examples,118,"not surprised comment came from ahmedi. tbh, i won't be surprised when some christians will argue that they r included in muslim category too. just bcoz they believe there is only one god.",bus ya aur tafseel bataao  ahmdi aurtain beach pe bikini b pehnti hain  jalse aur ijlaas pe burqa b boht hai 🤫,tmri taraj animals ki potty n khate... tm jaake  bomb fodo jaake.......halala ke masala.  niklo.. yaha tm atankiyo k liy jagah ni h bhai. yaha atank n failaooo,"surprise!  surprise!  majority of the muslims are at just in different levels of ""usman khan"" ranging from mild to extreme (except ahmadiya may be, but they are not ""real muslims"")  that's from a person living in a country with 95% muslim    https://t.co/hq35u2xrrk,2009-05-25 17:25:26,sydney, new south wales",yahan hi ahmadiya muslim ka laga hua haad 😂
class2_batch001_sample010076,1,10076,2,Religious Hate,211076,215076,v3_original_demo_boundary_prompt,4-shot random authentic same-class,Shortlisted authentic RUHSOLD Religious Hate examples,118,yahoodi kabhi hamara dost nhi ho sakta,lul bukhari ye tum nahe tumaray yahoodi or hindu thuku bol rahay hain jin ko army sey bahot hi zeda takleef hai...🖕,tmri taraj animals ki potty n khate... tm jaake  bomb fodo jaake.......halala ke masala.  niklo.. yaha tm atankiyo k liy jagah ni h bhai. yaha atank n failaooo,sale halala molvi se tum karvao apni oorto ka or apni ma bahan ka bol heme rhe ho molvi kamre m apni bahan ko bej kar sina choda hota hoga tumhara,bharwe randi k bachy tujhy pata hai to tu koi gandgiya kuch bhi nhi krti
class2_batch001_sample010077,1,10077,2,Religious Hate,211077,215077,v3_original_demo_boundary_prompt,4-shot random authentic same-class,Shortlisted authentic RUHSOLD Religious Hate examples,118,hindu sirf gooli ki zuban smjta ha,that nigga was yahoodi he probably lied to all the employees,1 balatkari muslim 3 balatkari tera baap hindu h uske bare m kuch bol  be,please sell up you yahoodi bastards,teri maa ka yaar bhai h kisi jahil ko pata nahin aur galiyan dain gi ab
class2_batch001_sample010078,1,10078,2,Religious Hate,211078,215078,v3_original_demo_boundary_prompt,4-shot random authentic same-class,Shortlisted authentic RUHSOLD Religious Hate examples,118,"hogai izzat? mera jism meri marzi jc ghaleez or ghatiya terminologies hamare muslim muashrey me dene ki koshish me aapki so-called,vahiyat or ikhlaq se giri support ko khud ne hi reject kardiya.  apne yahoodi gods ko khush krne k liey kuch or karien",yahoodi kabhi hamara dost nhi ho sakta,get lost you kaafir.,aye yahudiyo jitna zulm karna hai kar lo in sha allah woh din bhi zaroor aayega ke tumhe chun chun ke maara jayega yahan tak ke tum darakht ya pattharoñ ke piche chhup jaoge to bejan chizen bhi kahengi yahan yahoodi chhupa hai.hadees ka farman hai ho kar rahega #israeliterrorism,israel se tere baap ne tu jesa ghafoora saazish ki thi jinko teri behn beti se molana ke saath aaj aata hai aur teri behno ko molana ke paas atankwaad aur zul
class2_batch001_sample010079,1,10079,2,Religious Hate,211079,215079,v3_original_demo_boundary_prompt,4-shot random authentic same-class,Shortlisted authentic RUHSOLD Religious Hate examples,118,kaafir tujhe kuch nai malum,#stopisraeliterror   yahoodi mulk jisey israel ka naam diya gaya najaiz hai yahoodi sabse bada dahshatgard,sale halala molvi se tum karvao apni oorto ka or apni ma bahan ka bol heme rhe ho molvi kamre m apni bahan ko bej kar sina choda hota hoga tumhara,ho gaye hy aur han aj jo ye sekhon k liye kar raha hy ye whoi sekh hy jub pakistan azad howa tha aur muslmano ne jub india sa hijrat ki tub sub zada qatal muslim ko in sekhon ne kiya tha par afsos ap jesy log is yahodi e agent ko ek islami leader mante ho phir kasm khao k allah,abe teri maa chodunga tu
class2_batch001_sample010080,1,10080,2,Religious Hate,211080,215080,v3_original_demo_boundary_prompt,4-shot random authentic same-class,Shortlisted authentic RUHSOLD Religious Hate examples,118,sale halala molvi se tum karvao apni oorto ka or apni ma bahan ka bol heme rhe ho molvi kamre m apni bahan ko bej kar sina choda hota hoga tumhara,kadiyani kafir thay hain aur hamesha harain gay. ye dajjali fitnay ki ek kari hain. aur inkay supporters hum main bhe jo chupay howay hain wo bhe khanzeer kafir he hain. lannat beshomar kadiyanio pr.,"tum vahi karo jo aata hai ,namaz or bakri chudai",chutiya azam ny kia kia ha ab tk sawa saal mein sirf 11600 arab ka izfa qarzoun mein kia or kuch nhi badlo apni soch ko yahodi na bano or ek muslim ki tarh socho,paisy ni dekhna chahte hain phle halala krwa lo
class2_batch001_sample010081,1,10081,2,Religious Hate,211081,215081,v3_original_demo_boundary_prompt,4-shot random authentic same-class,Shortlisted authentic RUHSOLD Religious Hate examples,118,"ye manhoos hinduon ki diwali k chakkar mai har jaga ki aur quality kharab hogai, bharwe",iran shia mulk ha or ye munafik log han,tum log yahoodi ho kisi ko shuck nahi hona chaheye bus kafi hogae musalmanon ko aur dhoka na dou👹,lant hy teri aagli pecchli tweet pe or tum pe or qadyanion pe or kuch ?,rt : #shukla_or_goli_maar_dala aurat ko gadhein dekh raha tha mujhe
class2_batch001_sample010082,1,10082,2,Religious Hate,211082,215082,v3_original_demo_boundary_prompt,4-shot random authentic same-class,Shortlisted authentic RUHSOLD Religious Hate examples,118,"abbey halala ki paidaish, 5 baap ki aulaad. patthar baazi ke alawa kuchh kaam kara kabhi teri kaum ne ?",yahodi agent qadyani chamcha,get lost you kaafir.,ho gaye hy aur han aj jo ye sekhon k liye kar raha hy ye whoi sekh hy jub pakistan azad howa tha aur muslmano ne jub india sa hijrat ki tub sub zada qatal muslim ko in sekhon ne kiya tha par afsos ap jesy log is yahodi e agent ko ek islami leader mante ho phir kasm khao k allah,rt : bhosari mein 500 saal se gaya hai jb bhi aaj tak gandi mohalle wali kuttiya nikli nahei uski amma ko ganda karo tu
class2_batch001_sample010083,1,10083,2,Religious Hate,211083,215083,v3_original_demo_boundary_prompt,4-shot random authentic same-class,Shortlisted authentic RUHSOLD Religious Hate examples,118,hey are fighting amongst each other. #bajwa is compromise candidate. thats only reason why he a ahmadiya is a coas.,"ye manhoos hinduon ki diwali k chakkar mai har jaga ki aur quality kharab hogai, bharwe","abbey halala ki paidaish, 5 baap ki aulaad. patthar baazi ke alawa kuchh kaam kara kabhi teri kaum ne ?",kadiyani kafir thay hain aur hamesha harain gay. ye dajjali fitnay ki ek kari hain. aur inkay supporters hum main bhe jo chupay howay hain wo bhe khanzeer kafir he hain. lannat beshomar kadiyanio pr.,tum logon ko koi zinda na ho uss waja se bahut bara gham ho ga😌
class2_batch001_sample010084,1,10084,2,Religious Hate,211084,215084,v3_original_demo_boundary_prompt,4-shot random authentic same-class,Shortlisted authentic RUHSOLD Religious Hate examples,118,hindu dharm ka matlab samajh pehle puppet khali bhaunk aur bhaunk iam enjoying ur bark 😂😂😂😂,ye bat tum yahoodi ko bolo atankwadi tum ho jo musalman se nafrat ki aag me insaniyat ke sabse bade dushman yahoodi ko support karte ho ye log to face to face mara hai unlog chote bache ka upar bom feka kisi aurat ya admi bacha ko goli mar diya wi bhi waha ke civilian hi hai,phir kehty hum bhot badry #muslim hn aur #ashaq_e_rasool sawm hain lanat hai un sab #haramio py jinho ny bibi fatima zahra ko shahheed kia aur #haq khaya 🖐🏻😡🐕 aur lanat un sab py jo un #haramio ky hamdard hain,poocho hamarai imam sai kai quran mein kaha likha huwa hain aisai ye sirf yahodi khanzeer logo ki chaal hainmuslims ko badnaam karkai liye  zara socho na tumharai hinduism ko badnaam kyun nahen kartai islam kai peechai kyun parai huwai hain zara dimagh ko khol kai socho,allah subhanaw taala khud apny muhabbat kay lye tumary baap ka mohabbat karta tha us waqt tumary baap ne tumary abba say daray ga
class2_batch001_sample010085,1,10085,2,Religious Hate,211085,215085,v3_original_demo_boundary_prompt,4-shot random authentic same-class,Shortlisted authentic RUHSOLD Religious Hate examples,118,lanat abbtknews k khilaf trend bnane walye yazeedion pe r bibi k dushmano p bhi,please all muslims come one page and unite  insha allah   yahoodi isreal finished all,kitane maulviyon ne tumhari ammi jaan ka halala kiya hoga tab jakar tum jaisa suar nikla hoga .. ye bhi to bta re mulle..,"waise madarso mein bahut achhi taaleem di jaati hai tum jihadi hijdo ko, asar dikh rha hai yahan, khud toh khud ki bhen chodte hi ho aur dusro ko bhi bhenchod samajhte ho.",tumhein aise baat yaad ho ke gandu hindustani na he bana hua hai
class2_batch001_sample010086,1,10086,2,Religious Hate,211086,215086,v3_original_demo_boundary_prompt,4-shot random authentic same-class,Shortlisted authentic RUHSOLD Religious Hate examples,118,o madadarchod: tum tu farigh ho aur yeh gashti tu waisay he sari raat jagti hay. o dallay o kanjar hum tu iran jatay hotay hain tu bata apni behan kitni baar mbs aur us kay wahabi sheikhon ko bhaijta hay.,q teri bhen ko chuda hy dewbandion ny ..harami ki nasal,ye bat tum yahoodi ko bolo atankwadi tum ho jo musalman se nafrat ki aag me insaniyat ke sabse bade dushman yahoodi ko support karte ho ye log to face to face mara hai unlog chote bache ka upar bom feka kisi aurat ya admi bacha ko goli mar diya wi bhi waha ke civilian hi hai,quaid azam was right ky hindu muslim kabhi sth nhi rhy sgty aaj hindu apni hasli shakl dekha rhy hn. agar kisi muslim ny aisa kia hota to india media ki maa mar gi hoti pr ab nhi boly gy. aagy ka ky yehi bol dn gy ky mentally disturb tha or case khtm .#jamia,hamary psl ka schedule banana chahte hain..😜💔
class2_batch001_sample010087,1,10087,2,Religious Hate,211087,215087,v3_original_demo_boundary_prompt,4-shot random authentic same-class,Shortlisted authentic RUHSOLD Religious Hate examples,118,"tum vahi karo jo aata hai ,namaz or bakri chudai","ye manhoos hinduon ki diwali k chakkar mai har jaga ki aur quality kharab hogai, bharwe",wow halala's product on fire as usual porkistaniðÿ˜‚ðÿ˜‚ðÿ˜‚,chhor bhen chod hrami hindu chhor esko😠😠😠,yar chhup kar na kia.
class2_batch001_sample010088,1,10088,2,Religious Hate,211088,215088,v3_original_demo_boundary_prompt,4-shot random authentic same-class,Shortlisted authentic RUHSOLD Religious Hate examples,118,"waise madarso mein bahut achhi taaleem di jaati hai tum jihadi hijdo ko, asar dikh rha hai yahan, khud toh khud ki bhen chodte hi ho aur dusro ko bhi bhenchod samajhte ho.",sirf momin aya to yahoodi kum nasal marny laggaye agr sawa crore momin agaye to sochen kya hoga?hamen jagna hoga,sale halala molvi se tum karvao apni oorto ka or apni ma bahan ka bol heme rhe ho molvi kamre m apni bahan ko bej kar sina choda hota hoga tumhara,1 balatkari muslim 3 balatkari tera baap hindu h uske bare m kuch bol  be,"ye nawaz sharif hain kabhi toh pakistan mein ghar walo ne pakistani jamaat e islami ne chaliye hue hain, ye harami jahaal hain"
class2_batch001_sample010089,1,10089,2,Religious Hate,211089,215089,v3_original_demo_boundary_prompt,4-shot random authentic same-class,Shortlisted authentic RUHSOLD Religious Hate examples,118,aye yahudiyo jitna zulm karna hai kar lo in sha allah woh din bhi zaroor aayega ke tumhe chun chun ke maara jayega yahan tak ke tum darakht ya pattharoñ ke piche chhup jaoge to bejan chizen bhi kahengi yahan yahoodi chhupa hai.hadees ka farman hai ho kar rahega #israeliterrorism,kitane maulviyon ne tumhari ammi jaan ka halala kiya hoga tab jakar tum jaisa suar nikla hoga .. ye bhi to bta re mulle..,tumhri maa kk chodu sale apni maa ko chod ke paida hone wale randi ki aulad sale apni behan ko biwi bana ke rkhne wale muhammad ki nazayaj aulad,benchod randi  islam,aye yahoodio jitna zulm karna hai kar lo in shaa allah woh din bhi zaroor ayega ke tumhe chun chun ke maraya jayega
class2_batch001_sample010090,1,10090,2,Religious Hate,211090,215090,v3_original_demo_boundary_prompt,4-shot random authentic same-class,Shortlisted authentic RUHSOLD Religious Hate examples,118,ho gaye hy aur han aj jo ye sekhon k liye kar raha hy ye whoi sekh hy jub pakistan azad howa tha aur muslmano ne jub india sa hijrat ki tub sub zada qatal muslim ko in sekhon ne kiya tha par afsos ap jesy log is yahodi e agent ko ek islami leader mante ho phir kasm khao k allah,"path of cruelty , path of violence, path of halala , path of tripe talaq, path of marrying 6 years old aisha,path to discipline their wives by beating them,path of hurun,path of apostasy,path of punishable apostasy, path of beheading. what a pissful religion izlam is ðÿ‘","abbey halala ki paidaish, 5 baap ki aulaad. patthar baazi ke alawa kuchh kaam kara kabhi teri kaum ne ?","insaniyat ko bache rahne do, jis mazhab me janwar ka gala ret ke khushi banti hai, jis mazhab me soorma logo ko 72 virgin ladkiya baati jaati, jo duniya pe kabze ke sapne dekhta ho us mazhab se duuri banane me hi insaniyat ki bhalayi hai.",#jnuviolence : why don't you understand? because you're a muslim
class2_batch001_sample010091,1,10091,2,Religious Hate,211091,215091,v3_original_demo_boundary_prompt,4-shot random authentic same-class,Shortlisted authentic RUHSOLD Religious Hate examples,118,tum log yahoodi ho kisi ko shuck nahi hona chaheye bus kafi hogae musalmanon ko aur dhoka na dou👹,lant hy teri aagli pecchli tweet pe or tum pe or qadyanion pe or kuch ?,typical muslim randi-rona taqia.,oeyy randdii k bachay ganddu hindu.. kyun jhoott baq raha hai gashti maa k ganndduu bachay. peshaab p k palnay wali qoum.,chup randi
class2_batch001_sample010092,1,10092,2,Religious Hate,211092,215092,v3_original_demo_boundary_prompt,4-shot random authentic same-class,Shortlisted authentic RUHSOLD Religious Hate examples,118,lul bukhari ye tum nahe tumaray yahoodi or hindu thuku bol rahay hain jin ko army sey bahot hi zeda takleef hai...🖕,qadiani ahmedi mirziee kaafir jo hen,iran shia mulk ha or ye munafik log han,qadiyani pe lanat mirza khinzeer harami pe lanat.,nashai aurat
class2_batch001_sample010093,1,10093,2,Religious Hate,211093,215093,v3_original_demo_boundary_prompt,4-shot random authentic same-class,Shortlisted authentic RUHSOLD Religious Hate examples,118,qadiyani pe lanat mirza khinzeer harami pe lanat.,ahmdi is a non muslim biggest cheap religion ahmdi.,tumri ma buhat hanzir hy jis ne tum jaise  yahodi kafir rhandi hanzir aurat ko paida kiya,"not surprised comment came from ahmedi. tbh, i won't be surprised when some christians will argue that they r included in muslim category too. just bcoz they believe there is only one god.",rt :   allah ka hukum ho  ahmadiya muslims
class2_batch001_sample010094,1,10094,2,Religious Hate,211094,215094,v3_original_demo_boundary_prompt,4-shot random authentic same-class,Shortlisted authentic RUHSOLD Religious Hate examples,118,"insaniyat ko bache rahne do, jis mazhab me janwar ka gala ret ke khushi banti hai, jis mazhab me soorma logo ko 72 virgin ladkiya baati jaati, jo duniya pe kabze ke sapne dekhta ho us mazhab se duuri banane me hi insaniyat ki bhalayi hai.",jaa bhen k lory tum harrami ki nasal ho.. dewband maslak pe kutty ki tareh bhoonkty ho..,please sell up you yahoodi bastards,sunni killing a shia....what's new?  thank god he wasn't a ahmedi muslim otherwise the motive would have been to acquire a passport to migrate to western countries and continue their islamic jihadi work after retirement,iska bhi naam sach chupaya nikli thi
class2_batch001_sample010095,1,10095,2,Religious Hate,211095,215095,v3_original_demo_boundary_prompt,4-shot random authentic same-class,Shortlisted authentic RUHSOLD Religious Hate examples,118,phir in yahodi khanzeer logo ko pata chalaiga kai kia ta aur kia nahen ye sirf dajjal kai liye aisa kar rahai hain kyunkai ye yahodi log khazeer log dajjal ko apna leader samjhtai hain aur tumhara pura bollywood bollyminati ban chuka hain tumharai dimagh ko programming ki ja rah,pehle apni aurto ko halala se bachao ye bhi modi kar raha hai. agar sahi tum logo ka dna kiya jaye to pata nhi baap kon niklega,poocho hamarai imam sai kai quran mein kaha likha huwa hain aisai ye sirf yahodi khanzeer logo ki chaal hainmuslims ko badnaam karkai liye  zara socho na tumharai hinduism ko badnaam kyun nahen kartai islam kai peechai kyun parai huwai hain zara dimagh ko khol kai socho,get lost you kaafir.,abey tujhe goli marne di hui thi lekin ek lode tere sath tha
class2_batch001_sample010096,1,10096,2,Religious Hate,211096,215096,v3_original_demo_boundary_prompt,4-shot random authentic same-class,Shortlisted authentic RUHSOLD Religious Hate examples,118,sali muslims randi. jihadi sali,iran shia mulk ha or ye munafik log han,aor hamary hkmran in k sath mily huy en ....yahudi aor hindun hmary sb sy bry dushman en,pehle apni aurto ko halala se bachao ye bhi modi kar raha hai. agar sahi tum logo ka dna kiya jaye to pata nhi baap kon niklega,yeh pta nae chaly to apke pasoos logon ne acha kha laga dia ha.
class2_batch001_sample010097,1,10097,2,Religious Hate,211097,215097,v3_original_demo_boundary_prompt,4-shot random authentic same-class,Shortlisted authentic RUHSOLD Religious Hate examples,118,#stopisraeliterror   yahoodi mulk jisey israel ka naam diya gaya najaiz hai yahoodi sabse bada dahshatgard,lul bukhari ye tum nahe tumaray yahoodi or hindu thuku bol rahay hain jin ko army sey bahot hi zeda takleef hai...🖕,"not surprised comment came from ahmedi. tbh, i won't be surprised when some christians will argue that they r included in muslim category too. just bcoz they believe there is only one god.",#khuda ki qasam agar mey hota tu zinda nahe bach sakta ta muj sey ye beghairat kafir yahoodi.,haan saale ab chalte ho yeh koi baat nahi.. 😂😂😂😂😂
class2_batch001_sample010098,1,10098,2,Religious Hate,211098,215098,v3_original_demo_boundary_prompt,4-shot random authentic same-class,Shortlisted authentic RUHSOLD Religious Hate examples,118,apne profile mein whats app me fb twitter mein is bahadur nojawaan ki pic lga kr islam se or nabi ke din se mhbt ka izhaar kren or itna share kren ek yahoodi apne na pak iradoon se baaz ajaye is shakhs ne quraan pak ki hifazahat mein ek bhtareen mhbt ka jita jagta sabot dia hai,chhor bhen chod hrami hindu chhor esko😠😠😠,dekh le madarch*d islam ka nanga naach..babri par fate hue bawaseer ki tarah bhaunk raha tha na..us par bhi ab apne manhoos muh se kuch hag de..blood cousins ke incest ki paidaish,but we have a firm belief now that qadiyani and ahmedi neither want muslims nor pakistanis to live in a harmony,apni ammi ko zindagi ki yaqeen do
class2_batch001_sample010099,1,10099,2,Religious Hate,211099,215099,v3_original_demo_boundary_prompt,4-shot random authentic same-class,Shortlisted authentic RUHSOLD Religious Hate examples,118,kisi randi maa ki olad ap ki hindu aurtain jab pooja karti hn tab wo bagwan ka lund mounh me b leti hn?,aye yahudiyo jitna zulm karna hai kar lo in sha allah woh din bhi zaroor aayega ke tumhe chun chun ke maara jayega yahan tak ke tum darakht ya pattharoñ ke piche chhup jaoge to bejan chizen bhi kahengi yahan yahoodi chhupa hai.hadees ka farman hai ho kar rahega #israeliterrorism,sale halala molvi se tum karvao apni oorto ka or apni ma bahan ka bol heme rhe ho molvi kamre m apni bahan ko bej kar sina choda hota hoga tumhara,teri maa ka halala kra rha tha koi problem madarjat bhosdike mulle,teri maa ki phudi mein ye gand se akhrot nikla
class2_batch001_sample010100,1,10100,2,Religious Hate,211100,215100,v3_original_demo_boundary_prompt,4-shot random authentic same-class,Shortlisted authentic RUHSOLD Religious Hate examples,118,shia kaafir hai aur hum naam k musalmaan.,pislam me media ka estemal kerna haram hai  halala ki paidais,teri maa ka halala kra rha tha koi problem madarjat bhosdike mulle,aor hamary hkmran in k sath mily huy en ....yahudi aor hindun hmary sb sy bry dushman en,yahodi qadiyani aur ahmedi sahibon ko bhi hamari batain na samajhna chayyeen.
class2_batch001_sample010101,1,10101,2,Religious Hate,211101,215101,v3_original_demo_boundary_prompt,4-shot random authentic same-class,Shortlisted authentic RUHSOLD Religious Hate examples,118,but we have a firm belief now that qadiyani and ahmedi neither want muslims nor pakistanis to live in a harmony,pislam me media ka estemal kerna haram hai  halala ki paidais,kabi bi nai jo sakta ya shia log pora ka pora yahodi hn,"afghanio ne tme hindu se bachaya,randi k aulaad tareekh paro tm wo ganda khoon ho,jo siko aour hindu ki rape se paida woe ho,tme kalima tho sikaya afghano ne,magar tmari gandi dna wai ranjeet sing wali a,randi k aulaad tm ne kah pana di,am pashtono ne di,apnay bio ko hera mandi",tu randi k bache teri ammi ka bhosda ha
class2_batch001_sample010102,1,10102,2,Religious Hate,211102,215102,v3_original_demo_boundary_prompt,4-shot random authentic same-class,Shortlisted authentic RUHSOLD Religious Hate examples,118,hindoo wo qom ha jinper koi nabi koi kitaab nazil nahi hoi. ye to yahoodi se bhi bad tar hen,benchod randi  islam,q teri bhen ko chuda hy dewbandion ny ..harami ki nasal,"how did an ahmadiya get to the top in the army of sunnis, in the first place?",halala ki pedawar khanum sahiba kahan se uthai thi
class2_batch001_sample010103,1,10103,2,Religious Hate,211103,215103,v3_original_demo_boundary_prompt,4-shot random authentic same-class,Shortlisted authentic RUHSOLD Religious Hate examples,118,oy ahmdi kuty. tum log smjhty ho k is trah kr k hm awam ko pagl bnao gy?? beta bajwa ne tere jeso ko nanga nachana he sbr kr. kahi ni ja rha hmara army chief. tum logo ne agly 3 sal me ye duniya hi chor jani bajwa k dar se. ye army chief nahi pakistan ka muhafiz he.,aor hamary hkmran in k sath mily huy en ....yahudi aor hindun hmary sb sy bry dushman en,lant hy teri aagli pecchli tweet pe or tum pe or qadyanion pe or kuch ?,qadiani ahmedi mirziee kaafir jo hen,kuttiyo ki nasal khanzeer
class2_batch001_sample010104,1,10104,2,Religious Hate,211104,215104,v3_original_demo_boundary_prompt,4-shot random authentic same-class,Shortlisted authentic RUHSOLD Religious Hate examples,118,abe bharwe tum hindu hi duniya k sub se bara atankwaz ho haramiyon bt krte ho hamare age tumhari country me hindu k elawa koi safe nhi he  tumhari country ka name isi liye  lynchistan he  isi king all the world,yahoodi kabhi hamara dost nhi ho sakta,"gau mutr peeyo tum log lodu awkat bna phir aake muh lag, randwa saala",chal fosdi ke mohammad kabile wale ki halala ki aulad,hm sab ko pata chlty hai tum logo ne apne leader ko jo qadiyanion ki beti ko chod diya tha wo nabi (saw) k qabil nahi aur gandu bhenchod khanzeer log
class2_batch001_sample010105,1,10105,2,Religious Hate,211105,215105,v3_original_demo_boundary_prompt,4-shot random authentic same-class,Shortlisted authentic RUHSOLD Religious Hate examples,118,qadiyani pe lanat mirza khinzeer harami pe lanat.,"path of cruelty , path of violence, path of halala , path of tripe talaq, path of marrying 6 years old aisha,path to discipline their wives by beating them,path of hurun,path of apostasy,path of punishable apostasy, path of beheading. what a pissful religion izlam is ðÿ‘",phir in yahodi khanzeer logo ko pata chalaiga kai kia ta aur kia nahen ye sirf dajjal kai liye aisa kar rahai hain kyunkai ye yahodi log khazeer log dajjal ko apna leader samjhtai hain aur tumhara pura bollywood bollyminati ban chuka hain tumharai dimagh ko programming ki ja rah,#stopisraeliterror   yahoodi mulk jisey israel ka naam diya gaya najaiz hai yahoodi sabse bada dahshatgard,han allah khud hamesha muslimon ko haqqoq dega
class2_batch001_sample010106,1,10106,2,Religious Hate,211106,215106,v3_original_demo_boundary_prompt,4-shot random authentic same-class,Shortlisted authentic RUHSOLD Religious Hate examples,118,in beghairto israel yahodi khanzeer kai bacho nai kia kuch nahen kia hain lekhin alhamdulillah islam wahid deen jo mohabbat sikhati hain nakai nafrat aur ye sab sai tezi sai phelta huwa deen hain is liye inko jalan ho rahi hain aur har koshish kar bhe chukai hain aur kar bhe,"malala the product of halala pehle burke se, halala se, bacche paida kerne se or gulami ki jindgi se to azadi lelo hindustaan se azadi to tumhare kukarm tumhe dilwa hi denge. kyuki terrorism failaoge to lat mar ke desh se bhagae jaoge. i am with my country and support caa, nrcðÿ˜‰.",madarchod muslaman ki kaum madarchod saalo ka imaan nahi hai bheno ko chod te hai bhen ke lode harmazaade uskiye apni  maa ki chut bhi chodta hoga aur chuswata hoga logo se saare musalamaan raand ki olad islam ki maa ki chut,ye lode teri maa or bahan ke shohar hai or jyada bolega to de denge teri maa or bahan ko hum denge talaq or fir halala wow kya baat hai mullo wow lund chuss lo ðÿ˜œðÿ˜œðÿ˜œðÿ˜œ,teri maa ki phudi jaisi chut hai tum logon k
class2_batch001_sample010107,1,10107,2,Religious Hate,211107,215107,v3_original_demo_boundary_prompt,4-shot random authentic same-class,Shortlisted authentic RUHSOLD Religious Hate examples,118,abe mc mein bheju teri maa cow ka photo kat te hue bc. chod teri tarah andhbhakt nhi hu aur nhi illiterate.. go and drink cow piss.,kabi bi nai jo sakta ya shia log pora ka pora yahodi hn,pehle apni aurto ko halala se bachao ye bhi modi kar raha hai. agar sahi tum logo ka dna kiya jaye to pata nhi baap kon niklega,yes they are involved in bomb blast... halala and bakrigiri,gharwale tumhara ghar mein hi qandeel baloch ke baad tera beta bacha ho gay
class2_batch001_sample010108,1,10108,2,Religious Hate,211108,215108,v3_original_demo_boundary_prompt,4-shot random authentic same-class,Shortlisted authentic RUHSOLD Religious Hate examples,118,"just the ten thousandth ""isolated"" instance of christian /jewish/hindu/ahmedi places of worship being attacked by crybabies who themselves can't handle some nutcase burning a book full of fiction stories.",hindu dharm ka matlab samajh pehle puppet khali bhaunk aur bhaunk iam enjoying ur bark 😂😂😂😂,apne profile mein whats app me fb twitter mein is bahadur nojawaan ki pic lga kr islam se or nabi ke din se mhbt ka izhaar kren or itna share kren ek yahoodi apne na pak iradoon se baaz ajaye is shakhs ne quraan pak ki hifazahat mein ek bhtareen mhbt ka jita jagta sabot dia hai,"pta nhi kon si uni se graduate hote ho aap log jnha aesi wahiyat education di jati hðÿ˜‚ðÿ˜‚ðÿ˜‚ halala, gazwa-e-hind, camel urine or pta nhi kya kyaðÿ˜‚ðÿ˜‚ðÿ˜‚ðÿ¤£ðÿ¤£ðÿ¤£ðÿ¤£ðÿ‘ðÿ»",han to ab bhaunk raha tha wo
class2_batch001_sample010109,1,10109,2,Religious Hate,211109,215109,v3_original_demo_boundary_prompt,4-shot random authentic same-class,Shortlisted authentic RUHSOLD Religious Hate examples,118,#stopisraeliterror   yahoodi mulk jisey israel ka naam diya gaya najaiz hai yahoodi sabse bada dahshatgard,"rt : q. woh kaun si qome he,jis ne such bhi bola phr bhi jahnum mein jayegi? ans: yahoodi or nasara qome. shahid sindh",kutto ki tarah america maar raha hai tumhari kaum ko...aasmani kitab walo...israel roj filistin may maa chod raha hai tumhari.... pahle unse nipto....dare hue log😂😂,"pta nhi kon si uni se graduate hote ho aap log jnha aesi wahiyat education di jati hðÿ˜‚ðÿ˜‚ðÿ˜‚ halala, gazwa-e-hind, camel urine or pta nhi kya kyaðÿ˜‚ðÿ˜‚ðÿ˜‚ðÿ¤£ðÿ¤£ðÿ¤£ðÿ¤£ðÿ‘ðÿ»",tu jo apni behno ke sath na jae tab bht bura lagta
class2_batch001_sample010110,1,10110,2,Religious Hate,211110,215110,v3_original_demo_boundary_prompt,4-shot random authentic same-class,Shortlisted authentic RUHSOLD Religious Hate examples,118,"ye manhoos hinduon ki diwali k chakkar mai har jaga ki aur quality kharab hogai, bharwe",oeyy randdii k bachay ganddu hindu.. kyun jhoott baq raha hai gashti maa k ganndduu bachay. peshaab p k palnay wali qoum.,kutto ki tarah america maar raha hai tumhari kaum ko...aasmani kitab walo...israel roj filistin may maa chod raha hai tumhari.... pahle unse nipto....dare hue log😂😂,apne profile mein whats app me fb twitter mein is bahadur nojawaan ki pic lga kr islam se or nabi ke din se mhbt ka izhaar kren or itna share kren ek yahoodi apne na pak iradoon se baaz ajaye is shakhs ne quraan pak ki hifazahat mein ek bhtareen mhbt ka jita jagta sabot dia hai,agar tu kia nahi hein teri zindagi mein toh tu abhi tak hi yeh bol raha hai..koi bat nahi kar raha
class2_batch001_sample010111,1,10111,2,Religious Hate,211111,215111,v3_original_demo_boundary_prompt,4-shot random authentic same-class,Shortlisted authentic RUHSOLD Religious Hate examples,118,"tum vahi karo jo aata hai ,namaz or bakri chudai",abe halala ki paidaish..  tumhara to wajood hi 800 years purana hai..  jab bhagwan ram ko kagaj dikhane ki jarurat par gayi to tum kaun ho.. kagaj to dikhana hi parega.. #nrc_caa_npr,or mujhe un ladkiyo se utni hi nafrat hai jo mullo se shadi karti hai jitni kisi normal hindu ko😡 or mujhe hindu ladko se bhi itni hi nafrat hai jo muslim ladkiyo se shadi karte hai... dharam me koi milawat mujhe pasand nahi,sale halala molvi se tum karvao apni oorto ka or apni ma bahan ka bol heme rhe ho molvi kamre m apni bahan ko bej kar sina choda hota hoga tumhara,rt : i am ashamed of my country for being ruled by such idiots
class2_batch001_sample010112,1,10112,2,Religious Hate,211112,215112,v3_original_demo_boundary_prompt,4-shot random authentic same-class,Shortlisted authentic RUHSOLD Religious Hate examples,118,"afghanio ne tme hindu se bachaya,randi k aulaad tareekh paro tm wo ganda khoon ho,jo siko aour hindu ki rape se paida woe ho,tme kalima tho sikaya afghano ne,magar tmari gandi dna wai ranjeet sing wali a,randi k aulaad tm ne kah pana di,am pashtono ne di,apnay bio ko hera mandi",please don't share his obnoxious face to me. below is the image of the book rohani khzain from ahmedi's official website see what your evil messiah has declared god but you had said you have read the books of mirza and accepted him mehdi may god give you hidyath,jahil k bachy kahan likha h k gair mazhb sy nikaah jaiz ha... tmari gand me jo keera ha wo nhi merna... khoty khany waly... yahoodi kahan sy hogaey ahle kitaab ....tm.b yahoodi to nhi,tumri ma buhat hanzir hy jis ne tum jaise  yahodi kafir rhandi hanzir aurat ko paida kiya,sahab ye haraami aulad hai
class2_batch001_sample010113,1,10113,2,Religious Hate,211113,215113,v3_original_demo_boundary_prompt,4-shot random authentic same-class,Shortlisted authentic RUHSOLD Religious Hate examples,118,phir in yahodi khanzeer logo ko pata chalaiga kai kia ta aur kia nahen ye sirf dajjal kai liye aisa kar rahai hain kyunkai ye yahodi log khazeer log dajjal ko apna leader samjhtai hain aur tumhara pura bollywood bollyminati ban chuka hain tumharai dimagh ko programming ki ja rah,hindu sirf gooli ki zuban smjta ha,or wahan tumhara jahanumi ahmedi jo naaowz billah nabi hona ka dawa dar tha wo wo case hara tha or court sa bhag gya tha.nabi pak p.b.u.h allah ka akhri nabi han or on ka bad koi nabi nahi ae ga.ya ak haqeqat ha jo quran ma bhi ha.or 1947 ma pak islam ka name par bana tha.,pislam me media ka estemal kerna haram hai  halala ki paidais,tmhari ammi ka yaar nawaz shareef ne tumhari ammi ko khoon kr dia tha tera baap kha gaya tha.
class2_batch001_sample010114,1,10114,2,Religious Hate,211114,215114,v3_original_demo_boundary_prompt,4-shot random authentic same-class,Shortlisted authentic RUHSOLD Religious Hate examples,118,madarchod muslaman ki kaum madarchod saalo ka imaan nahi hai bheno ko chod te hai bhen ke lode harmazaade uskiye apni  maa ki chut bhi chodta hoga aur chuswata hoga logo se saare musalamaan raand ki olad islam ki maa ki chut,wow halala's product on fire as usual porkistaniðÿ˜‚ðÿ˜‚ðÿ˜‚,but we have a firm belief now that qadiyani and ahmedi neither want muslims nor pakistanis to live in a harmony,haha jaat dikha di bsdk antankbadi halala ki aulaad teri ammi ka halala hua tha phir to randi ke bacheðÿ¤£ðÿ¤£ðÿ˜…,ye kya ghaddar halala ki aukaat hain
class2_batch001_sample010115,1,10115,2,Religious Hate,211115,215115,v3_original_demo_boundary_prompt,4-shot random authentic same-class,Shortlisted authentic RUHSOLD Religious Hate examples,118,"afghanio ne tme hindu se bachaya,randi k aulaad tareekh paro tm wo ganda khoon ho,jo siko aour hindu ki rape se paida woe ho,tme kalima tho sikaya afghano ne,magar tmari gandi dna wai ranjeet sing wali a,randi k aulaad tm ne kah pana di,am pashtono ne di,apnay bio ko hera mandi",jahil k bachy kahan likha h k gair mazhb sy nikaah jaiz ha... tmari gand me jo keera ha wo nhi merna... khoty khany waly... yahoodi kahan sy hogaey ahle kitaab ....tm.b yahoodi to nhi,q teri bhen ko chuda hy dewbandion ny ..harami ki nasal,yahodi agent qadyani chamcha,"tmhra abba nawaz kisi ko nahin dikhany ka waqia dikh raha tha,apni biwi ko dekh lain jisne tumhee marasi ka naam daala"
class2_batch001_sample010116,1,10116,2,Religious Hate,211116,215116,v3_original_demo_boundary_prompt,4-shot random authentic same-class,Shortlisted authentic RUHSOLD Religious Hate examples,118,kisi randi maa ki olad ap ki hindu aurtain jab pooja karti hn tab wo bagwan ka lund mounh me b leti hn?,"insaniyat ko bache rahne do, jis mazhab me janwar ka gala ret ke khushi banti hai, jis mazhab me soorma logo ko 72 virgin ladkiya baati jaati, jo duniya pe kabze ke sapne dekhta ho us mazhab se duuri banane me hi insaniyat ki bhalayi hai.",kabi bi nai jo sakta ya shia log pora ka pora yahodi hn,sunni killing a shia....what's new?  thank god he wasn't a ahmedi muslim otherwise the motive would have been to acquire a passport to migrate to western countries and continue their islamic jihadi work after retirement,bhenchod ye bhi hmari gand se akhrot todne ki zarurat nahi
class2_batch001_sample010117,1,10117,2,Religious Hate,211117,215117,v3_original_demo_boundary_prompt,4-shot random authentic same-class,Shortlisted authentic RUHSOLD Religious Hate examples,118,benchod randi  islam,ye insan ik chaaal haaa dostoo .........zra smj k chliye gaa...sb jaanty hn qadyaani kaafir hn ......ye sb k sentiments gain kr rhaa haa......bad me ye apna chehra dikhiye gaaa fasad kii shkal me.....in chaaalo sy hosyar rhy baseerat paida kry sb apny andr.. shukria...,yahodi agent qadyani chamcha,tm jeso ki jb g**nd mari jaye na fir tm log thek rehty ho bc k bachy jb wo yahoodi lanti marty hn na wo muslim dekhty hn air kuch ni dekhty baki tm na toh apni pesh krni hoti ha unhy.,ooohhhh wesay kashmir frosh say baqi sab mil gaye ho
class2_batch001_sample010118,1,10118,2,Religious Hate,211118,215118,v3_original_demo_boundary_prompt,4-shot random authentic same-class,Shortlisted authentic RUHSOLD Religious Hate examples,118,ho gaye hy aur han aj jo ye sekhon k liye kar raha hy ye whoi sekh hy jub pakistan azad howa tha aur muslmano ne jub india sa hijrat ki tub sub zada qatal muslim ko in sekhon ne kiya tha par afsos ap jesy log is yahodi e agent ko ek islami leader mante ho phir kasm khao k allah,another endian hijra coward hindu terrorist army soldier dispatched to shamshangarh by pakistan army i want more endian hindu terrorist dead so keep it up pakistan,bus ya aur tafseel bataao  ahmdi aurtain beach pe bikini b pehnti hain  jalse aur ijlaas pe burqa b boht hai 🤫,dekh le madarch*d islam ka nanga naach..babri par fate hue bawaseer ki tarah bhaunk raha tha na..us par bhi ab apne manhoos muh se kuch hag de..blood cousins ke incest ki paidaish,bhen chod yahan gand marwaun jab tak muslimo ka samna nahin milta tumhari jitni barabarat auratmarch k wajah se mujhe choti si bat nai laga rahi
class2_batch001_sample010119,1,10119,2,Religious Hate,211119,215119,v3_original_demo_boundary_prompt,4-shot random authentic same-class,Shortlisted authentic RUHSOLD Religious Hate examples,118,#stopisraeliterror   yahoodi mulk jisey israel ka naam diya gaya najaiz hai yahoodi sabse bada dahshatgard,yahoodi ko hitler ne chora or general ne in jaajoon ko chor k dhkya k ye kai hain.😂,bosdk yeh tumhare ghar me hota hai. saari k blouse me mote mote doodh dikhati firti hain tumhare dharam ki orate or hindu orat ko musalman ka l#nd aachaa lagta hai. yeh baat puri dunia janti hai,phir kehty hum bhot badry #muslim hn aur #ashaq_e_rasool sawm hain lanat hai un sab #haramio py jinho ny bibi fatima zahra ko shahheed kia aur #haq khaya 🖐🏻😡🐕 aur lanat un sab py jo un #haramio ky hamdard hain,lanat un sab pakistan ko marne wale on se harami ho
class2_batch001_sample010120,1,10120,2,Religious Hate,211120,215120,v3_original_demo_boundary_prompt,4-shot random authentic same-class,Shortlisted authentic RUHSOLD Religious Hate examples,118,ho gaye hy aur han aj jo ye sekhon k liye kar raha hy ye whoi sekh hy jub pakistan azad howa tha aur muslmano ne jub india sa hijrat ki tub sub zada qatal muslim ko in sekhon ne kiya tha par afsos ap jesy log is yahodi e agent ko ek islami leader mante ho phir kasm khao k allah,please don't share his obnoxious face to me. below is the image of the book rohani khzain from ahmedi's official website see what your evil messiah has declared god but you had said you have read the books of mirza and accepted him mehdi may god give you hidyath,please sell up you yahoodi bastards,chhor bhen chod hrami hindu chhor esko😠😠😠,han ab to shadi nahi karna chahti
class2_batch001_sample010121,1,10121,2,Religious Hate,211121,215121,v3_original_demo_boundary_prompt,4-shot random authentic same-class,Shortlisted authentic RUHSOLD Religious Hate examples,118,"pta nhi kon si uni se graduate hote ho aap log jnha aesi wahiyat education di jati hðÿ˜‚ðÿ˜‚ðÿ˜‚ halala, gazwa-e-hind, camel urine or pta nhi kya kyaðÿ˜‚ðÿ˜‚ðÿ˜‚ðÿ¤£ðÿ¤£ðÿ¤£ðÿ¤£ðÿ‘ðÿ»",wow halala's product on fire as usual porkistaniðÿ˜‚ðÿ˜‚ðÿ˜‚,tumri ma buhat hanzir hy jis ne tum jaise  yahodi kafir rhandi hanzir aurat ko paida kiya,"not surprised comment came from ahmedi. tbh, i won't be surprised when some christians will argue that they r included in muslim category too. just bcoz they believe there is only one god.",teri maa ki chut mein akhrot todne ke liye dikhti hai
class2_batch001_sample010122,1,10122,2,Religious Hate,211122,215122,v3_original_demo_boundary_prompt,4-shot random authentic same-class,Shortlisted authentic RUHSOLD Religious Hate examples,118,tumri ma buhat hanzir hy jis ne tum jaise  yahodi kafir rhandi hanzir aurat ko paida kiya,well said.lanati hain ye qadyani kafir,lul bukhari ye tum nahe tumaray yahoodi or hindu thuku bol rahay hain jin ko army sey bahot hi zeda takleef hai...🖕,hindu sirf gooli ki zuban smjta ha,lanati saali abhi bhi apni behno ke liye teri gand mein kuttay hote rehte hain
class2_batch001_sample010123,1,10123,2,Religious Hate,211123,215123,v3_original_demo_boundary_prompt,4-shot random authentic same-class,Shortlisted authentic RUHSOLD Religious Hate examples,118,another endian hijra coward hindu terrorist army soldier dispatched to shamshangarh by pakistan army i want more endian hindu terrorist dead so keep it up pakistan,iran shia mulk ha or ye munafik log han,ye bat tum yahoodi ko bolo atankwadi tum ho jo musalman se nafrat ki aag me insaniyat ke sabse bade dushman yahoodi ko support karte ho ye log to face to face mara hai unlog chote bache ka upar bom feka kisi aurat ya admi bacha ko goli mar diya wi bhi waha ke civilian hi hai,imran qadyani yahoodi agent hy pti ki 18 bank account hy jis may qadyani yahoodi hondo ny funding ki hy . gold smith jimaima aneel musrst . atif miaan sub qadyani yahoodi hy,abey teri maa ki phudi madarchod india
class2_batch001_sample010124,1,10124,2,Religious Hate,211124,215124,v3_original_demo_boundary_prompt,4-shot random authentic same-class,Shortlisted authentic RUHSOLD Religious Hate examples,118,jisko bhi hindu ki chudai par shak hai to ek baar mujh se chudwa kar dekho sab bhram dur ho jayega,that's for foolish act and the ahmedi you highlighted they were equal to jews for us so alhmdurallah we save quran ! . and about hindus and christians its was a false news !  and if it is real then show me !  if you don't have anything then shut up and run !,halala ki padayish ho aap aur kya expect karenge hum aapse,"huh wut you say u imbecile, i shat on you...toh toh toh kaafir",bharwe teri maa ka yaar dabbo mia sahib ko
class2_batch001_sample010125,1,10125,2,Religious Hate,211125,215125,v3_original_demo_boundary_prompt,4-shot random authentic same-class,Shortlisted authentic RUHSOLD Religious Hate examples,118,pislam me media ka estemal kerna haram hai  halala ki paidais,madarchod muslaman ki kaum madarchod saalo ka imaan nahi hai bheno ko chod te hai bhen ke lode harmazaade uskiye apni  maa ki chut bhi chodta hoga aur chuswata hoga logo se saare musalamaan raand ki olad islam ki maa ki chut,ye insan ik chaaal haaa dostoo .........zra smj k chliye gaa...sb jaanty hn qadyaani kaafir hn ......ye sb k sentiments gain kr rhaa haa......bad me ye apna chehra dikhiye gaaa fasad kii shkal me.....in chaaalo sy hosyar rhy baseerat paida kry sb apny andr.. shukria...,o madadarchod: tum tu farigh ho aur yeh gashti tu waisay he sari raat jagti hay. o dallay o kanjar hum tu iran jatay hotay hain tu bata apni behan kitni baar mbs aur us kay wahabi sheikhon ko bhaijta hay.,bc umeed ka nashaq kaha tha thu tere
class2_batch001_sample010126,1,10126,2,Religious Hate,211126,215126,v3_original_demo_boundary_prompt,4-shot random authentic same-class,Shortlisted authentic RUHSOLD Religious Hate examples,118,pislam me media ka estemal kerna haram hai  halala ki paidais,typical muslim randi-rona taqia.,or wahan tumhara jahanumi ahmedi jo naaowz billah nabi hona ka dawa dar tha wo wo case hara tha or court sa bhag gya tha.nabi pak p.b.u.h allah ka akhri nabi han or on ka bad koi nabi nahi ae ga.ya ak haqeqat ha jo quran ma bhi ha.or 1947 ma pak islam ka name par bana tha.,shia kaafir hai aur hum naam k musalmaan.,rt : apna halala ki aulad
class2_batch001_sample010127,1,10127,2,Religious Hate,211127,215127,v3_original_demo_boundary_prompt,4-shot random authentic same-class,Shortlisted authentic RUHSOLD Religious Hate examples,118,#stopisraeliterror   yahoodi mulk jisey israel ka naam diya gaya najaiz hai yahoodi sabse bada dahshatgard,please all muslims come one page and unite  insha allah   yahoodi isreal finished all,qadiani ahmedi mirziee kaafir jo hen,"m firqa wariyat m nahi parhna chahta, muslims mjo ahktlaf hen wo apni jaga , lekin pichly 200 saal sy muslim is liye mar kha rhy hen k sunni shia wahabi dayobandi bla bla ,,yahodi or nasara ny na koi sunni mulk chora ha na koi shia,  wo bs yehi dekhtay ye muslman ha ..bs maro isk",mtlb kisi qadiani ki mrzi ko smajh deta hun
class2_batch001_sample010128,1,10128,2,Religious Hate,211128,215128,v3_original_demo_boundary_prompt,4-shot random authentic same-class,Shortlisted authentic RUHSOLD Religious Hate examples,118,dekh le madarch*d islam ka nanga naach..babri par fate hue bawaseer ki tarah bhaunk raha tha na..us par bhi ab apne manhoos muh se kuch hag de..blood cousins ke incest ki paidaish,"not surprised comment came from ahmedi. tbh, i won't be surprised when some christians will argue that they r included in muslim category too. just bcoz they believe there is only one god.",abe halala ki paidaish..  tumhara to wajood hi 800 years purana hai..  jab bhagwan ram ko kagaj dikhane ki jarurat par gayi to tum kaun ho.. kagaj to dikhana hi parega.. #nrc_caa_npr,yahoodi kabhi hamara dost nhi ho sakta,agr ye logon ne shamil krna tha to pata nhi wo kya huwa
class2_batch001_sample010129,1,10129,2,Religious Hate,211129,215129,v3_original_demo_boundary_prompt,4-shot random authentic same-class,Shortlisted authentic RUHSOLD Religious Hate examples,118,haha jaat dikha di bsdk antankbadi halala ki aulaad teri ammi ka halala hua tha phir to randi ke bacheðÿ¤£ðÿ¤£ðÿ˜…,kutto ki tarah america maar raha hai tumhari kaum ko...aasmani kitab walo...israel roj filistin may maa chod raha hai tumhari.... pahle unse nipto....dare hue log😂😂,abe halala ki paidaish..  tumhara to wajood hi 800 years purana hai..  jab bhagwan ram ko kagaj dikhane ki jarurat par gayi to tum kaun ho.. kagaj to dikhana hi parega.. #nrc_caa_npr,tumhri maa kk chodu sale apni maa ko chod ke paida hone wale randi ki aulad sale apni behan ko biwi bana ke rkhne wale muhammad ki nazayaj aulad,yahan aap halala ki bachay lagte ho?
class2_batch001_sample010130,1,10130,2,Religious Hate,211130,215130,v3_original_demo_boundary_prompt,4-shot random authentic same-class,Shortlisted authentic RUHSOLD Religious Hate examples,118,"huh wut you say u imbecile, i shat on you...toh toh toh kaafir",that nigga was yahoodi he probably lied to all the employees,"insaniyat ko bache rahne do, jis mazhab me janwar ka gala ret ke khushi banti hai, jis mazhab me soorma logo ko 72 virgin ladkiya baati jaati, jo duniya pe kabze ke sapne dekhta ho us mazhab se duuri banane me hi insaniyat ki bhalayi hai.",hindu dharm ka matlab samajh pehle puppet khali bhaunk aur bhaunk iam enjoying ur bark 😂😂😂😂,ye kutte hamare pas nhi chal sakte
class2_batch001_sample010131,1,10131,2,Religious Hate,211131,215131,v3_original_demo_boundary_prompt,4-shot random authentic same-class,Shortlisted authentic RUHSOLD Religious Hate examples,118,tum log yahoodi ho kisi ko shuck nahi hona chaheye bus kafi hogae musalmanon ko aur dhoka na dou👹,#stopisraeliterror   yahoodi mulk jisey israel ka naam diya gaya najaiz hai yahoodi sabse bada dahshatgard,ahmdi is a non muslim biggest cheap religion ahmdi.,"m firqa wariyat m nahi parhna chahta, muslims mjo ahktlaf hen wo apni jaga , lekin pichly 200 saal sy muslim is liye mar kha rhy hen k sunni shia wahabi dayobandi bla bla ,,yahodi or nasara ny na koi sunni mulk chora ha na koi shia,  wo bs yehi dekhtay ye muslman ha ..bs maro isk",abey bsdk tere pass jin se pochne ke baad hum bs itny pehle samjty thay jinki bat krte hain tere se..
class2_batch001_sample010132,1,10132,2,Religious Hate,211132,215132,v3_original_demo_boundary_prompt,4-shot random authentic same-class,Shortlisted authentic RUHSOLD Religious Hate examples,118,pislam me media ka estemal kerna haram hai  halala ki paidais,"insaniyat ko bache rahne do, jis mazhab me janwar ka gala ret ke khushi banti hai, jis mazhab me soorma logo ko 72 virgin ladkiya baati jaati, jo duniya pe kabze ke sapne dekhta ho us mazhab se duuri banane me hi insaniyat ki bhalayi hai.",sali muslims randi. jihadi sali,#khuda ki qasam agar mey hota tu zinda nahe bach sakta ta muj sey ye beghairat kafir yahoodi.,teri maa ka yaar hai kuttay wale
class2_batch001_sample010133,1,10133,2,Religious Hate,211133,215133,v3_original_demo_boundary_prompt,4-shot random authentic same-class,Shortlisted authentic RUHSOLD Religious Hate examples,118,kabi bi nai jo sakta ya shia log pora ka pora yahodi hn,oy ahmdi kuty. tum log smjhty ho k is trah kr k hm awam ko pagl bnao gy?? beta bajwa ne tere jeso ko nanga nachana he sbr kr. kahi ni ja rha hmara army chief. tum logo ne agly 3 sal me ye duniya hi chor jani bajwa k dar se. ye army chief nahi pakistan ka muhafiz he.,or wahan tumhara jahanumi ahmedi jo naaowz billah nabi hona ka dawa dar tha wo wo case hara tha or court sa bhag gya tha.nabi pak p.b.u.h allah ka akhri nabi han or on ka bad koi nabi nahi ae ga.ya ak haqeqat ha jo quran ma bhi ha.or 1947 ma pak islam ka name par bana tha.,uff pakiza muslim randi 😉😍,teri behno ki phudi ma nikalty hain. teri bhen ki chut.
class2_batch001_sample010134,1,10134,2,Religious Hate,211134,215134,v3_original_demo_boundary_prompt,4-shot random authentic same-class,Shortlisted authentic RUHSOLD Religious Hate examples,118,benchod randi  islam,pehle america jaiga ue begairaat musliman kehlwane kai laiq nh pehle he logh kehty h eske bary me ye yahoodi hai,chhor bhen chod hrami hindu chhor esko😠😠😠,kutto ki tarah america maar raha hai tumhari kaum ko...aasmani kitab walo...israel roj filistin may maa chod raha hai tumhari.... pahle unse nipto....dare hue log😂😂,tere jaise aurat jism se azadi nahi milti..bajwa islam se azadi nahi milta
class2_batch001_sample010135,1,10135,2,Religious Hate,211135,215135,v3_original_demo_boundary_prompt,4-shot random authentic same-class,Shortlisted authentic RUHSOLD Religious Hate examples,118,chal fosdi ke mohammad kabile wale ki halala ki aulad,please all muslims come one page and unite  insha allah   yahoodi isreal finished all,please sell up you yahoodi bastards,tumhri maa kk chodu sale apni maa ko chod ke paida hone wale randi ki aulad sale apni behan ko biwi bana ke rkhne wale muhammad ki nazayaj aulad,teri gand mein lga dunga teri maa ka yaar
class2_batch001_sample010136,1,10136,2,Religious Hate,211136,215136,v3_original_demo_boundary_prompt,4-shot random authentic same-class,Shortlisted authentic RUHSOLD Religious Hate examples,118,quaid azam was right ky hindu muslim kabhi sth nhi rhy sgty aaj hindu apni hasli shakl dekha rhy hn. agar kisi muslim ny aisa kia hota to india media ki maa mar gi hoti pr ab nhi boly gy. aagy ka ky yehi bol dn gy ky mentally disturb tha or case khtm .#jamia,kitane maulviyon ne tumhari ammi jaan ka halala kiya hoga tab jakar tum jaisa suar nikla hoga .. ye bhi to bta re mulle..,hey are fighting amongst each other. #bajwa is compromise candidate. thats only reason why he a ahmadiya is a coas.,but we have a firm belief now that qadiyani and ahmedi neither want muslims nor pakistanis to live in a harmony,islam nahi dekhna chahye kuch aurat ko zindagi mein sochna chaheye
class2_batch001_sample010137,1,10137,2,Religious Hate,211137,215137,v3_original_demo_boundary_prompt,4-shot random authentic same-class,Shortlisted authentic RUHSOLD Religious Hate examples,118,get lost you kaafir.,jahil k bachy kahan likha h k gair mazhb sy nikaah jaiz ha... tmari gand me jo keera ha wo nhi merna... khoty khany waly... yahoodi kahan sy hogaey ahle kitaab ....tm.b yahoodi to nhi,lant hy teri aagli pecchli tweet pe or tum pe or qadyanion pe or kuch ?,1 balatkari muslim 3 balatkari tera baap hindu h uske bare m kuch bol  be,tm logon ko batain na do kya koi bat ho rhi hai tu bnd kr
class2_batch001_sample010138,1,10138,2,Religious Hate,211138,215138,v3_original_demo_boundary_prompt,4-shot random authentic same-class,Shortlisted authentic RUHSOLD Religious Hate examples,118,yahoodi kabhi hamara dost nhi ho sakta,sirf momin aya to yahoodi kum nasal marny laggaye agr sawa crore momin agaye to sochen kya hoga?hamen jagna hoga,yahodi agent qadyani chamcha,hindu sirf gooli ki zuban smjta ha,koi baat nahi ab ye wohi bat na kr do jb tum ne ye kaam kiya hai jab tumhari maa behn ko gadha paida kar diye ho
class2_batch001_sample010139,1,10139,2,Religious Hate,211139,215139,v3_original_demo_boundary_prompt,4-shot random authentic same-class,Shortlisted authentic RUHSOLD Religious Hate examples,118,"rt : q. woh kaun si qome he,jis ne such bhi bola phr bhi jahnum mein jayegi? ans: yahoodi or nasara qome. shahid sindh",meri tarbiyat yehi hai k jo amreca ko apna baap manta hai na wo muslman hai or na us s koi hanra taloq hai tum nasl e yazeedi ho masl e yahodi or yahoodio ki olad ho,israel yahoodi sabse bade atankwaadi hai,phir in yahodi khanzeer logo ko pata chalaiga kai kia ta aur kia nahen ye sirf dajjal kai liye aisa kar rahai hain kyunkai ye yahodi log khazeer log dajjal ko apna leader samjhtai hain aur tumhara pura bollywood bollyminati ban chuka hain tumharai dimagh ko programming ki ja rah,yeh kya haal hai jab hamari mazboot nizam se pehle kuch nahi hota tab bhi humare liye aik firdousi sazish aur ghaashtiya khandaniyon ne tauhe
class2_batch001_sample010140,1,10140,2,Religious Hate,211140,215140,v3_original_demo_boundary_prompt,4-shot random authentic same-class,Shortlisted authentic RUHSOLD Religious Hate examples,118,"pta nhi kon si uni se graduate hote ho aap log jnha aesi wahiyat education di jati hðÿ˜‚ðÿ˜‚ðÿ˜‚ halala, gazwa-e-hind, camel urine or pta nhi kya kyaðÿ˜‚ðÿ˜‚ðÿ˜‚ðÿ¤£ðÿ¤£ðÿ¤£ðÿ¤£ðÿ‘ðÿ»",no no ...... hindu na kah mujhe ........islam bura maan jayega .......kaafir kah kaafir...,qadiani ahmedi mirziee kaafir jo hen,ye lode teri maa or bahan ke shohar hai or jyada bolega to de denge teri maa or bahan ko hum denge talaq or fir halala wow kya baat hai mullo wow lund chuss lo ðÿ˜œðÿ˜œðÿ˜œðÿ˜œ,ab bharwe gand marun ga apni maa ki chut me akhrot todunga
class2_batch001_sample010141,1,10141,2,Religious Hate,211141,215141,v3_original_demo_boundary_prompt,4-shot random authentic same-class,Shortlisted authentic RUHSOLD Religious Hate examples,118,sale halala molvi se tum karvao apni oorto ka or apni ma bahan ka bol heme rhe ho molvi kamre m apni bahan ko bej kar sina choda hota hoga tumhara,aye yahudiyo jitna zulm karna hai kar lo in sha allah woh din bhi zaroor aayega ke tumhe chun chun ke maara jayega yahan tak ke tum darakht ya pattharoñ ke piche chhup jaoge to bejan chizen bhi kahengi yahan yahoodi chhupa hai.hadees ka farman hai ho kar rahega #israeliterrorism,meri tarbiyat yehi hai k jo amreca ko apna baap manta hai na wo muslman hai or na us s koi hanra taloq hai tum nasl e yazeedi ho masl e yahodi or yahoodio ki olad ho,sali muslims randi. jihadi sali,abe tere jaise yaha kisi insan hi nhi rehta
class2_batch001_sample010142,1,10142,2,Religious Hate,211142,215142,v3_original_demo_boundary_prompt,4-shot random authentic same-class,Shortlisted authentic RUHSOLD Religious Hate examples,118,kabi bi nai jo sakta ya shia log pora ka pora yahodi hn,1 balatkari muslim 3 balatkari tera baap hindu h uske bare m kuch bol  be,benchod randi  islam,lant hy teri aagli pecchli tweet pe or tum pe or qadyanion pe or kuch ?,apni maa ki chut maro ye jesi baat ker raha ha kya
class2_batch001_sample010143,1,10143,2,Religious Hate,211143,215143,v3_original_demo_boundary_prompt,4-shot random authentic same-class,Shortlisted authentic RUHSOLD Religious Hate examples,118,phir in yahodi khanzeer logo ko pata chalaiga kai kia ta aur kia nahen ye sirf dajjal kai liye aisa kar rahai hain kyunkai ye yahodi log khazeer log dajjal ko apna leader samjhtai hain aur tumhara pura bollywood bollyminati ban chuka hain tumharai dimagh ko programming ki ja rah,teri maa ka halala kra rha tha koi problem madarjat bhosdike mulle,poocho hamarai imam sai kai quran mein kaha likha huwa hain aisai ye sirf yahodi khanzeer logo ki chaal hainmuslims ko badnaam karkai liye  zara socho na tumharai hinduism ko badnaam kyun nahen kartai islam kai peechai kyun parai huwai hain zara dimagh ko khol kai socho,dekh le madarch*d islam ka nanga naach..babri par fate hue bawaseer ki tarah bhaunk raha tha na..us par bhi ab apne manhoos muh se kuch hag de..blood cousins ke incest ki paidaish,ye yahoodi agent hy
class2_batch001_sample010144,1,10144,2,Religious Hate,211144,215144,v3_original_demo_boundary_prompt,4-shot random authentic same-class,Shortlisted authentic RUHSOLD Religious Hate examples,118,sale halala molvi se tum karvao apni oorto ka or apni ma bahan ka bol heme rhe ho molvi kamre m apni bahan ko bej kar sina choda hota hoga tumhara,pislam me media ka estemal kerna haram hai  halala ki paidais,please don't share his obnoxious face to me. below is the image of the book rohani khzain from ahmedi's official website see what your evil messiah has declared god but you had said you have read the books of mirza and accepted him mehdi may god give you hidyath,teri maa ka halala kra rha tha koi problem madarjat bhosdike mulle,jab teri ammi ne halala kiya tha tera baap tha to teri maa ko bejna chahye tha tu to bhi hote ha 😑
class2_batch001_sample010145,1,10145,2,Religious Hate,211145,215145,v3_original_demo_boundary_prompt,4-shot random authentic same-class,Shortlisted authentic RUHSOLD Religious Hate examples,118,"surprise!  surprise!  majority of the muslims are at just in different levels of ""usman khan"" ranging from mild to extreme (except ahmadiya may be, but they are not ""real muslims"")  that's from a person living in a country with 95% muslim    https://t.co/hq35u2xrrk,2009-05-25 17:25:26,sydney, new south wales",ahmedi mirziee qadiyani hargiz kuleedi uhdu pe nhee janay chahien warna hmari agencies pe swalia nishan hey,chal fosdi ke mohammad kabile wale ki halala ki aulad,#stopisraeliterror   yahoodi mulk jisey israel ka naam diya gaya najaiz hai yahoodi sabse bada dahshatgard,oye allah bhosdike tere bachon se baat kar raha hai aur teri maa ko dekh rha hai aur teri behn ko chod rha hai?
class2_batch001_sample010146,1,10146,2,Religious Hate,211146,215146,v3_original_demo_boundary_prompt,4-shot random authentic same-class,Shortlisted authentic RUHSOLD Religious Hate examples,118,get lost you kaafir.,1 balatkari muslim 3 balatkari tera baap hindu h uske bare m kuch bol  be,wow halala's product on fire as usual porkistaniðÿ˜‚ðÿ˜‚ðÿ˜‚,kitane maulviyon ne tumhari ammi jaan ka halala kiya hoga tab jakar tum jaisa suar nikla hoga .. ye bhi to bta re mulle..,tu chup kr ab teri maa ko halalein aurat ke liye chudwana tha na 🤣
class2_batch001_sample010147,1,10147,2,Religious Hate,211147,215147,v3_original_demo_boundary_prompt,4-shot random authentic same-class,Shortlisted authentic RUHSOLD Religious Hate examples,118,"not surprised comment came from ahmedi. tbh, i won't be surprised when some christians will argue that they r included in muslim category too. just bcoz they believe there is only one god.",#khuda ki qasam agar mey hota tu zinda nahe bach sakta ta muj sey ye beghairat kafir yahoodi.,tum log yahoodi ho kisi ko shuck nahi hona chaheye bus kafi hogae musalmanon ko aur dhoka na dou👹,sali muslims randi. jihadi sali,mera pata nhi tu apni maaa ka gunda nikla ya fir koi bat hai jo tu gunda banaya..
class2_batch001_sample010148,1,10148,2,Religious Hate,211148,215148,v3_original_demo_boundary_prompt,4-shot random authentic same-class,Shortlisted authentic RUHSOLD Religious Hate examples,118,uff pakiza muslim randi 😉😍,benchod randi  islam,plz sir hamy in say koi khtra nahi hamy is imran khan yahodi our kadiyanion say bachny pay gor karen pak army tayri azmat ko salam,poocho hamarai imam sai kai quran mein kaha likha huwa hain aisai ye sirf yahodi khanzeer logo ki chaal hainmuslims ko badnaam karkai liye  zara socho na tumharai hinduism ko badnaam kyun nahen kartai islam kai peechai kyun parai huwai hain zara dimagh ko khol kai socho,rt :  bajwa apni jihad aurat ka muqaddar ni chala rha .  ye israeli agent niazi ki ammi he hai
class2_batch001_sample010149,1,10149,2,Religious Hate,211149,215149,v3_original_demo_boundary_prompt,4-shot random authentic same-class,Shortlisted authentic RUHSOLD Religious Hate examples,118,tw kaafir tera peo kaafir tera pura khandaan kaafir ooo churry trump🐱🐱,wehshi darandy easai yahodi hindo islam amanka ka mazhab,imran qadyani yahoodi agent hy pti ki 18 bank account hy jis may qadyani yahoodi hondo ny funding ki hy . gold smith jimaima aneel musrst . atif miaan sub qadyani yahoodi hy,that nigga was yahoodi he probably lied to all the employees,haan teri maa behn kaha se marungi
class2_batch001_sample010150,1,10150,2,Religious Hate,211150,215150,v3_original_demo_boundary_prompt,4-shot random authentic same-class,Shortlisted authentic RUHSOLD Religious Hate examples,118,hey are fighting amongst each other. #bajwa is compromise candidate. thats only reason why he a ahmadiya is a coas.,"afghanio ne tme hindu se bachaya,randi k aulaad tareekh paro tm wo ganda khoon ho,jo siko aour hindu ki rape se paida woe ho,tme kalima tho sikaya afghano ne,magar tmari gandi dna wai ranjeet sing wali a,randi k aulaad tm ne kah pana di,am pashtono ne di,apnay bio ko hera mandi",kabi bi nai jo sakta ya shia log pora ka pora yahodi hn,kafir yahodi kafir hindo same thinking,"jab tak teri maa chod dene walon ne apny baap ke pehly zinda rakh letey, tab tak tum yahoodi ho"
class2_batch001_sample010151,1,10151,2,Religious Hate,211151,215151,v3_original_demo_boundary_prompt,4-shot random authentic same-class,Shortlisted authentic RUHSOLD Religious Hate examples,118,no no ...... hindu na kah mujhe ........islam bura maan jayega .......kaafir kah kaafir...,wise halala ki paidaish tumse yhi ummid ki ja sakti hai madarsa chhhap suarðÿ˜‚ðÿ¤£ðÿ¤£ðÿ¤£ðÿ¤£,another endian hijra coward hindu terrorist army soldier dispatched to shamshangarh by pakistan army i want more endian hindu terrorist dead so keep it up pakistan,"just the ten thousandth ""isolated"" instance of christian /jewish/hindu/ahmedi places of worship being attacked by crybabies who themselves can't handle some nutcase burning a book full of fiction stories.",ye randi rona dekh liya
class2_batch001_sample010152,1,10152,2,Religious Hate,211152,215152,v3_original_demo_boundary_prompt,4-shot random authentic same-class,Shortlisted authentic RUHSOLD Religious Hate examples,118,lul bukhari ye tum nahe tumaray yahoodi or hindu thuku bol rahay hain jin ko army sey bahot hi zeda takleef hai...🖕,please don't share his obnoxious face to me. below is the image of the book rohani khzain from ahmedi's official website see what your evil messiah has declared god but you had said you have read the books of mirza and accepted him mehdi may god give you hidyath,or wahan tumhara jahanumi ahmedi jo naaowz billah nabi hona ka dawa dar tha wo wo case hara tha or court sa bhag gya tha.nabi pak p.b.u.h allah ka akhri nabi han or on ka bad koi nabi nahi ae ga.ya ak haqeqat ha jo quran ma bhi ha.or 1947 ma pak islam ka name par bana tha.,"ye manhoos hinduon ki diwali k chakkar mai har jaga ki aur quality kharab hogai, bharwe",tumhary bhai or betey harami hindu muslim or christian hoty ho bethye bht krty ho
class2_batch001_sample010153,1,10153,2,Religious Hate,211153,215153,v3_original_demo_boundary_prompt,4-shot random authentic same-class,Shortlisted authentic RUHSOLD Religious Hate examples,118,typical muslim randi-rona taqia.,"just the ten thousandth ""isolated"" instance of christian /jewish/hindu/ahmedi places of worship being attacked by crybabies who themselves can't handle some nutcase burning a book full of fiction stories.",ye bat tum yahoodi ko bolo atankwadi tum ho jo musalman se nafrat ki aag me insaniyat ke sabse bade dushman yahoodi ko support karte ho ye log to face to face mara hai unlog chote bache ka upar bom feka kisi aurat ya admi bacha ko goli mar diya wi bhi waha ke civilian hi hai,"malala the product of halala pehle burke se, halala se, bacche paida kerne se or gulami ki jindgi se to azadi lelo hindustaan se azadi to tumhare kukarm tumhe dilwa hi denge. kyuki terrorism failaoge to lat mar ke desh se bhagae jaoge. i am with my country and support caa, nrcðÿ˜‰.",sana shukla ek kuttay munafikat hy
class2_batch001_sample010154,1,10154,2,Religious Hate,211154,215154,v3_original_demo_boundary_prompt,4-shot random authentic same-class,Shortlisted authentic RUHSOLD Religious Hate examples,118,"afghanio ne tme hindu se bachaya,randi k aulaad tareekh paro tm wo ganda khoon ho,jo siko aour hindu ki rape se paida woe ho,tme kalima tho sikaya afghano ne,magar tmari gandi dna wai ranjeet sing wali a,randi k aulaad tm ne kah pana di,am pashtono ne di,apnay bio ko hera mandi","just the ten thousandth ""isolated"" instance of christian /jewish/hindu/ahmedi places of worship being attacked by crybabies who themselves can't handle some nutcase burning a book full of fiction stories.",kadiyani kafir thay hain aur hamesha harain gay. ye dajjali fitnay ki ek kari hain. aur inkay supporters hum main bhe jo chupay howay hain wo bhe khanzeer kafir he hain. lannat beshomar kadiyanio pr.,please don't share his obnoxious face to me. below is the image of the book rohani khzain from ahmedi's official website see what your evil messiah has declared god but you had said you have read the books of mirza and accepted him mehdi may god give you hidyath,mc tum jaisa yahoodi agent nhi hai...
class2_batch001_sample010155,1,10155,2,Religious Hate,211155,215155,v3_original_demo_boundary_prompt,4-shot random authentic same-class,Shortlisted authentic RUHSOLD Religious Hate examples,118,"gau mutr peeyo tum log lodu awkat bna phir aake muh lag, randwa saala",uff pakiza muslim randi 😉😍,haha jaat dikha di bsdk antankbadi halala ki aulaad teri ammi ka halala hua tha phir to randi ke bacheðÿ¤£ðÿ¤£ðÿ˜…,chhor bhen chod hrami hindu chhor esko😠😠😠,aur ye logon ko mazhab ka kya maqsad hy ????
class2_batch001_sample010156,1,10156,2,Religious Hate,211156,215156,v3_original_demo_boundary_prompt,4-shot random authentic same-class,Shortlisted authentic RUHSOLD Religious Hate examples,118,kitane maulviyon ne tumhari ammi jaan ka halala kiya hoga tab jakar tum jaisa suar nikla hoga .. ye bhi to bta re mulle..,hindu sirf gooli ki zuban smjta ha,please sell up you yahoodi bastards,"afghanio ne tme hindu se bachaya,randi k aulaad tareekh paro tm wo ganda khoon ho,jo siko aour hindu ki rape se paida woe ho,tme kalima tho sikaya afghano ne,magar tmari gandi dna wai ranjeet sing wali a,randi k aulaad tm ne kah pana di,am pashtono ne di,apnay bio ko hera mandi",hamid mir aur yahodi kashmir frosh ka khelafat
class2_batch001_sample010157,1,10157,2,Religious Hate,211157,215157,v3_original_demo_boundary_prompt,4-shot random authentic same-class,Shortlisted authentic RUHSOLD Religious Hate examples,118,q teri bhen ko chuda hy dewbandion ny ..harami ki nasal,sirf momin aya to yahoodi kum nasal marny laggaye agr sawa crore momin agaye to sochen kya hoga?hamen jagna hoga,madarchod muslaman ki kaum madarchod saalo ka imaan nahi hai bheno ko chod te hai bhen ke lode harmazaade uskiye apni  maa ki chut bhi chodta hoga aur chuswata hoga logo se saare musalamaan raand ki olad islam ki maa ki chut,hindu dharm ka matlab samajh pehle puppet khali bhaunk aur bhaunk iam enjoying ur bark 😂😂😂😂,ye munafiqat jaisay logon ne gadha khan ki bahan se shaadi karwayi ha jo hamara gharwa da nikla tha..
class2_batch001_sample010158,1,10158,2,Religious Hate,211158,215158,v3_original_demo_boundary_prompt,4-shot random authentic same-class,Shortlisted authentic RUHSOLD Religious Hate examples,118,lanat abbtknews k khilaf trend bnane walye yazeedion pe r bibi k dushmano p bhi,dekh le madarch*d islam ka nanga naach..babri par fate hue bawaseer ki tarah bhaunk raha tha na..us par bhi ab apne manhoos muh se kuch hag de..blood cousins ke incest ki paidaish,israel yahoodi sabse bade atankwaadi hai,"obviously we muslims hate ahmedi's . 😡 we don't care whatever happens to them ! we just hate them. if their is oppression over other minorities in pakistan which is not usual alhamdolillah, then i condemn that.",imran chore zakat wali insan mohsin dawood k bache
class2_batch001_sample010159,1,10159,2,Religious Hate,211159,215159,v3_original_demo_boundary_prompt,4-shot random authentic same-class,Shortlisted authentic RUHSOLD Religious Hate examples,118,ahmedi mirziee qadiyani hargiz kuleedi uhdu pe nhee janay chahien warna hmari agencies pe swalia nishan hey,"not surprised comment came from ahmedi. tbh, i won't be surprised when some christians will argue that they r included in muslim category too. just bcoz they believe there is only one god.",kitane maulviyon ne tumhari ammi jaan ka halala kiya hoga tab jakar tum jaisa suar nikla hoga .. ye bhi to bta re mulle..,poocho hamarai imam sai kai quran mein kaha likha huwa hain aisai ye sirf yahodi khanzeer logo ki chaal hainmuslims ko badnaam karkai liye  zara socho na tumharai hinduism ko badnaam kyun nahen kartai islam kai peechai kyun parai huwai hain zara dimagh ko khol kai socho,yahoodi aur qadyani kehty hain koi islam kashmir ka hukoomat nahi hay
class2_batch001_sample010160,1,10160,2,Religious Hate,211160,215160,v3_original_demo_boundary_prompt,4-shot random authentic same-class,Shortlisted authentic RUHSOLD Religious Hate examples,118,madarchod muslaman ki kaum madarchod saalo ka imaan nahi hai bheno ko chod te hai bhen ke lode harmazaade uskiye apni  maa ki chut bhi chodta hoga aur chuswata hoga logo se saare musalamaan raand ki olad islam ki maa ki chut,israel yahoodi sabse bade atankwaadi hai,"waise madarso mein bahut achhi taaleem di jaati hai tum jihadi hijdo ko, asar dikh rha hai yahan, khud toh khud ki bhen chodte hi ho aur dusro ko bhi bhenchod samajhte ho.",sunni killing a shia....what's new?  thank god he wasn't a ahmedi muslim otherwise the motive would have been to acquire a passport to migrate to western countries and continue their islamic jihadi work after retirement,allah ki maut dein gandoo se
class2_batch001_sample010161,1,10161,2,Religious Hate,211161,215161,v3_original_demo_boundary_prompt,4-shot random authentic same-class,Shortlisted authentic RUHSOLD Religious Hate examples,118,hindu dharm ka matlab samajh pehle puppet khali bhaunk aur bhaunk iam enjoying ur bark 😂😂😂😂,jahil k bachy kahan likha h k gair mazhb sy nikaah jaiz ha... tmari gand me jo keera ha wo nhi merna... khoty khany waly... yahoodi kahan sy hogaey ahle kitaab ....tm.b yahoodi to nhi,that nigga was yahoodi he probably lied to all the employees,ye pagliya gyi h saali... kuttiya ye ab bhul gyi h jisne #halala or #teentlaaq se aazadi dilwayi usko bhul gyi h ye mullli....,tere maa ki choot randi
class2_batch001_sample010162,1,10162,2,Religious Hate,211162,215162,v3_original_demo_boundary_prompt,4-shot random authentic same-class,Shortlisted authentic RUHSOLD Religious Hate examples,118,ye lode teri maa or bahan ke shohar hai or jyada bolega to de denge teri maa or bahan ko hum denge talaq or fir halala wow kya baat hai mullo wow lund chuss lo ðÿ˜œðÿ˜œðÿ˜œðÿ˜œ,yahodi agent qadyani chamcha,plz sir hamy in say koi khtra nahi hamy is imran khan yahodi our kadiyanion say bachny pay gor karen pak army tayri azmat ko salam,abe halala ki paidaish..  tumhara to wajood hi 800 years purana hai..  jab bhagwan ram ko kagaj dikhane ki jarurat par gayi to tum kaun ho.. kagaj to dikhana hi parega.. #nrc_caa_npr,jb tum kuch krti ho wo us k sath hi hota hai or ye sahi ha
class2_batch001_sample010163,1,10163,2,Religious Hate,211163,215163,v3_original_demo_boundary_prompt,4-shot random authentic same-class,Shortlisted authentic RUHSOLD Religious Hate examples,118,well said.lanati hain ye qadyani kafir,chal na randi ! we have spiritual connection with supreme leader imam khamnae !  we have our hearts and souls for holy cities of najaf and karbala !  dont give a fck to wahabi chutiyas,"rt : q. woh kaun si qome he,jis ne such bhi bola phr bhi jahnum mein jayegi? ans: yahoodi or nasara qome. shahid sindh",pehle america jaiga ue begairaat musliman kehlwane kai laiq nh pehle he logh kehty h eske bary me ye yahoodi hai,lanat ho tum per apny khandani kuch aur bhi bolnay ki
class2_batch001_sample010164,1,10164,2,Religious Hate,211164,215164,v3_original_demo_boundary_prompt,4-shot random authentic same-class,Shortlisted authentic RUHSOLD Religious Hate examples,118,pehle apni aurto ko halala se bachao ye bhi modi kar raha hai. agar sahi tum logo ka dna kiya jaye to pata nhi baap kon niklega,oy ahmdi kuty. tum log smjhty ho k is trah kr k hm awam ko pagl bnao gy?? beta bajwa ne tere jeso ko nanga nachana he sbr kr. kahi ni ja rha hmara army chief. tum logo ne agly 3 sal me ye duniya hi chor jani bajwa k dar se. ye army chief nahi pakistan ka muhafiz he.,but we have a firm belief now that qadiyani and ahmedi neither want muslims nor pakistanis to live in a harmony,"gau mutr peeyo tum log lodu awkat bna phir aake muh lag, randwa saala",rt : sharm aati hai yahan koi sharam nahin.
class2_batch001_sample010165,1,10165,2,Religious Hate,211165,215165,v3_original_demo_boundary_prompt,4-shot random authentic same-class,Shortlisted authentic RUHSOLD Religious Hate examples,118,o madadarchod: tum tu farigh ho aur yeh gashti tu waisay he sari raat jagti hay. o dallay o kanjar hum tu iran jatay hotay hain tu bata apni behan kitni baar mbs aur us kay wahabi sheikhon ko bhaijta hay.,lant hy teri aagli pecchli tweet pe or tum pe or qadyanion pe or kuch ?,jahil k bachy kahan likha h k gair mazhb sy nikaah jaiz ha... tmari gand me jo keera ha wo nhi merna... khoty khany waly... yahoodi kahan sy hogaey ahle kitaab ....tm.b yahoodi to nhi,another endian hijra coward hindu terrorist army soldier dispatched to shamshangarh by pakistan army i want more endian hindu terrorist dead so keep it up pakistan,koi apne wali zindagi k lye mashallah kar le. ye aorat khuda ki maa ka yaar hy abhi tk
class2_batch001_sample010166,1,10166,2,Religious Hate,211166,215166,v3_original_demo_boundary_prompt,4-shot random authentic same-class,Shortlisted authentic RUHSOLD Religious Hate examples,118,hindoo wo qom ha jinper koi nabi koi kitaab nazil nahi hoi. ye to yahoodi se bhi bad tar hen,jahil k bachy kahan likha h k gair mazhb sy nikaah jaiz ha... tmari gand me jo keera ha wo nhi merna... khoty khany waly... yahoodi kahan sy hogaey ahle kitaab ....tm.b yahoodi to nhi,wehshi darandy easai yahodi hindo islam amanka ka mazhab,oeyy randdii k bachay ganddu hindu.. kyun jhoott baq raha hai gashti maa k ganndduu bachay. peshaab p k palnay wali qoum.,aurat ko chudwane ki zarorat nhi
class2_batch001_sample010167,1,10167,2,Religious Hate,211167,215167,v3_original_demo_boundary_prompt,4-shot random authentic same-class,Shortlisted authentic RUHSOLD Religious Hate examples,118,o madadarchod: tum tu farigh ho aur yeh gashti tu waisay he sari raat jagti hay. o dallay o kanjar hum tu iran jatay hotay hain tu bata apni behan kitni baar mbs aur us kay wahabi sheikhon ko bhaijta hay.,ye pagliya gyi h saali... kuttiya ye ab bhul gyi h jisne #halala or #teentlaaq se aazadi dilwayi usko bhul gyi h ye mullli....,kutto ki tarah america maar raha hai tumhari kaum ko...aasmani kitab walo...israel roj filistin may maa chod raha hai tumhari.... pahle unse nipto....dare hue log😂😂,tw kaafir tera peo kaafir tera pura khandaan kaafir ooo churry trump🐱🐱,tumhary najaiz gharwale sabhi ahmaq ho
class2_batch001_sample010168,1,10168,2,Religious Hate,211168,215168,v3_original_demo_boundary_prompt,4-shot random authentic same-class,Shortlisted authentic RUHSOLD Religious Hate examples,118,pehle apni aurto ko halala se bachao ye bhi modi kar raha hai. agar sahi tum logo ka dna kiya jaye to pata nhi baap kon niklega,madarchod muslaman ki kaum madarchod saalo ka imaan nahi hai bheno ko chod te hai bhen ke lode harmazaade uskiye apni  maa ki chut bhi chodta hoga aur chuswata hoga logo se saare musalamaan raand ki olad islam ki maa ki chut,that nigga was yahoodi he probably lied to all the employees,kaafir tujhe kuch nai malum,tera abba tu ghar mein kia kartay hain
class2_batch001_sample010169,1,10169,2,Religious Hate,211169,215169,v3_original_demo_boundary_prompt,4-shot random authentic same-class,Shortlisted authentic RUHSOLD Religious Hate examples,118,pislam me media ka estemal kerna haram hai  halala ki paidais,tumri ma buhat hanzir hy jis ne tum jaise  yahodi kafir rhandi hanzir aurat ko paida kiya,sale halala molvi se tum karvao apni oorto ka or apni ma bahan ka bol heme rhe ho molvi kamre m apni bahan ko bej kar sina choda hota hoga tumhara,"m firqa wariyat m nahi parhna chahta, muslims mjo ahktlaf hen wo apni jaga , lekin pichly 200 saal sy muslim is liye mar kha rhy hen k sunni shia wahabi dayobandi bla bla ,,yahodi or nasara ny na koi sunni mulk chora ha na koi shia,  wo bs yehi dekhtay ye muslman ha ..bs maro isk",agr apny ghar py hinduon ka zindagi thi to apne baap ko marna hi nae tha
class2_batch001_sample010170,1,10170,2,Religious Hate,211170,215170,v3_original_demo_boundary_prompt,4-shot random authentic same-class,Shortlisted authentic RUHSOLD Religious Hate examples,118,or mujhe un ladkiyo se utni hi nafrat hai jo mullo se shadi karti hai jitni kisi normal hindu ko😡 or mujhe hindu ladko se bhi itni hi nafrat hai jo muslim ladkiyo se shadi karte hai... dharam me koi milawat mujhe pasand nahi,kutto ki tarah america maar raha hai tumhari kaum ko...aasmani kitab walo...israel roj filistin may maa chod raha hai tumhari.... pahle unse nipto....dare hue log😂😂,oy ahmdi kuty. tum log smjhty ho k is trah kr k hm awam ko pagl bnao gy?? beta bajwa ne tere jeso ko nanga nachana he sbr kr. kahi ni ja rha hmara army chief. tum logo ne agly 3 sal me ye duniya hi chor jani bajwa k dar se. ye army chief nahi pakistan ka muhafiz he.,wehshi darandy easai yahodi hindo islam amanka ka mazhab,"apni maa ke baad kutte, tu aurat march ke liye rakh lia tha"
class2_batch001_sample010171,1,10171,2,Religious Hate,211171,215171,v3_original_demo_boundary_prompt,4-shot random authentic same-class,Shortlisted authentic RUHSOLD Religious Hate examples,118,no no ...... hindu na kah mujhe ........islam bura maan jayega .......kaafir kah kaafir...,apne profile mein whats app me fb twitter mein is bahadur nojawaan ki pic lga kr islam se or nabi ke din se mhbt ka izhaar kren or itna share kren ek yahoodi apne na pak iradoon se baaz ajaye is shakhs ne quraan pak ki hifazahat mein ek bhtareen mhbt ka jita jagta sabot dia hai,"abbey halala ki paidaish, 5 baap ki aulaad. patthar baazi ke alawa kuchh kaam kara kabhi teri kaum ne ?","insaniyat ko bache rahne do, jis mazhab me janwar ka gala ret ke khushi banti hai, jis mazhab me soorma logo ko 72 virgin ladkiya baati jaati, jo duniya pe kabze ke sapne dekhta ho us mazhab se duuri banane me hi insaniyat ki bhalayi hai.",sasta halala aur halala ki paidaish 😂
class2_batch001_sample010172,1,10172,2,Religious Hate,211172,215172,v3_original_demo_boundary_prompt,4-shot random authentic same-class,Shortlisted authentic RUHSOLD Religious Hate examples,118,poocho hamarai imam sai kai quran mein kaha likha huwa hain aisai ye sirf yahodi khanzeer logo ki chaal hainmuslims ko badnaam karkai liye  zara socho na tumharai hinduism ko badnaam kyun nahen kartai islam kai peechai kyun parai huwai hain zara dimagh ko khol kai socho,yahodi agent qadyani chamcha,#khuda ki qasam agar mey hota tu zinda nahe bach sakta ta muj sey ye beghairat kafir yahoodi.,aor hamary hkmran in k sath mily huy en ....yahudi aor hindun hmary sb sy bry dushman en,shayd apnay doston ney bhi bht zayada laga diya kia ye beghairt kafir yahoodi
class2_batch001_sample010173,1,10173,2,Religious Hate,211173,215173,v3_original_demo_boundary_prompt,4-shot random authentic same-class,Shortlisted authentic RUHSOLD Religious Hate examples,118,kitane maulviyon ne tumhari ammi jaan ka halala kiya hoga tab jakar tum jaisa suar nikla hoga .. ye bhi to bta re mulle..,halala ki padayish ho aap aur kya expect karenge hum aapse,kaafir tujhe kuch nai malum,lul bukhari ye tum nahe tumaray yahoodi or hindu thuku bol rahay hain jin ko army sey bahot hi zeda takleef hai...🖕,tu apni maa chod dete hai ya chudwata hai
class2_batch001_sample010174,1,10174,2,Religious Hate,211174,215174,v3_original_demo_boundary_prompt,4-shot random authentic same-class,Shortlisted authentic RUHSOLD Religious Hate examples,118,"abbey halala ki paidaish, 5 baap ki aulaad. patthar baazi ke alawa kuchh kaam kara kabhi teri kaum ne ?","bilkul,itny lecture milny hain jese christmas or new year pe milty hain ,kya apko pata bhi hai k kaafir janwaro k haqq main dua bhi nahi krni chahye",madarchod muslaman ki kaum madarchod saalo ka imaan nahi hai bheno ko chod te hai bhen ke lode harmazaade uskiye apni  maa ki chut bhi chodta hoga aur chuswata hoga logo se saare musalamaan raand ki olad islam ki maa ki chut,qadiani ahmedi mirziee kaafir jo hen,haramzada
class2_batch001_sample010175,1,10175,2,Religious Hate,211175,215175,v3_original_demo_boundary_prompt,4-shot random authentic same-class,Shortlisted authentic RUHSOLD Religious Hate examples,118,tumri ma buhat hanzir hy jis ne tum jaise  yahodi kafir rhandi hanzir aurat ko paida kiya,wise halala ki paidaish tumse yhi ummid ki ja sakti hai madarsa chhhap suarðÿ˜‚ðÿ¤£ðÿ¤£ðÿ¤£ðÿ¤£,iran shia mulk ha or ye munafik log han,kadiyani kafir thay hain aur hamesha harain gay. ye dajjali fitnay ki ek kari hain. aur inkay supporters hum main bhe jo chupay howay hain wo bhe khanzeer kafir he hain. lannat beshomar kadiyanio pr.,tum sab harami ho
class2_batch001_sample010176,1,10176,2,Religious Hate,211176,215176,v3_original_demo_boundary_prompt,4-shot random authentic same-class,Shortlisted authentic RUHSOLD Religious Hate examples,118,ahmedi mirziee qadiyani hargiz kuleedi uhdu pe nhee janay chahien warna hmari agencies pe swalia nishan hey,#stopisraeliterror   yahoodi mulk jisey israel ka naam diya gaya najaiz hai yahoodi sabse bada dahshatgard,kafir yahodi kafir hindo same thinking,teri maa ka halala kra rha tha koi problem madarjat bhosdike mulle,harami saali
class2_batch001_sample010177,1,10177,2,Religious Hate,211177,215177,v3_original_demo_boundary_prompt,4-shot random authentic same-class,Shortlisted authentic RUHSOLD Religious Hate examples,118,ye bat tum yahoodi ko bolo atankwadi tum ho jo musalman se nafrat ki aag me insaniyat ke sabse bade dushman yahoodi ko support karte ho ye log to face to face mara hai unlog chote bache ka upar bom feka kisi aurat ya admi bacha ko goli mar diya wi bhi waha ke civilian hi hai,abe mc mein bheju teri maa cow ka photo kat te hue bc. chod teri tarah andhbhakt nhi hu aur nhi illiterate.. go and drink cow piss.,bus ya aur tafseel bataao  ahmdi aurtain beach pe bikini b pehnti hain  jalse aur ijlaas pe burqa b boht hai 🤫,chal fosdi ke mohammad kabile wale ki halala ki aulad,randi rona karwao bc
class2_batch001_sample010178,1,10178,2,Religious Hate,211178,215178,v3_original_demo_boundary_prompt,4-shot random authentic same-class,Shortlisted authentic RUHSOLD Religious Hate examples,118,plz sir hamy in say koi khtra nahi hamy is imran khan yahodi our kadiyanion say bachny pay gor karen pak army tayri azmat ko salam,"bilkul,itny lecture milny hain jese christmas or new year pe milty hain ,kya apko pata bhi hai k kaafir janwaro k haqq main dua bhi nahi krni chahye","insaniyat ko bache rahne do, jis mazhab me janwar ka gala ret ke khushi banti hai, jis mazhab me soorma logo ko 72 virgin ladkiya baati jaati, jo duniya pe kabze ke sapne dekhta ho us mazhab se duuri banane me hi insaniyat ki bhalayi hai.",hindu dharm ka matlab samajh pehle puppet khali bhaunk aur bhaunk iam enjoying ur bark 😂😂😂😂,"insaniyat ko bache rahne do, jis mazhab me janwar ka gala ret ke khushi banti hai, jis mazhab me soorma logo ko 72 virgin ladkiya baati jaati, jo d"
class2_batch001_sample010179,1,10179,2,Religious Hate,211179,215179,v3_original_demo_boundary_prompt,4-shot random authentic same-class,Shortlisted authentic RUHSOLD Religious Hate examples,118,that's for foolish act and the ahmedi you highlighted they were equal to jews for us so alhmdurallah we save quran ! . and about hindus and christians its was a false news !  and if it is real then show me !  if you don't have anything then shut up and run !,apne profile mein whats app me fb twitter mein is bahadur nojawaan ki pic lga kr islam se or nabi ke din se mhbt ka izhaar kren or itna share kren ek yahoodi apne na pak iradoon se baaz ajaye is shakhs ne quraan pak ki hifazahat mein ek bhtareen mhbt ka jita jagta sabot dia hai,tum log yahoodi ho kisi ko shuck nahi hona chaheye bus kafi hogae musalmanon ko aur dhoka na dou👹,poocho hamarai imam sai kai quran mein kaha likha huwa hain aisai ye sirf yahodi khanzeer logo ki chaal hainmuslims ko badnaam karkai liye  zara socho na tumharai hinduism ko badnaam kyun nahen kartai islam kai peechai kyun parai huwai hain zara dimagh ko khol kai socho,koi baat nahi yaar gulami ki choti rona dekho tera baap tha or tu bhi kia hota
class2_batch001_sample010180,1,10180,2,Religious Hate,211180,215180,v3_original_demo_boundary_prompt,4-shot random authentic same-class,Shortlisted authentic RUHSOLD Religious Hate examples,118,no no ...... hindu na kah mujhe ........islam bura maan jayega .......kaafir kah kaafir...,oeyy randdii k bachay ganddu hindu.. kyun jhoott baq raha hai gashti maa k ganndduu bachay. peshaab p k palnay wali qoum.,lanat abbtknews k khilaf trend bnane walye yazeedion pe r bibi k dushmano p bhi,imran qadyani yahoodi agent hy pti ki 18 bank account hy jis may qadyani yahoodi hondo ny funding ki hy . gold smith jimaima aneel musrst . atif miaan sub qadyani yahoodi hy,ye sher ka bacha tha aur tu saaley lanti kuttey k bacha
class2_batch001_sample010181,1,10181,2,Religious Hate,211181,215181,v3_original_demo_boundary_prompt,4-shot random authentic same-class,Shortlisted authentic RUHSOLD Religious Hate examples,118,1 balatkari muslim 3 balatkari tera baap hindu h uske bare m kuch bol  be,or mujhe un ladkiyo se utni hi nafrat hai jo mullo se shadi karti hai jitni kisi normal hindu ko😡 or mujhe hindu ladko se bhi itni hi nafrat hai jo muslim ladkiyo se shadi karte hai... dharam me koi milawat mujhe pasand nahi,kaafir tujhe kuch nai malum,no no ...... hindu na kah mujhe ........islam bura maan jayega .......kaafir kah kaafir...,ye tum logon ki behan aur bahan ho
class2_batch001_sample010182,1,10182,2,Religious Hate,211182,215182,v3_original_demo_boundary_prompt,4-shot random authentic same-class,Shortlisted authentic RUHSOLD Religious Hate examples,118,"path of cruelty , path of violence, path of halala , path of tripe talaq, path of marrying 6 years old aisha,path to discipline their wives by beating them,path of hurun,path of apostasy,path of punishable apostasy, path of beheading. what a pissful religion izlam is ðÿ‘",ahmdi is a non muslim biggest cheap religion ahmdi.,haha jaat dikha di bsdk antankbadi halala ki aulaad teri ammi ka halala hua tha phir to randi ke bacheðÿ¤£ðÿ¤£ðÿ˜…,madarchod muslaman ki kaum madarchod saalo ka imaan nahi hai bheno ko chod te hai bhen ke lode harmazaade uskiye apni  maa ki chut bhi chodta hoga aur chuswata hoga logo se saare musalamaan raand ki olad islam ki maa ki chut,mazaak kyu kr raha ha ye halala ki paidaish
class2_batch001_sample010183,1,10183,2,Religious Hate,211183,215183,v3_original_demo_boundary_prompt,4-shot random authentic same-class,Shortlisted authentic RUHSOLD Religious Hate examples,118,"abbey halala ki paidaish, 5 baap ki aulaad. patthar baazi ke alawa kuchh kaam kara kabhi teri kaum ne ?",oy ahmdi kuty. tum log smjhty ho k is trah kr k hm awam ko pagl bnao gy?? beta bajwa ne tere jeso ko nanga nachana he sbr kr. kahi ni ja rha hmara army chief. tum logo ne agly 3 sal me ye duniya hi chor jani bajwa k dar se. ye army chief nahi pakistan ka muhafiz he.,pehle america jaiga ue begairaat musliman kehlwane kai laiq nh pehle he logh kehty h eske bary me ye yahoodi hai,that nigga was yahoodi he probably lied to all the employees,abey randi maa ki nasal
class2_batch001_sample010184,1,10184,2,Religious Hate,211184,215184,v3_original_demo_boundary_prompt,4-shot random authentic same-class,Shortlisted authentic RUHSOLD Religious Hate examples,118,q teri bhen ko chuda hy dewbandion ny ..harami ki nasal,well said.lanati hain ye qadyani kafir,oeyy randdii k bachay ganddu hindu.. kyun jhoott baq raha hai gashti maa k ganndduu bachay. peshaab p k palnay wali qoum.,ye bat tum yahoodi ko bolo atankwadi tum ho jo musalman se nafrat ki aag me insaniyat ke sabse bade dushman yahoodi ko support karte ho ye log to face to face mara hai unlog chote bache ka upar bom feka kisi aurat ya admi bacha ko goli mar diya wi bhi waha ke civilian hi hai,oeyy randdii k bachay
class2_batch001_sample010185,1,10185,2,Religious Hate,211185,215185,v3_original_demo_boundary_prompt,4-shot random authentic same-class,Shortlisted authentic RUHSOLD Religious Hate examples,118,another endian hijra coward hindu terrorist army soldier dispatched to shamshangarh by pakistan army i want more endian hindu terrorist dead so keep it up pakistan,israel yahoodi sabse bade atankwaadi hai,hey are fighting amongst each other. #bajwa is compromise candidate. thats only reason why he a ahmadiya is a coas.,chhor bhen chod hrami hindu chhor esko😠😠😠,halala ki paidaish
class2_batch001_sample010186,1,10186,2,Religious Hate,211186,215186,v3_original_demo_boundary_prompt,4-shot random authentic same-class,Shortlisted authentic RUHSOLD Religious Hate examples,118,"insaniyat ko bache rahne do, jis mazhab me janwar ka gala ret ke khushi banti hai, jis mazhab me soorma logo ko 72 virgin ladkiya baati jaati, jo duniya pe kabze ke sapne dekhta ho us mazhab se duuri banane me hi insaniyat ki bhalayi hai.",tum log yahoodi ho kisi ko shuck nahi hona chaheye bus kafi hogae musalmanon ko aur dhoka na dou👹,1 balatkari muslim 3 balatkari tera baap hindu h uske bare m kuch bol  be,"ye manhoos hinduon ki diwali k chakkar mai har jaga ki aur quality kharab hogai, bharwe",haan teri maa bhen ka lund maro bhosdike tu tere pichwe main lund lagwa phir
class2_batch001_sample010187,1,10187,2,Religious Hate,211187,215187,v3_original_demo_boundary_prompt,4-shot random authentic same-class,Shortlisted authentic RUHSOLD Religious Hate examples,118,madarchod muslaman ki kaum madarchod saalo ka imaan nahi hai bheno ko chod te hai bhen ke lode harmazaade uskiye apni  maa ki chut bhi chodta hoga aur chuswata hoga logo se saare musalamaan raand ki olad islam ki maa ki chut,abe mc mein bheju teri maa cow ka photo kat te hue bc. chod teri tarah andhbhakt nhi hu aur nhi illiterate.. go and drink cow piss.,yahodi agent qadyani chamcha,"path of cruelty , path of violence, path of halala , path of tripe talaq, path of marrying 6 years old aisha,path to discipline their wives by beating them,path of hurun,path of apostasy,path of punishable apostasy, path of beheading. what a pissful religion izlam is ðÿ‘",tum jaisay kia ho???
class2_batch001_sample010188,1,10188,2,Religious Hate,211188,215188,v3_original_demo_boundary_prompt,4-shot random authentic same-class,Shortlisted authentic RUHSOLD Religious Hate examples,118,jaa bhen k lory tum harrami ki nasal ho.. dewband maslak pe kutty ki tareh bhoonkty ho..,abe halala ki paidaish..  tumhara to wajood hi 800 years purana hai..  jab bhagwan ram ko kagaj dikhane ki jarurat par gayi to tum kaun ho.. kagaj to dikhana hi parega.. #nrc_caa_npr,kaafir tujhe kuch nai malum,bosdk yeh tumhare ghar me hota hai. saari k blouse me mote mote doodh dikhati firti hain tumhare dharam ki orate or hindu orat ko musalman ka l#nd aachaa lagta hai. yeh baat puri dunia janti hai,ye log shaitan ke bachche hai
class2_batch001_sample010189,1,10189,2,Religious Hate,211189,215189,v3_original_demo_boundary_prompt,4-shot random authentic same-class,Shortlisted authentic RUHSOLD Religious Hate examples,118,"not surprised comment came from ahmedi. tbh, i won't be surprised when some christians will argue that they r included in muslim category too. just bcoz they believe there is only one god.",plz sir hamy in say koi khtra nahi hamy is imran khan yahodi our kadiyanion say bachny pay gor karen pak army tayri azmat ko salam,pislam me media ka estemal kerna haram hai  halala ki paidais,abe mc mein bheju teri maa cow ka photo kat te hue bc. chod teri tarah andhbhakt nhi hu aur nhi illiterate.. go and drink cow piss.,apni maa ki phudi se dunga ye
class2_batch001_sample010190,1,10190,2,Religious Hate,211190,215190,v3_original_demo_boundary_prompt,4-shot random authentic same-class,Shortlisted authentic RUHSOLD Religious Hate examples,118,please sell up you yahoodi bastards,halala ki padayish ho aap aur kya expect karenge hum aapse,"waise madarso mein bahut achhi taaleem di jaati hai tum jihadi hijdo ko, asar dikh rha hai yahan, khud toh khud ki bhen chodte hi ho aur dusro ko bhi bhenchod samajhte ho.",kisi randi maa ki olad ap ki hindu aurtain jab pooja karti hn tab wo bagwan ka lund mounh me b leti hn?,haramkhor muslims
class2_batch001_sample010191,1,10191,2,Religious Hate,211191,215191,v3_original_demo_boundary_prompt,4-shot random authentic same-class,Shortlisted authentic RUHSOLD Religious Hate examples,118,"just the ten thousandth ""isolated"" instance of christian /jewish/hindu/ahmedi places of worship being attacked by crybabies who themselves can't handle some nutcase burning a book full of fiction stories.",tumhri maa kk chodu sale apni maa ko chod ke paida hone wale randi ki aulad sale apni behan ko biwi bana ke rkhne wale muhammad ki nazayaj aulad,ahmedi mirziee qadiyani hargiz kuleedi uhdu pe nhee janay chahien warna hmari agencies pe swalia nishan hey,kabi bi nai jo sakta ya shia log pora ka pora yahodi hn,tumhara baap ptm leader tha aurat march mein tera jism meri marzi ka munafik us waqai ka mukamal istemal hua
class2_batch001_sample010192,1,10192,2,Religious Hate,211192,215192,v3_original_demo_boundary_prompt,4-shot random authentic same-class,Shortlisted authentic RUHSOLD Religious Hate examples,118,benchod randi  islam,abe bharwe tum hindu hi duniya k sub se bara atankwaz ho haramiyon bt krte ho hamare age tumhari country me hindu k elawa koi safe nhi he  tumhari country ka name isi liye  lynchistan he  isi king all the world,another endian hijra coward hindu terrorist army soldier dispatched to shamshangarh by pakistan army i want more endian hindu terrorist dead so keep it up pakistan,get lost you kaafir.,bhenchod ye jaisa halala ki aulad hai
class2_batch001_sample010193,1,10193,2,Religious Hate,211193,215193,v3_original_demo_boundary_prompt,4-shot random authentic same-class,Shortlisted authentic RUHSOLD Religious Hate examples,118,sali muslims randi. jihadi sali,ahmedi mirziee qadiyani hargiz kuleedi uhdu pe nhee janay chahien warna hmari agencies pe swalia nishan hey,that's for foolish act and the ahmedi you highlighted they were equal to jews for us so alhmdurallah we save quran ! . and about hindus and christians its was a false news !  and if it is real then show me !  if you don't have anything then shut up and run !,please don't share his obnoxious face to me. below is the image of the book rohani khzain from ahmedi's official website see what your evil messiah has declared god but you had said you have read the books of mirza and accepted him mehdi may god give you hidyath,ap ny qadiyani ka bacha kiya
class2_batch001_sample010194,1,10194,2,Religious Hate,211194,215194,v3_original_demo_boundary_prompt,4-shot random authentic same-class,Shortlisted authentic RUHSOLD Religious Hate examples,118,hindoo wo qom ha jinper koi nabi koi kitaab nazil nahi hoi. ye to yahoodi se bhi bad tar hen,bus ya aur tafseel bataao  ahmdi aurtain beach pe bikini b pehnti hain  jalse aur ijlaas pe burqa b boht hai 🤫,chutiya azam ny kia kia ha ab tk sawa saal mein sirf 11600 arab ka izfa qarzoun mein kia or kuch nhi badlo apni soch ko yahodi na bano or ek muslim ki tarh socho,"huh wut you say u imbecile, i shat on you...toh toh toh kaafir",apko pta hai 5 june ki duniya mazboot hui thi..tum logon ne kaha k khuda hi ghabrana ha..is liye 5 june ko raat ko 7 baje tak 90 minutes
class2_batch001_sample010195,1,10195,2,Religious Hate,211195,215195,v3_original_demo_boundary_prompt,4-shot random authentic same-class,Shortlisted authentic RUHSOLD Religious Hate examples,118,abe mc mein bheju teri maa cow ka photo kat te hue bc. chod teri tarah andhbhakt nhi hu aur nhi illiterate.. go and drink cow piss.,tumri ma buhat hanzir hy jis ne tum jaise  yahodi kafir rhandi hanzir aurat ko paida kiya,that's for foolish act and the ahmedi you highlighted they were equal to jews for us so alhmdurallah we save quran ! . and about hindus and christians its was a false news !  and if it is real then show me !  if you don't have anything then shut up and run !,kutto ki tarah america maar raha hai tumhari kaum ko...aasmani kitab walo...israel roj filistin may maa chod raha hai tumhari.... pahle unse nipto....dare hue log😂😂,tum to sachay yahoodi agent hain...
class2_batch001_sample010196,1,10196,2,Religious Hate,211196,215196,v3_original_demo_boundary_prompt,4-shot random authentic same-class,Shortlisted authentic RUHSOLD Religious Hate examples,118,kisi randi maa ki olad ap ki hindu aurtain jab pooja karti hn tab wo bagwan ka lund mounh me b leti hn?,abe bharwe tum hindu hi duniya k sub se bara atankwaz ho haramiyon bt krte ho hamare age tumhari country me hindu k elawa koi safe nhi he  tumhari country ka name isi liye  lynchistan he  isi king all the world,pehle america jaiga ue begairaat musliman kehlwane kai laiq nh pehle he logh kehty h eske bary me ye yahoodi hai,"afghanio ne tme hindu se bachaya,randi k aulaad tareekh paro tm wo ganda khoon ho,jo siko aour hindu ki rape se paida woe ho,tme kalima tho sikaya afghano ne,magar tmari gandi dna wai ranjeet sing wali a,randi k aulaad tm ne kah pana di,am pashtono ne di,apnay bio ko hera mandi",i know its not halala but still it shows how much respect we have towards women. if she wants to marry again she can't. she has to remain with husband.
class2_batch001_sample010197,1,10197,2,Religious Hate,211197,215197,v3_original_demo_boundary_prompt,4-shot random authentic same-class,Shortlisted authentic RUHSOLD Religious Hate examples,118,or wahan tumhara jahanumi ahmedi jo naaowz billah nabi hona ka dawa dar tha wo wo case hara tha or court sa bhag gya tha.nabi pak p.b.u.h allah ka akhri nabi han or on ka bad koi nabi nahi ae ga.ya ak haqeqat ha jo quran ma bhi ha.or 1947 ma pak islam ka name par bana tha.,bus ya aur tafseel bataao  ahmdi aurtain beach pe bikini b pehnti hain  jalse aur ijlaas pe burqa b boht hai 🤫,lanat abbtknews k khilaf trend bnane walye yazeedion pe r bibi k dushmano p bhi,chal fosdi ke mohammad kabile wale ki halala ki aulad,ye ab bs sare ahmedis hain
class2_batch001_sample010198,1,10198,2,Religious Hate,211198,215198,v3_original_demo_boundary_prompt,4-shot random authentic same-class,Shortlisted authentic RUHSOLD Religious Hate examples,118,kadiyani kafir thay hain aur hamesha harain gay. ye dajjali fitnay ki ek kari hain. aur inkay supporters hum main bhe jo chupay howay hain wo bhe khanzeer kafir he hain. lannat beshomar kadiyanio pr.,benchod randi  islam,tm jeso ki jb g**nd mari jaye na fir tm log thek rehty ho bc k bachy jb wo yahoodi lanti marty hn na wo muslim dekhty hn air kuch ni dekhty baki tm na toh apni pesh krni hoti ha unhy.,tw kaafir tera peo kaafir tera pura khandaan kaafir ooo churry trump🐱🐱,abey kashmir frosh tu kisi qadyani ka bhai nahin hai?
class2_batch001_sample010199,1,10199,2,Religious Hate,211199,215199,v3_original_demo_boundary_prompt,4-shot random authentic same-class,Shortlisted authentic RUHSOLD Religious Hate examples,118,"m firqa wariyat m nahi parhna chahta, muslims mjo ahktlaf hen wo apni jaga , lekin pichly 200 saal sy muslim is liye mar kha rhy hen k sunni shia wahabi dayobandi bla bla ,,yahodi or nasara ny na koi sunni mulk chora ha na koi shia,  wo bs yehi dekhtay ye muslman ha ..bs maro isk",ye bat tum yahoodi ko bolo atankwadi tum ho jo musalman se nafrat ki aag me insaniyat ke sabse bade dushman yahoodi ko support karte ho ye log to face to face mara hai unlog chote bache ka upar bom feka kisi aurat ya admi bacha ko goli mar diya wi bhi waha ke civilian hi hai,ye lode teri maa or bahan ke shohar hai or jyada bolega to de denge teri maa or bahan ko hum denge talaq or fir halala wow kya baat hai mullo wow lund chuss lo ðÿ˜œðÿ˜œðÿ˜œðÿ˜œ,ho gaye hy aur han aj jo ye sekhon k liye kar raha hy ye whoi sekh hy jub pakistan azad howa tha aur muslmano ne jub india sa hijrat ki tub sub zada qatal muslim ko in sekhon ne kiya tha par afsos ap jesy log is yahodi e agent ko ek islami leader mante ho phir kasm khao k allah,nawaz sharif aur imran chore zakat khore yahodi agents hain
