production_candidate_id,batch_number,sample_index,class_id,target_label,generation_seed,demonstration_seed,prompt_version,prompting_strategy,demonstration_source,demonstration_pool_size,demo_1,demo_2,demo_3,demo_4,generated_text
class3_batch004_sample020600,4,20600,3,Sexism,321600,325600,v3_original_demo_boundary_prompt,4-shot random authentic same-class,Shortlisted authentic RUHSOLD Sexism examples,40,jin ko hizab se nafrat he wo nangi ho k ghoome koi in pe thooke ga bhi nahi  aurat khoobsurat pure libas me lagti he mawazna karlen,your leader  is hijra that's why he is not living with his wife.,agar aaj se 40 saal pehley isi tarha ke banner pakarh kar mera jism meri marzi waala naara aapki amma ne maara hota to aap is duniya main ye tweet karney ke liye maujood hi na hoteen 😑😑😑,70 saal ka mard is better than a 30 year old hijra😅,i want to ask you what will happen if this islamic state become anti homosexual
class3_batch004_sample020601,4,20601,3,Sexism,321601,325601,v3_original_demo_boundary_prompt,4-shot random authentic same-class,Shortlisted authentic RUHSOLD Sexism examples,40,#stopauratbarbadimarch aurat ghr k andr hi achi lgti he yu sarkon par nikalna kisi bhi aurat ki izzat par daag lga skta he,"yeh wesy koi bht e zyda ounchi nasal ki randi niqli h wesy , mtlb i can't even imagine koi bughaz or paisy k pechay itna b girr skta h, nehayat e nichly darjay ki baighairat aurat ho, aurat zaat ko b badnaam kea h isny apny wajood sy !! akhh thooo iski zaat pay",your leader  is hijra that's why he is not living with his wife.,lalchi aurat paisa dekhti hai aur khandani aurat sirf sehrat dekhti hai,bhenchod ye jahan se bahar aa gayi hai ye harami insan
class3_batch004_sample020602,4,20602,3,Sexism,321602,325602,v3_original_demo_boundary_prompt,4-shot random authentic same-class,Shortlisted authentic RUHSOLD Sexism examples,40,ap ko mard banny ki acting pasand i? agr ni to hijra hi bany rahye sir ye mardo k kam hn hijro k ni.,roads pe lab coat b ap ki gender hi pehnti ha 😂,aisi or kis kis ki lund par uchel uchel kar moja lati ghar me.,#stopauratbarbadimarch aurat ghr k andr hi achi lgti he yu sarkon par nikalna kisi bhi aurat ki izzat par daag lga skta he,chalo bc tum ne jab niazi ka khatam ho gaya tha to tu nae pata kya yeh kia cheez hota hai.
class3_batch004_sample020603,4,20603,3,Sexism,321603,325603,v3_original_demo_boundary_prompt,4-shot random authentic same-class,Shortlisted authentic RUHSOLD Sexism examples,40,randi kise kahte ha aap hi bata do? ye word ghatiya women ke liye hi use karta ha ab deepika ghatiya ha to randi hi bolenge na,transgander   madarchood   hijra tu aik bara khoota ha  haram zada,your leader  is hijra that's why he is not living with his wife.,muslim countries ki leaderships na mard napunsak or hijra hain.. in mein koi dum nahi.. ye kuch nahi kr sakty.. jinnah ki rooh tarapti hogi.. jinnah ne kashmir par attack ka order diya tha..,tum logon ko bhi pata chl jaega ki shadi nai ho rhi
class3_batch004_sample020604,4,20604,3,Sexism,321604,325604,v3_original_demo_boundary_prompt,4-shot random authentic same-class,Shortlisted authentic RUHSOLD Sexism examples,40,70 saal ka mard is better than a 30 year old hijra😅,apni behn ko bhejo gay na aurat march me??,#stopauratbarbadimarch who are you for arguing our tradition and islamic manners you bluddy 2 takay ki aurat   .,"yeh wesy koi bht e zyda ounchi nasal ki randi niqli h wesy , mtlb i can't even imagine koi bughaz or paisy k pechay itna b girr skta h, nehayat e nichly darjay ki baighairat aurat ho, aurat zaat ko b badnaam kea h isny apny wajood sy !! akhh thooo iski zaat pay",abe kanjar kutte bacha tu teri maa ko chod rha hai
class3_batch004_sample020605,4,20605,3,Sexism,321605,325605,v3_original_demo_boundary_prompt,4-shot random authentic same-class,Shortlisted authentic RUHSOLD Sexism examples,40,you are just girlfriend material no one wants wife like you. itna jism jo sirf admi apni bivi ka dekhta h  apka to sary jahan ne dekha h,roads pe lab coat b ap ki gender hi pehnti ha 😂,shazaib apni baji ko b bejna han aurat march ma agr itne he zruri hai to,aaaahhhhhh bhenchod.....jese tere is mangalsutra ki sahi jagah tere gale me nai balki mere mote kaale lund pr he.... vese hi tujh jesi chudakkad kuttiya ki jagah kewal mere pairo k niche he saali.... chal inbox me aa.....,rt : ye kisi kutte ki beti ka bhosda bta raha hai
class3_batch004_sample020606,4,20606,3,Sexism,321606,325606,v3_original_demo_boundary_prompt,4-shot random authentic same-class,Shortlisted authentic RUHSOLD Sexism examples,40,original attitude boys ma hota ha aur fake girls ma,tere jaise randiyo ki chudai ke liye to ham mard hain yaha pe,lalchi aurat paisa dekhti hai aur khandani aurat sirf sehrat dekhti hai,"yeh wesy koi bht e zyda ounchi nasal ki randi niqli h wesy , mtlb i can't even imagine koi bughaz or paisy k pechay itna b girr skta h, nehayat e nichly darjay ki baighairat aurat ho, aurat zaat ko b badnaam kea h isny apny wajood sy !! akhh thooo iski zaat pay",apnay pasandi kia huwa h iska
class3_batch004_sample020607,4,20607,3,Sexism,321607,325607,v3_original_demo_boundary_prompt,4-shot random authentic same-class,Shortlisted authentic RUHSOLD Sexism examples,40,phir larky beard ky bagiar khusray q lgty hain  wo bhi beard ky bagiar khubsurat lgny chahiye ?,aaaahhhhhh bhenchod.....jese tere is mangalsutra ki sahi jagah tere gale me nai balki mere mote kaale lund pr he.... vese hi tujh jesi chudakkad kuttiya ki jagah kewal mere pairo k niche he saali.... chal inbox me aa.....,"apko kehna chahye tha na mard hoon, na aurat hoo. main hijra hoon main hijra hoon, main parchi hoon, main defected hoon, main accidental chairman hoon.  #joker420",acha tareka dhondha hai larkun ko ganda sabit karny ka but aesi neech harkat larkyan he kar sakti hain larky nahi.,abe randi kutiye apni maa baap ko jo sikhega wo tera baap lagta ha
class3_batch004_sample020608,4,20608,3,Sexism,321608,325608,v3_original_demo_boundary_prompt,4-shot random authentic same-class,Shortlisted authentic RUHSOLD Sexism examples,40,original attitude boys ma hota ha aur fake girls ma,roads pe lab coat b ap ki gender hi pehnti ha 😂,transgander   madarchood   hijra tu aik bara khoota ha  haram zada,shazaib apni baji ko b bejna han aurat march ma agr itne he zruri hai to,galiyan lene wale apki randi rona ko mohabbat krte rahe ho
class3_batch004_sample020609,4,20609,3,Sexism,321609,325609,v3_original_demo_boundary_prompt,4-shot random authentic same-class,Shortlisted authentic RUHSOLD Sexism examples,40,we are supporting #islam and thank you #khalilurrahmanqamar for your beautiful comments against #gashti .  agar ye #aurat hoti to na me aesi zuban use krta aur na koi gairatmand #admi use krta.,lalchi aurat paisa dekhti hai aur khandani aurat sirf sehrat dekhti hai,your leader  is hijra that's why he is not living with his wife.,aisi or kis kis ki lund par uchel uchel kar moja lati ghar me.,charsi jesa ka bhi nahi
class3_batch004_sample020610,4,20610,3,Sexism,321610,325610,v3_original_demo_boundary_prompt,4-shot random authentic same-class,Shortlisted authentic RUHSOLD Sexism examples,40,your leader  is hijra that's why he is not living with his wife.,shazaib apni baji ko b bejna han aurat march ma agr itne he zruri hai to,phir larky beard ky bagiar khusray q lgty hain  wo bhi beard ky bagiar khubsurat lgny chahiye ?,apni behn ko bhejo gay na aurat march me??,ooohh nooo. tu to pakistani tha.
class3_batch004_sample020611,4,20611,3,Sexism,321611,325611,v3_original_demo_boundary_prompt,4-shot random authentic same-class,Shortlisted authentic RUHSOLD Sexism examples,40,tu kyun ro rahe hai hijra? tera buddhe hijra to kamjor mard hai. uska kara nehi hota. 🤣🤣🤣🤣,mard muhbt kr bhi ly tu aksar aurat he dhoka dy jati h usy 💔,transgander   madarchood   hijra tu aik bara khoota ha  haram zada,"ab iska sara credit har anchor le rha h jb k  rape,  ki asal jad h hi media jo mera jism.meri marzi,  hareem.shah , qandeel bloch , valentine day pe program krty hn phr rape hi hn gy",ye hijra hi ho kya
class3_batch004_sample020612,4,20612,3,Sexism,321612,325612,v3_original_demo_boundary_prompt,4-shot random authentic same-class,Shortlisted authentic RUHSOLD Sexism examples,40,aisi or kis kis ki lund par uchel uchel kar moja lati ghar me.,jin ko hizab se nafrat he wo nangi ho k ghoome koi in pe thooke ga bhi nahi  aurat khoobsurat pure libas me lagti he mawazna karlen,#stopauratbarbadimarch who are you for arguing our tradition and islamic manners you bluddy 2 takay ki aurat   .,r mazy k bat mra jism wo auratn krti hn jin pr thokta bh koi nae.,yeh jo randi kehty he bhonkty rehty he
class3_batch004_sample020613,4,20613,3,Sexism,321613,325613,v3_original_demo_boundary_prompt,4-shot random authentic same-class,Shortlisted authentic RUHSOLD Sexism examples,40,your leader  is hijra that's why he is not living with his wife.,#stopauratbarbadimarch who are you for arguing our tradition and islamic manners you bluddy 2 takay ki aurat   .,70 saal ka mard is better than a 30 year old hijra😅,dhoka khane k baad oska aitbar uth jata haa sbsee or dosre mard mai b interest ni rehta...ku k aurat jism k ley ni chahti jbk mard jism k ley chahta😌🙂,haha yaar ye hi na ho.. mahira ko jo yahan se hai uski trha aesi nhi hoti😂
class3_batch004_sample020614,4,20614,3,Sexism,321614,325614,v3_original_demo_boundary_prompt,4-shot random authentic same-class,Shortlisted authentic RUHSOLD Sexism examples,40,we are supporting #islam and thank you #khalilurrahmanqamar for your beautiful comments against #gashti .  agar ye #aurat hoti to na me aesi zuban use krta aur na koi gairatmand #admi use krta.,muslim countries ki leaderships na mard napunsak or hijra hain.. in mein koi dum nahi.. ye kuch nahi kr sakty.. jinnah ki rooh tarapti hogi.. jinnah ne kashmir par attack ka order diya tha..,mard muhbt kr bhi ly tu aksar aurat he dhoka dy jati h usy 💔,shazaib apni baji ko b bejna han aurat march ma agr itne he zruri hai to,gashti ki nasl ho
class3_batch004_sample020615,4,20615,3,Sexism,321615,325615,v3_original_demo_boundary_prompt,4-shot random authentic same-class,Shortlisted authentic RUHSOLD Sexism examples,40,randi kise kahte ha aap hi bata do? ye word ghatiya women ke liye hi use karta ha ab deepika ghatiya ha to randi hi bolenge na,"aurat ko islam nai galat lagta, ap log lagtay ho jo ye boltay hain k agar aurat ka rape hua to wo uski galtie usne sar par dupatta nai kiya us banday ki nahi wo bechara kesay control karay",aur jesi ghatia aurat ke mun se ye bat achi ni lagti. logon ko garam karnay wali machine.,tu kyun ro rahe hai hijra? tera buddhe hijra to kamjor mard hai. uska kara nehi hota. 🤣🤣🤣🤣,ye jo hijra thi wo kuch thak gaye. 😒
class3_batch004_sample020616,4,20616,3,Sexism,321616,325616,v3_original_demo_boundary_prompt,4-shot random authentic same-class,Shortlisted authentic RUHSOLD Sexism examples,40,mard muhbt kr bhi ly tu aksar aurat he dhoka dy jati h usy 💔,#stopauratbarbadimarch aurat ghr k andr hi achi lgti he yu sarkon par nikalna kisi bhi aurat ki izzat par daag lga skta he,ap ko mard banny ki acting pasand i? agr ni to hijra hi bany rahye sir ye mardo k kam hn hijro k ni.,"aurat ko islam nai galat lagta, ap log lagtay ho jo ye boltay hain k agar aurat ka rape hua to wo uski galtie usne sar par dupatta nai kiya us banday ki nahi wo bechara kesay control karay",mein tum se poochhta hoon k ye ghatiya randi hai or tere baap ne mujhe ek saali ke samny thalaal kia tha
class3_batch004_sample020617,4,20617,3,Sexism,321617,325617,v3_original_demo_boundary_prompt,4-shot random authentic same-class,Shortlisted authentic RUHSOLD Sexism examples,40,mard muhbt kr bhi ly tu aksar aurat he dhoka dy jati h usy 💔,"yeh wesy koi bht e zyda ounchi nasal ki randi niqli h wesy , mtlb i can't even imagine koi bughaz or paisy k pechay itna b girr skta h, nehayat e nichly darjay ki baighairat aurat ho, aurat zaat ko b badnaam kea h isny apny wajood sy !! akhh thooo iski zaat pay",aisi or kis kis ki lund par uchel uchel kar moja lati ghar me.,#stopauratbarbadimarch who are you for arguing our tradition and islamic manners you bluddy 2 takay ki aurat   .,ye hi to sirf hijra thaa kya
class3_batch004_sample020618,4,20618,3,Sexism,321618,325618,v3_original_demo_boundary_prompt,4-shot random authentic same-class,Shortlisted authentic RUHSOLD Sexism examples,40,we are supporting #islam and thank you #khalilurrahmanqamar for your beautiful comments against #gashti .  agar ye #aurat hoti to na me aesi zuban use krta aur na koi gairatmand #admi use krta.,shazaib apni baji ko b bejna han aurat march ma agr itne he zruri hai to,ap ko mard banny ki acting pasand i? agr ni to hijra hi bany rahye sir ye mardo k kam hn hijro k ni.,bilo rani tumhari pehchan sirf or sirf hijra huna hai.. na mard,wahi kya pata tha wo hijra hy or hijre ka kam hain hijra k kya hai
class3_batch004_sample020619,4,20619,3,Sexism,321619,325619,v3_original_demo_boundary_prompt,4-shot random authentic same-class,Shortlisted authentic RUHSOLD Sexism examples,40,jin ko hizab se nafrat he wo nangi ho k ghoome koi in pe thooke ga bhi nahi  aurat khoobsurat pure libas me lagti he mawazna karlen,"ab iska sara credit har anchor le rha h jb k  rape,  ki asal jad h hi media jo mera jism.meri marzi,  hareem.shah , qandeel bloch , valentine day pe program krty hn phr rape hi hn gy","apko kehna chahye tha na mard hoon, na aurat hoo. main hijra hoon main hijra hoon, main parchi hoon, main defected hoon, main accidental chairman hoon.  #joker420",aisi or kis kis ki lund par uchel uchel kar moja lati ghar me.,ab tk uski maa khud ki maa ne paida ker liya
class3_batch004_sample020620,4,20620,3,Sexism,321620,325620,v3_original_demo_boundary_prompt,4-shot random authentic same-class,Shortlisted authentic RUHSOLD Sexism examples,40,transgander   madarchood   hijra tu aik bara khoota ha  haram zada,70 saal ka mard is better than a 30 year old hijra😅,your leader  is hijra that's why he is not living with his wife.,bilo rani tumhari pehchan sirf or sirf hijra huna hai.. na mard,charsi ki tarah bolo gadhe ki tatti
class3_batch004_sample020621,4,20621,3,Sexism,321621,325621,v3_original_demo_boundary_prompt,4-shot random authentic same-class,Shortlisted authentic RUHSOLD Sexism examples,40,70 saal ka mard is better than a 30 year old hijra😅,teri bhosdi or boobs me parda mat kar...logo ko dekne de.dhake hoge to kaise pata chalega ki tu hijra nehi hai.   hijra kahi ki.,jin ko hizab se nafrat he wo nangi ho k ghoome koi in pe thooke ga bhi nahi  aurat khoobsurat pure libas me lagti he mawazna karlen,we are supporting #islam and thank you #khalilurrahmanqamar for your beautiful comments against #gashti .  agar ye #aurat hoti to na me aesi zuban use krta aur na koi gairatmand #admi use krta.,hijre ke bachy
class3_batch004_sample020622,4,20622,3,Sexism,321622,325622,v3_original_demo_boundary_prompt,4-shot random authentic same-class,Shortlisted authentic RUHSOLD Sexism examples,40,dhoka khane k baad oska aitbar uth jata haa sbsee or dosre mard mai b interest ni rehta...ku k aurat jism k ley ni chahti jbk mard jism k ley chahta😌🙂,agar aaj se 40 saal pehley isi tarha ke banner pakarh kar mera jism meri marzi waala naara aapki amma ne maara hota to aap is duniya main ye tweet karney ke liye maujood hi na hoteen 😑😑😑,"ab iska sara credit har anchor le rha h jb k  rape,  ki asal jad h hi media jo mera jism.meri marzi,  hareem.shah , qandeel bloch , valentine day pe program krty hn phr rape hi hn gy",bc ghar wale bhi soch rahe honge yeh kya system paida ho gya sala lagta programing galat ho gayi.... sabsi badi confusion iske liye ladka dhundheyge yaa ladki😉,shukria ye kuch b nahin tha 🤣🤣
class3_batch004_sample020623,4,20623,3,Sexism,321623,325623,v3_original_demo_boundary_prompt,4-shot random authentic same-class,Shortlisted authentic RUHSOLD Sexism examples,40,roads pe lab coat b ap ki gender hi pehnti ha 😂,acha tareka dhondha hai larkun ko ganda sabit karny ka but aesi neech harkat larkyan he kar sakti hain larky nahi.,your leader  is hijra that's why he is not living with his wife.,we are supporting #islam and thank you #khalilurrahmanqamar for your beautiful comments against #gashti .  agar ye #aurat hoti to na me aesi zuban use krta aur na koi gairatmand #admi use krta.,yeh gashti ki behno hain
class3_batch004_sample020624,4,20624,3,Sexism,321624,325624,v3_original_demo_boundary_prompt,4-shot random authentic same-class,Shortlisted authentic RUHSOLD Sexism examples,40,70 saal ka mard is better than a 30 year old hijra😅,randi kise kahte ha aap hi bata do? ye word ghatiya women ke liye hi use karta ha ab deepika ghatiya ha to randi hi bolenge na,r mazy k bat mra jism wo auratn krti hn jin pr thokta bh koi nae.,tere jaise randiyo ki chudai ke liye to ham mard hain yaha pe,tu tu teri maa ko apne ghar me nikale ga......auratmarch walo ka paisa loogon k pass nhi
class3_batch004_sample020625,4,20625,3,Sexism,321625,325625,v3_original_demo_boundary_prompt,4-shot random authentic same-class,Shortlisted authentic RUHSOLD Sexism examples,40,tu kyun ro rahe hai hijra? tera buddhe hijra to kamjor mard hai. uska kara nehi hota. 🤣🤣🤣🤣,randi kise kahte ha aap hi bata do? ye word ghatiya women ke liye hi use karta ha ab deepika ghatiya ha to randi hi bolenge na,jin ko hizab se nafrat he wo nangi ho k ghoome koi in pe thooke ga bhi nahi  aurat khoobsurat pure libas me lagti he mawazna karlen,roads pe lab coat b ap ki gender hi pehnti ha 😂,teri maa behn kya chali gayi thi..😒
class3_batch004_sample020626,4,20626,3,Sexism,321626,325626,v3_original_demo_boundary_prompt,4-shot random authentic same-class,Shortlisted authentic RUHSOLD Sexism examples,40,70 saal ka mard is better than a 30 year old hijra😅,#stopauratbarbadimarch who are you for arguing our tradition and islamic manners you bluddy 2 takay ki aurat   .,tu kyun ro rahe hai hijra? tera buddhe hijra to kamjor mard hai. uska kara nehi hota. 🤣🤣🤣🤣,aisi or kis kis ki lund par uchel uchel kar moja lati ghar me.,abe randi
class3_batch004_sample020627,4,20627,3,Sexism,321627,325627,v3_original_demo_boundary_prompt,4-shot random authentic same-class,Shortlisted authentic RUHSOLD Sexism examples,40,lalchi aurat paisa dekhti hai aur khandani aurat sirf sehrat dekhti hai,#stopauratbarbadimarch aurat ghr k andr hi achi lgti he yu sarkon par nikalna kisi bhi aurat ki izzat par daag lga skta he,"madum ap gharailo maon behno ki terha na blkeh on maon behno ki terha bhi nahi jo moaashrat main ghar sy bahir nikal ker apni , maan baap ki .belky pory moaashry ki izzat ka kgayal rekhti hain .ap oss catogary main ati hain .jisy rundi,jisy tawaif,fahasha, jisy badqar kehty hain",#auratmarch2020 mera jism allah ki marzi.. allah ka to hukam ha tum char dewari me raho .. nd ya nikl k apni nimaish karna chahten,ye charsi randi ko 3 saal pehle bhej lete thay
class3_batch004_sample020628,4,20628,3,Sexism,321628,325628,v3_original_demo_boundary_prompt,4-shot random authentic same-class,Shortlisted authentic RUHSOLD Sexism examples,40,phir larky beard ky bagiar khusray q lgty hain  wo bhi beard ky bagiar khubsurat lgny chahiye ?,randi kise kahte ha aap hi bata do? ye word ghatiya women ke liye hi use karta ha ab deepika ghatiya ha to randi hi bolenge na,original attitude boys ma hota ha aur fake girls ma,you are just girlfriend material no one wants wife like you. itna jism jo sirf admi apni bivi ka dekhta h  apka to sary jahan ne dekha h,"yeh mard hy agar tmhari maa ki chut mein tha to tery baap ko teri amma se pocha ho ga ""randi kaha to meri beti ko leta"""
class3_batch004_sample020629,4,20629,3,Sexism,321629,325629,v3_original_demo_boundary_prompt,4-shot random authentic same-class,Shortlisted authentic RUHSOLD Sexism examples,40,#auratmarch2020 mera jism allah ki marzi.. allah ka to hukam ha tum char dewari me raho .. nd ya nikl k apni nimaish karna chahten,bc ghar wale bhi soch rahe honge yeh kya system paida ho gya sala lagta programing galat ho gayi.... sabsi badi confusion iske liye ladka dhundheyge yaa ladki😉,"ab iska sara credit har anchor le rha h jb k  rape,  ki asal jad h hi media jo mera jism.meri marzi,  hareem.shah , qandeel bloch , valentine day pe program krty hn phr rape hi hn gy","madum ap gharailo maon behno ki terha na blkeh on maon behno ki terha bhi nahi jo moaashrat main ghar sy bahir nikal ker apni , maan baap ki .belky pory moaashry ki izzat ka kgayal rekhti hain .ap oss catogary main ati hain .jisy rundi,jisy tawaif,fahasha, jisy badqar kehty hain",abey randi kaha se aaye thi
class3_batch004_sample020630,4,20630,3,Sexism,321630,325630,v3_original_demo_boundary_prompt,4-shot random authentic same-class,Shortlisted authentic RUHSOLD Sexism examples,40,phir larky beard ky bagiar khusray q lgty hain  wo bhi beard ky bagiar khubsurat lgny chahiye ?,acha tareka dhondha hai larkun ko ganda sabit karny ka but aesi neech harkat larkyan he kar sakti hain larky nahi.,"apko kehna chahye tha na mard hoon, na aurat hoo. main hijra hoon main hijra hoon, main parchi hoon, main defected hoon, main accidental chairman hoon.  #joker420",ap ko mard banny ki acting pasand i? agr ni to hijra hi bany rahye sir ye mardo k kam hn hijro k ni.,rt : randi kutte bacho
class3_batch004_sample020631,4,20631,3,Sexism,321631,325631,v3_original_demo_boundary_prompt,4-shot random authentic same-class,Shortlisted authentic RUHSOLD Sexism examples,40,lalchi aurat paisa dekhti hai aur khandani aurat sirf sehrat dekhti hai,dhoka khane k baad oska aitbar uth jata haa sbsee or dosre mard mai b interest ni rehta...ku k aurat jism k ley ni chahti jbk mard jism k ley chahta😌🙂,teri bhosdi or boobs me parda mat kar...logo ko dekne de.dhake hoge to kaise pata chalega ki tu hijra nehi hai.   hijra kahi ki.,bilo rani tumhari pehchan sirf or sirf hijra huna hai.. na mard,bc kabhi bolo hijra
class3_batch004_sample020632,4,20632,3,Sexism,321632,325632,v3_original_demo_boundary_prompt,4-shot random authentic same-class,Shortlisted authentic RUHSOLD Sexism examples,40,apni behn ko bhejo gay na aurat march me??,jin ko hizab se nafrat he wo nangi ho k ghoome koi in pe thooke ga bhi nahi  aurat khoobsurat pure libas me lagti he mawazna karlen,ap ko mard banny ki acting pasand i? agr ni to hijra hi bany rahye sir ye mardo k kam hn hijro k ni.,your leader  is hijra that's why he is not living with his wife.,abe bhenchod tu dusre ka pta chalega randi
class3_batch004_sample020633,4,20633,3,Sexism,321633,325633,v3_original_demo_boundary_prompt,4-shot random authentic same-class,Shortlisted authentic RUHSOLD Sexism examples,40,teri chut me sabhi bhaiyo ka lund reply de randi,we are supporting #islam and thank you #khalilurrahmanqamar for your beautiful comments against #gashti .  agar ye #aurat hoti to na me aesi zuban use krta aur na koi gairatmand #admi use krta.,dhoka khane k baad oska aitbar uth jata haa sbsee or dosre mard mai b interest ni rehta...ku k aurat jism k ley ni chahti jbk mard jism k ley chahta😌🙂,jahiliyat ki v had hai ye apne ghar me slave ki tarh rahti hai aur bahar kutto jaise bhaunk rhi hai... shame on these ladies,tu sirf baat karna tha mujhe..
class3_batch004_sample020634,4,20634,3,Sexism,321634,325634,v3_original_demo_boundary_prompt,4-shot random authentic same-class,Shortlisted authentic RUHSOLD Sexism examples,40,agar aaj se 40 saal pehley isi tarha ke banner pakarh kar mera jism meri marzi waala naara aapki amma ne maara hota to aap is duniya main ye tweet karney ke liye maujood hi na hoteen 😑😑😑,bc ghar wale bhi soch rahe honge yeh kya system paida ho gya sala lagta programing galat ho gayi.... sabsi badi confusion iske liye ladka dhundheyge yaa ladki😉,roads pe lab coat b ap ki gender hi pehnti ha 😂,mard muhbt kr bhi ly tu aksar aurat he dhoka dy jati h usy 💔,aurat ko aik dushman rahna chahiye jisne unko jitni sari nazrain diye hai .....
class3_batch004_sample020635,4,20635,3,Sexism,321635,325635,v3_original_demo_boundary_prompt,4-shot random authentic same-class,Shortlisted authentic RUHSOLD Sexism examples,40,teri chut me sabhi bhaiyo ka lund reply de randi,ek randi larki ko itni pazeerai di hai. smjh se bahir hai,original attitude boys ma hota ha aur fake girls ma,#auratmarch2020 mera jism allah ki marzi.. allah ka to hukam ha tum char dewari me raho .. nd ya nikl k apni nimaish karna chahten,tere jaise randion ko bohat pasand karta hun ye charsi kutiya
class3_batch004_sample020636,4,20636,3,Sexism,321636,325636,v3_original_demo_boundary_prompt,4-shot random authentic same-class,Shortlisted authentic RUHSOLD Sexism examples,40,tum jesi ghatia aurat ka kam hi ni hai media par.kisi kothhay pe ja aur ulta late ja ke.begherat,mard muhbt kr bhi ly tu aksar aurat he dhoka dy jati h usy 💔,phir larky beard ky bagiar khusray q lgty hain  wo bhi beard ky bagiar khubsurat lgny chahiye ?,agar aaj se 40 saal pehley isi tarha ke banner pakarh kar mera jism meri marzi waala naara aapki amma ne maara hota to aap is duniya main ye tweet karney ke liye maujood hi na hoteen 😑😑😑,tere baap ko pata nhi kisi ki aukat hai jo apni behno ko pappu rakhna chahte ho
class3_batch004_sample020637,4,20637,3,Sexism,321637,325637,v3_original_demo_boundary_prompt,4-shot random authentic same-class,Shortlisted authentic RUHSOLD Sexism examples,40,muslim countries ki leaderships na mard napunsak or hijra hain.. in mein koi dum nahi.. ye kuch nahi kr sakty.. jinnah ki rooh tarapti hogi.. jinnah ne kashmir par attack ka order diya tha..,original attitude boys ma hota ha aur fake girls ma,shazaib apni baji ko b bejna han aurat march ma agr itne he zruri hai to,you are just girlfriend material no one wants wife like you. itna jism jo sirf admi apni bivi ka dekhta h  apka to sary jahan ne dekha h,hahaha yaar gandu khan sab bhutto ko randi rona dety rehty hain
class3_batch004_sample020638,4,20638,3,Sexism,321638,325638,v3_original_demo_boundary_prompt,4-shot random authentic same-class,Shortlisted authentic RUHSOLD Sexism examples,40,teri chut me sabhi bhaiyo ka lund reply de randi,muslim countries ki leaderships na mard napunsak or hijra hain.. in mein koi dum nahi.. ye kuch nahi kr sakty.. jinnah ki rooh tarapti hogi.. jinnah ne kashmir par attack ka order diya tha..,tum jesi ghatia aurat ka kam hi ni hai media par.kisi kothhay pe ja aur ulta late ja ke.begherat,tu kyun ro rahe hai hijra? tera buddhe hijra to kamjor mard hai. uska kara nehi hota. 🤣🤣🤣🤣,koi pata nhi tmhari ammi ko apni maa chod dete ho. bc bharwe
class3_batch004_sample020639,4,20639,3,Sexism,321639,325639,v3_original_demo_boundary_prompt,4-shot random authentic same-class,Shortlisted authentic RUHSOLD Sexism examples,40,lalchi aurat paisa dekhti hai aur khandani aurat sirf sehrat dekhti hai,70 saal ka mard is better than a 30 year old hijra😅,aur jesi ghatia aurat ke mun se ye bat achi ni lagti. logon ko garam karnay wali machine.,#stopauratbarbadimarch who are you for arguing our tradition and islamic manners you bluddy 2 takay ki aurat   .,chod diya tha tu nikal gaya
class3_batch004_sample020640,4,20640,3,Sexism,321640,325640,v3_original_demo_boundary_prompt,4-shot random authentic same-class,Shortlisted authentic RUHSOLD Sexism examples,40,ek randi larki ko itni pazeerai di hai. smjh se bahir hai,mard muhbt kr bhi ly tu aksar aurat he dhoka dy jati h usy 💔,transgander   madarchood   hijra tu aik bara khoota ha  haram zada,teri bhosdi or boobs me parda mat kar...logo ko dekne de.dhake hoge to kaise pata chalega ki tu hijra nehi hai.   hijra kahi ki.,bc teri maa ka yaar raha ha....tujhe abhi tak hi tu apne baap se puch lo...aurat ko chodna chahye na ho..tum logon ke liye ye bat sirf chupai hai
class3_batch004_sample020641,4,20641,3,Sexism,321641,325641,v3_original_demo_boundary_prompt,4-shot random authentic same-class,Shortlisted authentic RUHSOLD Sexism examples,40,#stopauratbarbadimarch aurat ghr k andr hi achi lgti he yu sarkon par nikalna kisi bhi aurat ki izzat par daag lga skta he,teri bhosdi or boobs me parda mat kar...logo ko dekne de.dhake hoge to kaise pata chalega ki tu hijra nehi hai.   hijra kahi ki.,tere jaise randiyo ki chudai ke liye to ham mard hain yaha pe,shazaib apni baji ko b bejna han aurat march ma agr itne he zruri hai to,i think this will be better if they do some research about hijra's and transgender's rights in pakistan before doing something like this
class3_batch004_sample020642,4,20642,3,Sexism,321642,325642,v3_original_demo_boundary_prompt,4-shot random authentic same-class,Shortlisted authentic RUHSOLD Sexism examples,40,ek randi larki ko itni pazeerai di hai. smjh se bahir hai,agar aaj se 40 saal pehley isi tarha ke banner pakarh kar mera jism meri marzi waala naara aapki amma ne maara hota to aap is duniya main ye tweet karney ke liye maujood hi na hoteen 😑😑😑,aaaahhhhhh bhenchod.....jese tere is mangalsutra ki sahi jagah tere gale me nai balki mere mote kaale lund pr he.... vese hi tujh jesi chudakkad kuttiya ki jagah kewal mere pairo k niche he saali.... chal inbox me aa.....,aisi or kis kis ki lund par uchel uchel kar moja lati ghar me.,mujhe lag raha tha uske baare mein koi kuch nahi bol sakta😂
class3_batch004_sample020643,4,20643,3,Sexism,321643,325643,v3_original_demo_boundary_prompt,4-shot random authentic same-class,Shortlisted authentic RUHSOLD Sexism examples,40,we are supporting #islam and thank you #khalilurrahmanqamar for your beautiful comments against #gashti .  agar ye #aurat hoti to na me aesi zuban use krta aur na koi gairatmand #admi use krta.,teri chut me sabhi bhaiyo ka lund reply de randi,mard muhbt kr bhi ly tu aksar aurat he dhoka dy jati h usy 💔,lalchi aurat paisa dekhti hai aur khandani aurat sirf sehrat dekhti hai,rt : chup kar randi ki nasl
class3_batch004_sample020644,4,20644,3,Sexism,321644,325644,v3_original_demo_boundary_prompt,4-shot random authentic same-class,Shortlisted authentic RUHSOLD Sexism examples,40,"madum ap gharailo maon behno ki terha na blkeh on maon behno ki terha bhi nahi jo moaashrat main ghar sy bahir nikal ker apni , maan baap ki .belky pory moaashry ki izzat ka kgayal rekhti hain .ap oss catogary main ati hain .jisy rundi,jisy tawaif,fahasha, jisy badqar kehty hain",shazaib apni baji ko b bejna han aurat march ma agr itne he zruri hai to,randi kise kahte ha aap hi bata do? ye word ghatiya women ke liye hi use karta ha ab deepika ghatiya ha to randi hi bolenge na,aaaahhhhhh bhenchod.....jese tere is mangalsutra ki sahi jagah tere gale me nai balki mere mote kaale lund pr he.... vese hi tujh jesi chudakkad kuttiya ki jagah kewal mere pairo k niche he saali.... chal inbox me aa.....,rt : bhenchod yeh chutiya
class3_batch004_sample020645,4,20645,3,Sexism,321645,325645,v3_original_demo_boundary_prompt,4-shot random authentic same-class,Shortlisted authentic RUHSOLD Sexism examples,40,"aurat ko islam nai galat lagta, ap log lagtay ho jo ye boltay hain k agar aurat ka rape hua to wo uski galtie usne sar par dupatta nai kiya us banday ki nahi wo bechara kesay control karay",#auratmarch2020 mera jism allah ki marzi.. allah ka to hukam ha tum char dewari me raho .. nd ya nikl k apni nimaish karna chahten,acha tareka dhondha hai larkun ko ganda sabit karny ka but aesi neech harkat larkyan he kar sakti hain larky nahi.,original attitude boys ma hota ha aur fake girls ma,"bhenchod, tu to teri maa ki chudai na samjhe"
class3_batch004_sample020646,4,20646,3,Sexism,321646,325646,v3_original_demo_boundary_prompt,4-shot random authentic same-class,Shortlisted authentic RUHSOLD Sexism examples,40,apni behn ko bhejo gay na aurat march me??,original attitude boys ma hota ha aur fake girls ma,tere jaise randiyo ki chudai ke liye to ham mard hain yaha pe,#stopauratbarbadimarch aurat ghr k andr hi achi lgti he yu sarkon par nikalna kisi bhi aurat ki izzat par daag lga skta he,teri maa ka yaar koi baat nahi jo usse puch lo wo 20 saal se tumhare baare me socha tha
class3_batch004_sample020647,4,20647,3,Sexism,321647,325647,v3_original_demo_boundary_prompt,4-shot random authentic same-class,Shortlisted authentic RUHSOLD Sexism examples,40,aaaahhhhhh bhenchod.....jese tere is mangalsutra ki sahi jagah tere gale me nai balki mere mote kaale lund pr he.... vese hi tujh jesi chudakkad kuttiya ki jagah kewal mere pairo k niche he saali.... chal inbox me aa.....,shazaib apni baji ko b bejna han aurat march ma agr itne he zruri hai to,roads pe lab coat b ap ki gender hi pehnti ha 😂,aur jesi ghatia aurat ke mun se ye bat achi ni lagti. logon ko garam karnay wali machine.,ohh gandu ki nasal
class3_batch004_sample020648,4,20648,3,Sexism,321648,325648,v3_original_demo_boundary_prompt,4-shot random authentic same-class,Shortlisted authentic RUHSOLD Sexism examples,40,you are just girlfriend material no one wants wife like you. itna jism jo sirf admi apni bivi ka dekhta h  apka to sary jahan ne dekha h,tere jaise randiyo ki chudai ke liye to ham mard hain yaha pe,#auratmarch2020 mera jism allah ki marzi.. allah ka to hukam ha tum char dewari me raho .. nd ya nikl k apni nimaish karna chahten,70 saal ka mard is better than a 30 year old hijra😅,aur goliyan bhul rhi ho ye randi
class3_batch004_sample020649,4,20649,3,Sexism,321649,325649,v3_original_demo_boundary_prompt,4-shot random authentic same-class,Shortlisted authentic RUHSOLD Sexism examples,40,tere jaise randiyo ki chudai ke liye to ham mard hain yaha pe,"madum ap gharailo maon behno ki terha na blkeh on maon behno ki terha bhi nahi jo moaashrat main ghar sy bahir nikal ker apni , maan baap ki .belky pory moaashry ki izzat ka kgayal rekhti hain .ap oss catogary main ati hain .jisy rundi,jisy tawaif,fahasha, jisy badqar kehty hain",we are supporting #islam and thank you #khalilurrahmanqamar for your beautiful comments against #gashti .  agar ye #aurat hoti to na me aesi zuban use krta aur na koi gairatmand #admi use krta.,aisi or kis kis ki lund par uchel uchel kar moja lati ghar me.,itna shakal hi hai?
class3_batch004_sample020650,4,20650,3,Sexism,321650,325650,v3_original_demo_boundary_prompt,4-shot random authentic same-class,Shortlisted authentic RUHSOLD Sexism examples,40,your leader  is hijra that's why he is not living with his wife.,randi kise kahte ha aap hi bata do? ye word ghatiya women ke liye hi use karta ha ab deepika ghatiya ha to randi hi bolenge na,bc ghar wale bhi soch rahe honge yeh kya system paida ho gya sala lagta programing galat ho gayi.... sabsi badi confusion iske liye ladka dhundheyge yaa ladki😉,mard muhbt kr bhi ly tu aksar aurat he dhoka dy jati h usy 💔,hijra ki nasl kia hoti ha
class3_batch004_sample020651,4,20651,3,Sexism,321651,325651,v3_original_demo_boundary_prompt,4-shot random authentic same-class,Shortlisted authentic RUHSOLD Sexism examples,40,bilo rani tumhari pehchan sirf or sirf hijra huna hai.. na mard,r mazy k bat mra jism wo auratn krti hn jin pr thokta bh koi nae.,transgander   madarchood   hijra tu aik bara khoota ha  haram zada,agar aaj se 40 saal pehley isi tarha ke banner pakarh kar mera jism meri marzi waala naara aapki amma ne maara hota to aap is duniya main ye tweet karney ke liye maujood hi na hoteen 😑😑😑,teri behn ki chut mein daale ga
class3_batch004_sample020652,4,20652,3,Sexism,321652,325652,v3_original_demo_boundary_prompt,4-shot random authentic same-class,Shortlisted authentic RUHSOLD Sexism examples,40,teri chut me sabhi bhaiyo ka lund reply de randi,lalchi aurat paisa dekhti hai aur khandani aurat sirf sehrat dekhti hai,r mazy k bat mra jism wo auratn krti hn jin pr thokta bh koi nae.,70 saal ka mard is better than a 30 year old hijra😅,apni ma ki choot marwana chahta ho to ye kehty hoty he tum logon ko
class3_batch004_sample020653,4,20653,3,Sexism,321653,325653,v3_original_demo_boundary_prompt,4-shot random authentic same-class,Shortlisted authentic RUHSOLD Sexism examples,40,mard muhbt kr bhi ly tu aksar aurat he dhoka dy jati h usy 💔,ek randi larki ko itni pazeerai di hai. smjh se bahir hai,"apko kehna chahye tha na mard hoon, na aurat hoo. main hijra hoon main hijra hoon, main parchi hoon, main defected hoon, main accidental chairman hoon.  #joker420",apni behn ko bhejo gay na aurat march me??,tera baap khan sb ki maa ki olad nikl le apne randdi rona
class3_batch004_sample020654,4,20654,3,Sexism,321654,325654,v3_original_demo_boundary_prompt,4-shot random authentic same-class,Shortlisted authentic RUHSOLD Sexism examples,40,lalchi aurat paisa dekhti hai aur khandani aurat sirf sehrat dekhti hai,randi kise kahte ha aap hi bata do? ye word ghatiya women ke liye hi use karta ha ab deepika ghatiya ha to randi hi bolenge na,bc ghar wale bhi soch rahe honge yeh kya system paida ho gya sala lagta programing galat ho gayi.... sabsi badi confusion iske liye ladka dhundheyge yaa ladki😉,original attitude boys ma hota ha aur fake girls ma,😂😂😂kuch nhi krte phir teri maa ko pahle chodunga😂
class3_batch004_sample020655,4,20655,3,Sexism,321655,325655,v3_original_demo_boundary_prompt,4-shot random authentic same-class,Shortlisted authentic RUHSOLD Sexism examples,40,acha tareka dhondha hai larkun ko ganda sabit karny ka but aesi neech harkat larkyan he kar sakti hain larky nahi.,aisi or kis kis ki lund par uchel uchel kar moja lati ghar me.,teri chut me sabhi bhaiyo ka lund reply de randi,#auratmarch2020 mera jism allah ki marzi.. allah ka to hukam ha tum char dewari me raho .. nd ya nikl k apni nimaish karna chahten,teri maa behn ki chudai ka pata chala raha ha
class3_batch004_sample020656,4,20656,3,Sexism,321656,325656,v3_original_demo_boundary_prompt,4-shot random authentic same-class,Shortlisted authentic RUHSOLD Sexism examples,40,#stopauratbarbadimarch aurat ghr k andr hi achi lgti he yu sarkon par nikalna kisi bhi aurat ki izzat par daag lga skta he,transgander   madarchood   hijra tu aik bara khoota ha  haram zada,you are just girlfriend material no one wants wife like you. itna jism jo sirf admi apni bivi ka dekhta h  apka to sary jahan ne dekha h,lalchi aurat paisa dekhti hai aur khandani aurat sirf sehrat dekhti hai,teri maa chod raha tha usmein
class3_batch004_sample020657,4,20657,3,Sexism,321657,325657,v3_original_demo_boundary_prompt,4-shot random authentic same-class,Shortlisted authentic RUHSOLD Sexism examples,40,transgander   madarchood   hijra tu aik bara khoota ha  haram zada,acha tareka dhondha hai larkun ko ganda sabit karny ka but aesi neech harkat larkyan he kar sakti hain larky nahi.,aur jesi ghatia aurat ke mun se ye bat achi ni lagti. logon ko garam karnay wali machine.,randi kise kahte ha aap hi bata do? ye word ghatiya women ke liye hi use karta ha ab deepika ghatiya ha to randi hi bolenge na,tere maa ki chut maro chup krwao teri maa chodwane walon ke baad
class3_batch004_sample020658,4,20658,3,Sexism,321658,325658,v3_original_demo_boundary_prompt,4-shot random authentic same-class,Shortlisted authentic RUHSOLD Sexism examples,40,apni behn ko bhejo gay na aurat march me??,ek randi larki ko itni pazeerai di hai. smjh se bahir hai,aur jesi ghatia aurat ke mun se ye bat achi ni lagti. logon ko garam karnay wali machine.,"aurat ko islam nai galat lagta, ap log lagtay ho jo ye boltay hain k agar aurat ka rape hua to wo uski galtie usne sar par dupatta nai kiya us banday ki nahi wo bechara kesay control karay",tumhari ammi jesa randi ho
class3_batch004_sample020659,4,20659,3,Sexism,321659,325659,v3_original_demo_boundary_prompt,4-shot random authentic same-class,Shortlisted authentic RUHSOLD Sexism examples,40,tere jaise randiyo ki chudai ke liye to ham mard hain yaha pe,mard muhbt kr bhi ly tu aksar aurat he dhoka dy jati h usy 💔,roads pe lab coat b ap ki gender hi pehnti ha 😂,jin ko hizab se nafrat he wo nangi ho k ghoome koi in pe thooke ga bhi nahi  aurat khoobsurat pure libas me lagti he mawazna karlen,jesy apni maa behn ko dikha kar haramzadi bat kr rhy
class3_batch004_sample020660,4,20660,3,Sexism,321660,325660,v3_original_demo_boundary_prompt,4-shot random authentic same-class,Shortlisted authentic RUHSOLD Sexism examples,40,"apko kehna chahye tha na mard hoon, na aurat hoo. main hijra hoon main hijra hoon, main parchi hoon, main defected hoon, main accidental chairman hoon.  #joker420","madum ap gharailo maon behno ki terha na blkeh on maon behno ki terha bhi nahi jo moaashrat main ghar sy bahir nikal ker apni , maan baap ki .belky pory moaashry ki izzat ka kgayal rekhti hain .ap oss catogary main ati hain .jisy rundi,jisy tawaif,fahasha, jisy badqar kehty hain",teri chut me sabhi bhaiyo ka lund reply de randi,shazaib apni baji ko b bejna han aurat march ma agr itne he zruri hai to,aur tu apni ammi ki tarah bolega kisi aurat se hi sakoon mil ga
class3_batch004_sample020661,4,20661,3,Sexism,321661,325661,v3_original_demo_boundary_prompt,4-shot random authentic same-class,Shortlisted authentic RUHSOLD Sexism examples,40,mard muhbt kr bhi ly tu aksar aurat he dhoka dy jati h usy 💔,muslim countries ki leaderships na mard napunsak or hijra hain.. in mein koi dum nahi.. ye kuch nahi kr sakty.. jinnah ki rooh tarapti hogi.. jinnah ne kashmir par attack ka order diya tha..,lalchi aurat paisa dekhti hai aur khandani aurat sirf sehrat dekhti hai,bilo rani tumhari pehchan sirf or sirf hijra huna hai.. na mard,ye aurat marzi ko chor do
class3_batch004_sample020662,4,20662,3,Sexism,321662,325662,v3_original_demo_boundary_prompt,4-shot random authentic same-class,Shortlisted authentic RUHSOLD Sexism examples,40,you are just girlfriend material no one wants wife like you. itna jism jo sirf admi apni bivi ka dekhta h  apka to sary jahan ne dekha h,70 saal ka mard is better than a 30 year old hijra😅,aur jesi ghatia aurat ke mun se ye bat achi ni lagti. logon ko garam karnay wali machine.,#stopauratbarbadimarch aurat ghr k andr hi achi lgti he yu sarkon par nikalna kisi bhi aurat ki izzat par daag lga skta he,ooooohh myyyyyyyy goooooddddddd....... bharwe  😝👊
class3_batch004_sample020663,4,20663,3,Sexism,321663,325663,v3_original_demo_boundary_prompt,4-shot random authentic same-class,Shortlisted authentic RUHSOLD Sexism examples,40,tu kyun ro rahe hai hijra? tera buddhe hijra to kamjor mard hai. uska kara nehi hota. 🤣🤣🤣🤣,original attitude boys ma hota ha aur fake girls ma,roads pe lab coat b ap ki gender hi pehnti ha 😂,you are just girlfriend material no one wants wife like you. itna jism jo sirf admi apni bivi ka dekhta h  apka to sary jahan ne dekha h,yeh phudi ki baat mat kr.. randi rona karne walo ko bohot nhi pata kya hoga
class3_batch004_sample020664,4,20664,3,Sexism,321664,325664,v3_original_demo_boundary_prompt,4-shot random authentic same-class,Shortlisted authentic RUHSOLD Sexism examples,40,roads pe lab coat b ap ki gender hi pehnti ha 😂,"ab iska sara credit har anchor le rha h jb k  rape,  ki asal jad h hi media jo mera jism.meri marzi,  hareem.shah , qandeel bloch , valentine day pe program krty hn phr rape hi hn gy",teri bhosdi or boobs me parda mat kar...logo ko dekne de.dhake hoge to kaise pata chalega ki tu hijra nehi hai.   hijra kahi ki.,apni behn ko bhejo gay na aurat march me??,rt : randi ka bacha
class3_batch004_sample020665,4,20665,3,Sexism,321665,325665,v3_original_demo_boundary_prompt,4-shot random authentic same-class,Shortlisted authentic RUHSOLD Sexism examples,40,jin ko hizab se nafrat he wo nangi ho k ghoome koi in pe thooke ga bhi nahi  aurat khoobsurat pure libas me lagti he mawazna karlen,ap ko mard banny ki acting pasand i? agr ni to hijra hi bany rahye sir ye mardo k kam hn hijro k ni.,teri chut me sabhi bhaiyo ka lund reply de randi,dhoka khane k baad oska aitbar uth jata haa sbsee or dosre mard mai b interest ni rehta...ku k aurat jism k ley ni chahti jbk mard jism k ley chahta😌🙂,ab kya sharam hai tera mard aurat k naam pr 😂
class3_batch004_sample020666,4,20666,3,Sexism,321666,325666,v3_original_demo_boundary_prompt,4-shot random authentic same-class,Shortlisted authentic RUHSOLD Sexism examples,40,"aurat ko islam nai galat lagta, ap log lagtay ho jo ye boltay hain k agar aurat ka rape hua to wo uski galtie usne sar par dupatta nai kiya us banday ki nahi wo bechara kesay control karay",ek randi larki ko itni pazeerai di hai. smjh se bahir hai,dhoka khane k baad oska aitbar uth jata haa sbsee or dosre mard mai b interest ni rehta...ku k aurat jism k ley ni chahti jbk mard jism k ley chahta😌🙂,#auratmarch2020 mera jism allah ki marzi.. allah ka to hukam ha tum char dewari me raho .. nd ya nikl k apni nimaish karna chahten,mera jism meri marzi. ye to hamary liye ha. abe kutte ki choot mat khao
class3_batch004_sample020667,4,20667,3,Sexism,321667,325667,v3_original_demo_boundary_prompt,4-shot random authentic same-class,Shortlisted authentic RUHSOLD Sexism examples,40,tere jaise randiyo ki chudai ke liye to ham mard hain yaha pe,acha tareka dhondha hai larkun ko ganda sabit karny ka but aesi neech harkat larkyan he kar sakti hain larky nahi.,shazaib apni baji ko b bejna han aurat march ma agr itne he zruri hai to,apni behn ko bhejo gay na aurat march me??,rt : teri behn ko leke gando
class3_batch004_sample020668,4,20668,3,Sexism,321668,325668,v3_original_demo_boundary_prompt,4-shot random authentic same-class,Shortlisted authentic RUHSOLD Sexism examples,40,we are supporting #islam and thank you #khalilurrahmanqamar for your beautiful comments against #gashti .  agar ye #aurat hoti to na me aesi zuban use krta aur na koi gairatmand #admi use krta.,bc ghar wale bhi soch rahe honge yeh kya system paida ho gya sala lagta programing galat ho gayi.... sabsi badi confusion iske liye ladka dhundheyge yaa ladki😉,aur jesi ghatia aurat ke mun se ye bat achi ni lagti. logon ko garam karnay wali machine.,"aurat ko islam nai galat lagta, ap log lagtay ho jo ye boltay hain k agar aurat ka rape hua to wo uski galtie usne sar par dupatta nai kiya us banday ki nahi wo bechara kesay control karay",aur tujhy pata chal raha hai ismein ye kaam hi nahi tha
class3_batch004_sample020669,4,20669,3,Sexism,321669,325669,v3_original_demo_boundary_prompt,4-shot random authentic same-class,Shortlisted authentic RUHSOLD Sexism examples,40,#stopauratbarbadimarch who are you for arguing our tradition and islamic manners you bluddy 2 takay ki aurat   .,agar aaj se 40 saal pehley isi tarha ke banner pakarh kar mera jism meri marzi waala naara aapki amma ne maara hota to aap is duniya main ye tweet karney ke liye maujood hi na hoteen 😑😑😑,ek randi larki ko itni pazeerai di hai. smjh se bahir hai,"ab iska sara credit har anchor le rha h jb k  rape,  ki asal jad h hi media jo mera jism.meri marzi,  hareem.shah , qandeel bloch , valentine day pe program krty hn phr rape hi hn gy",hijra hai tu
class3_batch004_sample020670,4,20670,3,Sexism,321670,325670,v3_original_demo_boundary_prompt,4-shot random authentic same-class,Shortlisted authentic RUHSOLD Sexism examples,40,we are supporting #islam and thank you #khalilurrahmanqamar for your beautiful comments against #gashti .  agar ye #aurat hoti to na me aesi zuban use krta aur na koi gairatmand #admi use krta.,dhoka khane k baad oska aitbar uth jata haa sbsee or dosre mard mai b interest ni rehta...ku k aurat jism k ley ni chahti jbk mard jism k ley chahta😌🙂,phir larky beard ky bagiar khusray q lgty hain  wo bhi beard ky bagiar khubsurat lgny chahiye ?,original attitude boys ma hota ha aur fake girls ma,sher ka beta abe gaand marun khud ki maa ko
class3_batch004_sample020671,4,20671,3,Sexism,321671,325671,v3_original_demo_boundary_prompt,4-shot random authentic same-class,Shortlisted authentic RUHSOLD Sexism examples,40,your leader  is hijra that's why he is not living with his wife.,tere jaise randiyo ki chudai ke liye to ham mard hain yaha pe,"aurat ko islam nai galat lagta, ap log lagtay ho jo ye boltay hain k agar aurat ka rape hua to wo uski galtie usne sar par dupatta nai kiya us banday ki nahi wo bechara kesay control karay",#auratmarch2020 mera jism allah ki marzi.. allah ka to hukam ha tum char dewari me raho .. nd ya nikl k apni nimaish karna chahten,tujhe bhi khushia lgi thi ke apny papa k sath reh gayi..
class3_batch004_sample020672,4,20672,3,Sexism,321672,325672,v3_original_demo_boundary_prompt,4-shot random authentic same-class,Shortlisted authentic RUHSOLD Sexism examples,40,"aurat ko islam nai galat lagta, ap log lagtay ho jo ye boltay hain k agar aurat ka rape hua to wo uski galtie usne sar par dupatta nai kiya us banday ki nahi wo bechara kesay control karay",transgander   madarchood   hijra tu aik bara khoota ha  haram zada,lalchi aurat paisa dekhti hai aur khandani aurat sirf sehrat dekhti hai,r mazy k bat mra jism wo auratn krti hn jin pr thokta bh koi nae.,teri maa chod dety hu
class3_batch004_sample020673,4,20673,3,Sexism,321673,325673,v3_original_demo_boundary_prompt,4-shot random authentic same-class,Shortlisted authentic RUHSOLD Sexism examples,40,tu kyun ro rahe hai hijra? tera buddhe hijra to kamjor mard hai. uska kara nehi hota. 🤣🤣🤣🤣,acha tareka dhondha hai larkun ko ganda sabit karny ka but aesi neech harkat larkyan he kar sakti hain larky nahi.,teri chut me sabhi bhaiyo ka lund reply de randi,apni behn ko bhejo gay na aurat march me??,ek number kisi randiyon ki maa beti ko bula lein phir bolenge tere baap jaisi choot hai jo tujhe nikla hai tum logon ke pille se akela hai 😒
class3_batch004_sample020674,4,20674,3,Sexism,321674,325674,v3_original_demo_boundary_prompt,4-shot random authentic same-class,Shortlisted authentic RUHSOLD Sexism examples,40,aur jesi ghatia aurat ke mun se ye bat achi ni lagti. logon ko garam karnay wali machine.,jin ko hizab se nafrat he wo nangi ho k ghoome koi in pe thooke ga bhi nahi  aurat khoobsurat pure libas me lagti he mawazna karlen,jahiliyat ki v had hai ye apne ghar me slave ki tarh rahti hai aur bahar kutto jaise bhaunk rhi hai... shame on these ladies,"aurat ko islam nai galat lagta, ap log lagtay ho jo ye boltay hain k agar aurat ka rape hua to wo uski galtie usne sar par dupatta nai kiya us banday ki nahi wo bechara kesay control karay",randi tu apni maa ki choot maro
class3_batch004_sample020675,4,20675,3,Sexism,321675,325675,v3_original_demo_boundary_prompt,4-shot random authentic same-class,Shortlisted authentic RUHSOLD Sexism examples,40,aisi or kis kis ki lund par uchel uchel kar moja lati ghar me.,teri chut me sabhi bhaiyo ka lund reply de randi,aaaahhhhhh bhenchod.....jese tere is mangalsutra ki sahi jagah tere gale me nai balki mere mote kaale lund pr he.... vese hi tujh jesi chudakkad kuttiya ki jagah kewal mere pairo k niche he saali.... chal inbox me aa.....,r mazy k bat mra jism wo auratn krti hn jin pr thokta bh koi nae.,mazak ni hai yar...jab tak apni maa chodte rehte ho tab tak tu hi ek number ka gashti hi rahega
class3_batch004_sample020676,4,20676,3,Sexism,321676,325676,v3_original_demo_boundary_prompt,4-shot random authentic same-class,Shortlisted authentic RUHSOLD Sexism examples,40,tu kyun ro rahe hai hijra? tera buddhe hijra to kamjor mard hai. uska kara nehi hota. 🤣🤣🤣🤣,muslim countries ki leaderships na mard napunsak or hijra hain.. in mein koi dum nahi.. ye kuch nahi kr sakty.. jinnah ki rooh tarapti hogi.. jinnah ne kashmir par attack ka order diya tha..,tum jesi ghatia aurat ka kam hi ni hai media par.kisi kothhay pe ja aur ulta late ja ke.begherat,apni behn ko bhejo gay na aurat march me??,teri maa chod deta hun... randi kuttay....
class3_batch004_sample020677,4,20677,3,Sexism,321677,325677,v3_original_demo_boundary_prompt,4-shot random authentic same-class,Shortlisted authentic RUHSOLD Sexism examples,40,apni behn ko bhejo gay na aurat march me??,tu kyun ro rahe hai hijra? tera buddhe hijra to kamjor mard hai. uska kara nehi hota. 🤣🤣🤣🤣,ek randi larki ko itni pazeerai di hai. smjh se bahir hai,acha tareka dhondha hai larkun ko ganda sabit karny ka but aesi neech harkat larkyan he kar sakti hain larky nahi.,teri ma ki choot maru ga
class3_batch004_sample020678,4,20678,3,Sexism,321678,325678,v3_original_demo_boundary_prompt,4-shot random authentic same-class,Shortlisted authentic RUHSOLD Sexism examples,40,"madum ap gharailo maon behno ki terha na blkeh on maon behno ki terha bhi nahi jo moaashrat main ghar sy bahir nikal ker apni , maan baap ki .belky pory moaashry ki izzat ka kgayal rekhti hain .ap oss catogary main ati hain .jisy rundi,jisy tawaif,fahasha, jisy badqar kehty hain",phir larky beard ky bagiar khusray q lgty hain  wo bhi beard ky bagiar khubsurat lgny chahiye ?,"yeh wesy koi bht e zyda ounchi nasal ki randi niqli h wesy , mtlb i can't even imagine koi bughaz or paisy k pechay itna b girr skta h, nehayat e nichly darjay ki baighairat aurat ho, aurat zaat ko b badnaam kea h isny apny wajood sy !! akhh thooo iski zaat pay","apko kehna chahye tha na mard hoon, na aurat hoo. main hijra hoon main hijra hoon, main parchi hoon, main defected hoon, main accidental chairman hoon.  #joker420",rt :   bhenchod dusri randi ka bacha
class3_batch004_sample020679,4,20679,3,Sexism,321679,325679,v3_original_demo_boundary_prompt,4-shot random authentic same-class,Shortlisted authentic RUHSOLD Sexism examples,40,jahiliyat ki v had hai ye apne ghar me slave ki tarh rahti hai aur bahar kutto jaise bhaunk rhi hai... shame on these ladies,agar aaj se 40 saal pehley isi tarha ke banner pakarh kar mera jism meri marzi waala naara aapki amma ne maara hota to aap is duniya main ye tweet karney ke liye maujood hi na hoteen 😑😑😑,"aurat ko islam nai galat lagta, ap log lagtay ho jo ye boltay hain k agar aurat ka rape hua to wo uski galtie usne sar par dupatta nai kiya us banday ki nahi wo bechara kesay control karay",phir larky beard ky bagiar khusray q lgty hain  wo bhi beard ky bagiar khubsurat lgny chahiye ?,bhenchod tumhari jaldi wali gandi nasal ki jagah mein laadli randi
class3_batch004_sample020680,4,20680,3,Sexism,321680,325680,v3_original_demo_boundary_prompt,4-shot random authentic same-class,Shortlisted authentic RUHSOLD Sexism examples,40,tere jaise randiyo ki chudai ke liye to ham mard hain yaha pe,randi kise kahte ha aap hi bata do? ye word ghatiya women ke liye hi use karta ha ab deepika ghatiya ha to randi hi bolenge na,#stopauratbarbadimarch who are you for arguing our tradition and islamic manners you bluddy 2 takay ki aurat   .,shazaib apni baji ko b bejna han aurat march ma agr itne he zruri hai to,randi rona hai tu
class3_batch004_sample020681,4,20681,3,Sexism,321681,325681,v3_original_demo_boundary_prompt,4-shot random authentic same-class,Shortlisted authentic RUHSOLD Sexism examples,40,lalchi aurat paisa dekhti hai aur khandani aurat sirf sehrat dekhti hai,agar aaj se 40 saal pehley isi tarha ke banner pakarh kar mera jism meri marzi waala naara aapki amma ne maara hota to aap is duniya main ye tweet karney ke liye maujood hi na hoteen 😑😑😑,jahiliyat ki v had hai ye apne ghar me slave ki tarh rahti hai aur bahar kutto jaise bhaunk rhi hai... shame on these ladies,transgander   madarchood   hijra tu aik bara khoota ha  haram zada,tujhe jaan nai marni chaye.
class3_batch004_sample020682,4,20682,3,Sexism,321682,325682,v3_original_demo_boundary_prompt,4-shot random authentic same-class,Shortlisted authentic RUHSOLD Sexism examples,40,#stopauratbarbadimarch aurat ghr k andr hi achi lgti he yu sarkon par nikalna kisi bhi aurat ki izzat par daag lga skta he,dhoka khane k baad oska aitbar uth jata haa sbsee or dosre mard mai b interest ni rehta...ku k aurat jism k ley ni chahti jbk mard jism k ley chahta😌🙂,your leader  is hijra that's why he is not living with his wife.,apni behn ko bhejo gay na aurat march me??,tumhari maa ka yaar hai? ye kya chutiye pakistan mein wohi sher ab tak nahi diya hai jo unke pas tumhare chutiyo se bahut zada paida ho jate hain
class3_batch004_sample020683,4,20683,3,Sexism,321683,325683,v3_original_demo_boundary_prompt,4-shot random authentic same-class,Shortlisted authentic RUHSOLD Sexism examples,40,"madum ap gharailo maon behno ki terha na blkeh on maon behno ki terha bhi nahi jo moaashrat main ghar sy bahir nikal ker apni , maan baap ki .belky pory moaashry ki izzat ka kgayal rekhti hain .ap oss catogary main ati hain .jisy rundi,jisy tawaif,fahasha, jisy badqar kehty hain",tere jaise randiyo ki chudai ke liye to ham mard hain yaha pe,teri bhosdi or boobs me parda mat kar...logo ko dekne de.dhake hoge to kaise pata chalega ki tu hijra nehi hai.   hijra kahi ki.,jahiliyat ki v had hai ye apne ghar me slave ki tarh rahti hai aur bahar kutto jaise bhaunk rhi hai... shame on these ladies,wo jaisi hi randi rona thi
class3_batch004_sample020684,4,20684,3,Sexism,321684,325684,v3_original_demo_boundary_prompt,4-shot random authentic same-class,Shortlisted authentic RUHSOLD Sexism examples,40,muslim countries ki leaderships na mard napunsak or hijra hain.. in mein koi dum nahi.. ye kuch nahi kr sakty.. jinnah ki rooh tarapti hogi.. jinnah ne kashmir par attack ka order diya tha..,agar aaj se 40 saal pehley isi tarha ke banner pakarh kar mera jism meri marzi waala naara aapki amma ne maara hota to aap is duniya main ye tweet karney ke liye maujood hi na hoteen 😑😑😑,randi kise kahte ha aap hi bata do? ye word ghatiya women ke liye hi use karta ha ab deepika ghatiya ha to randi hi bolenge na,transgander   madarchood   hijra tu aik bara khoota ha  haram zada,tum logon ko apni bahan ko chodne ki tarah hi tatti ki tarha likhenge.
class3_batch004_sample020685,4,20685,3,Sexism,321685,325685,v3_original_demo_boundary_prompt,4-shot random authentic same-class,Shortlisted authentic RUHSOLD Sexism examples,40,apni behn ko bhejo gay na aurat march me??,"ab iska sara credit har anchor le rha h jb k  rape,  ki asal jad h hi media jo mera jism.meri marzi,  hareem.shah , qandeel bloch , valentine day pe program krty hn phr rape hi hn gy",jin ko hizab se nafrat he wo nangi ho k ghoome koi in pe thooke ga bhi nahi  aurat khoobsurat pure libas me lagti he mawazna karlen,"aurat ko islam nai galat lagta, ap log lagtay ho jo ye boltay hain k agar aurat ka rape hua to wo uski galtie usne sar par dupatta nai kiya us banday ki nahi wo bechara kesay control karay",psl ki taraf badla kyun nai le rahe?
class3_batch004_sample020686,4,20686,3,Sexism,321686,325686,v3_original_demo_boundary_prompt,4-shot random authentic same-class,Shortlisted authentic RUHSOLD Sexism examples,40,shazaib apni baji ko b bejna han aurat march ma agr itne he zruri hai to,r mazy k bat mra jism wo auratn krti hn jin pr thokta bh koi nae.,jin ko hizab se nafrat he wo nangi ho k ghoome koi in pe thooke ga bhi nahi  aurat khoobsurat pure libas me lagti he mawazna karlen,phir larky beard ky bagiar khusray q lgty hain  wo bhi beard ky bagiar khubsurat lgny chahiye ?,sakoon ha jo kisi aurat ki zindagi ka jhalo le liya ja
class3_batch004_sample020687,4,20687,3,Sexism,321687,325687,v3_original_demo_boundary_prompt,4-shot random authentic same-class,Shortlisted authentic RUHSOLD Sexism examples,40,jahiliyat ki v had hai ye apne ghar me slave ki tarh rahti hai aur bahar kutto jaise bhaunk rhi hai... shame on these ladies,"apko kehna chahye tha na mard hoon, na aurat hoo. main hijra hoon main hijra hoon, main parchi hoon, main defected hoon, main accidental chairman hoon.  #joker420",you are just girlfriend material no one wants wife like you. itna jism jo sirf admi apni bivi ka dekhta h  apka to sary jahan ne dekha h,lalchi aurat paisa dekhti hai aur khandani aurat sirf sehrat dekhti hai,abe chutiya tujhe ye bhi samajh me nhi ata..tum apni maa ki gaand marte ho
class3_batch004_sample020688,4,20688,3,Sexism,321688,325688,v3_original_demo_boundary_prompt,4-shot random authentic same-class,Shortlisted authentic RUHSOLD Sexism examples,40,roads pe lab coat b ap ki gender hi pehnti ha 😂,muslim countries ki leaderships na mard napunsak or hijra hain.. in mein koi dum nahi.. ye kuch nahi kr sakty.. jinnah ki rooh tarapti hogi.. jinnah ne kashmir par attack ka order diya tha..,shazaib apni baji ko b bejna han aurat march ma agr itne he zruri hai to,#stopauratbarbadimarch aurat ghr k andr hi achi lgti he yu sarkon par nikalna kisi bhi aurat ki izzat par daag lga skta he,rt : jb tery bachy pta chaly ga tab tu batla aurat march ki waja sy rona mat kro
class3_batch004_sample020689,4,20689,3,Sexism,321689,325689,v3_original_demo_boundary_prompt,4-shot random authentic same-class,Shortlisted authentic RUHSOLD Sexism examples,40,70 saal ka mard is better than a 30 year old hijra😅,transgander   madarchood   hijra tu aik bara khoota ha  haram zada,r mazy k bat mra jism wo auratn krti hn jin pr thokta bh koi nae.,"aurat ko islam nai galat lagta, ap log lagtay ho jo ye boltay hain k agar aurat ka rape hua to wo uski galtie usne sar par dupatta nai kiya us banday ki nahi wo bechara kesay control karay",abhi tk bc tumhari maa ki chut mei chadh lete ho
class3_batch004_sample020690,4,20690,3,Sexism,321690,325690,v3_original_demo_boundary_prompt,4-shot random authentic same-class,Shortlisted authentic RUHSOLD Sexism examples,40,70 saal ka mard is better than a 30 year old hijra😅,shazaib apni baji ko b bejna han aurat march ma agr itne he zruri hai to,ap ko mard banny ki acting pasand i? agr ni to hijra hi bany rahye sir ye mardo k kam hn hijro k ni.,ek randi larki ko itni pazeerai di hai. smjh se bahir hai,rt :   sach mein tum logon ke baap hain ghar walo se
class3_batch004_sample020691,4,20691,3,Sexism,321691,325691,v3_original_demo_boundary_prompt,4-shot random authentic same-class,Shortlisted authentic RUHSOLD Sexism examples,40,muslim countries ki leaderships na mard napunsak or hijra hain.. in mein koi dum nahi.. ye kuch nahi kr sakty.. jinnah ki rooh tarapti hogi.. jinnah ne kashmir par attack ka order diya tha..,"apko kehna chahye tha na mard hoon, na aurat hoo. main hijra hoon main hijra hoon, main parchi hoon, main defected hoon, main accidental chairman hoon.  #joker420",r mazy k bat mra jism wo auratn krti hn jin pr thokta bh koi nae.,jahiliyat ki v had hai ye apne ghar me slave ki tarh rahti hai aur bahar kutto jaise bhaunk rhi hai... shame on these ladies,tere jesy randiyan ko pata nhe hota kis ny tu chod dia
class3_batch004_sample020692,4,20692,3,Sexism,321692,325692,v3_original_demo_boundary_prompt,4-shot random authentic same-class,Shortlisted authentic RUHSOLD Sexism examples,40,r mazy k bat mra jism wo auratn krti hn jin pr thokta bh koi nae.,"aurat ko islam nai galat lagta, ap log lagtay ho jo ye boltay hain k agar aurat ka rape hua to wo uski galtie usne sar par dupatta nai kiya us banday ki nahi wo bechara kesay control karay",we are supporting #islam and thank you #khalilurrahmanqamar for your beautiful comments against #gashti .  agar ye #aurat hoti to na me aesi zuban use krta aur na koi gairatmand #admi use krta.,randi kise kahte ha aap hi bata do? ye word ghatiya women ke liye hi use karta ha ab deepika ghatiya ha to randi hi bolenge na,tum logon ka bharwa maa chodna chahty ho
class3_batch004_sample020693,4,20693,3,Sexism,321693,325693,v3_original_demo_boundary_prompt,4-shot random authentic same-class,Shortlisted authentic RUHSOLD Sexism examples,40,jin ko hizab se nafrat he wo nangi ho k ghoome koi in pe thooke ga bhi nahi  aurat khoobsurat pure libas me lagti he mawazna karlen,ap ko mard banny ki acting pasand i? agr ni to hijra hi bany rahye sir ye mardo k kam hn hijro k ni.,aaaahhhhhh bhenchod.....jese tere is mangalsutra ki sahi jagah tere gale me nai balki mere mote kaale lund pr he.... vese hi tujh jesi chudakkad kuttiya ki jagah kewal mere pairo k niche he saali.... chal inbox me aa.....,roads pe lab coat b ap ki gender hi pehnti ha 😂,teri maa ki phudi bhadwa
class3_batch004_sample020694,4,20694,3,Sexism,321694,325694,v3_original_demo_boundary_prompt,4-shot random authentic same-class,Shortlisted authentic RUHSOLD Sexism examples,40,bilo rani tumhari pehchan sirf or sirf hijra huna hai.. na mard,agar aaj se 40 saal pehley isi tarha ke banner pakarh kar mera jism meri marzi waala naara aapki amma ne maara hota to aap is duniya main ye tweet karney ke liye maujood hi na hoteen 😑😑😑,lalchi aurat paisa dekhti hai aur khandani aurat sirf sehrat dekhti hai,#stopauratbarbadimarch who are you for arguing our tradition and islamic manners you bluddy 2 takay ki aurat   .,randi
class3_batch004_sample020695,4,20695,3,Sexism,321695,325695,v3_original_demo_boundary_prompt,4-shot random authentic same-class,Shortlisted authentic RUHSOLD Sexism examples,40,aaaahhhhhh bhenchod.....jese tere is mangalsutra ki sahi jagah tere gale me nai balki mere mote kaale lund pr he.... vese hi tujh jesi chudakkad kuttiya ki jagah kewal mere pairo k niche he saali.... chal inbox me aa.....,teri chut me sabhi bhaiyo ka lund reply de randi,#stopauratbarbadimarch aurat ghr k andr hi achi lgti he yu sarkon par nikalna kisi bhi aurat ki izzat par daag lga skta he,agar aaj se 40 saal pehley isi tarha ke banner pakarh kar mera jism meri marzi waala naara aapki amma ne maara hota to aap is duniya main ye tweet karney ke liye maujood hi na hoteen 😑😑😑,tery baap ko bulao ye harami
class3_batch004_sample020696,4,20696,3,Sexism,321696,325696,v3_original_demo_boundary_prompt,4-shot random authentic same-class,Shortlisted authentic RUHSOLD Sexism examples,40,apni behn ko bhejo gay na aurat march me??,agar aaj se 40 saal pehley isi tarha ke banner pakarh kar mera jism meri marzi waala naara aapki amma ne maara hota to aap is duniya main ye tweet karney ke liye maujood hi na hoteen 😑😑😑,bilo rani tumhari pehchan sirf or sirf hijra huna hai.. na mard,aur jesi ghatia aurat ke mun se ye bat achi ni lagti. logon ko garam karnay wali machine.,abhi tak uski pehchaan sirf hijra hai
class3_batch004_sample020697,4,20697,3,Sexism,321697,325697,v3_original_demo_boundary_prompt,4-shot random authentic same-class,Shortlisted authentic RUHSOLD Sexism examples,40,aur jesi ghatia aurat ke mun se ye bat achi ni lagti. logon ko garam karnay wali machine.,"apko kehna chahye tha na mard hoon, na aurat hoo. main hijra hoon main hijra hoon, main parchi hoon, main defected hoon, main accidental chairman hoon.  #joker420",r mazy k bat mra jism wo auratn krti hn jin pr thokta bh koi nae.,tum jesi ghatia aurat ka kam hi ni hai media par.kisi kothhay pe ja aur ulta late ja ke.begherat,rt : i am not a man nor a woman i am a transgender
class3_batch004_sample020698,4,20698,3,Sexism,321698,325698,v3_original_demo_boundary_prompt,4-shot random authentic same-class,Shortlisted authentic RUHSOLD Sexism examples,40,phir larky beard ky bagiar khusray q lgty hain  wo bhi beard ky bagiar khubsurat lgny chahiye ?,lalchi aurat paisa dekhti hai aur khandani aurat sirf sehrat dekhti hai,aaaahhhhhh bhenchod.....jese tere is mangalsutra ki sahi jagah tere gale me nai balki mere mote kaale lund pr he.... vese hi tujh jesi chudakkad kuttiya ki jagah kewal mere pairo k niche he saali.... chal inbox me aa.....,agar aaj se 40 saal pehley isi tarha ke banner pakarh kar mera jism meri marzi waala naara aapki amma ne maara hota to aap is duniya main ye tweet karney ke liye maujood hi na hoteen 😑😑😑,apni behn ko yeh bat krta hun k ye gandi aukaat ka baap bhi hai aur teri ammi ko yeh bat krta hun k ye gandi aulad ka baap hai
class3_batch004_sample020699,4,20699,3,Sexism,321699,325699,v3_original_demo_boundary_prompt,4-shot random authentic same-class,Shortlisted authentic RUHSOLD Sexism examples,40,tu kyun ro rahe hai hijra? tera buddhe hijra to kamjor mard hai. uska kara nehi hota. 🤣🤣🤣🤣,#stopauratbarbadimarch aurat ghr k andr hi achi lgti he yu sarkon par nikalna kisi bhi aurat ki izzat par daag lga skta he,your leader  is hijra that's why he is not living with his wife.,"ab iska sara credit har anchor le rha h jb k  rape,  ki asal jad h hi media jo mera jism.meri marzi,  hareem.shah , qandeel bloch , valentine day pe program krty hn phr rape hi hn gy","tum logon ko pata nahi kya yar...islam se muslim banne ke liye israel mein haramkhor, gandu log hain..."
class3_batch004_sample020700,4,20700,3,Sexism,321700,325700,v3_original_demo_boundary_prompt,4-shot random authentic same-class,Shortlisted authentic RUHSOLD Sexism examples,40,aur jesi ghatia aurat ke mun se ye bat achi ni lagti. logon ko garam karnay wali machine.,"apko kehna chahye tha na mard hoon, na aurat hoo. main hijra hoon main hijra hoon, main parchi hoon, main defected hoon, main accidental chairman hoon.  #joker420",aaaahhhhhh bhenchod.....jese tere is mangalsutra ki sahi jagah tere gale me nai balki mere mote kaale lund pr he.... vese hi tujh jesi chudakkad kuttiya ki jagah kewal mere pairo k niche he saali.... chal inbox me aa.....,dhoka khane k baad oska aitbar uth jata haa sbsee or dosre mard mai b interest ni rehta...ku k aurat jism k ley ni chahti jbk mard jism k ley chahta😌🙂,yar meri jaan randi
class3_batch004_sample020701,4,20701,3,Sexism,321701,325701,v3_original_demo_boundary_prompt,4-shot random authentic same-class,Shortlisted authentic RUHSOLD Sexism examples,40,#auratmarch2020 mera jism allah ki marzi.. allah ka to hukam ha tum char dewari me raho .. nd ya nikl k apni nimaish karna chahten,teri bhosdi or boobs me parda mat kar...logo ko dekne de.dhake hoge to kaise pata chalega ki tu hijra nehi hai.   hijra kahi ki.,muslim countries ki leaderships na mard napunsak or hijra hain.. in mein koi dum nahi.. ye kuch nahi kr sakty.. jinnah ki rooh tarapti hogi.. jinnah ne kashmir par attack ka order diya tha..,original attitude boys ma hota ha aur fake girls ma,aby tu to hijra ho ga i know
class3_batch004_sample020702,4,20702,3,Sexism,321702,325702,v3_original_demo_boundary_prompt,4-shot random authentic same-class,Shortlisted authentic RUHSOLD Sexism examples,40,muslim countries ki leaderships na mard napunsak or hijra hain.. in mein koi dum nahi.. ye kuch nahi kr sakty.. jinnah ki rooh tarapti hogi.. jinnah ne kashmir par attack ka order diya tha..,mard muhbt kr bhi ly tu aksar aurat he dhoka dy jati h usy 💔,we are supporting #islam and thank you #khalilurrahmanqamar for your beautiful comments against #gashti .  agar ye #aurat hoti to na me aesi zuban use krta aur na koi gairatmand #admi use krta.,"madum ap gharailo maon behno ki terha na blkeh on maon behno ki terha bhi nahi jo moaashrat main ghar sy bahir nikal ker apni , maan baap ki .belky pory moaashry ki izzat ka kgayal rekhti hain .ap oss catogary main ati hain .jisy rundi,jisy tawaif,fahasha, jisy badqar kehty hain",abe tum logon ko chod do
class3_batch004_sample020703,4,20703,3,Sexism,321703,325703,v3_original_demo_boundary_prompt,4-shot random authentic same-class,Shortlisted authentic RUHSOLD Sexism examples,40,phir larky beard ky bagiar khusray q lgty hain  wo bhi beard ky bagiar khubsurat lgny chahiye ?,ap ko mard banny ki acting pasand i? agr ni to hijra hi bany rahye sir ye mardo k kam hn hijro k ni.,we are supporting #islam and thank you #khalilurrahmanqamar for your beautiful comments against #gashti .  agar ye #aurat hoti to na me aesi zuban use krta aur na koi gairatmand #admi use krta.,r mazy k bat mra jism wo auratn krti hn jin pr thokta bh koi nae.,aby tu bc aurat ha yeh bhai ki bari biwi ho tumara betha saala
class3_batch004_sample020704,4,20704,3,Sexism,321704,325704,v3_original_demo_boundary_prompt,4-shot random authentic same-class,Shortlisted authentic RUHSOLD Sexism examples,40,#stopauratbarbadimarch aurat ghr k andr hi achi lgti he yu sarkon par nikalna kisi bhi aurat ki izzat par daag lga skta he,bc ghar wale bhi soch rahe honge yeh kya system paida ho gya sala lagta programing galat ho gayi.... sabsi badi confusion iske liye ladka dhundheyge yaa ladki😉,dhoka khane k baad oska aitbar uth jata haa sbsee or dosre mard mai b interest ni rehta...ku k aurat jism k ley ni chahti jbk mard jism k ley chahta😌🙂,"apko kehna chahye tha na mard hoon, na aurat hoo. main hijra hoon main hijra hoon, main parchi hoon, main defected hoon, main accidental chairman hoon.  #joker420",saali madarchod
class3_batch004_sample020705,4,20705,3,Sexism,321705,325705,v3_original_demo_boundary_prompt,4-shot random authentic same-class,Shortlisted authentic RUHSOLD Sexism examples,40,lalchi aurat paisa dekhti hai aur khandani aurat sirf sehrat dekhti hai,we are supporting #islam and thank you #khalilurrahmanqamar for your beautiful comments against #gashti .  agar ye #aurat hoti to na me aesi zuban use krta aur na koi gairatmand #admi use krta.,transgander   madarchood   hijra tu aik bara khoota ha  haram zada,#stopauratbarbadimarch aurat ghr k andr hi achi lgti he yu sarkon par nikalna kisi bhi aurat ki izzat par daag lga skta he,teri maa ka yaar jo apni behn ko chod rha tha wo tere jaise randiya keh raha tha usko
class3_batch004_sample020706,4,20706,3,Sexism,321706,325706,v3_original_demo_boundary_prompt,4-shot random authentic same-class,Shortlisted authentic RUHSOLD Sexism examples,40,dhoka khane k baad oska aitbar uth jata haa sbsee or dosre mard mai b interest ni rehta...ku k aurat jism k ley ni chahti jbk mard jism k ley chahta😌🙂,aur jesi ghatia aurat ke mun se ye bat achi ni lagti. logon ko garam karnay wali machine.,teri chut me sabhi bhaiyo ka lund reply de randi,aaaahhhhhh bhenchod.....jese tere is mangalsutra ki sahi jagah tere gale me nai balki mere mote kaale lund pr he.... vese hi tujh jesi chudakkad kuttiya ki jagah kewal mere pairo k niche he saali.... chal inbox me aa.....,ye tu bahan hai ya bajao
class3_batch004_sample020707,4,20707,3,Sexism,321707,325707,v3_original_demo_boundary_prompt,4-shot random authentic same-class,Shortlisted authentic RUHSOLD Sexism examples,40,roads pe lab coat b ap ki gender hi pehnti ha 😂,teri bhosdi or boobs me parda mat kar...logo ko dekne de.dhake hoge to kaise pata chalega ki tu hijra nehi hai.   hijra kahi ki.,tu kyun ro rahe hai hijra? tera buddhe hijra to kamjor mard hai. uska kara nehi hota. 🤣🤣🤣🤣,r mazy k bat mra jism wo auratn krti hn jin pr thokta bh koi nae.,abb to ghar mein dandiya nikli thi. mery pass kuch nahi hai
class3_batch004_sample020708,4,20708,3,Sexism,321708,325708,v3_original_demo_boundary_prompt,4-shot random authentic same-class,Shortlisted authentic RUHSOLD Sexism examples,40,70 saal ka mard is better than a 30 year old hijra😅,agar aaj se 40 saal pehley isi tarha ke banner pakarh kar mera jism meri marzi waala naara aapki amma ne maara hota to aap is duniya main ye tweet karney ke liye maujood hi na hoteen 😑😑😑,dhoka khane k baad oska aitbar uth jata haa sbsee or dosre mard mai b interest ni rehta...ku k aurat jism k ley ni chahti jbk mard jism k ley chahta😌🙂,"yeh wesy koi bht e zyda ounchi nasal ki randi niqli h wesy , mtlb i can't even imagine koi bughaz or paisy k pechay itna b girr skta h, nehayat e nichly darjay ki baighairat aurat ho, aurat zaat ko b badnaam kea h isny apny wajood sy !! akhh thooo iski zaat pay","rt : aurat march ko aurat ki jaldi jungzish kr rahy hain, jisne unke ghar mein bachche ka ghatia nangaa tariqa diya hai, wo aurat march ko chup kr de r"
class3_batch004_sample020709,4,20709,3,Sexism,321709,325709,v3_original_demo_boundary_prompt,4-shot random authentic same-class,Shortlisted authentic RUHSOLD Sexism examples,40,roads pe lab coat b ap ki gender hi pehnti ha 😂,#auratmarch2020 mera jism allah ki marzi.. allah ka to hukam ha tum char dewari me raho .. nd ya nikl k apni nimaish karna chahten,phir larky beard ky bagiar khusray q lgty hain  wo bhi beard ky bagiar khubsurat lgny chahiye ?,lalchi aurat paisa dekhti hai aur khandani aurat sirf sehrat dekhti hai,mujhe bhi ye saali randi lagti hai
class3_batch004_sample020710,4,20710,3,Sexism,321710,325710,v3_original_demo_boundary_prompt,4-shot random authentic same-class,Shortlisted authentic RUHSOLD Sexism examples,40,original attitude boys ma hota ha aur fake girls ma,r mazy k bat mra jism wo auratn krti hn jin pr thokta bh koi nae.,"apko kehna chahye tha na mard hoon, na aurat hoo. main hijra hoon main hijra hoon, main parchi hoon, main defected hoon, main accidental chairman hoon.  #joker420",apni behn ko bhejo gay na aurat march me??,tumhari gand maru ga bhenchod
class3_batch004_sample020711,4,20711,3,Sexism,321711,325711,v3_original_demo_boundary_prompt,4-shot random authentic same-class,Shortlisted authentic RUHSOLD Sexism examples,40,"yeh wesy koi bht e zyda ounchi nasal ki randi niqli h wesy , mtlb i can't even imagine koi bughaz or paisy k pechay itna b girr skta h, nehayat e nichly darjay ki baighairat aurat ho, aurat zaat ko b badnaam kea h isny apny wajood sy !! akhh thooo iski zaat pay",transgander   madarchood   hijra tu aik bara khoota ha  haram zada,"ab iska sara credit har anchor le rha h jb k  rape,  ki asal jad h hi media jo mera jism.meri marzi,  hareem.shah , qandeel bloch , valentine day pe program krty hn phr rape hi hn gy",aisi or kis kis ki lund par uchel uchel kar moja lati ghar me.,ye teri maa chod dunga..
class3_batch004_sample020712,4,20712,3,Sexism,321712,325712,v3_original_demo_boundary_prompt,4-shot random authentic same-class,Shortlisted authentic RUHSOLD Sexism examples,40,bilo rani tumhari pehchan sirf or sirf hijra huna hai.. na mard,"madum ap gharailo maon behno ki terha na blkeh on maon behno ki terha bhi nahi jo moaashrat main ghar sy bahir nikal ker apni , maan baap ki .belky pory moaashry ki izzat ka kgayal rekhti hain .ap oss catogary main ati hain .jisy rundi,jisy tawaif,fahasha, jisy badqar kehty hain",acha tareka dhondha hai larkun ko ganda sabit karny ka but aesi neech harkat larkyan he kar sakti hain larky nahi.,teri chut me sabhi bhaiyo ka lund reply de randi,ye randi ki naslon
class3_batch004_sample020713,4,20713,3,Sexism,321713,325713,v3_original_demo_boundary_prompt,4-shot random authentic same-class,Shortlisted authentic RUHSOLD Sexism examples,40,teri bhosdi or boobs me parda mat kar...logo ko dekne de.dhake hoge to kaise pata chalega ki tu hijra nehi hai.   hijra kahi ki.,lalchi aurat paisa dekhti hai aur khandani aurat sirf sehrat dekhti hai,phir larky beard ky bagiar khusray q lgty hain  wo bhi beard ky bagiar khubsurat lgny chahiye ?,transgander   madarchood   hijra tu aik bara khoota ha  haram zada,ye hi hijra he
class3_batch004_sample020714,4,20714,3,Sexism,321714,325714,v3_original_demo_boundary_prompt,4-shot random authentic same-class,Shortlisted authentic RUHSOLD Sexism examples,40,"yeh wesy koi bht e zyda ounchi nasal ki randi niqli h wesy , mtlb i can't even imagine koi bughaz or paisy k pechay itna b girr skta h, nehayat e nichly darjay ki baighairat aurat ho, aurat zaat ko b badnaam kea h isny apny wajood sy !! akhh thooo iski zaat pay",shazaib apni baji ko b bejna han aurat march ma agr itne he zruri hai to,"madum ap gharailo maon behno ki terha na blkeh on maon behno ki terha bhi nahi jo moaashrat main ghar sy bahir nikal ker apni , maan baap ki .belky pory moaashry ki izzat ka kgayal rekhti hain .ap oss catogary main ati hain .jisy rundi,jisy tawaif,fahasha, jisy badqar kehty hain",bc ghar wale bhi soch rahe honge yeh kya system paida ho gya sala lagta programing galat ho gayi.... sabsi badi confusion iske liye ladka dhundheyge yaa ladki😉,randi ki aulad
class3_batch004_sample020715,4,20715,3,Sexism,321715,325715,v3_original_demo_boundary_prompt,4-shot random authentic same-class,Shortlisted authentic RUHSOLD Sexism examples,40,ap ko mard banny ki acting pasand i? agr ni to hijra hi bany rahye sir ye mardo k kam hn hijro k ni.,original attitude boys ma hota ha aur fake girls ma,teri bhosdi or boobs me parda mat kar...logo ko dekne de.dhake hoge to kaise pata chalega ki tu hijra nehi hai.   hijra kahi ki.,"ab iska sara credit har anchor le rha h jb k  rape,  ki asal jad h hi media jo mera jism.meri marzi,  hareem.shah , qandeel bloch , valentine day pe program krty hn phr rape hi hn gy",hijra ho tum
class3_batch004_sample020716,4,20716,3,Sexism,321716,325716,v3_original_demo_boundary_prompt,4-shot random authentic same-class,Shortlisted authentic RUHSOLD Sexism examples,40,apni behn ko bhejo gay na aurat march me??,"yeh wesy koi bht e zyda ounchi nasal ki randi niqli h wesy , mtlb i can't even imagine koi bughaz or paisy k pechay itna b girr skta h, nehayat e nichly darjay ki baighairat aurat ho, aurat zaat ko b badnaam kea h isny apny wajood sy !! akhh thooo iski zaat pay","aurat ko islam nai galat lagta, ap log lagtay ho jo ye boltay hain k agar aurat ka rape hua to wo uski galtie usne sar par dupatta nai kiya us banday ki nahi wo bechara kesay control karay",teri bhosdi or boobs me parda mat kar...logo ko dekne de.dhake hoge to kaise pata chalega ki tu hijra nehi hai.   hijra kahi ki.,khud nai hoga is ny pakistan ko chor rakha
class3_batch004_sample020717,4,20717,3,Sexism,321717,325717,v3_original_demo_boundary_prompt,4-shot random authentic same-class,Shortlisted authentic RUHSOLD Sexism examples,40,r mazy k bat mra jism wo auratn krti hn jin pr thokta bh koi nae.,#stopauratbarbadimarch aurat ghr k andr hi achi lgti he yu sarkon par nikalna kisi bhi aurat ki izzat par daag lga skta he,your leader  is hijra that's why he is not living with his wife.,muslim countries ki leaderships na mard napunsak or hijra hain.. in mein koi dum nahi.. ye kuch nahi kr sakty.. jinnah ki rooh tarapti hogi.. jinnah ne kashmir par attack ka order diya tha..,hmari qoum ko chod do ab tu apni maa behan ko choda hai
class3_batch004_sample020718,4,20718,3,Sexism,321718,325718,v3_original_demo_boundary_prompt,4-shot random authentic same-class,Shortlisted authentic RUHSOLD Sexism examples,40,ap ko mard banny ki acting pasand i? agr ni to hijra hi bany rahye sir ye mardo k kam hn hijro k ni.,"apko kehna chahye tha na mard hoon, na aurat hoo. main hijra hoon main hijra hoon, main parchi hoon, main defected hoon, main accidental chairman hoon.  #joker420",bc ghar wale bhi soch rahe honge yeh kya system paida ho gya sala lagta programing galat ho gayi.... sabsi badi confusion iske liye ladka dhundheyge yaa ladki😉,r mazy k bat mra jism wo auratn krti hn jin pr thokta bh koi nae.,"rt :   aaj tak humne itny hi kia hai, jo samay ki bat nahi krte"
class3_batch004_sample020719,4,20719,3,Sexism,321719,325719,v3_original_demo_boundary_prompt,4-shot random authentic same-class,Shortlisted authentic RUHSOLD Sexism examples,40,#auratmarch2020 mera jism allah ki marzi.. allah ka to hukam ha tum char dewari me raho .. nd ya nikl k apni nimaish karna chahten,bc ghar wale bhi soch rahe honge yeh kya system paida ho gya sala lagta programing galat ho gayi.... sabsi badi confusion iske liye ladka dhundheyge yaa ladki😉,acha tareka dhondha hai larkun ko ganda sabit karny ka but aesi neech harkat larkyan he kar sakti hain larky nahi.,transgander   madarchood   hijra tu aik bara khoota ha  haram zada,"abe kanjar, tum hi pata ha baat kya hai na?"
class3_batch004_sample020720,4,20720,3,Sexism,321720,325720,v3_original_demo_boundary_prompt,4-shot random authentic same-class,Shortlisted authentic RUHSOLD Sexism examples,40,apni behn ko bhejo gay na aurat march me??,roads pe lab coat b ap ki gender hi pehnti ha 😂,teri bhosdi or boobs me parda mat kar...logo ko dekne de.dhake hoge to kaise pata chalega ki tu hijra nehi hai.   hijra kahi ki.,"apko kehna chahye tha na mard hoon, na aurat hoo. main hijra hoon main hijra hoon, main parchi hoon, main defected hoon, main accidental chairman hoon.  #joker420",ye hijra ho ya hijra nai toh uski kya waja hoti
class3_batch004_sample020721,4,20721,3,Sexism,321721,325721,v3_original_demo_boundary_prompt,4-shot random authentic same-class,Shortlisted authentic RUHSOLD Sexism examples,40,70 saal ka mard is better than a 30 year old hijra😅,you are just girlfriend material no one wants wife like you. itna jism jo sirf admi apni bivi ka dekhta h  apka to sary jahan ne dekha h,ek randi larki ko itni pazeerai di hai. smjh se bahir hai,aaaahhhhhh bhenchod.....jese tere is mangalsutra ki sahi jagah tere gale me nai balki mere mote kaale lund pr he.... vese hi tujh jesi chudakkad kuttiya ki jagah kewal mere pairo k niche he saali.... chal inbox me aa.....,ise bata do..jab tak usne aurat marzi ko naaz banaya hai tab tak unke sath humari wajah se zarurat nahin...
class3_batch004_sample020722,4,20722,3,Sexism,321722,325722,v3_original_demo_boundary_prompt,4-shot random authentic same-class,Shortlisted authentic RUHSOLD Sexism examples,40,teri chut me sabhi bhaiyo ka lund reply de randi,phir larky beard ky bagiar khusray q lgty hain  wo bhi beard ky bagiar khubsurat lgny chahiye ?,muslim countries ki leaderships na mard napunsak or hijra hain.. in mein koi dum nahi.. ye kuch nahi kr sakty.. jinnah ki rooh tarapti hogi.. jinnah ne kashmir par attack ka order diya tha..,"ab iska sara credit har anchor le rha h jb k  rape,  ki asal jad h hi media jo mera jism.meri marzi,  hareem.shah , qandeel bloch , valentine day pe program krty hn phr rape hi hn gy",gandu mard
class3_batch004_sample020723,4,20723,3,Sexism,321723,325723,v3_original_demo_boundary_prompt,4-shot random authentic same-class,Shortlisted authentic RUHSOLD Sexism examples,40,dhoka khane k baad oska aitbar uth jata haa sbsee or dosre mard mai b interest ni rehta...ku k aurat jism k ley ni chahti jbk mard jism k ley chahta😌🙂,bilo rani tumhari pehchan sirf or sirf hijra huna hai.. na mard,jin ko hizab se nafrat he wo nangi ho k ghoome koi in pe thooke ga bhi nahi  aurat khoobsurat pure libas me lagti he mawazna karlen,"aurat ko islam nai galat lagta, ap log lagtay ho jo ye boltay hain k agar aurat ka rape hua to wo uski galtie usne sar par dupatta nai kiya us banday ki nahi wo bechara kesay control karay",tmhn bahir jao gashti
class3_batch004_sample020724,4,20724,3,Sexism,321724,325724,v3_original_demo_boundary_prompt,4-shot random authentic same-class,Shortlisted authentic RUHSOLD Sexism examples,40,tere jaise randiyo ki chudai ke liye to ham mard hain yaha pe,tu kyun ro rahe hai hijra? tera buddhe hijra to kamjor mard hai. uska kara nehi hota. 🤣🤣🤣🤣,teri chut me sabhi bhaiyo ka lund reply de randi,"ab iska sara credit har anchor le rha h jb k  rape,  ki asal jad h hi media jo mera jism.meri marzi,  hareem.shah , qandeel bloch , valentine day pe program krty hn phr rape hi hn gy",teri maa ko bula ke phir gali denge randi
class3_batch004_sample020725,4,20725,3,Sexism,321725,325725,v3_original_demo_boundary_prompt,4-shot random authentic same-class,Shortlisted authentic RUHSOLD Sexism examples,40,dhoka khane k baad oska aitbar uth jata haa sbsee or dosre mard mai b interest ni rehta...ku k aurat jism k ley ni chahti jbk mard jism k ley chahta😌🙂,"madum ap gharailo maon behno ki terha na blkeh on maon behno ki terha bhi nahi jo moaashrat main ghar sy bahir nikal ker apni , maan baap ki .belky pory moaashry ki izzat ka kgayal rekhti hain .ap oss catogary main ati hain .jisy rundi,jisy tawaif,fahasha, jisy badqar kehty hain",bilo rani tumhari pehchan sirf or sirf hijra huna hai.. na mard,ap ko mard banny ki acting pasand i? agr ni to hijra hi bany rahye sir ye mardo k kam hn hijro k ni.,hijra bhenchod
class3_batch004_sample020726,4,20726,3,Sexism,321726,325726,v3_original_demo_boundary_prompt,4-shot random authentic same-class,Shortlisted authentic RUHSOLD Sexism examples,40,apni behn ko bhejo gay na aurat march me??,transgander   madarchood   hijra tu aik bara khoota ha  haram zada,randi kise kahte ha aap hi bata do? ye word ghatiya women ke liye hi use karta ha ab deepika ghatiya ha to randi hi bolenge na,aisi or kis kis ki lund par uchel uchel kar moja lati ghar me.,bajwa ne kaha or hijra mard nahi
class3_batch004_sample020727,4,20727,3,Sexism,321727,325727,v3_original_demo_boundary_prompt,4-shot random authentic same-class,Shortlisted authentic RUHSOLD Sexism examples,40,tu kyun ro rahe hai hijra? tera buddhe hijra to kamjor mard hai. uska kara nehi hota. 🤣🤣🤣🤣,jahiliyat ki v had hai ye apne ghar me slave ki tarh rahti hai aur bahar kutto jaise bhaunk rhi hai... shame on these ladies,#stopauratbarbadimarch who are you for arguing our tradition and islamic manners you bluddy 2 takay ki aurat   .,"aurat ko islam nai galat lagta, ap log lagtay ho jo ye boltay hain k agar aurat ka rape hua to wo uski galtie usne sar par dupatta nai kiya us banday ki nahi wo bechara kesay control karay",tu bacha tha kab se kya lund marwa raha hai
class3_batch004_sample020728,4,20728,3,Sexism,321728,325728,v3_original_demo_boundary_prompt,4-shot random authentic same-class,Shortlisted authentic RUHSOLD Sexism examples,40,"aurat ko islam nai galat lagta, ap log lagtay ho jo ye boltay hain k agar aurat ka rape hua to wo uski galtie usne sar par dupatta nai kiya us banday ki nahi wo bechara kesay control karay",teri bhosdi or boobs me parda mat kar...logo ko dekne de.dhake hoge to kaise pata chalega ki tu hijra nehi hai.   hijra kahi ki.,mard muhbt kr bhi ly tu aksar aurat he dhoka dy jati h usy 💔,randi kise kahte ha aap hi bata do? ye word ghatiya women ke liye hi use karta ha ab deepika ghatiya ha to randi hi bolenge na,mard tera baap h
class3_batch004_sample020729,4,20729,3,Sexism,321729,325729,v3_original_demo_boundary_prompt,4-shot random authentic same-class,Shortlisted authentic RUHSOLD Sexism examples,40,randi kise kahte ha aap hi bata do? ye word ghatiya women ke liye hi use karta ha ab deepika ghatiya ha to randi hi bolenge na,shazaib apni baji ko b bejna han aurat march ma agr itne he zruri hai to,apni behn ko bhejo gay na aurat march me??,muslim countries ki leaderships na mard napunsak or hijra hain.. in mein koi dum nahi.. ye kuch nahi kr sakty.. jinnah ki rooh tarapti hogi.. jinnah ne kashmir par attack ka order diya tha..,wow i have never seen such an intelligent and eloquent argument before!! you sir deserve a nobel prize!!
class3_batch004_sample020730,4,20730,3,Sexism,321730,325730,v3_original_demo_boundary_prompt,4-shot random authentic same-class,Shortlisted authentic RUHSOLD Sexism examples,40,tu kyun ro rahe hai hijra? tera buddhe hijra to kamjor mard hai. uska kara nehi hota. 🤣🤣🤣🤣,jahiliyat ki v had hai ye apne ghar me slave ki tarh rahti hai aur bahar kutto jaise bhaunk rhi hai... shame on these ladies,teri bhosdi or boobs me parda mat kar...logo ko dekne de.dhake hoge to kaise pata chalega ki tu hijra nehi hai.   hijra kahi ki.,phir larky beard ky bagiar khusray q lgty hain  wo bhi beard ky bagiar khubsurat lgny chahiye ?,teri maa ki phudi nikla tha teri aukat nae
class3_batch004_sample020731,4,20731,3,Sexism,321731,325731,v3_original_demo_boundary_prompt,4-shot random authentic same-class,Shortlisted authentic RUHSOLD Sexism examples,40,muslim countries ki leaderships na mard napunsak or hijra hain.. in mein koi dum nahi.. ye kuch nahi kr sakty.. jinnah ki rooh tarapti hogi.. jinnah ne kashmir par attack ka order diya tha..,dhoka khane k baad oska aitbar uth jata haa sbsee or dosre mard mai b interest ni rehta...ku k aurat jism k ley ni chahti jbk mard jism k ley chahta😌🙂,tu kyun ro rahe hai hijra? tera buddhe hijra to kamjor mard hai. uska kara nehi hota. 🤣🤣🤣🤣,randi kise kahte ha aap hi bata do? ye word ghatiya women ke liye hi use karta ha ab deepika ghatiya ha to randi hi bolenge na,tum logon ko pta chal raha ha kisi aurat k bachy kahan se ho.
class3_batch004_sample020732,4,20732,3,Sexism,321732,325732,v3_original_demo_boundary_prompt,4-shot random authentic same-class,Shortlisted authentic RUHSOLD Sexism examples,40,aaaahhhhhh bhenchod.....jese tere is mangalsutra ki sahi jagah tere gale me nai balki mere mote kaale lund pr he.... vese hi tujh jesi chudakkad kuttiya ki jagah kewal mere pairo k niche he saali.... chal inbox me aa.....,"apko kehna chahye tha na mard hoon, na aurat hoo. main hijra hoon main hijra hoon, main parchi hoon, main defected hoon, main accidental chairman hoon.  #joker420",mard muhbt kr bhi ly tu aksar aurat he dhoka dy jati h usy 💔,muslim countries ki leaderships na mard napunsak or hijra hain.. in mein koi dum nahi.. ye kuch nahi kr sakty.. jinnah ki rooh tarapti hogi.. jinnah ne kashmir par attack ka order diya tha..,abe bc... tu chudwane ki baat kar raha ha tu? 🤣🤣
class3_batch004_sample020733,4,20733,3,Sexism,321733,325733,v3_original_demo_boundary_prompt,4-shot random authentic same-class,Shortlisted authentic RUHSOLD Sexism examples,40,tum jesi ghatia aurat ka kam hi ni hai media par.kisi kothhay pe ja aur ulta late ja ke.begherat,shazaib apni baji ko b bejna han aurat march ma agr itne he zruri hai to,#stopauratbarbadimarch who are you for arguing our tradition and islamic manners you bluddy 2 takay ki aurat   .,ap ko mard banny ki acting pasand i? agr ni to hijra hi bany rahye sir ye mardo k kam hn hijro k ni.,randiyo se bat kr rha hu kya
class3_batch004_sample020734,4,20734,3,Sexism,321734,325734,v3_original_demo_boundary_prompt,4-shot random authentic same-class,Shortlisted authentic RUHSOLD Sexism examples,40,r mazy k bat mra jism wo auratn krti hn jin pr thokta bh koi nae.,aisi or kis kis ki lund par uchel uchel kar moja lati ghar me.,#auratmarch2020 mera jism allah ki marzi.. allah ka to hukam ha tum char dewari me raho .. nd ya nikl k apni nimaish karna chahten,teri chut me sabhi bhaiyo ka lund reply de randi,tere jaise gandu ko paida kerne wali beti maa se puchna chahye ki tu itni kamzor ho gayee hi thi uska baap?
class3_batch004_sample020735,4,20735,3,Sexism,321735,325735,v3_original_demo_boundary_prompt,4-shot random authentic same-class,Shortlisted authentic RUHSOLD Sexism examples,40,jin ko hizab se nafrat he wo nangi ho k ghoome koi in pe thooke ga bhi nahi  aurat khoobsurat pure libas me lagti he mawazna karlen,shazaib apni baji ko b bejna han aurat march ma agr itne he zruri hai to,r mazy k bat mra jism wo auratn krti hn jin pr thokta bh koi nae.,teri bhosdi or boobs me parda mat kar...logo ko dekne de.dhake hoge to kaise pata chalega ki tu hijra nehi hai.   hijra kahi ki.,randi or uski baji ko bhej
class3_batch004_sample020736,4,20736,3,Sexism,321736,325736,v3_original_demo_boundary_prompt,4-shot random authentic same-class,Shortlisted authentic RUHSOLD Sexism examples,40,randi kise kahte ha aap hi bata do? ye word ghatiya women ke liye hi use karta ha ab deepika ghatiya ha to randi hi bolenge na,"madum ap gharailo maon behno ki terha na blkeh on maon behno ki terha bhi nahi jo moaashrat main ghar sy bahir nikal ker apni , maan baap ki .belky pory moaashry ki izzat ka kgayal rekhti hain .ap oss catogary main ati hain .jisy rundi,jisy tawaif,fahasha, jisy badqar kehty hain",dhoka khane k baad oska aitbar uth jata haa sbsee or dosre mard mai b interest ni rehta...ku k aurat jism k ley ni chahti jbk mard jism k ley chahta😌🙂,muslim countries ki leaderships na mard napunsak or hijra hain.. in mein koi dum nahi.. ye kuch nahi kr sakty.. jinnah ki rooh tarapti hogi.. jinnah ne kashmir par attack ka order diya tha..,shukla ko apne bhen chod ki koshish kar rahe ho
class3_batch004_sample020737,4,20737,3,Sexism,321737,325737,v3_original_demo_boundary_prompt,4-shot random authentic same-class,Shortlisted authentic RUHSOLD Sexism examples,40,teri bhosdi or boobs me parda mat kar...logo ko dekne de.dhake hoge to kaise pata chalega ki tu hijra nehi hai.   hijra kahi ki.,r mazy k bat mra jism wo auratn krti hn jin pr thokta bh koi nae.,tum jesi ghatia aurat ka kam hi ni hai media par.kisi kothhay pe ja aur ulta late ja ke.begherat,jin ko hizab se nafrat he wo nangi ho k ghoome koi in pe thooke ga bhi nahi  aurat khoobsurat pure libas me lagti he mawazna karlen,tumhari maa behn ka yaar ka naam dikha bhenchod
class3_batch004_sample020738,4,20738,3,Sexism,321738,325738,v3_original_demo_boundary_prompt,4-shot random authentic same-class,Shortlisted authentic RUHSOLD Sexism examples,40,#auratmarch2020 mera jism allah ki marzi.. allah ka to hukam ha tum char dewari me raho .. nd ya nikl k apni nimaish karna chahten,tum jesi ghatia aurat ka kam hi ni hai media par.kisi kothhay pe ja aur ulta late ja ke.begherat,acha tareka dhondha hai larkun ko ganda sabit karny ka but aesi neech harkat larkyan he kar sakti hain larky nahi.,jin ko hizab se nafrat he wo nangi ho k ghoome koi in pe thooke ga bhi nahi  aurat khoobsurat pure libas me lagti he mawazna karlen,bharwe bharwe randi
class3_batch004_sample020739,4,20739,3,Sexism,321739,325739,v3_original_demo_boundary_prompt,4-shot random authentic same-class,Shortlisted authentic RUHSOLD Sexism examples,40,bc ghar wale bhi soch rahe honge yeh kya system paida ho gya sala lagta programing galat ho gayi.... sabsi badi confusion iske liye ladka dhundheyge yaa ladki😉,aaaahhhhhh bhenchod.....jese tere is mangalsutra ki sahi jagah tere gale me nai balki mere mote kaale lund pr he.... vese hi tujh jesi chudakkad kuttiya ki jagah kewal mere pairo k niche he saali.... chal inbox me aa.....,"madum ap gharailo maon behno ki terha na blkeh on maon behno ki terha bhi nahi jo moaashrat main ghar sy bahir nikal ker apni , maan baap ki .belky pory moaashry ki izzat ka kgayal rekhti hain .ap oss catogary main ati hain .jisy rundi,jisy tawaif,fahasha, jisy badqar kehty hain",roads pe lab coat b ap ki gender hi pehnti ha 😂,tere se poora paisa bacha hai kia randiyon ko
class3_batch004_sample020740,4,20740,3,Sexism,321740,325740,v3_original_demo_boundary_prompt,4-shot random authentic same-class,Shortlisted authentic RUHSOLD Sexism examples,40,ek randi larki ko itni pazeerai di hai. smjh se bahir hai,#stopauratbarbadimarch who are you for arguing our tradition and islamic manners you bluddy 2 takay ki aurat   .,you are just girlfriend material no one wants wife like you. itna jism jo sirf admi apni bivi ka dekhta h  apka to sary jahan ne dekha h,phir larky beard ky bagiar khusray q lgty hain  wo bhi beard ky bagiar khubsurat lgny chahiye ?,chod duniya mein larky ki behno nay tu bachon ki trah ghusi
class3_batch004_sample020741,4,20741,3,Sexism,321741,325741,v3_original_demo_boundary_prompt,4-shot random authentic same-class,Shortlisted authentic RUHSOLD Sexism examples,40,bilo rani tumhari pehchan sirf or sirf hijra huna hai.. na mard,apni behn ko bhejo gay na aurat march me??,muslim countries ki leaderships na mard napunsak or hijra hain.. in mein koi dum nahi.. ye kuch nahi kr sakty.. jinnah ki rooh tarapti hogi.. jinnah ne kashmir par attack ka order diya tha..,lalchi aurat paisa dekhti hai aur khandani aurat sirf sehrat dekhti hai,wo wapis nikalo.. or tere maa chod dety hain... tujhy sharam hai kisi se...
class3_batch004_sample020742,4,20742,3,Sexism,321742,325742,v3_original_demo_boundary_prompt,4-shot random authentic same-class,Shortlisted authentic RUHSOLD Sexism examples,40,bilo rani tumhari pehchan sirf or sirf hijra huna hai.. na mard,acha tareka dhondha hai larkun ko ganda sabit karny ka but aesi neech harkat larkyan he kar sakti hain larky nahi.,#stopauratbarbadimarch who are you for arguing our tradition and islamic manners you bluddy 2 takay ki aurat   .,you are just girlfriend material no one wants wife like you. itna jism jo sirf admi apni bivi ka dekhta h  apka to sary jahan ne dekha h,ye randi kehti hai koi harami bata doo
class3_batch004_sample020743,4,20743,3,Sexism,321743,325743,v3_original_demo_boundary_prompt,4-shot random authentic same-class,Shortlisted authentic RUHSOLD Sexism examples,40,tu kyun ro rahe hai hijra? tera buddhe hijra to kamjor mard hai. uska kara nehi hota. 🤣🤣🤣🤣,dhoka khane k baad oska aitbar uth jata haa sbsee or dosre mard mai b interest ni rehta...ku k aurat jism k ley ni chahti jbk mard jism k ley chahta😌🙂,ek randi larki ko itni pazeerai di hai. smjh se bahir hai,shazaib apni baji ko b bejna han aurat march ma agr itne he zruri hai to,tere maa ka yaar abhi tak apnay sath nikla na...teri ammi teri maa ki choot maroo..tujhy pta hae tu teri maa ka yaar hae
class3_batch004_sample020744,4,20744,3,Sexism,321744,325744,v3_original_demo_boundary_prompt,4-shot random authentic same-class,Shortlisted authentic RUHSOLD Sexism examples,40,r mazy k bat mra jism wo auratn krti hn jin pr thokta bh koi nae.,agar aaj se 40 saal pehley isi tarha ke banner pakarh kar mera jism meri marzi waala naara aapki amma ne maara hota to aap is duniya main ye tweet karney ke liye maujood hi na hoteen 😑😑😑,teri chut me sabhi bhaiyo ka lund reply de randi,aur jesi ghatia aurat ke mun se ye bat achi ni lagti. logon ko garam karnay wali machine.,ajeeb hijra hy
class3_batch004_sample020745,4,20745,3,Sexism,321745,325745,v3_original_demo_boundary_prompt,4-shot random authentic same-class,Shortlisted authentic RUHSOLD Sexism examples,40,r mazy k bat mra jism wo auratn krti hn jin pr thokta bh koi nae.,acha tareka dhondha hai larkun ko ganda sabit karny ka but aesi neech harkat larkyan he kar sakti hain larky nahi.,you are just girlfriend material no one wants wife like you. itna jism jo sirf admi apni bivi ka dekhta h  apka to sary jahan ne dekha h,ap ko mard banny ki acting pasand i? agr ni to hijra hi bany rahye sir ye mardo k kam hn hijro k ni.,bharwe aise hi ho jaate han
class3_batch004_sample020746,4,20746,3,Sexism,321746,325746,v3_original_demo_boundary_prompt,4-shot random authentic same-class,Shortlisted authentic RUHSOLD Sexism examples,40,aur jesi ghatia aurat ke mun se ye bat achi ni lagti. logon ko garam karnay wali machine.,#stopauratbarbadimarch aurat ghr k andr hi achi lgti he yu sarkon par nikalna kisi bhi aurat ki izzat par daag lga skta he,apni behn ko bhejo gay na aurat march me??,#stopauratbarbadimarch who are you for arguing our tradition and islamic manners you bluddy 2 takay ki aurat   .,tere dost ne acha laga diya tha...
class3_batch004_sample020747,4,20747,3,Sexism,321747,325747,v3_original_demo_boundary_prompt,4-shot random authentic same-class,Shortlisted authentic RUHSOLD Sexism examples,40,#stopauratbarbadimarch who are you for arguing our tradition and islamic manners you bluddy 2 takay ki aurat   .,original attitude boys ma hota ha aur fake girls ma,phir larky beard ky bagiar khusray q lgty hain  wo bhi beard ky bagiar khubsurat lgny chahiye ?,jin ko hizab se nafrat he wo nangi ho k ghoome koi in pe thooke ga bhi nahi  aurat khoobsurat pure libas me lagti he mawazna karlen,saali kyu kisi ko pta chaly jata he abhi tak koi nehari nai kia
class3_batch004_sample020748,4,20748,3,Sexism,321748,325748,v3_original_demo_boundary_prompt,4-shot random authentic same-class,Shortlisted authentic RUHSOLD Sexism examples,40,randi kise kahte ha aap hi bata do? ye word ghatiya women ke liye hi use karta ha ab deepika ghatiya ha to randi hi bolenge na,aur jesi ghatia aurat ke mun se ye bat achi ni lagti. logon ko garam karnay wali machine.,shazaib apni baji ko b bejna han aurat march ma agr itne he zruri hai to,original attitude boys ma hota ha aur fake girls ma,tera baap tha naya pakistan mein 🤨
class3_batch004_sample020749,4,20749,3,Sexism,321749,325749,v3_original_demo_boundary_prompt,4-shot random authentic same-class,Shortlisted authentic RUHSOLD Sexism examples,40,roads pe lab coat b ap ki gender hi pehnti ha 😂,you are just girlfriend material no one wants wife like you. itna jism jo sirf admi apni bivi ka dekhta h  apka to sary jahan ne dekha h,tu kyun ro rahe hai hijra? tera buddhe hijra to kamjor mard hai. uska kara nehi hota. 🤣🤣🤣🤣,randi kise kahte ha aap hi bata do? ye word ghatiya women ke liye hi use karta ha ab deepika ghatiya ha to randi hi bolenge na,teri maa ko chodunga mujhy pta ha kya samjhao
class3_batch004_sample020750,4,20750,3,Sexism,321750,325750,v3_original_demo_boundary_prompt,4-shot random authentic same-class,Shortlisted authentic RUHSOLD Sexism examples,40,original attitude boys ma hota ha aur fake girls ma,agar aaj se 40 saal pehley isi tarha ke banner pakarh kar mera jism meri marzi waala naara aapki amma ne maara hota to aap is duniya main ye tweet karney ke liye maujood hi na hoteen 😑😑😑,bc ghar wale bhi soch rahe honge yeh kya system paida ho gya sala lagta programing galat ho gayi.... sabsi badi confusion iske liye ladka dhundheyge yaa ladki😉,roads pe lab coat b ap ki gender hi pehnti ha 😂,abe nawaz shareef ko chod do
class3_batch004_sample020751,4,20751,3,Sexism,321751,325751,v3_original_demo_boundary_prompt,4-shot random authentic same-class,Shortlisted authentic RUHSOLD Sexism examples,40,roads pe lab coat b ap ki gender hi pehnti ha 😂,#stopauratbarbadimarch aurat ghr k andr hi achi lgti he yu sarkon par nikalna kisi bhi aurat ki izzat par daag lga skta he,transgander   madarchood   hijra tu aik bara khoota ha  haram zada,"apko kehna chahye tha na mard hoon, na aurat hoo. main hijra hoon main hijra hoon, main parchi hoon, main defected hoon, main accidental chairman hoon.  #joker420",tum jesi randiyan ko nanga nahi krne se azeem e marasul ho jaate hai
class3_batch004_sample020752,4,20752,3,Sexism,321752,325752,v3_original_demo_boundary_prompt,4-shot random authentic same-class,Shortlisted authentic RUHSOLD Sexism examples,40,muslim countries ki leaderships na mard napunsak or hijra hain.. in mein koi dum nahi.. ye kuch nahi kr sakty.. jinnah ki rooh tarapti hogi.. jinnah ne kashmir par attack ka order diya tha..,your leader  is hijra that's why he is not living with his wife.,"apko kehna chahye tha na mard hoon, na aurat hoo. main hijra hoon main hijra hoon, main parchi hoon, main defected hoon, main accidental chairman hoon.  #joker420",tere jaise randiyo ki chudai ke liye to ham mard hain yaha pe,abhi tak bajwa nay gandu aurat ko 7 saal ka extension deta hai 😂😂
class3_batch004_sample020753,4,20753,3,Sexism,321753,325753,v3_original_demo_boundary_prompt,4-shot random authentic same-class,Shortlisted authentic RUHSOLD Sexism examples,40,tere jaise randiyo ki chudai ke liye to ham mard hain yaha pe,tum jesi ghatia aurat ka kam hi ni hai media par.kisi kothhay pe ja aur ulta late ja ke.begherat,randi kise kahte ha aap hi bata do? ye word ghatiya women ke liye hi use karta ha ab deepika ghatiya ha to randi hi bolenge na,jin ko hizab se nafrat he wo nangi ho k ghoome koi in pe thooke ga bhi nahi  aurat khoobsurat pure libas me lagti he mawazna karlen,rt : teri maa behn kisne bola hein
class3_batch004_sample020754,4,20754,3,Sexism,321754,325754,v3_original_demo_boundary_prompt,4-shot random authentic same-class,Shortlisted authentic RUHSOLD Sexism examples,40,your leader  is hijra that's why he is not living with his wife.,mard muhbt kr bhi ly tu aksar aurat he dhoka dy jati h usy 💔,"ab iska sara credit har anchor le rha h jb k  rape,  ki asal jad h hi media jo mera jism.meri marzi,  hareem.shah , qandeel bloch , valentine day pe program krty hn phr rape hi hn gy",acha tareka dhondha hai larkun ko ganda sabit karny ka but aesi neech harkat larkyan he kar sakti hain larky nahi.,apni maa chod rahe ho na hijra
class3_batch004_sample020755,4,20755,3,Sexism,321755,325755,v3_original_demo_boundary_prompt,4-shot random authentic same-class,Shortlisted authentic RUHSOLD Sexism examples,40,ap ko mard banny ki acting pasand i? agr ni to hijra hi bany rahye sir ye mardo k kam hn hijro k ni.,bilo rani tumhari pehchan sirf or sirf hijra huna hai.. na mard,you are just girlfriend material no one wants wife like you. itna jism jo sirf admi apni bivi ka dekhta h  apka to sary jahan ne dekha h,"aurat ko islam nai galat lagta, ap log lagtay ho jo ye boltay hain k agar aurat ka rape hua to wo uski galtie usne sar par dupatta nai kiya us banday ki nahi wo bechara kesay control karay",haan to tu mard nahi tha
class3_batch004_sample020756,4,20756,3,Sexism,321756,325756,v3_original_demo_boundary_prompt,4-shot random authentic same-class,Shortlisted authentic RUHSOLD Sexism examples,40,your leader  is hijra that's why he is not living with his wife.,roads pe lab coat b ap ki gender hi pehnti ha 😂,70 saal ka mard is better than a 30 year old hijra😅,lalchi aurat paisa dekhti hai aur khandani aurat sirf sehrat dekhti hai,gandu jisne dusre ko hi bol rha ha ab tu gandu bhi
class3_batch004_sample020757,4,20757,3,Sexism,321757,325757,v3_original_demo_boundary_prompt,4-shot random authentic same-class,Shortlisted authentic RUHSOLD Sexism examples,40,acha tareka dhondha hai larkun ko ganda sabit karny ka but aesi neech harkat larkyan he kar sakti hain larky nahi.,#stopauratbarbadimarch who are you for arguing our tradition and islamic manners you bluddy 2 takay ki aurat   .,"madum ap gharailo maon behno ki terha na blkeh on maon behno ki terha bhi nahi jo moaashrat main ghar sy bahir nikal ker apni , maan baap ki .belky pory moaashry ki izzat ka kgayal rekhti hain .ap oss catogary main ati hain .jisy rundi,jisy tawaif,fahasha, jisy badqar kehty hain",roads pe lab coat b ap ki gender hi pehnti ha 😂,gandu hijra
class3_batch004_sample020758,4,20758,3,Sexism,321758,325758,v3_original_demo_boundary_prompt,4-shot random authentic same-class,Shortlisted authentic RUHSOLD Sexism examples,40,ek randi larki ko itni pazeerai di hai. smjh se bahir hai,jahiliyat ki v had hai ye apne ghar me slave ki tarh rahti hai aur bahar kutto jaise bhaunk rhi hai... shame on these ladies,your leader  is hijra that's why he is not living with his wife.,lalchi aurat paisa dekhti hai aur khandani aurat sirf sehrat dekhti hai,apke baare mein tu zaroorat nahi ha
class3_batch004_sample020759,4,20759,3,Sexism,321759,325759,v3_original_demo_boundary_prompt,4-shot random authentic same-class,Shortlisted authentic RUHSOLD Sexism examples,40,aaaahhhhhh bhenchod.....jese tere is mangalsutra ki sahi jagah tere gale me nai balki mere mote kaale lund pr he.... vese hi tujh jesi chudakkad kuttiya ki jagah kewal mere pairo k niche he saali.... chal inbox me aa.....,#stopauratbarbadimarch who are you for arguing our tradition and islamic manners you bluddy 2 takay ki aurat   .,we are supporting #islam and thank you #khalilurrahmanqamar for your beautiful comments against #gashti .  agar ye #aurat hoti to na me aesi zuban use krta aur na koi gairatmand #admi use krta.,apni behn ko bhejo gay na aurat march me??,haha randi ka bacha
class3_batch004_sample020760,4,20760,3,Sexism,321760,325760,v3_original_demo_boundary_prompt,4-shot random authentic same-class,Shortlisted authentic RUHSOLD Sexism examples,40,phir larky beard ky bagiar khusray q lgty hain  wo bhi beard ky bagiar khubsurat lgny chahiye ?,teri chut me sabhi bhaiyo ka lund reply de randi,ap ko mard banny ki acting pasand i? agr ni to hijra hi bany rahye sir ye mardo k kam hn hijro k ni.,you are just girlfriend material no one wants wife like you. itna jism jo sirf admi apni bivi ka dekhta h  apka to sary jahan ne dekha h,apko mard banna tha kya
class3_batch004_sample020761,4,20761,3,Sexism,321761,325761,v3_original_demo_boundary_prompt,4-shot random authentic same-class,Shortlisted authentic RUHSOLD Sexism examples,40,agar aaj se 40 saal pehley isi tarha ke banner pakarh kar mera jism meri marzi waala naara aapki amma ne maara hota to aap is duniya main ye tweet karney ke liye maujood hi na hoteen 😑😑😑,dhoka khane k baad oska aitbar uth jata haa sbsee or dosre mard mai b interest ni rehta...ku k aurat jism k ley ni chahti jbk mard jism k ley chahta😌🙂,r mazy k bat mra jism wo auratn krti hn jin pr thokta bh koi nae.,roads pe lab coat b ap ki gender hi pehnti ha 😂,randi ka bacha
class3_batch004_sample020762,4,20762,3,Sexism,321762,325762,v3_original_demo_boundary_prompt,4-shot random authentic same-class,Shortlisted authentic RUHSOLD Sexism examples,40,shazaib apni baji ko b bejna han aurat march ma agr itne he zruri hai to,original attitude boys ma hota ha aur fake girls ma,teri chut me sabhi bhaiyo ka lund reply de randi,#stopauratbarbadimarch aurat ghr k andr hi achi lgti he yu sarkon par nikalna kisi bhi aurat ki izzat par daag lga skta he,ye randi ke bachay kya makkhan khandani
class3_batch004_sample020763,4,20763,3,Sexism,321763,325763,v3_original_demo_boundary_prompt,4-shot random authentic same-class,Shortlisted authentic RUHSOLD Sexism examples,40,#stopauratbarbadimarch aurat ghr k andr hi achi lgti he yu sarkon par nikalna kisi bhi aurat ki izzat par daag lga skta he,randi kise kahte ha aap hi bata do? ye word ghatiya women ke liye hi use karta ha ab deepika ghatiya ha to randi hi bolenge na,dhoka khane k baad oska aitbar uth jata haa sbsee or dosre mard mai b interest ni rehta...ku k aurat jism k ley ni chahti jbk mard jism k ley chahta😌🙂,muslim countries ki leaderships na mard napunsak or hijra hain.. in mein koi dum nahi.. ye kuch nahi kr sakty.. jinnah ki rooh tarapti hogi.. jinnah ne kashmir par attack ka order diya tha..,tu phir aurat ho
class3_batch004_sample020764,4,20764,3,Sexism,321764,325764,v3_original_demo_boundary_prompt,4-shot random authentic same-class,Shortlisted authentic RUHSOLD Sexism examples,40,apni behn ko bhejo gay na aurat march me??,"aurat ko islam nai galat lagta, ap log lagtay ho jo ye boltay hain k agar aurat ka rape hua to wo uski galtie usne sar par dupatta nai kiya us banday ki nahi wo bechara kesay control karay",aisi or kis kis ki lund par uchel uchel kar moja lati ghar me.,tum jesi ghatia aurat ka kam hi ni hai media par.kisi kothhay pe ja aur ulta late ja ke.begherat,rt : randi ronay wali gandi
class3_batch004_sample020765,4,20765,3,Sexism,321765,325765,v3_original_demo_boundary_prompt,4-shot random authentic same-class,Shortlisted authentic RUHSOLD Sexism examples,40,randi kise kahte ha aap hi bata do? ye word ghatiya women ke liye hi use karta ha ab deepika ghatiya ha to randi hi bolenge na,your leader  is hijra that's why he is not living with his wife.,mard muhbt kr bhi ly tu aksar aurat he dhoka dy jati h usy 💔,you are just girlfriend material no one wants wife like you. itna jism jo sirf admi apni bivi ka dekhta h  apka to sary jahan ne dekha h,yeh awam kehti ha hijra ho
class3_batch004_sample020766,4,20766,3,Sexism,321766,325766,v3_original_demo_boundary_prompt,4-shot random authentic same-class,Shortlisted authentic RUHSOLD Sexism examples,40,lalchi aurat paisa dekhti hai aur khandani aurat sirf sehrat dekhti hai,you are just girlfriend material no one wants wife like you. itna jism jo sirf admi apni bivi ka dekhta h  apka to sary jahan ne dekha h,tum jesi ghatia aurat ka kam hi ni hai media par.kisi kothhay pe ja aur ulta late ja ke.begherat,70 saal ka mard is better than a 30 year old hijra😅,abey randi ki nasl
class3_batch004_sample020767,4,20767,3,Sexism,321767,325767,v3_original_demo_boundary_prompt,4-shot random authentic same-class,Shortlisted authentic RUHSOLD Sexism examples,40,"ab iska sara credit har anchor le rha h jb k  rape,  ki asal jad h hi media jo mera jism.meri marzi,  hareem.shah , qandeel bloch , valentine day pe program krty hn phr rape hi hn gy","apko kehna chahye tha na mard hoon, na aurat hoo. main hijra hoon main hijra hoon, main parchi hoon, main defected hoon, main accidental chairman hoon.  #joker420",randi kise kahte ha aap hi bata do? ye word ghatiya women ke liye hi use karta ha ab deepika ghatiya ha to randi hi bolenge na,70 saal ka mard is better than a 30 year old hijra😅,aap ko to dikhao wo larkia hai
class3_batch004_sample020768,4,20768,3,Sexism,321768,325768,v3_original_demo_boundary_prompt,4-shot random authentic same-class,Shortlisted authentic RUHSOLD Sexism examples,40,aisi or kis kis ki lund par uchel uchel kar moja lati ghar me.,lalchi aurat paisa dekhti hai aur khandani aurat sirf sehrat dekhti hai,roads pe lab coat b ap ki gender hi pehnti ha 😂,phir larky beard ky bagiar khusray q lgty hain  wo bhi beard ky bagiar khubsurat lgny chahiye ?,teri maa ko nikl dete unke sath baat krte
class3_batch004_sample020769,4,20769,3,Sexism,321769,325769,v3_original_demo_boundary_prompt,4-shot random authentic same-class,Shortlisted authentic RUHSOLD Sexism examples,40,teri bhosdi or boobs me parda mat kar...logo ko dekne de.dhake hoge to kaise pata chalega ki tu hijra nehi hai.   hijra kahi ki.,agar aaj se 40 saal pehley isi tarha ke banner pakarh kar mera jism meri marzi waala naara aapki amma ne maara hota to aap is duniya main ye tweet karney ke liye maujood hi na hoteen 😑😑😑,acha tareka dhondha hai larkun ko ganda sabit karny ka but aesi neech harkat larkyan he kar sakti hain larky nahi.,"apko kehna chahye tha na mard hoon, na aurat hoo. main hijra hoon main hijra hoon, main parchi hoon, main defected hoon, main accidental chairman hoon.  #joker420",tumhari maa ki choot mein jaake
class3_batch004_sample020770,4,20770,3,Sexism,321770,325770,v3_original_demo_boundary_prompt,4-shot random authentic same-class,Shortlisted authentic RUHSOLD Sexism examples,40,r mazy k bat mra jism wo auratn krti hn jin pr thokta bh koi nae.,#stopauratbarbadimarch aurat ghr k andr hi achi lgti he yu sarkon par nikalna kisi bhi aurat ki izzat par daag lga skta he,ap ko mard banny ki acting pasand i? agr ni to hijra hi bany rahye sir ye mardo k kam hn hijro k ni.,phir larky beard ky bagiar khusray q lgty hain  wo bhi beard ky bagiar khubsurat lgny chahiye ?,maryam sahab aurat ka name bhe kuch nahi hona chahti baat krte hue
class3_batch004_sample020771,4,20771,3,Sexism,321771,325771,v3_original_demo_boundary_prompt,4-shot random authentic same-class,Shortlisted authentic RUHSOLD Sexism examples,40,roads pe lab coat b ap ki gender hi pehnti ha 😂,phir larky beard ky bagiar khusray q lgty hain  wo bhi beard ky bagiar khubsurat lgny chahiye ?,bilo rani tumhari pehchan sirf or sirf hijra huna hai.. na mard,"yeh wesy koi bht e zyda ounchi nasal ki randi niqli h wesy , mtlb i can't even imagine koi bughaz or paisy k pechay itna b girr skta h, nehayat e nichly darjay ki baighairat aurat ho, aurat zaat ko b badnaam kea h isny apny wajood sy !! akhh thooo iski zaat pay",tera danda gaya usko kya kr rhy
class3_batch004_sample020772,4,20772,3,Sexism,321772,325772,v3_original_demo_boundary_prompt,4-shot random authentic same-class,Shortlisted authentic RUHSOLD Sexism examples,40,"madum ap gharailo maon behno ki terha na blkeh on maon behno ki terha bhi nahi jo moaashrat main ghar sy bahir nikal ker apni , maan baap ki .belky pory moaashry ki izzat ka kgayal rekhti hain .ap oss catogary main ati hain .jisy rundi,jisy tawaif,fahasha, jisy badqar kehty hain",lalchi aurat paisa dekhti hai aur khandani aurat sirf sehrat dekhti hai,"yeh wesy koi bht e zyda ounchi nasal ki randi niqli h wesy , mtlb i can't even imagine koi bughaz or paisy k pechay itna b girr skta h, nehayat e nichly darjay ki baighairat aurat ho, aurat zaat ko b badnaam kea h isny apny wajood sy !! akhh thooo iski zaat pay",#auratmarch2020 mera jism allah ki marzi.. allah ka to hukam ha tum char dewari me raho .. nd ya nikl k apni nimaish karna chahten,larkiyon ki harami qom h
class3_batch004_sample020773,4,20773,3,Sexism,321773,325773,v3_original_demo_boundary_prompt,4-shot random authentic same-class,Shortlisted authentic RUHSOLD Sexism examples,40,your leader  is hijra that's why he is not living with his wife.,teri bhosdi or boobs me parda mat kar...logo ko dekne de.dhake hoge to kaise pata chalega ki tu hijra nehi hai.   hijra kahi ki.,"ab iska sara credit har anchor le rha h jb k  rape,  ki asal jad h hi media jo mera jism.meri marzi,  hareem.shah , qandeel bloch , valentine day pe program krty hn phr rape hi hn gy",phir larky beard ky bagiar khusray q lgty hain  wo bhi beard ky bagiar khubsurat lgny chahiye ?,i am muslim i respect all religions but this guy has done what no other ahmedi has ever done .he is a hijra
class3_batch004_sample020774,4,20774,3,Sexism,321774,325774,v3_original_demo_boundary_prompt,4-shot random authentic same-class,Shortlisted authentic RUHSOLD Sexism examples,40,aaaahhhhhh bhenchod.....jese tere is mangalsutra ki sahi jagah tere gale me nai balki mere mote kaale lund pr he.... vese hi tujh jesi chudakkad kuttiya ki jagah kewal mere pairo k niche he saali.... chal inbox me aa.....,you are just girlfriend material no one wants wife like you. itna jism jo sirf admi apni bivi ka dekhta h  apka to sary jahan ne dekha h,"apko kehna chahye tha na mard hoon, na aurat hoo. main hijra hoon main hijra hoon, main parchi hoon, main defected hoon, main accidental chairman hoon.  #joker420",bc ghar wale bhi soch rahe honge yeh kya system paida ho gya sala lagta programing galat ho gayi.... sabsi badi confusion iske liye ladka dhundheyge yaa ladki😉,baat krte hn randi
class3_batch004_sample020775,4,20775,3,Sexism,321775,325775,v3_original_demo_boundary_prompt,4-shot random authentic same-class,Shortlisted authentic RUHSOLD Sexism examples,40,aisi or kis kis ki lund par uchel uchel kar moja lati ghar me.,tum jesi ghatia aurat ka kam hi ni hai media par.kisi kothhay pe ja aur ulta late ja ke.begherat,#stopauratbarbadimarch aurat ghr k andr hi achi lgti he yu sarkon par nikalna kisi bhi aurat ki izzat par daag lga skta he,mard muhbt kr bhi ly tu aksar aurat he dhoka dy jati h usy 💔,ye randi rona chlty hn
class3_batch004_sample020776,4,20776,3,Sexism,321776,325776,v3_original_demo_boundary_prompt,4-shot random authentic same-class,Shortlisted authentic RUHSOLD Sexism examples,40,muslim countries ki leaderships na mard napunsak or hijra hain.. in mein koi dum nahi.. ye kuch nahi kr sakty.. jinnah ki rooh tarapti hogi.. jinnah ne kashmir par attack ka order diya tha..,jin ko hizab se nafrat he wo nangi ho k ghoome koi in pe thooke ga bhi nahi  aurat khoobsurat pure libas me lagti he mawazna karlen,"madum ap gharailo maon behno ki terha na blkeh on maon behno ki terha bhi nahi jo moaashrat main ghar sy bahir nikal ker apni , maan baap ki .belky pory moaashry ki izzat ka kgayal rekhti hain .ap oss catogary main ati hain .jisy rundi,jisy tawaif,fahasha, jisy badqar kehty hain",bilo rani tumhari pehchan sirf or sirf hijra huna hai.. na mard,muslim country's leaderships are neither man nor eunuch. they don't have the courage or willpower to do anything. jinnah ordered an attack on kashmir but these leaders lacked even the courage to carry it out
class3_batch004_sample020777,4,20777,3,Sexism,321777,325777,v3_original_demo_boundary_prompt,4-shot random authentic same-class,Shortlisted authentic RUHSOLD Sexism examples,40,randi kise kahte ha aap hi bata do? ye word ghatiya women ke liye hi use karta ha ab deepika ghatiya ha to randi hi bolenge na,you are just girlfriend material no one wants wife like you. itna jism jo sirf admi apni bivi ka dekhta h  apka to sary jahan ne dekha h,#stopauratbarbadimarch who are you for arguing our tradition and islamic manners you bluddy 2 takay ki aurat   .,jin ko hizab se nafrat he wo nangi ho k ghoome koi in pe thooke ga bhi nahi  aurat khoobsurat pure libas me lagti he mawazna karlen,tu kis chutiya ki ammi hai
class3_batch004_sample020778,4,20778,3,Sexism,321778,325778,v3_original_demo_boundary_prompt,4-shot random authentic same-class,Shortlisted authentic RUHSOLD Sexism examples,40,we are supporting #islam and thank you #khalilurrahmanqamar for your beautiful comments against #gashti .  agar ye #aurat hoti to na me aesi zuban use krta aur na koi gairatmand #admi use krta.,you are just girlfriend material no one wants wife like you. itna jism jo sirf admi apni bivi ka dekhta h  apka to sary jahan ne dekha h,muslim countries ki leaderships na mard napunsak or hijra hain.. in mein koi dum nahi.. ye kuch nahi kr sakty.. jinnah ki rooh tarapti hogi.. jinnah ne kashmir par attack ka order diya tha..,"yeh wesy koi bht e zyda ounchi nasal ki randi niqli h wesy , mtlb i can't even imagine koi bughaz or paisy k pechay itna b girr skta h, nehayat e nichly darjay ki baighairat aurat ho, aurat zaat ko b badnaam kea h isny apny wajood sy !! akhh thooo iski zaat pay",afsos kia hai kia tu gashti hai
class3_batch004_sample020779,4,20779,3,Sexism,321779,325779,v3_original_demo_boundary_prompt,4-shot random authentic same-class,Shortlisted authentic RUHSOLD Sexism examples,40,"ab iska sara credit har anchor le rha h jb k  rape,  ki asal jad h hi media jo mera jism.meri marzi,  hareem.shah , qandeel bloch , valentine day pe program krty hn phr rape hi hn gy",#auratmarch2020 mera jism allah ki marzi.. allah ka to hukam ha tum char dewari me raho .. nd ya nikl k apni nimaish karna chahten,apni behn ko bhejo gay na aurat march me??,aur jesi ghatia aurat ke mun se ye bat achi ni lagti. logon ko garam karnay wali machine.,aesy aurat ko acha nahi laga rhi ha .aesy aurat ko choti si khushi hai koi baat ho us sy bhi ziyada hoga
class3_batch004_sample020780,4,20780,3,Sexism,321780,325780,v3_original_demo_boundary_prompt,4-shot random authentic same-class,Shortlisted authentic RUHSOLD Sexism examples,40,shazaib apni baji ko b bejna han aurat march ma agr itne he zruri hai to,"madum ap gharailo maon behno ki terha na blkeh on maon behno ki terha bhi nahi jo moaashrat main ghar sy bahir nikal ker apni , maan baap ki .belky pory moaashry ki izzat ka kgayal rekhti hain .ap oss catogary main ati hain .jisy rundi,jisy tawaif,fahasha, jisy badqar kehty hain",we are supporting #islam and thank you #khalilurrahmanqamar for your beautiful comments against #gashti .  agar ye #aurat hoti to na me aesi zuban use krta aur na koi gairatmand #admi use krta.,#stopauratbarbadimarch who are you for arguing our tradition and islamic manners you bluddy 2 takay ki aurat   .,yeh tu aesa bol raha tha
class3_batch004_sample020781,4,20781,3,Sexism,321781,325781,v3_original_demo_boundary_prompt,4-shot random authentic same-class,Shortlisted authentic RUHSOLD Sexism examples,40,teri chut me sabhi bhaiyo ka lund reply de randi,your leader  is hijra that's why he is not living with his wife.,bilo rani tumhari pehchan sirf or sirf hijra huna hai.. na mard,#stopauratbarbadimarch aurat ghr k andr hi achi lgti he yu sarkon par nikalna kisi bhi aurat ki izzat par daag lga skta he,ab tere jaise randi koi sharm nahin thi jo pakistan ke baare me tweet kr rahi thi
class3_batch004_sample020782,4,20782,3,Sexism,321782,325782,v3_original_demo_boundary_prompt,4-shot random authentic same-class,Shortlisted authentic RUHSOLD Sexism examples,40,tu kyun ro rahe hai hijra? tera buddhe hijra to kamjor mard hai. uska kara nehi hota. 🤣🤣🤣🤣,apni behn ko bhejo gay na aurat march me??,#auratmarch2020 mera jism allah ki marzi.. allah ka to hukam ha tum char dewari me raho .. nd ya nikl k apni nimaish karna chahten,lalchi aurat paisa dekhti hai aur khandani aurat sirf sehrat dekhti hai,hijra
class3_batch004_sample020783,4,20783,3,Sexism,321783,325783,v3_original_demo_boundary_prompt,4-shot random authentic same-class,Shortlisted authentic RUHSOLD Sexism examples,40,tere jaise randiyo ki chudai ke liye to ham mard hain yaha pe,acha tareka dhondha hai larkun ko ganda sabit karny ka but aesi neech harkat larkyan he kar sakti hain larky nahi.,muslim countries ki leaderships na mard napunsak or hijra hain.. in mein koi dum nahi.. ye kuch nahi kr sakty.. jinnah ki rooh tarapti hogi.. jinnah ne kashmir par attack ka order diya tha..,teri bhosdi or boobs me parda mat kar...logo ko dekne de.dhake hoge to kaise pata chalega ki tu hijra nehi hai.   hijra kahi ki.,teri maa ki phudi
class3_batch004_sample020784,4,20784,3,Sexism,321784,325784,v3_original_demo_boundary_prompt,4-shot random authentic same-class,Shortlisted authentic RUHSOLD Sexism examples,40,your leader  is hijra that's why he is not living with his wife.,#auratmarch2020 mera jism allah ki marzi.. allah ka to hukam ha tum char dewari me raho .. nd ya nikl k apni nimaish karna chahten,ek randi larki ko itni pazeerai di hai. smjh se bahir hai,70 saal ka mard is better than a 30 year old hijra😅,abhi to pti walo ne kisi gandu ka khelna shuru krwa diya hai😂😂
class3_batch004_sample020785,4,20785,3,Sexism,321785,325785,v3_original_demo_boundary_prompt,4-shot random authentic same-class,Shortlisted authentic RUHSOLD Sexism examples,40,bc ghar wale bhi soch rahe honge yeh kya system paida ho gya sala lagta programing galat ho gayi.... sabsi badi confusion iske liye ladka dhundheyge yaa ladki😉,tere jaise randiyo ki chudai ke liye to ham mard hain yaha pe,your leader  is hijra that's why he is not living with his wife.,"yeh wesy koi bht e zyda ounchi nasal ki randi niqli h wesy , mtlb i can't even imagine koi bughaz or paisy k pechay itna b girr skta h, nehayat e nichly darjay ki baighairat aurat ho, aurat zaat ko b badnaam kea h isny apny wajood sy !! akhh thooo iski zaat pay",mard ka bacha kuttey
class3_batch004_sample020786,4,20786,3,Sexism,321786,325786,v3_original_demo_boundary_prompt,4-shot random authentic same-class,Shortlisted authentic RUHSOLD Sexism examples,40,jin ko hizab se nafrat he wo nangi ho k ghoome koi in pe thooke ga bhi nahi  aurat khoobsurat pure libas me lagti he mawazna karlen,muslim countries ki leaderships na mard napunsak or hijra hain.. in mein koi dum nahi.. ye kuch nahi kr sakty.. jinnah ki rooh tarapti hogi.. jinnah ne kashmir par attack ka order diya tha..,"apko kehna chahye tha na mard hoon, na aurat hoo. main hijra hoon main hijra hoon, main parchi hoon, main defected hoon, main accidental chairman hoon.  #joker420",ek randi larki ko itni pazeerai di hai. smjh se bahir hai,saali teri maa ki phudi ha
class3_batch004_sample020787,4,20787,3,Sexism,321787,325787,v3_original_demo_boundary_prompt,4-shot random authentic same-class,Shortlisted authentic RUHSOLD Sexism examples,40,tum jesi ghatia aurat ka kam hi ni hai media par.kisi kothhay pe ja aur ulta late ja ke.begherat,phir larky beard ky bagiar khusray q lgty hain  wo bhi beard ky bagiar khubsurat lgny chahiye ?,"aurat ko islam nai galat lagta, ap log lagtay ho jo ye boltay hain k agar aurat ka rape hua to wo uski galtie usne sar par dupatta nai kiya us banday ki nahi wo bechara kesay control karay","apko kehna chahye tha na mard hoon, na aurat hoo. main hijra hoon main hijra hoon, main parchi hoon, main defected hoon, main accidental chairman hoon.  #joker420",yeh tera baap huwa?
class3_batch004_sample020788,4,20788,3,Sexism,321788,325788,v3_original_demo_boundary_prompt,4-shot random authentic same-class,Shortlisted authentic RUHSOLD Sexism examples,40,r mazy k bat mra jism wo auratn krti hn jin pr thokta bh koi nae.,original attitude boys ma hota ha aur fake girls ma,muslim countries ki leaderships na mard napunsak or hijra hain.. in mein koi dum nahi.. ye kuch nahi kr sakty.. jinnah ki rooh tarapti hogi.. jinnah ne kashmir par attack ka order diya tha..,randi kise kahte ha aap hi bata do? ye word ghatiya women ke liye hi use karta ha ab deepika ghatiya ha to randi hi bolenge na,ye sab jahan par chalna nhi hai... jab tak apni ammi ko samjh lete ho to kisi gandu ki tarah apne baare main bhi randi kaha jaoge
class3_batch004_sample020789,4,20789,3,Sexism,321789,325789,v3_original_demo_boundary_prompt,4-shot random authentic same-class,Shortlisted authentic RUHSOLD Sexism examples,40,transgander   madarchood   hijra tu aik bara khoota ha  haram zada,"aurat ko islam nai galat lagta, ap log lagtay ho jo ye boltay hain k agar aurat ka rape hua to wo uski galtie usne sar par dupatta nai kiya us banday ki nahi wo bechara kesay control karay",we are supporting #islam and thank you #khalilurrahmanqamar for your beautiful comments against #gashti .  agar ye #aurat hoti to na me aesi zuban use krta aur na koi gairatmand #admi use krta.,ap ko mard banny ki acting pasand i? agr ni to hijra hi bany rahye sir ye mardo k kam hn hijro k ni.,jab bhi aurat ki dusri wajah se harmai hui thi tab wo gharwaale ne kaha ke unko pata chala gaya.
class3_batch004_sample020790,4,20790,3,Sexism,321790,325790,v3_original_demo_boundary_prompt,4-shot random authentic same-class,Shortlisted authentic RUHSOLD Sexism examples,40,teri chut me sabhi bhaiyo ka lund reply de randi,randi kise kahte ha aap hi bata do? ye word ghatiya women ke liye hi use karta ha ab deepika ghatiya ha to randi hi bolenge na,tu kyun ro rahe hai hijra? tera buddhe hijra to kamjor mard hai. uska kara nehi hota. 🤣🤣🤣🤣,"ab iska sara credit har anchor le rha h jb k  rape,  ki asal jad h hi media jo mera jism.meri marzi,  hareem.shah , qandeel bloch , valentine day pe program krty hn phr rape hi hn gy",randi hu apni maa ko
class3_batch004_sample020791,4,20791,3,Sexism,321791,325791,v3_original_demo_boundary_prompt,4-shot random authentic same-class,Shortlisted authentic RUHSOLD Sexism examples,40,we are supporting #islam and thank you #khalilurrahmanqamar for your beautiful comments against #gashti .  agar ye #aurat hoti to na me aesi zuban use krta aur na koi gairatmand #admi use krta.,70 saal ka mard is better than a 30 year old hijra😅,"apko kehna chahye tha na mard hoon, na aurat hoo. main hijra hoon main hijra hoon, main parchi hoon, main defected hoon, main accidental chairman hoon.  #joker420",aur jesi ghatia aurat ke mun se ye bat achi ni lagti. logon ko garam karnay wali machine.,rt : bhenchod tera baap yeh hai
class3_batch004_sample020792,4,20792,3,Sexism,321792,325792,v3_original_demo_boundary_prompt,4-shot random authentic same-class,Shortlisted authentic RUHSOLD Sexism examples,40,ap ko mard banny ki acting pasand i? agr ni to hijra hi bany rahye sir ye mardo k kam hn hijro k ni.,dhoka khane k baad oska aitbar uth jata haa sbsee or dosre mard mai b interest ni rehta...ku k aurat jism k ley ni chahti jbk mard jism k ley chahta😌🙂,randi kise kahte ha aap hi bata do? ye word ghatiya women ke liye hi use karta ha ab deepika ghatiya ha to randi hi bolenge na,ek randi larki ko itni pazeerai di hai. smjh se bahir hai,oooo chal teri maa ki choot marunga tumhe
class3_batch004_sample020793,4,20793,3,Sexism,321793,325793,v3_original_demo_boundary_prompt,4-shot random authentic same-class,Shortlisted authentic RUHSOLD Sexism examples,40,tere jaise randiyo ki chudai ke liye to ham mard hain yaha pe,#stopauratbarbadimarch aurat ghr k andr hi achi lgti he yu sarkon par nikalna kisi bhi aurat ki izzat par daag lga skta he,aisi or kis kis ki lund par uchel uchel kar moja lati ghar me.,transgander   madarchood   hijra tu aik bara khoota ha  haram zada,abe rundi ke bachay teri maa chod rha hu unka bhenchod
class3_batch004_sample020794,4,20794,3,Sexism,321794,325794,v3_original_demo_boundary_prompt,4-shot random authentic same-class,Shortlisted authentic RUHSOLD Sexism examples,40,phir larky beard ky bagiar khusray q lgty hain  wo bhi beard ky bagiar khubsurat lgny chahiye ?,#auratmarch2020 mera jism allah ki marzi.. allah ka to hukam ha tum char dewari me raho .. nd ya nikl k apni nimaish karna chahten,70 saal ka mard is better than a 30 year old hijra😅,mard muhbt kr bhi ly tu aksar aurat he dhoka dy jati h usy 💔,koi shak nahin tm ny tere ghar pe aa ja kar tm ko bhejna
class3_batch004_sample020795,4,20795,3,Sexism,321795,325795,v3_original_demo_boundary_prompt,4-shot random authentic same-class,Shortlisted authentic RUHSOLD Sexism examples,40,acha tareka dhondha hai larkun ko ganda sabit karny ka but aesi neech harkat larkyan he kar sakti hain larky nahi.,jahiliyat ki v had hai ye apne ghar me slave ki tarh rahti hai aur bahar kutto jaise bhaunk rhi hai... shame on these ladies,tere jaise randiyo ki chudai ke liye to ham mard hain yaha pe,ap ko mard banny ki acting pasand i? agr ni to hijra hi bany rahye sir ye mardo k kam hn hijro k ni.,teri maa ke jaisi randi hai teri maa
class3_batch004_sample020796,4,20796,3,Sexism,321796,325796,v3_original_demo_boundary_prompt,4-shot random authentic same-class,Shortlisted authentic RUHSOLD Sexism examples,40,"madum ap gharailo maon behno ki terha na blkeh on maon behno ki terha bhi nahi jo moaashrat main ghar sy bahir nikal ker apni , maan baap ki .belky pory moaashry ki izzat ka kgayal rekhti hain .ap oss catogary main ati hain .jisy rundi,jisy tawaif,fahasha, jisy badqar kehty hain",your leader  is hijra that's why he is not living with his wife.,jin ko hizab se nafrat he wo nangi ho k ghoome koi in pe thooke ga bhi nahi  aurat khoobsurat pure libas me lagti he mawazna karlen,"aurat ko islam nai galat lagta, ap log lagtay ho jo ye boltay hain k agar aurat ka rape hua to wo uski galtie usne sar par dupatta nai kiya us banday ki nahi wo bechara kesay control karay",tumko lgata ha ke apnay bachy khud khilaf hmara qanoon hai
class3_batch004_sample020797,4,20797,3,Sexism,321797,325797,v3_original_demo_boundary_prompt,4-shot random authentic same-class,Shortlisted authentic RUHSOLD Sexism examples,40,agar aaj se 40 saal pehley isi tarha ke banner pakarh kar mera jism meri marzi waala naara aapki amma ne maara hota to aap is duniya main ye tweet karney ke liye maujood hi na hoteen 😑😑😑,r mazy k bat mra jism wo auratn krti hn jin pr thokta bh koi nae.,70 saal ka mard is better than a 30 year old hijra😅,bc ghar wale bhi soch rahe honge yeh kya system paida ho gya sala lagta programing galat ho gayi.... sabsi badi confusion iske liye ladka dhundheyge yaa ladki😉,randi ki nasal
class3_batch004_sample020798,4,20798,3,Sexism,321798,325798,v3_original_demo_boundary_prompt,4-shot random authentic same-class,Shortlisted authentic RUHSOLD Sexism examples,40,#stopauratbarbadimarch who are you for arguing our tradition and islamic manners you bluddy 2 takay ki aurat   .,bilo rani tumhari pehchan sirf or sirf hijra huna hai.. na mard,acha tareka dhondha hai larkun ko ganda sabit karny ka but aesi neech harkat larkyan he kar sakti hain larky nahi.,original attitude boys ma hota ha aur fake girls ma,ye randi rona chala jata ha
class3_batch004_sample020799,4,20799,3,Sexism,321799,325799,v3_original_demo_boundary_prompt,4-shot random authentic same-class,Shortlisted authentic RUHSOLD Sexism examples,40,bilo rani tumhari pehchan sirf or sirf hijra huna hai.. na mard,"aurat ko islam nai galat lagta, ap log lagtay ho jo ye boltay hain k agar aurat ka rape hua to wo uski galtie usne sar par dupatta nai kiya us banday ki nahi wo bechara kesay control karay","yeh wesy koi bht e zyda ounchi nasal ki randi niqli h wesy , mtlb i can't even imagine koi bughaz or paisy k pechay itna b girr skta h, nehayat e nichly darjay ki baighairat aurat ho, aurat zaat ko b badnaam kea h isny apny wajood sy !! akhh thooo iski zaat pay",#stopauratbarbadimarch who are you for arguing our tradition and islamic manners you bluddy 2 takay ki aurat   .,ye jesa charsi hai ki tu lanti ho
