kia howa hai aap ko allah bless and protect you  aameen	1
randdi hai	3
 smjh to agai thi mjhy	1
haan yrr tuny sahi thukayi ki abhi tak lund dard kr raha hai sahi randi hai...wesy ghalti ki tjhy lund dy k abb pta nhi lund ko koi bemari he naw llag jaye gandi phudi k moun jo lag gayi hai😈😈😈👙🤣🤣	3
rundi ka bacha bharwaaa ptm ka kuttaa	0
kbi b nai ay ga vo bcz phr phr yahodi naraz ho jain gy us sy	1
rt : sultans aaj phir se maidaan main aa rahay hain! kya aap #tayyarhain? #janoobkipechaan  #letsplaysaeen  #msvkk	1
gashti k bachay saboot check kr	0
 yes yes yes yes yes yes ab ap jo itna pyar sa bol rahi ho to na to bol nahi sakta	1
faasla rakhein ba'ad mein aap interest lose kar jate hain aur hum attachments ki maar marte hain🙊	1
tum log pappu mat bano kyunki sonia aur pawar ne tumnlogo ko pappu hi nahi kutta bana kar chhod diya hai..ab kai kai karte rahi; bhaunk toh sakte nahi 🤣🤣	0
khowla behen itni explanation dene ki zarurat nai kuch insano ke sar may dimagh ki jaga akhrot hota hai 😁 #achasorry	0
bc yee ks shokhay k hth haath mic dy dia.	4
aur  ansoo bahany ki bhtreen  jagh sajda ha 🖤🖤	1
rt : ap itny bhenchod hoooo itny bhenchod	0
or ap jasy kuty barhy kuty ko sport kr rahy .jo ak yahodi hy	2
#boycottchhapaak deepika randi hai	3
 i love gurh walay rice. kal he amma ko gurh laa k deta hun	1
ham murgaa bnata ha bnta nai ha btw chachu police wala ha hamra😂✌	1
  lant lant aurat march ko sport kerny waly ko shrm keroo yar	0
the other day he was searching handsome guyz for his ahmedi sisters 😭	2
koi is bharwe ko rokta q nahi ha, ye hamari fouj k bare me bhi bakwas kr rha ha, idare q khamosh hain....???	0
laanat ho tum per	0
abe jijde ki nasal to tum endian ho sale phuski reporter ,pata nhi konse apne dusre daap ki baat kr rha ha bharwe main to tera post dekh kr teri ghand marne agaya aur ab puri market jaunga sale chutiye suwar 🤣🤣🤣 <ab tere jija ki i'd se aunga 🤣🤣🤣🤣	0
abe godase tera baap tha bol	0
lanati insan kutto	0
bhot acha  allaha na aap ko tofeeq di hai to khul k asy logon ki help karain allaha aap ko aur nawazy gaa	1
   bhai tw phr tum manty ho k cheeni thi  wapis jis ne b ki cheen'ny wala tw laanti hogya na	4
i should've a bhenchod counter which will count the amount of times i've sad bhenchod	4
i hate ors bhenchod	4
😭  your cheap show filled with negativity & disgusting people is running with a great trp just bcz of happypositive girl #shehnaazgill  y are trying 2 ruin #asimriaz & #shehnaazgill why? bc they ain't face of ur chanel they are outsider #openthegatebb if u have guts 🖕🏿	1
bagga sir ye janm se hi hai chutiya and charsi donno ! 😂😂	0
 bhai koi ilaj nhi h..migraine h jst..dr se cnslt krlo koi tablet bta dega	1
when i hug you my loora is out of control then fucking will must be needed 😉	3
 tu kya smjhta bichar kr bikhar jaoga dekh ye me hu mjhe smbhalna atta he	1
 yaqeen krain m b yahi kehny wali thi apko  😂😂	1
mughal pure ka bharwa  shareef k young bharwe k sat	0
saale pakistani bhadve teri randi maa ko chod dunga	0
diesl menga fazul rahman ahmaq	0
agar muslaman ho tu jawab do. 	1
 ma’am leave it ye bataiye koi boyfriend mila yaa sirf dafli wale ke pichhe rahegi......	1
 ye to mystery banti ja rae hai 😬🌚😂	1
when is the book fair? bhoy goswamy and others are clapping like eunuch. these intellectuals deserve a good welcome song for book fair with similar hijra clapping.	3
 ye rhetorical kya hota hai . mujhay to itna b nai pata . haeyyyyyyyy life wasted.	1
ye fake hai is ki maaa ko chut randi sali	3
 gauahar khan meri fav thi mera jo b fav hta win krta😍🙈	1
  insaniyat ko bache rahne do, jis mazhab me janwar ka gala ret ke khushi banti hai, jis mazhab me soorma logo ko 72 virgin ladkiya baati jaati, jo duniya pe kabze ke sapne dekhta ho us mazhab se duuri banane me hi insaniyat ki bhalayi hai.	2
"apna banao note churao decency ka faida uthao  pyar bantne aye they.  ghar ki hawa badlne aye they. ""ouch ye kya hua wo toh khud hi badal gaye"" kya ye china main badtey ja rahe corona virus ka asar hai ya wo aise hi they 🤣🤣🤣   "	1
1 balatkari muslim 3 balatkari tera baap hindu h uske bare m kuch bol  be	2
rt : guys vote karo first abhe voting open ha .	1
abe chutiye...caa m khi kisi ko degree nhi dikhani h... charsi padh liya kr ki rule h kya...  pichwaade m tere dum nhi bolta h kisi c km nhi	0
bc 40 rupees karaya kar diya hai is se acha to banda uber ya cream karwa laye 😏😏😏	4
 kis ny mar dia apko	1
wah wah kutta bhaunk raha hay urdu mein.	0
tusi jheri bhen yowani h yowa lo... abi tu tweet band hone hn wakat and pe lafafa towadi bond band kar dian ge.... hor kuj	0
#rashamidesai tu randi moti apni maa ko bech chuki hai ...kisi aur ke hatho..to apni awkat ne rah kar game plan kar ...arhan to vaduaa hai...ram mandir ban rha hai na..but tu chud rahi hai kisi aur ka bister garam kar rhi hai	3
privilege ki gaud me beth k fazool k ronay naa kia kero beghairton.	0
 wese hota nhi pareshan but jb hota hu to ami ky pas beth jata hu	1
makkar chupa halala girl	2
chutiyaa ho aur imran khan par na bhonkay ye kesy ho skta. where were when these guyz calls him yahodi agent calls a sitting pm bgerat threatens him  calls him zani charsi nashai. tb tm log nepal chaly jaty ho?	0
qurbanya day sakty ho..? so then come to balochistan..  bakwas karty ho bc	0
bhenchod parhna hai. par dimaagh ijazat nahi deta. ajeeb chutiyapa hai ye.	4
 jagh sb hi rahe hote singal social media pe nazar ate ar engaged apni partner k sth busy hote 😂😂	1
 arre nahi 😂 din ko so leti hon iss wajah se raat ko phir late soti hon	1
hay shalu randi follow back karke dm me aao sex chat karte hai	3
yar wo aurat march wali photo pari hai kisi kay pas jisme wo laal rasi dali hui hoti hai larkay ko	1
 try try untill you succeed bachpan main para nae tha🤦🙆	1
 clever hona b zroori h aj kal k doar mein  loyality abhi ap ny daikhi ni	1
bat bhagnaay ki nahi hai randi tu hai randi tujhsy to achay achay side pe hotay hai magar koi koi teri maa chodta hai un mai sy aj mai ek hogya jo teri maa chod gya	3
"iss ka tarjuma kren  "" main aap se aik baat kehna chahta hun"""	1
maine bhi sabko miss kiya bahut	1
mere se bhi fadwalo ek bar apna chut	3
jis tarha se shadab batting kr rha hay agr yehi passion barqarar rakha to pakistan team me kafii arsy se jo proper power hitting batsman's ki kami jaa rhi thi wo shadab khan ki surat me puri ho jaye gi jo k bhot khush annd hay very well done   #psl5  #shadabkhan	1
"someone idk tried to facetime me and i declined bc tf? then they text me ""why u dissin me"" what"	4
randi ke, modi ki maa ki tatti khane wale salle reporter	0
ek jhut chupane ko kitna jhut bolega.......haan d protest was from jnsu and abvp.  bc kuch v patta nahi tum mc sab ko kya milta hai jhutta afwah failla ke .....we know ur ideolgy .....press ho biased media mut bano...	0
bechara randwa ho geya he	3
rt : twitter par randi rona ka time hwa chata hi🤒	4
sari tmari thi jo idr mentions me warh gaye 	1
 kya pata khatoon ko dost sabit kr day 😂😂😂waisay bhy red sweater hai 😂😂😂	1
haa 2 min m teri maa bhen chod k nikal jata h mc 😂😂🔥😂🔥	0
waah bose dk aur baaqi logon k naam kaun batayega.. tera baap	0
      acha phir doctor ko check karwao or ma asim azhar k i nhi fahad bhai ki bat kar rhi hn don't blame him	1
rt :  😎🇵🇰😎 da'awat, walima ya khatam-e-quran per zidd ker kay nahi bulaaey gaey. leader bastards tou taqreer kay ghar jaa ker moujj urratay hain, ahmaq sarrak per parray rehtay hain, phir gilla kis baat ka.	0
mujhe pata hai g apko aurat ki cheekhe sunke aur josh aata hai isi liye ham maarti hain cheekhe	1
     esy koi party nahi chorta bhai 20 sall ho gay han party ko lahore m defend karna app ko may b pta na ho kitna mushkil kam tha ham to sath thy han rahyn gay inshallah koi dhaky b dey phr b ppp ❤️🖤💚	1
wtf is wrong with this country, har jagah marasi baite hue hay. beghairtoo	4
rt : ubsy apni snaps nhy lgaoungi bharwe troll krte hyn.	0
hindu dharm ka matlab samajh pehle puppet khali bhaunk aur bhaunk iam enjoying ur bark 😂😂😂😂	2
realme is wrost company in the world. he is not giving the update in old 😡😠 device. madhavsheth rundi wala , madhar chod ,bhin chod.	0
teri maa ka btaya gshti	0
abey nikal na, facts tujhe dekhne nahi hai wahi madarse wali tatti bhaunk raha hai tabse ..  jaahilo se kya debate karu	2
jis psl anthem main ali zafar na ho tou fittay munh uss psl anthem ka..😒 #tayyarhain #psl2020 #pslanthem  #pslv	4
rt :  iska khud ka dna sadak par bhaunk rahey kuttey ka lagta hai..	0
 nhi mai kiu jao ap jany unka kam jany mai to kisi aur kam k lie gyi wo to muj sy mashwara manga tha unho ny to apka name suggest kr dia mainy 😂😂😂😂	1
      areeeeeeeee bhai ni mei hania ho yr sis kah 2 bhai to mat kaho  #pureheartsid	1
ye kon s science h	1
ankhon mn pyaar itna ha k ankhein andhi ho gai😂	1
  upar wala sab dekhta hai tum insaaf na karo wo khud kar dega	1
to yakeen krta kon hy🤪🤷‍♂️ 	1
tumhara teen baar ka tatpoonjia wazir azam teeno baar zalil o khwar hoa jo uski qismat mein hai..... beghairat itna hai k performance ka andaza is se bhi nahi laga raha k 35 saal mein aik aisa hospital nahi banaya jaha khud ka ilaaj karwalay....🖐️🖐️🖐️	0
aray baap ray  #vishra	1
aur jin ko dekh k khusrey bhi apna rasta badal lein wo kia hain ? 😂	3
sidnaaz to baap beti ki jodi hai😂😂	1
ab mere sath betho me apke munh pr duct tape lga kr bithaon ga😀	1
bhanja ha 3 saal ka	1
rt : chup kar bharwe ek dam chup madarchod	0
 name bhi mention kr dena tha jis ko bola 😄😄	1
 to hamari bat aj sy shoro ho rahi hy, allhumdulilah main thek hun apki bio abhi dekhi agar munasib smjhyn to ak sawal kr skti hun?	1
tm saali kuch bhi bol lo kuch bhi kr lo,karogi to tm sirf dalali hi chahe mudda koi bhi ho,aur muh se to tatti hi niklega jb bhi khologi,jaise abhi tatti kr rahi ho muh se,thuu tere pe	0
jahil k bachy kahan likha h k gair mazhb sy nikaah jaiz ha... tmari gand me jo keera ha wo nhi merna... khoty khany waly... yahoodi kahan sy hogaey ahle kitaab ....tm.b yahoodi to nhi	2
ek s/o  ka b dalna kabhi kabhi axhi twittes krta h 😂😂	1
you mean the wrestler randi savage of the older era?	1
"  acha abhi bhe lfz "" honi chye "" kaha ja rha hai.... hats off"	1
parhaii karny k time pe me sad kiun hojata hoon :(	1
am i the only one who doesn't really like  dry fruit except akhrot and pistachio(only in icecream and kheer though) and it doesn't really matter how expensive chilgozha gets?	1
" ""mc"" hn sary bas khan per bhokny ky paisy mil rhy sab ko"	0
randians apna randi rona dal k beth gaye hain.😂👌🏼	0
charsi khan kidhar hai??	0
no one.. literally no one:  bhaiii hum tu legends h tension hi nhi lete...😇 lekin ager koi thoraaa sa ignore b ker den tu ...poraa din tension le le ker guzar jata h....😒	1
meiny kaha yad kerwa dun demagh sy akhrot na hou :p	0
apni ami ke tits bhi post ker na. i'm in love with milf. 20 rs mujhse lele or apne bagal saf kerle bharwe  #iamrabipirzada	0
badam, pista, akhrott, chanay, saunf, misri etc. i think.	1
lanat abbtknews k khilaf trend bnane walye yazeedion pe r bibi k dushmano p bhi 	2
dekho tmhri sakhi randi naach kr rhi h r baad me randi rona krti h	3
i can’t ask ik, they aleady declarerd him ahamdi agent. he is of no use anymore. which one has more value? ik has to pick between yahoodi agent or ahmadi agent!!!! 😂😂😂😂😂	1
kya khyal hai ab aapka	1
 lo g ya kaya baat hoi bhala	1
akhrot bhai aap ke pass kua saboot hey ke nawaz chor hey plz aap bhe kisi per ilzam na lagai	0
rt : lakh di lanat tere munh tay khottay k puttar lanati yahodi lobby k agent haramkhor badzat dalay  niazi ht.	2
yar srk ab eisa b hu ga 😂😂	1
sharif khandaan per jo aitbaar kray ga wo bohat bara ahmaq hoga .	4
kya 're randi chudana h kya	3
70 saal ka mard is better than a 30 year old hijra😅	3
saary gaand phati k bharwe hain	0
paisa phenk tamasha dekh.	1
rt :  abe jaa na bhadwe 2 mla leke randi rona kr raha	0
rt : - i look so bad ppl: no you look good ab attention chahiye to wese he boldo - i look so pretty ppl: kahan se bhenchod?	4
 abb baat ye hai ki dimag wale ko 100 rs dega to wo uska 1000+ bana sakta hai..!!!  lekin gawar ko 1000+ rs dega wo uska 10rs bhi nai bacha sakega...	1
aur jo khud randion kee tarhan party change kurtay hain... aur awam kaa paisa zaya kurtay hain.. unko bhee aisay hee kisi din purray gee... i have no love for ml... i support pti just for  and you are nothing but a bully...	0
    excuse me! she's her manager nidhii please atleast kisi k emotions ka toh mazak mat udao.	1
nhi bay esa kuch nhi h bta ab kesa h	1
is randi ne bi mera chapa hai	3
teri maa ka halala kra rha tha koi problem madarjat bhosdike mulle	2
ziqr hua tumhari badnaseebi ka ki jo tum kisi se pyaar na kar sake aur ab toh tumhe kya sikhaya hum tum toh beena sar paon k ek pesach nikle...	1
 ji sahe hy lekin agar haalat aisy ho toh shadi jaldi kar leni chahye ! 😊	1
rt : allah ham sabke maa baap ko sehatyaab kare	1
panni pe lwo 	1
maa behn aik hogi hai	4
haye re teri gawariyat😍... bhaunk te reh bas wanhi aukaat hai teri.. after all aukaat pe hi toh ayega tu 😂	0
😂😂😂😂😂 no yours was a genuine case. wo he phattu nikla. ( i don't know what phattu really means i just know its something like darpook but i really wanted to use it okbye)	0
ooper se sir g msla ye ha k this works too 😁😂	1
kyaaaa musibbaattt ha yr sara mood khraab kr diya ha bc	4
pen ki aukaat nahi teri chut lene ki mera lund le phir dekh tu rakhail na ban jaye meri	0
apne profile mein whats app me fb twitter mein is bahadur nojawaan ki pic lga kr islam se or nabi ke din se mhbt ka izhaar kren or itna share kren ek yahoodi apne na pak iradoon se baaz ajaye is shakhs ne quraan pak ki hifazahat mein ek bhtareen mhbt ka jita jagta sabot dia hai	2
akhrot todne ki safalta purvak koshish 😂😂😂😂	1
islam took over many nations since its inception.the original people are given choices: willingly convert to islam,forecably convert,live as a 2nd class person & pay the tax, flee (which thousands did), or be murdered, which millions did. “destroy them by the cradle” = hijra	1
    haan yrrr .... come back kia to aj yad aya k ek ozaie bhi thi hmari  👀👀👀👀...😍😂😂	1
naya account bna ke phr teri gaand marain ga..teri maa behn 1 krdain ga..khanzeer ki paidawar ha tu... #ptmantipakmovement	0
aukat inki dant se chane todne ki nhi kr g*** se akhrot todne ki bat krte  	0
rt : by that logic, ram singh after raping nirbhaya inserted the rod in her vagina and pulled her intestine with his hands	1
you promised your father that you will be a hijra?	3
saali ik girlfriend hi nai miltiii fatigue daily mill jati ha 😫😫😫😫😫	4
bigboss chahty ha app sab abhi 1 week or ghar mai rahy 😂🙈	1
bhai but wo bhenchod akki ko bich me gali dete hain chutiye	0
   dani koi jaga hai meri bisti na krrwi ho 😑😑😑	1
naen ap k ghar na bhej dean inko . bhen chod kutey army pe bakwas karta hy . lakh di lanat tery te . heera mandi ki pedaish	0
 ab pappu hi shi pampu ka to pta nhi tha trend to krna hy na ab kis kis ko pampu samjhayeyn ge #mahirakapappuparas	1
ab tou aese mat bolllll 😂😂 	1
   masallah bhen allah apko lambi zindgi dy ..me apka program dekha hai es se sabit howa ap ak ache khamdan se belong krti hain ...jb apne hazrat muhammad (s.a.w)ke nam pe angote chome us waqt mere dil se apke lia bhtt dunway nikli	1
sir kis performance ki base par jagah banayen gay? keeping ki? qk batting karny to aap aaty nhi hain jaldi sy	1
a random madni biryani wala : bhai sahb aap yei khaa kr dekho maza na aaye paisy wapis.. me after finish the biryani : haan nhi aya mazza paisy wapis kr bharwe.	0
rundi ka short cut	3
sir ye to surprise dy diya ap ne 😭😭😭😭😭 ye khushi k anso hain lakh lanat in koton py jo mulk ka paisy kharch kar gay 	0
kiu teri maa ki phudi mari h isne? nawax shareef ki haram ki aulad	0
"some lines for u dear  koi wazeefa mujhey b bata merey darwaish mujhey hoi hai fakeeri ata merey darwaish men dil sey keh rahi thie  ""bazz aa muhabat sey"" wo haath jorey hoey ro pada merey darwaish.  unknown"	4
okay kisi ny kuj puchna ha ?	1
yahoodi ki application use kr re deactivate krdo 🌚	2
sb jante sir hum punjab ke log apke sath he	1
pata nahi kon c jaga me fogg chal raha hai  yaha to randi rony hi nai khatam hoty .	4
pani kbi krwahat nai marty  mitha chaly ga😂😁	1
  mry koi doubt ho raha 😑😂😂	1
sem things have been happening to me since last year lekin mei hi beghairt hu hrr wakat inkay liye available hoti hu🌚	4
dil ny yeh kaha hai dil se? next line??	1
students  : shuker h aj urdu ke teacher ni ai lec free hoga 🕺	1
jin ko hizab se nafrat he wo nangi ho k ghoome koi in pe thooke ga bhi nahi  aurat khoobsurat pure libas me lagti he mawazna karlen	3
 kisi ki niyt kb badle pta thori chlta	1
hmmm point to be noted 🤔 koi na hum b bhabhi ko ni puchny gy 😂 	1
 matlb wkw mei ye sab b hon gy omg in sab ko jheelna bht mushkle yr kb jain gy ye itny log ufff  #sidharthshukia #aslifans #bb13onvoot	1
yar meri koshish hai. inshallah dekhon gi. meri university k aik larke ne, jou yahodi tha, nytimes main article likha k zionism ab cool naye raha, aur anti-zionist humain bully krte hain. usko lagta hai k israel ko colonial kehna ghalat hai.	1
  shame on u bibi ubi tm ny hajj kya us k bd b tm ko hidayat nh mili fame r pesy k lye kitna giro g itni wahiyat dressing dftm 😠🖐	3
 mota bhai pura planning khud se dekh rahe hain lagta hai	1
pcb ko talented log pasnd nai,har saal bc relyu katton ko contract daity opening ceremony ka #tayyarhain  #psl5  #pslcomeshome	0
ur mary ab ki bhen ki trf bura laga ?  nah bakwas karo nah sunay  pary i hate ppp but kisi maah bhen ko sysat main nhi laty	0
a aftab hijra no1 😂 🤣🤣🤣🤭	3
bhenchod apni lums ki team ka coach hi rakh lain. atleast he has a clear style of play and sticks to it. but get allegri,arteta, mourninho, german coaches anyone at this point honestly. he can't turn this around for sure.	4
 average hai. achi pitches pe bohat pitay ha	1
rt :  think about your self hijra  billu rani	3
yup i like some of these songs or kuch aise songs ha in mie se jo miene nhi sunne i'll listen to it thnx	1
  socho jab protesters bhe gun dikha k bolein ye li azadi	1
💞behtrin👌🏻hota hai wo rishta💫 jo takrar😏hone ke bad bhi sirf ek muskurahat😊se pehle  jaisa ho jaye.🥰💞	1
bhateejy cool down yar. bhutto ny jo krna tha wo kr guzra, bhugatt lia r zia ny jo krna tha kr k bhuggat gaya. now we have to move forward k maazi ki ghalti dohrai na jaiy. lykin aaj b un ki support ki ja rhi hy jo hamari sippah ko gali dy rhy hain.	1
 yar khud masoom sy hain paper pata ni kiu itna harami bana dety hain 😭	4
 usko kya hua tha	1
jis tarah us baap ke 2 bete shaheed ho gaye   allah karey tera beta bhi jald mar jaye cancer ki wajah se inshallah	0
like no response to him sitting with mulana while calling people yahoodi and qadiyani, the one thing which got taseer killed?  really?	1
rt : i love staring at you, secretly	1
rt : pehnchod saalay!!	0
  main larki hon khatoon nahi	1
  or tum apni chutki ki kon kon si akalmandi ko jhutlaoo gy 🙆🤭🤐	1
wese agr pmln government apni begrtian na dikhati jb uski bv pakistan shift hui ti.. usk pet mn 2 bcha ta r ap isk khoty ny uspr smuglng kay muqdmat bna k qaid krwaya r yahoodi agent kh kr mentally torture kia.agr kash tm jesy kutty tb bhonk lty to khan k bchy aj sath hty	0
teri maa bahn ki. chudai krta h      haraami	0
awin rusiyan na kar mere jaan sajna ek din shad jana aa jahan sajna	1
yahoodi ko hitler ne chora or general ne in jaajoon ko chor k dhkya k ye kai hain.😂	2
bhai khayal kr pakistan me corno virus na phela dena 	1
sham hote hi ye dil udas hota hai, tute khwaboo ke siwa kuch na pass hota hai, tmhari yaad aise waqt bohat ati hai, bandr jb koi aas-pas hota hai..	0
kaafir pe khouf hona chhahye. tum pe b hoga	2
abe #halala product , ask your mom who is ur father.	2
 kal ak female ma line mar ra tha	1
bhenchod of higher order	0
hope they could have stand against triple talaq, halala, nikah mutah, polygamy, child marriage than they could have done justice to the gender	1
bad tehzeeb beghairat insaan kabho quran parha ho to tujhe pata chalay k kia jaiz hai aur kia nahi!   ahle kitab se shadi jaiz hai jis me christians aur yahoodi b ate hain! kaafir mushrik se shadi mana hai!   kuch pata b hai tujhe?? bakwaasnkrwa lo bas wadda philospher rehnda ni,2009-12-05 12:13:17,lahore	0
daro us din se jab mardo ne apny haqooq k lye awaz utha li..  bachpan se le kr ab tak hamesha as a girl honor mila ha. galti chahye larki ki ho, dant phr b larky parti ha, pakistan me aurat ko bht izzat mili ha siwaye kuch sick mind logo k..  #stopauratbarbadimarch	1
 mat drao...vote kro zayada zayada ta k sid se b age nikl jay....pata ni sid ko itne vote kese aate hn	1
randi in mandi	3
he was born through halala.	2
is bajwa from ahmdiya sect? if,yes so can't be the general. pkmkb is in full form 😂😝😝😂	1
 phr tu tmko tension lene ki zarorat nii	1
    yar pic to achi hai ab ese to na kaho😕 retrica nhi laptop se bnai thi or thora sa vintage ka touch hai zyada edit nahi hai q k pimples k nishan tk to nazar arhe hain 🧐	1
shoe fit hua tho pehenle bhenchod	4
my uncles house sweepers 13 year old has a mobile phone and he is a small grocery store owner.. kbhi office sy niklain to pta chaly aap ko	1
maar k spelling galat hain marwa likhna ho ga ap ny 😂 and date u know.... 😉	1
tera najaiz abba ha khosa yakeen nai to apnay asli abba jan bayghart kanjar kashmir frosh gandu lanti sazishi imran yahodi say pochh lay imrani tati	2
 itni bari sifarish krte hoe shrm ni ayi	0
adha pakistan instagram per betha ha or adha ludo star ki lobby main.   #quarantinelife	1
 pata ni😂😂 apni gf say waday kr raha hoga ya mujhay dhoond raha hoga😂😂	1
report ki nasal kutte ke brabar hoti h jaise teri bhi	0
yes wo fahad bhai ki soch or sahi kha ha	1
  haaye aik or bhai zoned hogya 🌚     na kro yaar bht se bhai zoned or frndzone ho jain gy😜	1
kitne paise liye the randi ne is video ke liye	3
lul bukhari ye tum nahe tumaray yahoodi or hindu thuku bol rahay hain jin ko army sey bahot hi zeda takleef hai...🖕	2
 meri apni ho jaaye baad mein aap logun ka number aaye ga..😂😂	1
sardar mat bol isko yr or kuch bhi bol ganda sa sardar nhi hai aurat ki respect nhi karta asli nhi hai	0
tere har baar k randi roni hai ye😂	0
tu mj sey phele mare ga tu dekhen ..	0
 but tmhary dil mein koi or😂	1
 han pucha tha ab jhoot mat bolo..🙄	1
gotze rundi ka bacha yaad ajata hai 😭😭😡😡😡	0
 under19 jo 31 ko hoga us match ka squad to share kr dyein🙊	1
ab iss pitch pe 100 se kam target hua to hi hmare chances hain chase k  #lqvsqg	1
jinhone kaha tha na college mai life set ho jayegi, bc khud toh tum apni marvare ho hamari aur le lee hain, ye sahi hai.	0
meri kl say good night he ni huye to good morning khn se ho ge	1
aby gandoo aqal ni ha kia yahoodi khi ky .. bharwaay	2
 hota kch nii bus paison kaa zayaa hai😂	1
aesa mosam mera khaayal sialkot mai hi hota hai :/ 	1
what makes him wrong... he is right only hijra will bow down to touch her feet and drink her washed feet water	3
bsdk tere baap ka maal hai kya halala ki paidaish.. muh se mungfali nahi toot to aur gaan se akhrot todne ki baat kar raha hain.	0
  kutti k bachy apny baap sy tameez sy bat kr _ salay tujhe bhi dunia main pakistani e ly kr aya eh ... gandi olad rundians  lundian nation, lundian people	0
ham log to reh laingy per hamary khanzeer hukmaran nhn reh sakty na dr sahiba	0
#nokia connecting people tikau phone akhrot ko tod de 🤣🤣🤣😅	1
tera number bhi aayga... iska ip note kerke esko bji jail bhejo ... yeh hijra bola brave police man ko. esko bataoo ek baar kopche main laker.	3
 hahaha yaar mera b dil kar raha tha k gym join karon extra weight nazar ata abh	1
mery knowledge k mutabik christian mzhab me sb sy zyada azadi di gai hai jbk muslims me or baki mzahib me pabanidi hai is liya boht sy yahodi or butprast christian mzhab ki taraf jati hai...	1
 khuda k lia shagzeb ye channel chor do jo apko majboor kr raha ha k mera jism meri marzi ki tashreeh krny ki...jb k sara pakistan janta ja k is l peechy kya hidden muqasid han...bs krdo	1
lord tariq ahmed an ahmadi uk foriegn minister coming to ahmaddiya mosque japan.	1
chup kar randi ki bachy angreez ki nayaz olaad tu mat bhaag mai yehi hu madarchod apnay bhai ko bol k becha mai na ae	3
 tjhy feel nai hota k m tere besti karta hn or tu dil py b ly jata hai 💔	1
 tum ny dekha mujhy kabhi kisi ko troll kartay huay??😳	1
rt : rt if u ever played any of these 90’s games.  bandar qilla yassu panju waanjhu kokra chapati bantay gulli danda staapoo g	1
ary ko bad mn thanks krna.sbse phle khuda ke liye wuhan and xiachan ki city mn mojud pakistani students ko nikalo wahan se.wo bechare bar bar videos bna kr bhek mang rhe hain or tm log sakoon se bethe ho	1
chowni main aou aik new rundi ka bacha aya hay	0
how about bilawal’s abuse that too in the parliament and then molvis’ bigotry calling him yahoodi and what not. were you enjoying with 50 rupees batti at that time?	1
ham bhi pakistan military academy say aisay hi local transport per atay jatay rehay hain hamaray sath to aisa shughal nahi hua tha. ghareeb ka bacha yahan bhi maar kha gaya	1
rt : ye waqt bhi guzar jyega.	1
bc main koi 5 logon se pooch chuka hoon. waapis karooo	4
rt : 10 rs tak ayien gay kuch din tak wait kro bus	1
14 feb ko jumma ha allah walo🤭👲📿	1
wo bc kanjar haijra hy	3
plz share list. ager na share ki to tu hoga he kisi kanjeri ka becha	0
 ha kuch kro yr phir ☹️☹️	1
ye wardi wale madar chod tm jese chootio ko le aye apni maa chudai k liyee	0
abe chup b bharwe...tje jate jate thuka apni behn chodne k lye de gia h....to us ko chodta reh r badle me thukla ko gata reh	0
rt :  muthal muthal muthal 😂😂🤣 acha sory	0
oh kon log ooo tusii jahill andhay baysharam baigairat dallay haramkhor badzat  yahoodi agent	2
 english stream ki link hai?	1
bloody motherfucker timewaster bhenchodo se pay hota nhi h aa jate hain muh utha k apni ma bahan chudwane time wasters sb dur raho jo pay krega wo hi message kre	4
if charsi means stunning for you, then yes!	1
chutiye kaagaz nhi dikhane caa mein😂😂 charsi.	0
just like jb dey ka skin jala tha wo nhi dikhaya. ya jb asim ko chukla ne pakad ke injure kia tha chest pe wo nhi dikhaya.    editing ka baap.  #bb13	1
yaar gill sahab aap esi baatain mat kia karo...aap ke leader ki source of income kia hai? 22 saal ki so called aiyasi struggle main kitne din jail gaya hai? charsi, zaani, or gay wo khud hai bete yahoodi hain or baatain aap karte ho bari bari....	2
sahi baat ha phattu harami han ya.	2
pislam me media ka estemal kerna haram hai  halala ki paidais	2
 lkin hazaar saal kon jeet sakta hay...lagta hay duao ki coating k andar badduae day rahay😂	1
lagta hai danish ki trah apke khawab main abba nahi atay....warna shyd kuch sharam dilaa detay wo....congrts for the award #merepasstumho	1
#pashtunsstandwithmanzoor  gul marjan sab da hash tag rawan day 	1
comment section mein bhaunk tu raha tha har gali khane wala kam bhi to nahin kiya hai samjha chutiye	0
abe b & d tu sirf barking karta ya biting bhi karta. matlab do you chat-ta only or you khata bhi hai. 	0
hareem shah aik wahid trend ha jo har thory din ke bad twitter trends ki zeenat banta ha wah hareem shah wah. mujhe lagta ha ke qandeel baloch ki tarha ab hareem shah ka akhari waqt a gaya ha ku ke wo bhi mufti qavi ke pass paunch gai ha    #hareemshah	3
bilkul bhenchod	0
rt : kyl*e randi pls redistribute your wealth please bhadwi	3
#mediastayunbiased pakistaniyn ab gharon ki sifai k liye bikao media safi rakh lo... landa bazar me media assan rate par bikna sharo...	0
abey saalay .. maaf karna galti mai idr udr sy nikal jaata hai tweet 😂😂	0
angrezi main thora hath tang hai warna teri maa chod deta pakar ke	0
just tell him iss main uss ka ghata aap ka kuch nai jata😂	1
   wo mehngy hoty kbhi kro to pata chly na😂	1
family me kisi bachay ne 1st position le li to azaab ham jese mediocre bachon pe ajata hai :(	1
lekin kuttay phir bhi bhonkte rahenge or karwan chlta rahega.	0
lanti yahoodi khan or yahodiye like youthiye lakh di lanat in ki shaklon pr	2
 sahi boli hai sana bandi mast hai ye #fightabacksana	1
  hahaha danish ny to phr b marna e ta	1
   mere jatt pr toh jaa hi mat smjh ayi.. .dobara kisi ..jatt pr aaise bt b mt krna caste ko beech ..laakr.. ..neech log .	0
ab khel jame ga is the best #anthem of #psl #alizafar	1
janj parai de ahmaq nache,2015-05-29 12:12:00,kashmir	0
rt :  itni jaldi kya h madarchod... avi toh subah tk tera gand marenge... randi ki aulad... namard salman khan	3
kisan diesel use krtay hain pehlay hi itni cost barh chuki hai mazeed diesel mehnga	1
tou khud ko bchi samjti hy saali 😂😂😂😂😂	0
sid kutte ki nasal ha paras sid kutte ki baap ki gndi nasal se ha #vewerschoiceasim	0
 yar aysi bat to mat kro... meri tarah ka koi shadeed single nhi ho skta🤷‍♂️😕	1
:( chl to jae ga pr phir b	1
retired i know that allah sab ki rozi lagata ha or boorha maa baap ma fakhar mahsoos krna chahia cuz we can’t imagine the pain and stress they suffered just for us ..the whole point of this bakwas(according to some pricks)	1
 i think ye aap he hein 😂	1
zulfikar bhutto or benazir other yahodi agents k nakami k baad pesh e khidmat hai israeli liberal billo	2
is a mahachor & is his baap. both have  made the govt exchequer go into negative with their flights abroad. #gujjucommunity	0
khamoshyan teri sunoon bs door kahi na juan main.... ❤	1
foreign funding case hi kafi yahoodi agent ko hange krne k leay	2
 thanku so much nadia jamil sahiba ap meri favourite actress hn jo k aik imp cause k lie kam kr rhi hn, allah apko is me kamiyab kre, ameen.	1
allah tou qareeb hi hota hi door tou hum chlay jatay hn	1
 sir apne ye bat kehkar dil jeet liya	1
 😂😂tum mera karo mein tumhara karti hoon kesa😅😂😂	1
tery bachu ki paedesh bhe noon league ka mansooba tha lekin imran khan ny teri biwi py hath rakh k wo mansooba apny name kr loa lanti kutay insan bhen chod	0
ye jism hai to kya ye rooh ka libaas hai ye dard hai to kya ye ishq ki talash hai fana kia mujhe ye chahnay ki aas ne tarah tarah shikast hi hua 🔥🔥🔥🔥🔥 #feltthosewords #wordsarepower	1
lanat amreca ke dollars khor general bajwa aur yahoodi agent harami imran niazi ke tolley per . koi share  kar rahey ho .harami general musharaf tolley ne america se 35 billion dollars le k 80000 pakistani marwaya he	2
 nai jo dil khud tooty hon unhain pta hota h kitna drd hota h tootny ka wo oron ka ni tora krty	1
chalna be chutiye apna kaam kar  shakal kutte jesi hai or zubaan khinzeer jesi	2
allah ki nafarmani to ki na.... sabar b kr sakty thy jb allah ny quran m farma dia keh yahodi tumry sub sy barry dushman hn to unhi panah q di?? q sale ki zameen or ab jo b howa bhugty or ummvi khandan jinho ny hazrat hussain ra ko shadeed kia wo kashmir m abad ho gay thy	1
laanat ho assy beshram per.	0
tu sala haram ka pilla rape karne wala ka name bata rha tha mohammed. ab tere 3 aur baap sath me arrest hua ab bol ram wale bhi hai. subah bhonk rha tha mohammed hi hai rapiest. ab bhonk sale dalal. #justiceforpriyankaraddy	0
qanoon randi ban gia hia.	4
acha tera kia khayal pakistan delhi k redzone ki randi hai jisay aira gaira otha lai ga?  maa chod dain ge tumari ao na zara pakistan khushbh laga k 🖕	0
nisa bharwi hum teeno kay beech mai mat ao randi please	0
bhenchod gandu tujhme sharam h ki ni. madarchod randi ki aulad h...koi sunta bhi h teri kutte...	0
kyu tumhare apne baap se badtameeji se baat karte hai ?	1
chl gashti k bchy saaly rundi k gay hind k mu waly fuck you and your tati india bc tum log k pass shochaly bnany k pesy nai bhonkty apny baap p ho kashmir assam khalistan nagaland chatisgarh itny tukry ho g endia k	0
arey bhaisahab ye log bade aadmi hain ye log hum jaiso ko chutiya samjhte hain... koi value nhi sirf vote lene ke liye public ki baat karte hain baki time royal life jeete hain iski cover pic hi dekh lo dekho kaisi life chahiye isko.. modi banna hai.	4
aik do din twitter use karne k baad idea hogaya hai yaha ziada tar randi k bachay atay hain jo apko follow karengay or ap unko follow back do gay to wo randi ki nasal apko unfollow kardengay. pata nahi khud ko kia samajhtay hain ben k loray ye log.	4
friend : bhai aaj kal subah ka breakfast miss ho ja raha hai daily.   me : bhai yaha subah nahi dekhi kitne din ho gaye..	1
g bro m nay sorry kiya magr unho nay block ker diya m apni usi bhen ko kehna chahta ho k kisi k mazab pay isi bat nhi kerni chchiy jo kehti hn yohdiy kon yahodi hy or kon muslan hy or kon kitna allah pak ko passand hy	1
kahe bhaunk raha hai ?	0
i just realized i retweeted a twitt with a very inappropriate dp, beghairatooo dhang ki pic lagaya karooo	4
aisa kuch bhi nai ho ga hijra hakomat jo mehngai kam nai kar sakti wo ye bhi nai kar sakti allah pay bharosa rakhain or niazi k marnay ki dair hai sab kuch acha ho jay ga	3
start ke fans mc nh kya hai chacha namard salman kahn  criminal pakistani suppoter   shera ki chamiya mc hai tu namarad salmankhan hijra hai sala	3
  namona kehni zroort thori wo to sab ko nzr a hi raha hai😂😂😂	1
 acha han tm multan se ho?	1
ye bs ab haj krne jayegi...pure islamist	1
bna skti h jihadi h saali	2
jab tak jahil awam zinda hai tab tak chor log is tarah k trend karte rahhe ge top bharwo k bacho pakistan army sab se best hai or we love pakistan army nawaz ganje mulla bharwe #nationdemandsunbiasedarmy	0
 jaha pai tag kro vo video plzz koi   jaha arshi wali krio #mahirakapappuparas	1
chor dou tasbeeh ko gin gin ke parhna  ussay kia hisaab rakhna jo be-hisaab deta ho 💚	1
maa tu apni chudwa randi k nasal shakal se ksi harami baap ki harami oulad lag raha hai  heera mandi ki paidawar ho tum harani log kashmir pe siasat masjid pe siasat lanat tumari naslo pe  mc	0
 q ni ap papers thori ho jo chor dain haha	1
"pm khan being called yahodi agent by other politicians ""this nation kept mocking his wife ""he has been forced to send his first wife along with his kids out of pakistan, he's one being mocked by all other politicians but thats okay right? stop making stupid things a big issues"	1
nahi yr es bhenchodo ki aker he torenge 😡	0
  ye inform nae b kary gy main tab b kar dugi help don't worry 🌚🌚😂😂	1
rt : “ek din tu na milega tera naam phir bhi rahega”  ali zafar said it long time ago!  best song among all anthems of psl ❤	1
 allah pak apki ezaat chadar ki haq fazat kry 🙏😔 ameen	1
 ye real beauti hai ya filter beauty hai	1
"hareem moved form from""sh.rasheeh to abdul qavi"" sorry to say,recall how the voyage of controversies against qandeel ended! still the depressed & aggressive face of hareem's father revolving before the eyes saying""na janay mujhy kissi ghlti ya gunah ki saza mil rahi"" #hareemshah"	1
rt : no one  ammi: akhrot (walnuts) dimagh k lye achay hotay hain dekho unki banawat bhee aisee hai	1
     humain himanshi or asim ko sath dekhna tha but himanshi is change wo kia kr rahi hai she is playing wid #asim’s feelings toward her .. its a bullshit man	1
rt : “it’s so unattractive when girls swear” haan bhenchod meri zindagi ka maqsad tujhe hi attract karna hai na randi	0
l gilll sahab waqai bemar kea  mtlb shoqat khanam ka doctor na khan yahodi ko glt report di ka mian sahavlb bemar hn	2
mera nhi to aap sy kis ny kaha	1
tumhari maa ka bhosra khinzeer ki nasal	0
rt :  sakht randi rona	4
yd rakho 27th feb 2019 jb dushman hmari zameen pr apne napak iradon x aya th or ixi fouj ne apni jaan hatheli pr rakh k hmari air space ki hifazat ki thi. tum hote kon ho ix mulk ki baqa ka  faisla karne wale? ye mulk qaim hai qaim tha or rahega inshaallah #westandbesidepakarmy 	1
rt : tauba tauba ka aalam hai yeh!! “army chief baap hota hai” federal minister shahryar afridi   jaan inhe allah ko deni hai!	1
 jo mein philosphy likhi thi uss ke reply ka	1
bs iski kamii thi😭😭 	1
nhi nhii.   ab yaha hii dere dally hain	1
 ab kismat main hai ya nhi pata nhi..😔	1
 ar tweeter pe koi nasa ka project complete krne tu ata ni koi waily hi ate saree	1
 abey yr taana kon mar rha bai 😐😂 nahi nahi sahi hai ache lagty vo hathorey jaisy barey barey glasses 😝🙊😂	0
mei ny jana k kch log  hmry lye sirf itni kunjaish chorty  hn k hum un ki zindgi sy nikl jyn...	1
i agreed but yar jesy he ik ny mun kholna ha fatway he fatway hongy yahodi agent or europe ka nizam riyasat e madina k name py ka aik bhut bara issue ban jaye ga.	2
  pesy tu dy 😂	1
tu knsa active rhti kamini aurat	0
  haa aisy apni marzi sy jesko marzi follow krro. at least hum kese ko follow back deny k liye bound toh nhe hoty.	1
kbhi meray sath khelo phr tmhy pata chly har kaisi hoti	1
ayub khan ke paidawar hoo tum! parchi walai selected hijra chairman ho tum.	3
  its not a any kind of mind..it about the freedom..what kind of freedom they want..  maine jo likha hai uss par comment kro..yun close ended reply kar ke bhagao mat.	1
koi chahry ka dewana hai koi ikhlaq ka manzil sb ki matlab   pyar kon krta hai 💕	1
 sab ati hai apne ko	1
abe, tu bhi halala wala hai kya..?	2
that's why he married a 8 year old girl ,kept her sister asma also with him and in return her father was made caliph .bolo bhenchod	0
#ausvspak ye bharwe t20 khel rhy hain ya odi	0
admission ke liye tumhare pass i'd hai ,free ka gas ,home and so many nrc me tumhe kya problem yadi itna hi problems hain to pakistan bhag bhodsri saali	0
kuch bhi to nae hai bhen g. 👀	1
 20 june bohat se hain ab no one	1
 yeh to cheating ho gi na mene itni duae mangi thi harr jy	1
you are an ahmadiya so you probably understand the mistreatment of hindus in pakistan.	1
code bhee saaf karna hai abheeee bc	4
bhai ham bhi ap sy love karty hain one word hamary liyay	1
pyar me na pd jae islie bhi kabhi kabhi ignore karna padta hai	1
 ap ko mera bary mein bara pata hai 🧐	1
akhrot uthane wale b kabhi kabhi end he ker deta hain🤣🤣🤣🤣🤣	0
chwl  bkws kism ki beghairt aunty hai 😐 tum b farigh ho dimgh say....yah mujah khah hi jaha gi 😏😏😏	0
education pe ghussa agya tha bhenchod punjab mai knsa na hum log gobar waly hathon se khana khaty hn education nahi hai ajeeb chutiyapa hai yai	4
 ab toh main ny sari zindagi follow back nhi karun ge..😏	1
  clr choose karna tha us k leye main ny whatsapp dedo wala choose keya 🌚🌚🤟	1
path of cruelty , path of violence, path of halala , path of tripe talaq, path of marrying 6 years old aisha,path to discipline their wives by beating them,path of hurun,path of apostasy,path of punishable apostasy, path of beheading. what a pissful religion izlam is ðÿ‘	2
  ab kia h kr tu dia howa unblock 😏	1
abe charsi ye padh, dhyan rakhna aage se.	0
 apne kaam se kaaam zyada bhdwa mat ban bjp ke kutte	0
1 no. ka #charsi !!! 😂😂😂😂😂	0
  kitne aise log paida honge pata hai na   party se nafrat karo per insan se nahi bharat me nafarat mat becho 	1
remind me to not comment on starwars stuff again bc it makes me remember some people exist.	1
 plzz take care. asi jaghon per jungli janwar bohat hotay hain	1
noon league agar khaati thi tou lagaati bhi thi, ab tou mai bhi iss baat pe yakeen karny lag gaya hoon.yeh pti walay bharwe bas khayi jaa rahay hain aur laga thullu bi ni rahay.10 lakh naukriyan aur 50 lakh ghar ka daawah kiya tha.mazay ki baat, mere jaisay pagal ne maan bhi liya	0
rt : yar i'm trying to get over it at least thoda randi rona touh krney dou😤😩	1
yes they are involved in bomb blast... halala and bakrigiri	2
rt : yaar magar wifi bandh na karna, missile vissile daal do koi dikkat nahi, magar internet chahiye bc	4
rt : me and randi be missing tf outta our niggas we really some simps 😭😒	1
harami lifafon ko apni auqat yad dilai ha hor das hor koi hukam	2
masjid main elaan krwa dy na bc 😑	4
   yahaa hoga 1st feb ko  from 12pm to 6pm	1
"pm  sir👇""take action on it...what is this??""  yeh tera baap london mein kya krta pheer raha hy bimari bahana bana kar, woah kya baat hy tum logo ki...bakwas krne kay alwa tum logo ko kuch nahi aata, kuch tou sharam karo begairaton😡💩👿😡😠😈👊"	0
saali tu jis din maregi..ek dharti ka bhoj khatm hoga..jis desh ka kharati hai usi mein chhed karti hai..tu to sabse badi terrorist hai..bitch	0
gali q derhi ho bhenchod?	0
 main vehari say hokar keh deta hoon k yeh biryani ni hai	1
aese juniors kahan huty hain?	1
teri maa bhi chod ke kar sakte hai randi ke	0
bhen  ... rest is history	1
   chl tu na aa hum a jayn gy	1
bharwe 400 rupe tamater teri hee government men bik rhe hen kanjr	0
i don't like u bc i don't know u	1
  ugly to hu na yar😔	1
 hainnn achy log bhi hain, aur yeh bura waqat tha bass ta k achy waqat k liye tum prepare hojaao	1
  qasam sy pr ab nhi rahy gi wo izzat teri mere contact  mein🙈	1
india mujy lagta wela e ha.. pakistan k elava kch sojta e nai usy	1
murad k mutabik waziristan me haqqani network wale moheb e watan loga ha. por se state terrorism ko dunya k samne expose kia	1
baap re how much u talk !!! i need break from ur tweets !! goodnight my head is aching	1
"with no offense, i believe ""mery zindage, mery marzy"" would've been a much better slogan for the aurat march than ""mera jisam, mery marzy"". it could've changed the dynamics all together. #werejectmerajismmerimrzi"	1
relation main password daina lazmi.hota ....?	1
 modi ko kisi malshi ke pas le jao es ke dimagh ki malish krwao ye india ki nakli shine utrwana chahta hai es ka anjam bhi hitler ki trha ho ga jang harne ke bad ye khud ko goli mare ga ya pagal khane jae ga pakistani teri nani amma ka ghar hai	0
khabees bharway. tu kiya kare ga. tu india ka agent hai.	0
rt : main to nagar haath ke moongfali told leta, air akhrot bhi	1
retired pak army offcrs hv nw filed a case agnst gen bajwa claiming he's a quadiani (ahmadiya), ergo hs no right to continue as coas. #noextensionforbajwa	1
tm jese bhrwoo ko gali hi di jae gi tm kanjar gaddar hu bhen chod	0
   like seriously 😂😂 😂 ap b sid ke fan ho gy omg sid hai hi aisa sb fan ho jaty haters tk praise kiye bna ni rehty 🥰	1
 ye strips hein sugar check krne wali	1
shivsena ka sher kutta bankar sonia madam ke ghar ke bahar bhaunk raha	0
 kyn k tm chalnay se phle hi block krdeti hogi😂	1
slept for only 4 hours last night bc match daikhty daikhty girny wala hua wa hun	4
 ye zoya kon h?	1
  koi baat nhi wo jab hoti tu hoti na ab main line maro aap ko if you don’t mind just kidding ok	1
bhenchod lauda saaaala gal hi ni khatam kar riha bunnndddd maraaaa🖕🏻🖕🏻🖕🏻🖕🏻🖕🏻🖕🏻🖕🏻🖕🏻	0
chutiya orat sirf 2 nahi orr bhi log hai teri misaal randi ki hai teri to mai marunga magar orron ko bhi tym dunga	3
pray tell who else besides him was on the 'bandwagon' when he publicly faced down rabid anti-ahmedi crowd pre-elections? he may be flawed but he walks the walk and doesn't just pontificate on twitter like some people.	1
be auqaata hai ye choora changar yahoodi nachne wali afgani ka bucha	2
ek din tu na mile ga tera naam phir bhi rahega 😔 #psl5	1
i heard some true stories k shaadi ki raat ko dulhan ko hospital lejanaa parh gyaa emergency mein, 4 5 case pata chalay mjhe  bhaai, biwi leke aatay ho rundi nahi! ek to bichaari waisi hi itna dari hue hoti hogi or upper se aisay janwar ban jaaatay hain yeh sastay mard	1
yahodi agent qadyani chamcha	2
fasla rakhein baad main aap ka boyfriend patch up karleta hai aur aap mujhe block kardeti hain 😁😁	1
   zaroori nahi hota... sachay pyaar mein ilhaam nahi hote...	1
come on brain randi think of something funny please gashti	4
  pakistan mein ye b bimaar tha or yaha. kese fit hai pta nai patwari khoti k bcho ko kb smjh ay gi	0
ayeeee ❤️❤️❤️ yh phly dyga phir hamsy ly ga	1
ye bhen chod wo kutta aur wo ghatiya begairat ha jis me itna bara keera hota ha ,jo hamesha isy sat karata ha! 24 ghanty usky samny usky boyfrnd ki burayio p tanqeed kary ga aur usy bura sabit kary ga bhen chod! chutiya bnda! jo uski zindagi kharab kr k rakh deta ha🤬🤬🤬🤬🤬🤬🤬	0
ah thank you. we are discussing whether the qur'an's hgr originally referred to hagar the emigrant, i.e. hagarenes, rather than hijra, if you'd like to comment:	1
bilawal ek hijra hai kaha khan saab aur kaha ye khusra, khan saab ki tarah koi bhi bhi great leader nahi hai dunya mai	3
  tum door rho	1
don’t know that ahmadiya are not muslims according to 99% of muslim scholars 🤫	1
aap bh burhapy mn jaky karna	1
 dushmn bhe or khaa bhe poora lya aap ne🤔😂	1
       chuss thi heavy 😂	1
1500 riya mein the dance tu mehnga hae is se acha tu khusray ker lete han	3
faasla rakhen baad me ap ka istikhara theek nahi ata. 	1
 bai babari msjd k bry b update dya kren or ho sky tu trend b ik lzmi hna chya.	1
 tum to pehly e frnd 😂	1
rundi ronay nahin khatam hongay inkay...	0
he meant he wants this values not only in usa but entire world, as per their prophecy entire world will be islamic and the world will come to an end. may be they will fight amongst themselves shia, sunni, ahmedi etc etc	1
 un k pass sone ki waja koi nahi hoti	1
" yar "" abba nai maan ray "" ye wala b mazay ka hai😁"	1
phr ek dost naraz krdia mn ny  phr ek sanp asten chor gya meri	1
aisi behki behki batain tunn ho k ho sakti hain or tunn 2 he tareko say hua ja sakta ha,  1. need 2. hooron wala teeka	1
aby saalay😂😂😂	0
bari bhenchod gandi or beghairat kisam ki adat hai ye galian dena bi. shukar hai mjhe esi koi adat nai. 😂	4
har shabb •e• gham ki seher ho ye zaroori tou nahi 🤩	1
rawalakotiyon ko tri maa ka yaar smja jata ha pata ha muje...😄	0
my fucking picky nail is falling off bc my dumb ass ran into my bed frame and now i literally hit that bitch again. i’m on the verge of bawling.	1
"apney ghar ki tarbiyat twitter pe mat dikhaya karo logon k pata chal jayega k maa ne isey ""randi"" lafz k ilawa aur kuch nahi sikhaya q aur aksar in alfaz ka istemal wahi kartey hain jin k ghar mein wahi chez mojood hoti hain."	0
*looking at other girls bfs*  bc is se behtr to me b dikhta hoon	4
bhenchod aaj sirf roneka mann kar raha hai	4
mall road is the most fucked up area, you can't breath easily because the air is so fucked up, please band kardu bhenchodo, chhutiya kam kar dena end par, abhi tou na bund maro.	4
lanati insan tu to baray sukan se ji raha ha jo lpg mar rahay hain un ka b kuch khayal kr le. hum lanat bhjetay hain tum aur jo pakistan aur jinnah k bray ma ghlat soch rakhta ha...	0
 sahi farmya aap ny.	1
 mai cute nahi hu kya 😢	1
 tumhay kasay bol sakta ho ma tum to aqalmand ho bht zyada	1
gaadi chahe kitni bhi tezz ho ... usse rokne ke liye ek keel kafi hai #asimfans	1
mtlb anti sy dadi banny wali hain aap 😅😂😂	1
thats the problem for true human nature within nature.  centries ago the 'hijra' trans people were seen as dieties as healers and spiritual people. same with north american indian two spirit lgbt+ people. until current religions came along. b4 that world had a fluidity??????????.	1
 jab ap kisi se beinteha mohobaat krty hain naw or wo apko chor de tw apke rooh maar jati hai jism baqi reh jata hai or agr phir wohi jaany wala waps aana chahy tw bacha hoa  jism bhe maar jata hai💔	1
wo yahodi larka tha lakin dajjal nahi tha us k pas kafi knowledge tha aur rasool allah saw k sath bahas ker raha tha tu hazrat umar ko ghussa aa gaya tha ap saw ne sirf itna kaha tha k agar ya dajjal hai tu es ko umar nahi essa ibne maryam qatal karien gai ya sari story thi	1
hahahahaha bohat bara chutia hay ghumman. tv pay aysay ulloon ko bitha kar qom ki toheen ki jaty hay. 	0
   naaai tooo wo pehly karti thi lekin ab nai ab to literally sar my dard shuro ho jata hy	1
 main toh aram say soi rehti hun kuch kehti bhi nhi hun..🥺	1
 aap k hubby ab tak zinda kaisay hain itna torture bardasht kar k bhi.	0
but we have a firm belief now that qadiyani and ahmedi neither want muslims nor pakistanis to live in a harmony	2
teray kehny pe my maa baap kou chordun..❓ teri is he baat pe teri maa na chod doun..😊	0
 bas batain kara lo tum sy	1
haraam khoor...kahan ki baat kahan le jaty ho...beghairt admi ho tum	2
ap munafiq insan ho ...rana sb kahi na gya pak mein h	2
 all fingers are not equal but girls ke family jo nahi manti ye saab se bara issue hai	1
fuck yes! bhadwi randi bas kro bhenchod!	3
bc bb khatm ho gya but i cant move on	4
 mere jesy ban'na v mat😂😂 parhai sy bilkul door ho jao gi😁😂	1
tjhy yhn kisi ny kch kaha gashti ki aulad tu hoga jo yhn tapka	0
mtlb apke trf say ab na samjo ma	1
2 type of friends :  zaalim friends: message dekh kar ignore kar dete hein.  reham dil friends: notification sa message parh k ignore kar dete hai.	1
plz sir hamy in say koi khtra nahi hamy is imran khan yahodi our kadiyanion say bachny pay gor karen pak army tayri azmat ko salam	2
😲😲😂 ye mene kia dekh lia 😂😜 kon hy ye aadmiii😂🤣	1
"pakistani: *raises voice about human rights issues in pakistan*  other pakistanis: ""but what about kashmir""  bhenchodo itna dard ho raha to jao karo jihad ghazva-e-hind pe. civilians se pehle apni muqaddas army se hisaab lo jo kab se kashmir ke bahaney hamara paisa kha rahey"	0
 logoun mujhey kuch hoya tou smaher zime dar hongi 😪😂	0
ohh...ßut no prblm first exams psl next year phir aye ga... 😁	1
it was a great honour to attend a reception hosted by ambassador randay w. berry at his residence where i met the honorable jared polis, i was thrilled to know that the honorable jared polis is an entrepreneur.	1
i respect kalam sahab from bottom of my heart and mujhe nahi pata tha ki wo madarse se padhe hain  but insult to wo log kar rahe hain naa jo madarse me sirf hindus ko kaafir bolna sikhte hain.	2
ab main teri maa ke baare mein kaseede padhu jisne tujh jaisa gandu hijda paida kiya toh bura toh nhi maanega na? waise apni hi behen se kaise nikah kr lete ho yaar tum? sharam nhi aati? bade hi bhenchod ho 😂😂😂	3
 q bai dil wahn rhna ka kiraya deti thi ap...	1
iske paas koi izzat kaha hai ye randi se bhi gayi gujari hai	3
 inko seedhi maa bhen ki gaaliya se start kiya kro.. ..ye nalle h #mahirakapappuparas	0
55 muslims coutries  israel ki palastine per qabza dakhty hue...🌚 	1
rt : ae gandu bharwe madrchod randi khus marani ke jldi nas kaat	0
 aor mene dil freezer me rakh dia😀	1
ma ny miss krr diya ma b hota 😜😜😂	1
hm kehte k kaaaan yahoodi agent he bulke ab to qadiani or sikh agent bi he	2
teri amma to ek traf china ka louda chuti h dusri traf turkey se gand marwati h or tm bhadve saale aatankwadi ki aulad maderochood halala ki paidaish saale teri aukat srf bhaukne ki h kutte ki mout mara jayega jihadi randi ki aulad	0
bhenchod exams uff	4
kiu nhe ager ap company dey ge to karni pare ge asy me kse dosti kero ga ap se	1
  jahan bhai sahi ho karugi na tnshn not	1
  reply :mein to pehly e pyari thi fassad phelany sy time milta to ap mjpy dehaan deti na😁	1
 main tu masoom hun 😑 ap jao na 🥺	1
 kon si tweet	1
pakistanis have no right to speak about minorities. you guys can't even take care of your own shias, ahmadiyas, balochis, muhajjirs. there's still bombings of shia and ahmadiya mosques to till this date.  hindu and sikh girls are still converted and raped in 2019. we saw #gotki.	1
issi jagah kisi ne aurat pe baat ki hoti dunya ne pagal ho jana tha. gandgi har jagah hai.	1
rt : *my bestfriend to me*  yaar gaaalian kam dia kar me: sahi bolra hy bharwe tu	4
agar khushiya milti ha to lga do	1
 bilkol theek kha ap ny	1
mene b yehi.  bolna tha may tumhary baap kaa nokar nahi hu	1
nahien koi ore rundi roona dhoondo kewnkeh aap ka kaam he yahee heywood and 👎👎👎	0
hum to already han  maza aata ha khoob 👍😇	1
or un me kulbhoshan ka naam lenai sai dar kisko lagrha tha?kahin isliyai k london or yahodi doctor sai elaj krwanai pr pabandi na lagjai ??	1
jiska koi ni hota us k hm hain🙈😉	1
 gir gi thi uni m	1
ab ti sun lia ab kya faida😏 program cancel😏	1
 yahan jaali medicine, milawatt shuda ghiza, outdated ishya-ay khurd o nosh, taiz raftari  etc. k sabbab aamwaat mamool hein, govt smait koi bhe ap k tweeted golden alfaz pay focus nahi kerta	1
en jysy logo ko har chez mai illuminati or yahoodi sazish nazar ati ha. jab kisi or religion ki insult hoti us waqt yh khush hoty ajeeb	1
bhenchod katue,lavde teri soch tatti hain ... i respect muslims but tere jaise muslims mein mein apna lavda dena bhi pasand nhi hain mujhe karve kahin kahe	0
ya to randi h inka kya ya kuch  bhi ker shakti h	3
       dur fitty munh tere ty	0
tuj khabees ko allah ne nahi beja .tuj ko general bajwa ne election chori kar ke yahoodi agenda pura kia he.	2
arrre bhen k lwa#de nasal ki baat mat kar poore world ko pata hau kisi nasal kharab hai suar	0
kismat hi kharab hai saali	4
akhrott wants to know your location..	0
bhai!! laykin bhutto to zinda haina!! 🤣🤣 ye list sb yahoodi sazish hain.....bs bhutto zinda rehna chaheay 🤬	1
here comes sajjad ali ...   teri marzi nahen chalni bhai 😂   #pslv #pslcomeshome	1
 sunna bhi mat..bara pachtaogi😃	1
jo emojies ma dekh rhe hai wo meri ankhy hai	1
    ye to bohot shocking tha...hmey to andazaa hi nai tha k tmhara damaad captain ho ga....vesey is baar phir koi opposing captain to nai ho ga na bcz vo to sirf tmharey damaad k dushman ki captaincy ko kharab krney k liye tha #asimriaz	1
  arha hai na😂	1
 chlo koe bat ni udas na ho	1
ok bye match ke baad milty hain.	1
sare k sare bharwe aik jaga jama ho gai hain bc	0
 zaroor likhain phir jab ban hoga onair honay say pehlay toh hum phir campaign chlain gay wooowwww .	1
  o koi mery tweet bhi like kar 2 koi follow kar lo gareeb ka bacha ho	1
 meiny to koi dhamki nhi di bs possibility btai thi k aisa ho sakta tha….but hua to nhi na....😂	1
pehla iske baap ka naam dusra bhai ka naam. kisi ka badla ni le payegi ye charsi...	0
abey maa ch**  bjp congress or ye tere baap,tum jese dallo ka kam he khangress ki chamcha giri karna,pehle sukanya devi ko kaha gayab karvaya he tere baap be vo pata karke aa suwar ki aulad	0
yeah benazir's photos were thrown by pti, fatima jinnah was called pagal aurat by imran khan, imran khan raised questions over marriage of fatima jinnah and last, imran khan issued nonbailable warrant of his pregnant wife, imran khan started this yahoodi sazish tactics.	1
i just received akhrot from kashmir n kashmiri kulchy toooo😍😍❤️❤️	1
jo bhi tu ney likha, most of it is correct.  lekin apney mulk ka bhi haal likh dekh pehley.  hagnay k lye toilets nahi hein, bhen chod oceans and lakes pey jaa k hagtay ho.  saaf peenay ka paani nahi hai. every minute, ek larki aur bachi ka india mein rape hota hai.	0
 aise he hilna mere lund per baith kr	3
aap ko copy righgs nii mil rahe kia???	1
correct bro...ye fattu honge saale...ab yahan bhaunk rha hai	0
          oohhh teri 😂🙆‍♀️	1
           😂😂😂itni bhook lgi thi.	1
kyunki tera dimag nehi hain isilea tu yeasab bhaunk raha hain	0
🤣🤣🤣🤣 ha yr hote h kaii hmari family me toh time hi nhi asi baat krne kaa 🤣🤣	1
mard k khush hone ki waja kbi jaani ap girls ne mard tab e khush hota ha dil se jab usy dosri aurat se ehsas apna pan nazr ay aony liye dosre ma her kisi ko dekh k khush nai hota kbi	1
 pronounce kr to tere meme kharab ho jani😂	1
 aur qassam s iss post p mur k kissi n nazr bh nahi dalni...tum log insafye ho e darpok	0
kutte ke bache haram ki nasal	2
g g seekh ly seekh ly aap in sy bohat smjhdar hain ye 😉😜😜	1
  ahmiat to ma daty tmhy tm pahly b nai dati thi	1
my entire neighborhood is making weird sounds bhenchod shaddi hai kya	4
 meray crush ka toh naam bhi nhi pata mujhy..☹️	1
teri maa mein khotay wala l, sab theek ho ga. teri maa ki gaand maron, sahiwal waqiya govt me nahi karaya, teri maa ke yar me jo police wale lagaye thay unhon ne kiya.  teri maa ki phudi maron, aur teri behn ki gaand, patwari harami kuttay.	0
mei ny jana k zindgi bht tlkh hai...	1
 dm main demo send krta hoon😂😂🤣 drr na jana bss🤣😂🤣😂	1
 comment prh ke lag raha hr jawab na me hoga 😫	1
 main ny boht say dheet dekhay hain..tumhara apna level hai..😒	0
yes agreed 👍🏻koi haqooq ly kar pyda nahin hoi... alhamdulillah aourat ko tahfuz deen e islam ny diya quran pak se milay sub haq 😍. 	1
bhenchod matlb rt k liye kuch bhi krlete jahil kahin k	0
yeah we should  warna raaz khool jai ga	1
aaj tumhara bian dekha ke maen ns ki jagah hota tou mar jana pasand karta. tum waqai parrhe likhe ho lagte tou perle darje ke ahmaq aur jahil. parties badal badal ke chamcha giri kar kar ke ab pti ne minister for science and technology bana dia woh bhi llb ko.	0
 jinho ny abi dena hai phr wo snd kren	1
abhi bhi mujhe usse koi matlab nahi.. mein tere jaise chutiya nahi hoon .. har chiz me ungli maru.. isliye har chiz keliye alag alag log hote hain ... tere jaise chutiya sara dunia ko samajh rakha hai kya.	0
 😂😂😂😂nahi samjhi	1
just shut up apne us naahal aur bari bari jhooti barkay marne wale awal no k jhoote buzdil yahoodi agent ik ki karni pak army par dalne ki zaroorat nahi jab koi acha kaam ho to us incompetent ik k khate me daal do aur jo gand woh besharam machaye to army par daal do shame on you	2
rana bas ab tere liye ye randi rona hi bacha hei	0
phly apni gand se akhrot tor k dikhao dono tm	0
astaghfirullah....kesi nazeba baatein krtee hain aap.... mene tou aajtk kiisi lrki se baat tk nhi kee😔😔 shadeed single hoon	1
chalo hijra hi sahi..lekin maharashtra mein jab aao, tab hijre ka jhaapat khaana mat bhoolna..👊✊🤚 	0
hahahahaahhahahahahaah this is good stuff. rana charsi is at it 😂😂😂😂	0
teri baaji ko ab nhi chhorna. kisi sasti gashti k bachay	0
zalmi k aan hn aap zalmi ki shaan hn app the one & only   😍🔥	1
 mene kaha me q btaon sab baten huh	1
plz help him shaukat khanum ny is student ko blood cancer diagnose kia ha, or discharge kr dia kio k yeh finance nai otha sakta	1
coz rss aur sanghion ki gaand roz chaatne ke liye aise bakwas kerne parhte hein bharwe ko daily basis per.issi liye to famous bana huwa hai. otherwise bhonkne ke ilawa is 🐕 ki kiya qabliyat hai?	0
rt : to mar jao khi jakr. or haa apni maa se permission to le lete aise hi kisi ko baap bna lete ho	0
 kaam tu ni theek inkay	1
abay mein bhool he gaya tha samit patel england se hai accent se yaad aya.	1
 mujhy pata hai tumharay sath kiya hua hai..🙃	1
aaja tjhe phir se maza dun	3
ab jo marze kreen agr pak aa gye hane to qandeel bloch wala qisa anqareeb he ho ga q k is mulk mane education aur justice system dono ke kami ha. aur jahil log had say zayada hane jo izat k naam pr kuj b kr jaty hane.	1
yh randi dalny q ni de rhi	3
doctor; i'm sorry opration k waqt dastana aap k pait mai reh gya hy dubara opration karna hoga!  sardar; tu pagal ty nai? ay ly 30 rupy nawa ly ly. :-) :-	1
mere se randi rona ni hota na 🙂	4
meri maa chod gya aasaram, fir teri ammi ka halala mai ne kiya halahal	2
bhai ye begherat akhrot kya jawab dega awaam ka khoon choos raha he	0
we should start within our home pakistan first.everyone know ahmedis are nonmuslims.all non muslims like hindus, christians and ahmedis should be given freedom to practice their i am also against burning of ahmedi temples.	1
imran qadyani yahoodi agent hy pti ki 18 bank account hy jis may qadyani yahoodi hondo ny funding ki hy . gold smith jimaima aneel musrst . atif miaan sub qadyani yahoodi hy	2
main dawat islami k hazaro logo ko janta hon jinki dhariyan  nhi hen woh hazrat sahib ki shbat main rah kr b dhari nhi rkh skay kou phr wob yahodi hen molana ilyas atari sahib k  mureed kuch khiyal kro bak bak ka faida nhi jwab do jnab	2
   yeah....lgta e ni tha k woh roti he hr roz to uski parties ki videos nd pics hti hn	1
hamein or jeeny ki chahat na hoti agar tum na hoty agar tum na hoty	1
sara din kaam kr k is time bari neend aati hai😴	1
hahah shakal se lagta ha k 12 adad bfs kha pi chuki ho hahaha	1
 mra acc 4month suspend rha hy na thats why😂	1
kal dekhte hain bhai ki kiski kitni aukaad hai. aaj jitna bhaunkna hai bhaunk le, kal pant mai susu karega 😘	0
akhrot ho kya?	1
sala kanjar .mother chod .bharwa	0
sakal se hi randi lagti hai tu	3
hattt bhenchod 400 rs. ki movie dekhenge 400 rs. room rent nahi denge anti national naare lagaayenge	0
 asmi azhar tu apka crush hy na 🤣🤣🤣🤣	1
  hamara new catalog anaa walaa h 13 march tak discount ma milaa gyaa	1
 yeh bhi kya hi kar lega, mark this tweet he will also be as useless as  and the outgoing one.	1
rt : *after break up* . . other girls: why are you doing this? what happen? . . me: jaa na bhenchod, gaand mara	4
 ap 1000 baar laant send karain lkn wazarat say achi koi cheez ni. cheema sb ap ko kia pata jo maza wazarat main woo haqaarat main ni.	1
mard hu na mard mard	1
ya what about ahmedi muslims in pak?? ever heard about hindu condition in pak & bng ?? how many lynching has happened ?? i maxm heard of 2-3 lynchings in 1 month ...i apologise for it....but becuz of 2-3 lynching you can't say that 200 million muslims are not happy	1
  good night g. bye bye	1
bhai sahb ,ye kis line main aagaye aap😂	1
  allah pak behan ko istiqamat ata karain per bhai ap thori tc kam karain	1
sorry agr apko bura lagy but ye hi tu ajkal ki reality ha agr esa nhi tu batye .divorce ki percentage jo ladies ki traf se file ki jarhi ha almost 95%	1
wahi jo asim k kuch dino baad hoga jb wo isse v chod degi kisi aur k leye🤪	1
 apni profile pe share karni thi.... tumhain karta raha... yeh hang over bari gandi chezzz	1
kio singer bana hota hah kio beghairt zafri khan bana hota hah kio mashooq ke sath laga hota hah rat ko 2 bje yad ata hah yaar parna kab hah	0
aur jo khi bach buch jta us my b akhrot ka core ata :(	1
the last complete hero of pakistan film industry 💕 pichlay 30 saalon say pakistan film industry ka iklota super star. 13 saal akela industry ko apnay kandhon par lay kar chalnay wala jab koi dosra industry mein anay ko tiyar nahi tha. the loyal super star one and only shaan	1
 #askdanish  danish se poch lo 😂 	1
 nahhhhhhhhhhhhhiiiii but joht se bhtr hai	1
 acha joke tha or suna na aise joke lekin pehle teeka lagwa lena	1
chutiya azam ny kia kia ha ab tk sawa saal mein sirf 11600 arab ka izfa qarzoun mein kia or kuch nhi badlo apni soch ko yahodi na bano or ek muslim ki tarh socho	2
kon ha wo?🤔	1
   jab tak yeh apni beti ko roads pe mera jism meri marzi kehta na suny, allah kary us waqt tak isy maut b na aye..	2
 wohii smjhty hen.. jo dil ka dard smjhty hen	1
 ye saholat ap ko na mil saki	1
raytawati aundies and their liberal dinduist philsophy needs to take note of this. i don't even care about madern liberandu randi aundie and her dottors as they are haram even as compost	2
ise khud hi pata nahin hai hijra hai ya ladka hai ya ladki hai sala suar ka baccha main bhi muslim religion ko lekar koi baat karun to yah gussa ho jaega	3
 mashallah stay blessed 😇❤🔥	1
jee ammi wapsi pe dahi leta hua aon ga. 😂	1
 jali na teri jali na😂😂	0
nahi bhole the tumhe 😭❤️	1
bhai sahab, ye saala #charsi ha, koi fayda naa ha is nashedi naxali ko samjhane ka	0
 gashti ky bachy taire maa bhe bahanchod the taira baap be dalal hy or tu hijra hy gandu . tairy baap ny jo jo kam kiya hua sub ko pata ithny gashti ky bachy ho tum log yeh khan ke maharbani hy tum logon ko abi tak kuch nahi kaha mery demag ka koi hota kahta khair hy	0
ab yeh tu kisi kitab me ni likha😅	1
there will be a clash on 8th march aurtain apas mn larain gi .. i repeat there will be a clash.. kuch karo is sy phly baat aggy nikal jai   desi liberals(feminist) vs burqa avengers  #stopauratbarbadimarch	1
surely voters needs that when there elected pm is called israel ka supporter/gustakh e rasool/ kashmir ka saudagar/yahoodi agent etc	1
rt : , , , what about ahmadiya tag of bajwa?	2
muh se moongfalli ni tut rahi  aur tashrif se akhrot todne ka khwaab hai😌 #abhicasm	1
 lakh di lanat teri shakal teeee.	0
i don't have whatsapp	1
chaalloo... ager imran waqaye yahoodi agent hota to is ko iqtadaar may laatay laatay 22 saal na lagtay. ye pehlay 4,5 saal may he hakoomat may hota..	1
 jaldi ni abi to time aya h choti abi 6 months ki h	1
turmari ma ki chute, tumarra baharat matha chaud ki rakhu ga...tumarra saare chutia dur ki baagtehai...ahoo tume subko seekaiou #india tarri hai...#baharatmahaan rundi jaat bohot passa hai....lols	0
rt : yar itne arse se january chl ra h abi b 2 din baki hn 🤥	1
selected jo madine k nam per seyasat ker raha hai is jasa munafiq doglah ,jhotha puri duniya mian nai dekha jo bary dawy kerta hai lekin kisi bat per amal nai kerta makka or madina main yahoodi bhi yahi bat kerte the k hum iman ly aye chand sec bad apne beyan se pher jate	2
 ohhh ye to pakistaniyo ka sub se bara masla hai😁😂	1
rt :  jab tak aapke khud ke akhrot na jam jayen, tab tak sardi nahi aayi 🍒	1
mery pass tum ho. no problem.	1
ik ki rishte dari tu ha yahodi se, zack goldsmith ko london ma election ma support kiya sadiq khan ke against,aur israel ka plane b pak land kiya thaa 6/7 month pehle,ind se rishta kartarpur corridor open,110 days kashmir curfew,ind took no pressure of pak diplomacy etc	2
 bs hassi rok k rakhi thi😂	1
usay apne rishton ki fikir thi wo jo mera waqif-e-haal tha woh jo uski subah-e-urooj thi woh mera waqt-e-zawal tha  meri baat kaisey wo manta mera dard kasiey wo janta wo tu khud fana k safar pe tha usay tu rokna b muhaal tha	1
ay hy e gashti no1	3
lahore qalandars psl bhi jeet jaye phir bhi 6th pe he rahay ga.	1
randi of pakistan	3
bhenchodo self proclaimed goat kahan hai🧐😤	4
nalla ashely bc kutta mc	0
aima ga ri hy bhenchod dj mike band kr deta hy awam suti ni hy ye dj manhoos hy nikalo is penchod ko	0
woh toh hum logon ne parliament me dekh hi lia tha. jab amit shah said,  owaisi tereko sun na padega during 370 discussion. waise owaisi jaise logon hai kaun be. aaj tak kuch kar paya hai. sirf bhaunk tha hai.	0
why you are taking so much interest in us- iran conflicts...??? kisi israeli yahoodi ne nazrain rakhny ka bola hy kiya....😈😈	1
bahanchod isky kapro ko kya hogya kabi apni bv ka hair band phn leta hai. aj apni ammi ka trouser phn liya.	0
dhaniya ke king ham hain jaisa ham kahenge vaise hi duniya karegi chaliye ye india ki jo media hai jo india ke anchor hai unko bahar se funding hoti hai usse funding yahoodi karte hain aur india ki help yahoo hi karte hain aur usse char guna jyada hamen chahie	1
 ngtivity phelana bnd kren.. fitna or fasaad phelana ahl e bait or un se mhbt krny walon ka kaam ni hai	1
 janta hoon smjh gai thi main b mazak kar ra tha  hum jaisay logon ko poetry ni smjh ani to kisay ani😬😂	1
upar ahmaddiya muslim niche simple hindu. chakkar kya hai guru ?🤔	2
jannat dena ya jhahnum dena upar wale ke hath me hai par watan ke gaddaro ko unki sahi jagha pahochna army ki zimmedari hai #article6forptmleadership	0
q teri bhen ko choda h kia randi ki nasal madrchod	3
kia hua partner  itny dino bad aein kse hain	1
bad demag aurat...	0
 aj k liye yhi bht hy allah maaf kry bht mushkil hy😂	1
 allah ka shukr hay kheriat se han. ap kese han aor kahan gaeb thy?	1
dekh raha hai eski shakte... 😂	1
  jeeju aap cute nahi ho sis keh rehi hai bulky main hon 💁😹	1
 na chairo hamein ham sataye huy hein	1
aisi or kis kis ki lund par uchel uchel kar moja lati ghar me.	3
 hostel mn ay huy waqt phir kam hua ho gaa aap ko	1
  aawwwww. cute. bangash aap kitne cute ho na. uff 😃😍	1
agr hamari fauj gand marwa rai hai to isme tumhari gand kyu jal rai hai,yeh to achi baat hai tumhare liye to dar kis baat ka..isey kehte hai khauf aur yeh rehna chaiye samjha bhadwe ki nasal	0
 stdz m time ni milta	1
streak tour di bhenchod	4
    bhai abb tere gharwalo ne fake launda paida kardiye tere jaisa to sabko fake hi samjhega tu..!!!  koi baat nai samaj k lenge hum👍	0
kuti nasal ki kuti jo sahaba py bhonki hai	0
rt : kaisa jism aur kaise marzi??	1
 oy ahmdi kuty. tum log smjhty ho k is trah kr k hm awam ko pagl bnao gy?? beta bajwa ne tere jeso ko nanga nachana he sbr kr. kahi ni ja rha hmara army chief. tum logo ne agly 3 sal me ye duniya hi chor jani bajwa k dar se. ye army chief nahi pakistan ka muhafiz he.	2
abhi fahad mustafa aa kar bolta unique ki bike kisko chaiye to sab ki awaz nikalti bc crowd may fotgi ho gai thi kya 😂	4
thanks for or bless thinking for ahmadiya community.	1
chup teri maa ka bhosda, maadarchod	0
wtf hum yha mp me 1700 rupye har mahine ek bande ka dete hai aur  ye 10 rupye me randi rona kar rahe hai 🤷‍♀🤷‍♀ #jnuprotest #jnufeehike	0
 ino aday qutay awli krna 2 taky ki yh wali aurat marvi sarmad	3
randi ho tum	3
teri baji ko bhe ye he aitraz ha ha wesay patwari khota he tera asli abba ha beshak apni ami jan say puch lay baki imran yahodi bayghart kashmir frosh say to teri ami jan nay taste change kia ha imrani tati sahib	2
 ni mujy specially allah ki trf se blessing hy 😅	1
  nhi to aurat march walon ne tere saray haq wapis le lene hain.	1
why we should consider gau muter slogan as insult. a beggar or hijra if not get bheek does same. a gunda or mawalli does same. does that effect any one. hell noo  so let paki bark. we know better, what we are.	0
 tm jao ma ni ja rha, pehly he adhi zindagi saffr mein guzr gai bc meri.	4
bollywood ki randi	3
😂 allah karam kra ga.	1
ronaldo hits 200 million follower on instagram  itne tou awam k ludo star pe coins nahi hoty 😒	1
 adorable? maaro mjhe maaro yeh koi mazaq ho raha hai kia? 😭	1
kuttiya saali suwar ki aulad	0
tum charsi e rehna bs 🙄😒	0
well so what you want stop praising businessmen which are most important for economy just because they have wealth, what will happen if all the billionaires call a strike together and fired every employee a massive employment cruises.	1
chille main bhi protest ho rahay hain hong-kong main bhi protest nahi ruk rahay... yahoodi netanyahu k khilaf bhi case ban rahay hain  ye sab molana ki aalmi takhreebi karamaat hain 😂😂	1
rt wing? islam defined authoritatively by the quran isn't (never been) dogma. it holds self-proven facts ranging 4om sociology 2 astronomy 2 anthropology. remarkably,a most devout shia or even an xtreme ahmedi won't dare 2 alter the classical arabic quran 2 suit their own agenda.	1
"😎🇵🇰😎 diesel's """"""hidden""""""warning...😎🇵🇰😎 guess to whom.. 😁😁😁😁😁😁😁😁😁😁😁😁😁😁😁😁😁😁😁😁😁😁😁😁😁😁😁😁😁😁😁😁😁😁😁😁😁😁😁😁😁😁😁😁😁😁pagal ho gaya hay...let c, geederr ki jub """"""mout aati hay wo sheher ki taraf bhaagta hay,,,so wo ahmaq sheher may aa-gaya."	0
tera baap hay burhan wani aur tera jija hay	0
rona araha hai bhenchod why am i such a clown why am i so unimportant	4
 afridi n jb 6ka mara tha kholi k reaction dakhne wala tha wohi bhi lgao n pic🤓	1
   bohat value thi teri prr tu ny b	1
ye h haqiqat  (zahra as) ka hq khany walon per drbar cy khali wps bhejny walon per lanat ho r beshumar ho ✋✋✋ 	4
chairman of ppp can call him “bayghairat”in the parliament. all pmln and ppp leadership 24/7 call him puppet & selected. mullah terrorist can call him yahoodi ... wish you had the courage to condemn them as well while you invited all these abusers in your programs.	1
so bilowal calling him beghairat,all those mullah brigades called him qadiyani, yahoodi talking abt hiswife, who has nothing to do with politics, is justified but he cant say anything?? what a logic.he can do and say whatever the fuck he want to. he is pm. u r nothing but a zero	1
han maa chod di hai pora sher ki sub haramio ne mil kr	0
idr bhenchod sb singer hein	4
  abe kisi sasti randi ki aulaad, pehly ja kr apny total baap gino hen kitny 😂ek tu me hn, baki koi 10, 12 or bhi hn ge 🤣 tery jeson ko yahaan underwear me rakhy hen hum😂	0
 ab bahut der ho gyi game change krne ko.... ab ghar jaoo aur zindgi change kro..😂😂 #stopdegradingrashami	1
teri maa ki choot bhosdiwala..  randi ka baacha.  teri ma ko bol apna rate barade nhi th koi chodega nhi..  aur tera ghar nhi chalega .. maa ko chudwakar th ghar chalta tera..  sun apne baap se panga na le..  maa chod ke rakh dunga..  chal nikal ab randi ka baccha	0
 aurat ko gali ni di kisi dyin ko gali di  ha isliay hum geo k sab channel ka boycott kartay hain jis pakistan k norms ko khatam karnay wali dyin ko support kia	1
   achaa na ja ro mat 😂😂	1
bhenchod shahrah-e-faisal ke aagay bhi ek poora sheher hai	4
is bnday ke liye m pichly dedh ghnty se khawar hu ra hun or ghar bthy mjy muft ki akkr dikha raha h.. lanti	0
   mughees zyda pyara ha pata chl gya😂😂	1
 tere jaise kutte bhonkte hi rehte hai yhi tumhara kam hai bhonkte hi rhu, wig sambhal le aur sid ki dp se apne baap takle ko support mat kr bhonk kar 🤣🤣😂😂	0
jeet gyi bjp dekh lena delhi election	1
goli maaro na sahab inn bhenchodo ko saari wakalat gnd mai daal do inke.	0
fuck man. the pain is traveling. bhenchod ye naya e corridor khul gya hai.	4
 jo chahye imagine krlein..	1
"rt :  😎🇵🇰😎 diesel's """"""hidden""""""warning...😎🇵🇰😎 guess to whom.. 😁😁😁😁😁😁😁😁😁😁😁😁😁😁😁😁😁😁😁😁😁😁😁😁😁😁😁😁😁😁😁😁😁😁😁😁😁😁😁😁😁😁😁😁😁😁pagal"	1
 teri class ma to easily marks aa jain ga	1
aby nikal na randi	3
yahoodi khan kuch mehangai ka b soch ly. har waqt teri bakwas hi chalti rehti hai	2
ajeeeeb bc 😒😂	4
tum jesi randi sy kar k yahi hona hai	3
aur chutiya ne urdu me naam likha h hahahha tu to secularism ki maa chod di 😂😂😂	0
jiss daes ki court kachary maen insaf takkun par bikta ho. jiss daes ka qazi mushi bei mujram sae pouch kar likhta ho. uss  daes kae her eik leader per sawal uthana wajib hai. uss daes kae her her hakum ko sulli peh charana lazim hai. faiz ahmed faiz (late)	1
kia apky namak ma toothpaste ha -;	1
i have seen enough right wingers who have celebrated mumtaz qadri, literally died when aasia left, stayed mum over forced conversions and supported the demolition of ahmedi mosques, who have been this norway guy, and have had his pic as dp. get out of your touch me not state.	1
woh tou bhenchod riksha chalate hain idher😭😭😭😭😭😭😭	4
mujh sa sab nafrat krty han :(	1
 han song hai mujhy pata hai..lakin tum ny mujhy yahi dedicate kiya hai na..k main tumhari mumi ko passand nhi hun..😔	1
ye jo tum bhaunk rhe ho na bandhu, yeah lalu yadav ki hi kamai h	0
  insha allah ap jung jeet jaen gy .bahot fb jaldi mir ke sath hell main hon gy	1
mei ny jana k maal olaad waqi fitna r azmaish hain...	1
meri profile per may har dusry bande sy block hu🙂	1
 yr scooby ese dialogues na mara kr mera haasaaa nikal jata🥺🥺	1
wah re twitter satrangi gandu b opinion de rhe h yaha par bhenchod har chiz game k nazriye se dekhni h bilkul	0
aor hamary hkmran in k sath mily huy en ....yahudi aor hindun hmary sb sy bry dushman en	2
,salla, madar chod, randi ki aulad, bastard u & your corrupt congress party, & nakli gandhi’s destroyed this country & now blames modiji bastard tu salla kutta mar bhen chod.	0
zartaj gul tu mera lora chup ghastiyan lully khanay wali ghashti imran niazi ka lun muh mein leti hai phudi on ki teri maa ko lun maru ghashti .....teri phudi mein pta nai kitny waray vy hein check kr zra... gandi phudi	3
haath se toote.. moong phalli akhrot bolte yahan.	1
apke shikway sur ankhoon per	1
"   hahahahahahahahahahahahaha wah kia mast joke mara hai ke ""hum dosre country pe ziada concentrate nahi kartay"" 😂😂😂😂 as if we don't know ke tum log kitna concentrate kartay ho specifically pakistan pe😂 next joke please 🤣"	1
theek hai aap america mein hote hamen batane ki zarurat nahin hai lekin tweet kiya karen kuch	1
aik jaise randi ronay hain hamaray. prepare well for your cies, pehlay walo main achay grades aayenge toh aagay motivation mille gi. considering you’re in class 10?	4
👉 sharukh aur salman tere baap hai phuch jake teri maa se teri maakichut  harham ke pille	0
 isi dunya ki sb se powerful agency hy tm do number pathan kia muqabla kro gy	0
gashti or randi mai kya fark hota hai?	1
 aur yeah apko kis ny kaha k ap meray crush hain??😒	1
sary beghairat khud u turn lete hain zara bhi sharam nahi inme	4
kyu harami insaan k bare me soch kar apna time waste kar rhe ho ye sala bolta hai imandari se review deta hai chutiya ye nhi janta uske review ko koi value hi nhi deta hijra kamal khan.	3
 tum logon nay sahi mazaq bnaya huwa ha security agencies ko isi aisay chotay chotay kaamon k liye free nai ha na un k pas time ha, banda chori ech v pharrya jaye tay naa isi da	1
bhaunk kutte bhaunk	0
abhy dhakan aqal k andhay gor se dekh lo umer bin abdul azeez ka likha ha jis bewaqoof ko umer bin khatab or umer bin addul azeez me faraq ni pata wo aya daleelein mangny or behas krny  (wapis wohi cheez ki jati ha jo cheeni ho)	0
     jitnay bhe bhonk lo allah ka karam hay is arz e pak pe. tum jaisay nasoor aisay he khatm ho jain gay. madam reham ik nay chora hota to ye pashteen party aap k leay 1 tissue thee	0
 aap dajjal ki sathi ho aur koi bat nahi amna......ais liye toh pakistan main shadi jaise pakeeza rishtey ko khatam kar ke living relationship concept lana chahte hain....marvi sirmed ne pakistan ki nazriati border ko cross kia hai toh ais liye mavi k liye galian bhi kam hain...	2
"dusman na kary bhai ny wo kam keya hai 🥺🥺☹️☹️  kash apny during engineering ""multimedia"" ka subject na para hota 🌚🌚 "	1
teri maa ka yaar mein hon, rundian. modi kuttay ko abbu banane ka tujhe bara shauq hai, lagta hai apni maa ko modi ke paas bejhta hai. 😂😂😂	0
poch ly tari bhabi ha kuch mah bd hamari shadi ha	1
 mr chips to syllabus sey nikal ni diya tha???	1
  2 rupye mile na tweet ke?😂	1
kutte ki naslon ki jaan nikal deni chahiye thi beshram hai ye awam jahil bc saaly aik baap beti ko protect nahi karskte thy saaly chakky se go nawaz go karwq lo bharwe 😠	0
 han han.. allah ny banai hai achi hi hai..🤐	1
     sala jb m hashtag use krta hu hmesha vo trending dikhayga jo left or communal log chlate h. bhnchod phle special dekhna pdta h mujhe fir tweet krna pdta h #twiter #restoreaccount_jbmis	4
tu aap sy hi start laiy laity hain bismillah karain	1
ajk mein to bht km ha	1
 mera gpa kabi 3 se oper gya hi nhi😀	1
usman saeed randi kay bachay tumhari gand may pharo ga bohat jaldi	0
  yw piyaz wo h jo kfc wle zinger m hota 😊	1
  2018 k election ma tehreek labaiak ko kafi vote para na 118 ma aur dosra rai aslam.kharal mpa ki seat pe ejaz shah k neechy tha baradari ka vote bhe taqseem hua dr sahiba ka is leye bht km margin se hari ha dr sahiba aur dhandli factor ko bhe nzr andaaz nh kiya ja skta	1
 bhai kuch aor posts b kro😀	1
tharki tu larkiyo ke ( hmmm) ka bhi reply krty ...😂😂😂	1
iss nay 1 saal main hi 72 saal ki kasar nikal di. bera gharaq kar dia har cheez kaa. 400 adaaray band ho rahay hain..sab waaday thuss..  jo meray mazhab ki izzat nahin karay gha to main kaisay doosray kay mazhab is ahtram  kar loon?	1
muslim, indian, hindu reformer.....??   kaha se aate hai aise log?  muh se ilaichi toot nahi rahi aur chale hai pichwade se akhrot todne.  miyan pehle khud religion ko reform krlo. hum log humara religion dekhlenge.	0
 sahi baat h.. itni ghatiya acting bardaasht nhi ki jayegi 🤬🤬 doshi ko triple saza milni chahiye..  1) goli chalane ki  2) ghatiya acting ki 3) logo ko dhoka dene ki	1
 ap books parhein kia rasool ki beti ko naraz krna rasool ki gustakhi nhi. jo unky jigar ka tukra thi tafarqy ki einak hata k sochein	1
fir jb leftist tod fod kre or sanghio ko maaare to randi rona mt krna!!!🤣🤣🤣	4
 matlab k unfollow kar dayna. 😂	1
today i say that from now on i am not going to vote for pmln and will never forget that what they did today. inshallah will not let people forget about this in future as well. this does not mean i am supporting pti they are lanati   #shame	0
  ziada tar,happy ending he hoti hai kisi, bhi drama ki, meray pass tum ko k nahi hui nahi hui or pura pakistan ro raha tha.	1
yahoodi kabhi hamara dost nhi ho sakta	2
horon walay teekay au k pas hotay hain kya......?	1
aik to ap sedhi bat ko b nagetive hi lati ho phly hi kha tha positive lo r nazar aa rha ha miner kon la rha ma ya ap	1
i changed my mind from now, i will support charsi leftist.....	0
wehshi darandy easai yahodi hindo islam amanka ka mazhab	2
cry bc you miss someone hurts so much	1
  apny bhai ko kb khila rahi ho bs ye btao	1
abay saalay paani to band kardeta bhai	0
tum meri dekh lo to dar jao 🤣	1
shuker hain youthai hain chu.... nahin. dusra ap k bhagore na kon sa koi ghairat ka koi kaam kia hai? benazir ki shalwaren utarne ki baten kerta tha baad main ameer ul momineen banne ki chah char gei thi us ganje shaitan ko. yahoodi k sath business bhi ap k leader ne he kiay hain	2
2 years ago i asked my father for my own car. so he said “hbl car loan se lelo” bc itni khajal khawari keh tang akar i bought used honda civic. and mine is way better than new honda city. or sashky apny	4
akhand chutiye jake pooch le ladki ki marji thi ya nhi ? aur tu uska personal assistant tha jo tujhe pata hai uski marji nhi thi ? feminism ki goliya khakar yhan mat bhaunk .	0
mara jism meri marzi mushahid ullah khan speech in senate kamal ka jawab...	1
 ais dunia main aus sa zyda bawakoof koi ni hain jo agly banda sa wafa ki umeed rkhy;)	1
isse kehte hn akheer confidence.. idr hm hn (80% of boys) bc agr genuine kaam bhi ho to number nhi maang skte 😂	4
nhi walid sabh ne wo aksr tumri maa sey milne aty te.	0
akhrot kya hota hai	1
maryam : apko chakkar nahi atty?  umar : quuunnn?  maryam : sara din mery damaagh mai ghonty rehty rehty hain... ! 🙈	1
ap sab ka shukria mera mood khushghawaar kar dia 😔😔	1
hhahahhahaha bsdk tere jaisa fattu maine aajtak nahi dekha tujhe laga baap sogaya tera hutt teri ma ki €hut	0
muslims were badly persecuted before hijra in makkah. i doubt they were travelling as far as india in those days. however i am genuinely interested if there is any authentic historical account available to support this claim. jazakallah	1
jisko ye dukh hai ky 14 february ko wo chocolates kis ko dega,  toh bhai mujhe bhej dena kyun ky ek single hi single ka dukh samjh sakta hai.	1
budkaar maa ki alvi olaad tou phr british agency hussain nawaz say kiyu nahi maang rahi paisay?? teri maa chaklay main rundi hay tou iska zumadar tera nana howa hay tera dada??	0
kitna tax deta hai too bharwe	0
 yeh woh motherchod hain jo 30 saal mein lun ni put saky woh ab 6 month mein ukhhaarrein gy bhen chod gashti ky bachy	0
 band main har performer acha tha siwaye is ke. junoon ke naam pe aaj tak paisa kama raha hai. har ganay main bas gala phaar kar cheekhta rehta hai	1
kabi bi nai jo sakta ya shia log pora ka pora yahodi hn	2
rt : fariha without fa is riha and  riha kerdo koi bhenchod is zindagi se	4
trump pump is phattu 😁😁😁😁,	0
g , bilkul nhi manti ab ahmdi thi	1
 aurat means 4 diwari.. if you don't cover yourself. you are not a women...😒.. jab koi bat nature k against jati ha tabahi oska muqadar banti ha.. for god sake.. respect yourself	1
hahahaha.... abey saalay😂😂😂😂🙊🙊🙊	0
momin hai tu be-taigh b larta ha sipahi.... proud sons of almomin bawaqar you guys made us proud today. rest in heaven ❤ 	1
 teri tweets show he nhi hoti ruk bell icon dubata 😂	1
main aapke sath hu aap aise hi reporting karte rahiye #zeenahindarega	1
sohan halwa, akhrot halwa, coconut halwa, badam halwa, khashkhash halwa, baghair ghee halwa, qadeemi halwa, man milan halwa. everywhere you will see, hear, smell, taste and touch halwa. is this why ik and his team call mfr halwa? someone answer me, i really don't know the story.	1
     nargas ki id to thik se laga lo 2 number pe 😉 	0
"when kunal kamra said ""muh se moongfali toot nahi rahi hai, gaand se akhrot todega kya?"" i felt that"	1
 aaaaa champli jyada bol mat	0
 isi liye keh rhi within week jaky ly ana	1
 jutt sab mazy ki bt ye hai k 2no match quetta se jeety hm 😂😂	1
yache diya tha mujhe mbbs degree show karne ko jab maine bola indian visa dikha to bhag gaya sala hijra 😂😂😂😂	3
is mai bhi aalo hai. 😂	1
haan- tu taansen ki bachi hai na jo ek legend pe bakwas kar rahi hai! shakal se tu heera mandi ki  c-grade randi lagti hai - gashti ki najaaiz bachi!! raand!💋	3
imrani tati tum har gay ho jo jhot tum nay 3000 arab say shuru kia wo 300 arab say 7 arab par pohnch kar tera aor tery najaiz abbey donkey king kashmir frosh gandu lanti sazishi bayghart kanjar imran yahodi ka munh kala karwa gaya ha bayghart kanjar youthiye	2
  ko sb pata tha us ne btaya nahi ap ko???	1
   no bcz shahnaz k mamly mn siddhart dosry logo ki opinion sy influence hota hy or everybody in house trying to show negative shahnaz in front of shukla	1
 sun lo lag pata jaye ga..🙄	1
 me 2. mere andar b ak larka hai. ye toh fake account hai.	1
ap log is qabil hi nai ka ap logo ki izzat ki jae or bat ihteram se kia jae . kio ka ap log yahodi or hindu kafir  se kafi ziyada bara fitna ho	1
  hahhaah shatoops zyada dramy mat karo 😬😬😂😂😂  aik bari behn kabi b apny choty bhai par knife st war nae kar sakti 🌚🌚😂😂	1
rt : fact. jo apne maa or baap ka nhi hoskta..wo dunya me kisi ka nhi hoskta	1
 apk options thk ni hain....basically logon ko march pe ni slogans pe aitraz hai	1
agr ap chahtay hn k log ap ko acha kahean to apna naam acha rakh lean or koi tareeqa nai h	1
rt : 14 feb k liye room mile ga?????  beth k rona hai😌😌🙄  single hun bhae😂😂😂😂😂✌😌	1
maa kasam kitna chutiya admi h re tu loveday, bc caa k bare me jhant nhi pta pr bkchodi pelra hai.  isko koi rehab centre le jao re	0
apni jaali advocate kee digree sambhaalo bharwe	0
arey toh dahian tu kar le call dekh uthate hai kya bb wale😆 yaha bas bhaunk ti rehti hai🤷🏻‍♂️ ek chamach dahi k liyeek tweet😆	0
ashraf ghani ki hukumat kisi b waqat khatam ho sakti hai. trumpt direct mulabaradar say phon pe bat kr raha. farhanvirak sab samjhao ptm k kuttay maar moham start ho chuki hai.	0
randi olado tumne kab kab talvar chalai hai madorchod teri ma ki choot maru bosdike	0
teri maa randi ki pilli hai na i know u belong to a callgirls family marwati queen 😂	3
 arey kar lunga kuch time baad mention not. 😊	1
  kuch to majbooria rhi hongi youn koi bewafa ni hota	1
lo iski kami thi bas waise yeh lendi ki sunta kon h saala kyun hero banta h yeh, iske season mein toh hug dia tha isne sana ko criticise karega gandu,iske kaan ke neeche do bajne chahiye bc ke,waise usually i don't use such language but this guy deserves it #shehnaazgill	0
 ye cheez	1
 dost wo nhi jo har waqat ap ki tareef kry	1
"guys m confusing bw ""bhadwa or randwa""....🙄"	4
 bro sab khaya karo bro	1
 yeh sab aap hi khaein gi ?	1
rt :  ek no ka hutiya hai ye  charsi urban naxal	0
sameera it differs. not same in all. kbhi mard compromise krta hay kbhi aurat. i have seen examples of couples.	1
ki haramzady ki benaami olaad bc kutti k bchy	0
koi bhenchod shadi ka invite hi ni arha, was going to a wedding almost every weekend last year this time	4
bhag bhsdki randi	3
randi ki nasal hai tumhara niyazi	0
atleast she is not spine less like khans..srk is a big hijra	3
 zehr kha lo mujh pay taras mat khao..😒	1
 waisay jitni english aap kay leaders ko aati hai uss hisaab say unhony yahein padha hoga kyuki english ki kafi acchi li hai	0
 abhe tu hi hai asli fan 😂😂😂😂😂😙	1
yahoodi saazish😣	2
mard barriii piyarii cheez hai isko list bna k dety hn ta k koii cheez na bhool jaye or ye list he bhool jaty hn 😂😂😂😂😂😂😂😂😂😂😂😂😂	1
kadiyani kafir thay hain aur hamesha harain gay. ye dajjali fitnay ki ek kari hain. aur inkay supporters hum main bhe jo chupay howay hain wo bhe khanzeer kafir he hain. lannat beshomar kadiyanio pr.	2
kon randi ki bachi hae yeh mc..jahan ki bhe hae bc dono mulkon mae yeh hee halat hae ..randi kae bchay..olad jasay thufay rehmat inko zeher lagty hain kanjar ki nasal	0
rt : qandeel baloch k bad mufti abdul qawi ki hareem shah k sath bhi tasweer viral hogai, awam ki tanqeed shuro.	1
halala tum karwao aur bhardhwa kisi aur ko banaoðÿ¤£ðÿ˜‚ðÿ˜‚ðÿ˜‚ apni aurato aur behno ka halala maulavio se karwana bhi bhadwapan hi hai. tohin bagh me bhi yhi kam ho rha hoga. ðÿ¤£ðÿ¤£ðÿ¤£ðÿ˜‚ðÿ˜‚ðÿ˜‚ aurato ko aage kar diya, ye bhi bhadwapan hai suar. smajh me aa gya hoga suar. gaa*d  jaliðÿ˜‚ðÿ¤£	2
 tum dhoka detay ho🥺💔😂😂	1
teri ma ki chut randi k km bol	3
ohh randi tera rate kiya h i wil fuck you hard	3
 insan kisi cheez ko tootny sy rok nh sktaa...phr wo dil ho ya sheeshaaa	1
but in your country u make pm a man (by rigging election) who does adultry, take bribes, eat zakaat and play jouwa with his yahoodi saala with zakaat money 👏🏼👏🏼 yet he claims he will make madina ki riyasat 😝😝😝 total fraud	1
"no one:  superstitious pakistanis: ""black friday yahoodi saazish hai!"""	1
bhai chod do is bhikaari ko kyoon apna wait zaya kar rahe ho ashramshaap hai ye 😂😂😂	1
'hamein toh pata hi nahi tha': virat kohli trolls ishant sharma on instagram - the new indian express 	1
 opps then mere leye hai 😂	1
 kal kahan thi sara din??🤨	1
boll rahaa hu aur aise maaadharrchodh godi media ke anzanwaa randdi se ko koi bachaa dikhha degga gardann kaaat usske	0
khottay k puttar lanati yahodi lobby k agent haramkhor badzat dalay  niazi tabah o barbard ho jaye tw	2
its equally painful when he is labelled gustakh e rasool/yahoodi agent/kashmir ko bechnay wala and what not for 2 continous weeks yet didnt saw u r single tweet where u felt such embarassment	1
tum jesi rundi ka bacha kia hoga ? bechare ko sari zindagi rundi ke bache ke thane sunne parrenge	3
apni umar dekh aur apni baty dekh bhenchod	0
bhen chod k bachy ye sun ye teri bakwas hai na ab rishta bhi do gay na choti ka tu b n waly nhi bethy gay	0
ameen sum ameen dua m yad rakhaye ga 💕,	1
me khud baloch hun or lanat bhejti hon tmhari akhrot jesi shakal pe lanti😂😂  balochistan bnana hai tu india me ja k banao hmare balochistan me gandagi mat phelao🙏	0
ye khud sali randi hai tabhi to muh fat raha hai	3
 good night sweetheart reply zaroor krna sab ka	1
tu bc ise ungal sahi karta hai😂😂😂	0
 aameen kahin ap safai ki baat tou nai kr rai room ki 😂	1
khudaa ka khof kren.. aap medaan men a jayen tanqeed krney se pehley..	1
i should be sleeping magar nahi ulloon ki tarhan jag rahi hon.	1
simply called bc log...😂	0
bhen ki chut uski jo aisa soch v rhe h.... maa chod denge aise logon kj	0
haye allah jeee logo koi hy ???? yahan miada ko dhookey hi mil rahy hain	1
  acha ab ap itna insist kr rhi hain to 😪😪😪 plan cancel 😛😂😂😂😂😂😂😂😂😂😂😂😂😂😂😂	1
suno bhailog,  duniya ka saara sach ek taraf, ma baap ka pyaar ek taraf.	1
 new song koi b aye pehle aap ko pata chalta😁	1
  aap selection ma hoty ho..?	1
 sahi baat hay itni zayada mushaqat karnay say insan bemar per jata hay	1
  tm nai kr skti q k tmhari shadi ty sb to zyada shugan ma ny fany😂😂😁	1
lanti randi	3
pyar deewana hota hai mastana hota hai? har khushi sy har gham sy begaana hota hai?	1
 bachpan ki yaade 🤗	1
hmm yr besharm aurat	0
hahaha look the state of a mind of a pakistani... couldn't even read it properly....latest randdi of china ..pakistani	0
aap ne us old man par kya reham kiya ? us ki koi maali imdaad ki? ya bas logon ko hi sham dilana maqsood tha?   	1
yar this tweet is for those people who carry hate for me, yar me tum logon se kehna chahta hoon apne opinions ki batti banao bhenchod	4
khan mian sahib our khan ye bunder 	1
kutta kal se bhaunk raha hai!! roti nahi mili kya abhi tak mehnat ki??	0
haha wo phr bhi bdal jai ga 😉😅	1
#stopauratbarbadimarch aurat ghr k andr hi achi lgti he yu sarkon par nikalna kisi bhi aurat ki izzat par daag lga skta he	3
khan sib waqae ahmaq hi kyo ki ap jesi makar awrt si shade jo kye the😢😢	3
 btw apki first avi achi thi 🤣🤣😂	1
pakistani randi	3
 thora boht toh parha hoga..ganay or muhawray ka farq bhi nhi pata..🙄	1
mujhe jeena hai to murnay k liye jeene hai❤	1
jo bhi #psl5  anthem ko bura keh re hn wo sb stadium mei match k doran issi anthem pe naachty nzr aen ge.	1
"today, i encountered with a non-ahmedi girl.. i asked her that what do you think about ahmedi's? her reply was "" i do drink shezaan "" 😂"	1
 acha g par b liya kro jb dekho twitter per	1
randi kise kahte ha aap hi bata do? ye word ghatiya women ke liye hi use karta ha ab deepika ghatiya ha to randi hi bolenge na	3
acha ab kya karu 😑😑 jao yar khelo ja ke 😕	1
or tu jinki baat kar raha he vo saab tere hi baap he.un sab bc ko beech chrahe par nanga karke jinda jalana chaiye.	0
 bhai allah teri zuban mubark kry😄😄	1
jab pata na ho kuch to munh nahi kholna chaye..  maulana jo halala karta ha uske kagaaz dhundho..	1
ye wo lady's he jinhe halala or roj naye naye mardo ka shok he	3
   ghussa !???? mery samney hoti na ye to chapairain lagani thi isi my ny literally zaleel kar rakha hy	0
mulk ko bachana hy pani  kheton tak ponchana hy.	1
jb koi lrka kahy ga** mjhy khny dain😂😂	1
abe bharwe teri wazarat bhi pakistan k mafaad mai nahi	0
typical muslim randi-rona taqia.	2
 ab time e ni milta	1
rt : me: tumhary kitny bhai hain?? she: tumhy mila kr 3 hain me:	1
loag kitne passive aggressive hogaye hain bhenchod kiunn kis baat ka sukoon milta hai??!	4
atankwadi pragya kya wo tere maa baap ko bomb se udai kya jo tu chutiya paida hua or digvijay singh jo rishte me tera baap lagta h usne bola tha hafiz sahid ji osama ji samjha n gutterchhap.	0
chehry par tanz mat kia karo allah ny tumhara chehra khud bnaya hy.❤ hazrat mohammad ( s.a.w)	1
yahoodi nassal k harami mehangai par b tawaja do kutty. har waqt apny baap logo nawaz sharif aur zardari ki pari rehti hai tujhy kutta kahin ka	2
 pata tha saifi tumy pasnd aygi	1
bhai ub apko 10 main sey 9.95 mile hei congratulations 🥳🥳 	1
wah mashallah stay blessed..khana hy ga 😂😆🙈	1
  😐😐  abay mj sae tou baat kr lou mne kia kya hae😕😑	1
jb firshty tuii py garm chimtay lgyn to sakoon mil jaye ga	2
rt : paras sala nalla gutttrr kuty ka pila gandi nasal ka admi.hy sala kutta kamina bc mc #fightbacksana	0
g bhai tcs krwa do ga apko 😍😊	1
kuch nh janu new new hen yh bharwe abhi shyd xd	0
nkl bsdk ....... ye to no.he btayen gai bharwe . ...kheen ka	0
 q k bura wakat kci ka dost nhi hota😀	1
🤣🤣🤣 apka numbr ho ga to 50k like mely gy😉	1
  ye le dil😍 	1
  interact ni krta tu han	1
bhai mein nay gali kab di? mein nay to pucha hai ap ki bat ka? ap nay kaha khan yahoodi hai to mein just pucha hai? abh agar ap kay pass jawab nahi hai to bongian to na maro	1
mn bhai nahi .bhen hn 😠😠dosri bt ya k ap dil py ly gy .mtti pao	1
 sis rishta ki talsh ha suna tha ya besti b talsh krny sy ml jty kia🤔🤔🤔🤔	1
   phir agli dafa treef kon krey ga	1
i love 💕 you kyu bolte ho, sidha bolo na kuch din feelings ke sath khelna hai tumhari....😏	1
aj kuch aisa hoa  wo hmara pas hota hoa b pas na thy🔥 	1
akhrot ka to pata nahi but hamare yaha thand me mungfali jarur ban jati hai	1
   hamari qeeemat kaa apko abhi pata he kya hai😏😏	1
lakgh di lanat is beghairat topi baaz pe.	0
well said, don't play with someone's feelings bhenchod..	4
 ghubaraa phatny sy teri pedaish hui thi. tbi tera aql esa hy bc .🖐️🖐️🖐️	0
aik hi tweet krna hota ha din me usy bhi sab scroll kr dety😔😞	1
 leken jo bhi hy, unko jo required hy woh to 10 times mehngi ho chuki hy, i mean pti ki har foolishness ko to defend krna nh bnta, all grocery items, electricity n gas bills av perturbed the middle n upper middle class aswell what to talk bot ppl living below that, its high time	1
 nhi na ap ki wja se to twitter p ronaq lgi hui h	1
chal jihadin randapa bandh kr 1992-2014 k bechh kitne communal riots hue, terror attacks hue hindustan pr. sab k peeche muslims te. yeh saale matherjaat hote jo kabhi hindustan ko aage badahte hue nahi dekhna chahte  tere jaise gaddar randi rona krte unn gaddaro k liye	0
beautiful tweet mayray dil ki baat ap nay ker di. thank u like 💔	1
 tum socha kro na phir	1
dekha hua ha hr rooz dehkte hn	1
iran shia mulk ha or ye munafik log han	2
muje b desi hee pasand ha zayada ala bla mein b ni khata, apni health ki fiqar ha muje 😋	1
   open v ni ho raha 😩	1
  ye to phr bhjwany waly ki mrzi 😂	1
akhrot ke kamalat | walnut benefits	1
  multan neechy ana ni chahti😂😂 isb ko barish top 4 se nikalna chahti karachi or peshawar neutral😂😂	1
kyu baad me garmi nahi mili kya uske lund me dum nahi tha	0
university road charsi tikka	1
 sir next konse tv pe ??	1
mera bhi yaar bhai...jindgi jhand ho gya hai bhenchodv 3 t20 me 300 rupya haar gye....	4
 there are two type of acha waqt  1: jo kabhi kabhi aata hai 2: jo follow to kr deta h but waqt fr b ni acha hota	1
 thk hen. sab	1
phattu hona to mardaangi ka opposite hai lekin zamana hi aisa agaya hai testosterone ki kami hogayi hai dunya me	1
bhenchod whatsapp khoul	0
 pkj khtm krna hota	1
 apun pe itna sangeen ilzaam na lgao. apun reply kar deta hai. wo alag baat hai ke apun ko jo 1-2 log haftay main msg ya call kartay hain, apun un se bhi bhag jata hai	1
ufff bhi.....🤦‍♀️🤦‍♀️sorry g agar aapko aisa lg ra hai....mei aap ka mazak ni ura rai thi..🤷‍♀️🤷‍♀️🙁	1
we obc's dont need ur randi-rona.  reservations are not applied on social media . kindly do some hardwork and be a person known by everyone ,u will automatically get bluetick...  per nhi bc humay toh general walo ki tarah mehnat krne ki aadat kahan....  #bluetickforscstobc	0
kia bjaie h sana k bhai ne mahira k papppppu ki #asimriazforthewin	1
please all muslims come one page and unite  insha allah   yahoodi isreal finished all	2
sure. thankyou 😊 ye kr k b dekh lety hn.	1
is ka tasbeh ko prhna dekho zara lanati insan kahna b glt ho ga. logo ko dhooka dy rha ha	0
 how can i get pass to enter in the uni onu ny gate per he rok laina 😢	1
a ja pardasiya tenu wasta pyaar da..🎵🎵	1
 jesy main apko janti he nhi hn🙂	1
obviously we muslims hate ahmedi's . 😡 we don't care whatever happens to them ! we just hate them. if their is oppression over other minorities in pakistan which is not usual alhamdolillah, then i condemn that.	2
tum namaaz ke liye waqt nikalo  allah tumhari zindagi se bura waqt nikale ga❤️	1
bhenchod bht kutti haaalat huwe we he bhai	4
apkay favorite khusray bilawal ne start kiya... puri baat btaya kro.. munafiqat chor do	3
yeh b to bc landay ka columbus hai is se india se zada daryaft b kya hona tha	0
ullu ka pattha, is ke baap ka raaj hae, india aur israel ke sheh par bakwaas kar raha hae, itni ahmaq qoom hae, jin ko samajh nahe arahi ke yeh pakistan ko gher mustehkam kar raha hae, bhutto mar gaya, benazir mar gaye kuch nahe howa mulk ko, fariq karo is ko bhe. pakistan first.	0
what the fuck is going on in this country .imran to waki yahodi agent nikla	2
mtlb gashti aa gai ab apni line per 	3
the most overrated sound in tiktok  ohhh noo no noo ohhwjwhwhq  bhenchod	4
yani baar bar phatak bund ho ga?? dear commissioner sb city my gondlawala, sheranwala aur sialkot phatak py underpass ka mansoba ka kia bna.. city ko 2 lukht kyu kia hua. sari traffic inhi 3 points py hy	1
inko tweet karna ki jaldi hoti hai.he is beating his wife. oh yeah i have story for my tweeter  yeaaaa! so many likes so many rt's. ya log sirf twiter pa batain chod sakta hain bus.	4
hahahahaha hahahahaha kanjeri ro ro	3
haha ye choti baat krdi inho ne😂	1
 kafi dhian say prhny k baad smjh ai hai is ki	1
 aap b mt btayo kb kisne kya kiya..m sana ki bb13 se fan nhi hoon..m bht tym se sana ko follow kr rhi hoon controversy k phle b n baad b...aap bhi kuch b mt likha kro ..apna opinion rkho .mgr kisi ko defame mt kro.. #shehnaazgiil  #watchingmskforsana	1
i couldn't control my laugh seriously 🤦🤦😂  matlab had ho gae she didn't mention anyone's one 🙄🙄  that means all know's who denied kahtoon e jannat s.a 😑😑 i can't understand what lefts behind after this denial 😬😬 sharum tum ko magar nae ati 😑😑  #bandabbtakknews	1
bhag madarchod saale chhinaal ki aulaad,  saale randi ke chode,  bhenchod, madarchod,  lawde ke baal	0
bhai hmra nam bhi daal lo list mn	1
bhai wo sb thik hai lekin aurat ki izat krna seikho. apny ghr b aurtain hongi unko b yhi khty ho?	1
itni khoobsurat ladkiyon ko kon aisi job deta h bc 😐 in se argue karne ka mann hi nahi karta 😥	4
chal bc  #fightbacksana	0
   sid kya ho gya h apko frndship ki baat h to sana paras k phly ki frnd h apki ap paras mahira ko safe krny k chkr m #shehnaazgill ko unsafe kr dety ho...	1
 🙂apni manhoosiyt lee jaen yahan se	1
sab sa zayada important wali tu apke sath ha bhool b gayen afsos	1
 buahahhaha 🤣🤣 bs kabhi garoor nahi kiyaaa😌	1
ahmaq admi, molana ne foj ke bare ma kia kia alfaz istimal kye. sharam kro kuch apne walid ka hi khayal kr lo he would never have done this	0
"khana banana aata hai? asked the mother of the potential groom  ""nahi par banana ek baar mai khana aata hai"" she winked looking at the guy  her wordplay and his foreplay made them for forever 😂"	1
ja oyee tera os khusray tay dil a?	1
hassan, urdu ki insult ya english ki insult aap jaise ahmaq aur jaahil hi kar saktey hai!	0
 isko bolo ab rona mat	1
pubg lover hath toota howa hai phir b pubg nhai chorni bc😂😂😂	4
  koi bt ni 😂😂😂	1
bc tmhen chora q unhon ny mein to ya pareshan hu gandy andy	0
ek din tu na mile ga, tera name phir bhi rahega 💔  believe me most of us are missing his voice from psl anthem.! his voice was 'jaan' of psl ❤️. #psl2020 #psl5 #alizafar	1
sabah ahmedi and mansoor clarke, imams of the ahmadiyya muslim community, leave first flower and pray to mourn the victims at london bridge	1
meri hi koi dur ki bhen hogi jo phone chod k ghumne nikal gayi. hahaha 😅	1
hadees hai yahoodi se bada koi dushman nahi hi islam musalmano ka isko apni jagah deke galti kiye our mahammad s.a.w ki kahi baat ko nahi mane aaj natiza yeh yeh yahoodi sirf musalmaan ke khilaaf sajish rachrahte hai ki kaise musalmano ko khatam kare	1
 ye kon hi	1
  bhai tum bhi jara ye dekho.  	1
 sir mazrat k sath.apko sharm to ni atiii apne to doodh ki neharain baha di he pakistan me.worst decision tha jo khan shb ko vote dia tha.khan shb ghurbat ki lakeer se niche valo ko uper lane ka khte the.ap logo ne to safaid posh hi ghurbat ki lakeer k niche dal diye hai	1
pury tweeter or shehbaaz shehbaaz ho rhi kya baat hy bhai #shehbaazonfire	1
hum aj tak khud ko nahi samjh saky  or log hamary bare mein pata ni kya kya samjh lety hain.	1
adatain phly sy hi bht khrb hain	1
kheera khaao. main gaajar khaunga. main to omlette khaunga.	1
teri maa chod di kya isne	0
    dhoondhty phiry gy log k kabi dc hamza shafqaat hova krta tha islamabad may👌	1
ye chutiya  myth hi faila raha hai...	0
ha padh liya vo hi soch rha tha isko kya hogys	1
bc mc fc bhonk gdhi etc etc etc   for you from ur dear fvrt dmaad shukla	0
  😂😂😂ye aap ki nani ki janu hy😜	1
rt : lq walo ne gladiators ko glti se kings smjh liya he shyd	1
  ab banda kya bolay jab banday ki 85% sharyane band hon aur london k restaurant mein hawa kha kay theek ho sakta hai shopping mall mein ja kar surgery karwa sakta hai to uskay samnay yeh common baat hi hai na bhai mere	1
chal fosdi ke mohammad kabile wale ki halala ki aulad	2
  tum ny kitabon se btaya tha hum ny b kitabon se hi btaya hai	1
youthiye yahan bhi kutton ki tarah bhaunk rahay	0
 sab kuch bta doun? best friend bana loun???😌	1
😎🇵🇰😎 ab jub gaaf phhatti tou naram lahjay may apni ahmaq following ko bay-waqoof bana raha hay,,,kal tou gardan ka sarya he akarr akarr ker phattnay ko aaga tha.😎🇵🇰😎 ullu kay patthay ab zara aik qadam barrha oor dekh kay kabhi teri tasnng hoti thi.	0
mujhy bhe yar aivein asman par qemat pohanchai hui hai.. is sy achy to akhrot hain	1
abe abe acha hoa convert ho gaye warna teri tarah gayain ka moot pee rahe hote gashti deya hahah	0
ye e mane kaha .. or jo socha tha wo hua nai k donu milain gy bht pyar ho ga himanshi ko but she is looking like selfish. or har waqt chao chao kr rai hai .. agar asim k liay breakup kiya hai to q har waqt chao chao kr rai hai .. i think wo usi chao ko hi pyar krti h.	1
dumbo top 6 m connection ki wzah se pahuchi and she knows it well  jab kch pata ni h chup- hi reh bhaunk mat jada	0
 shukria... islaah krne ky liye.. isko dlete kr deta hu🙏	1
ghum k maray hain sub 	1
bas yahi izzat ka izafah hi to is opposition bamah media k kissi ko pasand nahi ah raha. bhala itnay saloun say jisko yahodi kaha ....lose character sabit kerna chaha....usko phr bhi izzat hi mili jah rahi hay....yeh allah ki rehmat hay jo in opposition waloun pay nai thee.	1
     haha.  teri ma ka yar hu bhhainchod tamiz kar	0
 aagey jaa kr dekhna main he kaam aoonga😛😛	1
khatoon e jannat s.a haq par thi..!!!  kya is k leye ksi daleel ya behas ki zrurat hai. dub k mar jaooo nabi k nam par jan qurban karny ka dawa karny walo musalmano..!!!	2
aur agr kisi din na parh saka fajar ki namaz to yeh larki is mard per haram ho jaye gi?	1
ni to phir unfollow kr do bhenchod	0
     oh i see.. apki jagah kisi aur ko dulha bna den gy.. 😛	1
 ji bilkul ...tery jism k pass aa k ham ny behosh hona h	0
my irl is pissed bc i wont give her my twitter its for your own best sis trust me	1
 ya to bana ka bad pata chala ga  faida ha ya noksan	1
ek din tu naw miley ga  tera naam phir bhi rahy ga ! ali zafar has lifted the standard so high that no one is unable to reach it ! #pslanthem #pslv	1
1. sunni, shia, ahmadiya are examples i don't care if christianity has more sects, it doesn't take away from my point  2. sure you did 😊 this is getting boring take care and good night ✌️,2019-06-12 11:29:58,alien mothership 🛸	1
tum sath ho ya na ho kya frk hy  bydrd thi zindagi bydrd hy...	1
iska randi rona suru h... had jaahil h ye aurat  are  chup krwao n apni rakhail ko dekho to aansu hi nhi tham rhi h iski  apki kya lgti h? aap bhi kosis kijia	3
 abhi tak tou sahi ja rha agy ka pta nhi😂😂	1
 band karo ye madrasa aur bachon ko unke maan baap ke pas wapis bhaijo.	1
aur haar ke jeetnay walay ko bazigar kehtay hain..!😎	1
tujh jese bharwe ki itni c bat smjhne ki bhi auqat nhi k agr ns ko kch b hota he to zahir bat he ilzam hkomat py lagy ga qk un logon ko moqa chahiye hkomat py bat dalne ka so wo aisa kuch krne ka kbhi sochen gy bhi nhi.han un k apne bndy zror aisa kr k hkomat ko bdnam kr skty hn	0
"abayyy saali magar ""pyaar"" tou urdu ka word hai na"	0
abay bharwe trailer ko song se compare kar raha ha 😂😂😂 reshma k dalleeee	0
inn coaching vaalou ko kaise pta chal jaata hai mera result bhenchod.	4
ooo kuty apne maa sy ppoch mai kn sy bap sy hu kuty k bachy yahodi tu h iran mai ek b yahodi nhi h saly	2
aadhe gaane me so gai mai. nothing different. sonu nigam ka koi muqabla nhi hai.	1
tu knsa streaks dekhta bhenchod	0
 quam ko rehny dain sirf apny opar se clear karwa lain	1
 aesi kon c sansain leti ho?	1
 kuch logo ka pata nai par crush najane aukaat k bahar ki kahey hoti hai😄	1
muh se munfali toot'ti nahi gaand se akhrot todenge	0
abe dalli sasti randiyo ki sodaagar 🖕🏻	3
aap hmesha itni sad q rehti hain ?	1
 thank u main jab jao ge tmhary liye dua karo ge insah allah ❤	1
ayse nai ayse le tu 😆🤣 	1
randi of the century	3
is robot main thori settings change kr len takay wo automated reply say pehlay inbox dekh lay. 	1
koi pagal kahy koi jahil koi yahodi agent... but we stand with kptn till the end. inshaallah💓👌	2
phir larky beard ky bagiar khusray q lgty hain  wo bhi beard ky bagiar khubsurat lgny chahiye ?	3
 beshak ..agr bibi bad dua datii to ajj kainaat na hota..	1
  sahi hy phir jao aap us k pass	1
 maguire lindelof shaw matic martial!! all of them started. this is your first team lol also check liverpool's lineup against shrewsbury. first team ka sirf fabinho hai. uss ne bhi weekend pe 20 mins khela tha sirf.	1
" poor boy, i actually liked him for ""jo tu na milla"". song got released at a great time."	1
bhai bat chance ki nhi khouf e khuda ar ahsas ki ha ar ap isko favor kar rahy hain jo qandeel k sath barabar k gunahgar ha dono ko saza bhi shariyt k hisab say baraber milni chya thi magar.....	3
isako famous karo bahut bhaunk rahi hai. 😂	0
2 4 hazar dal k b video bnany ki zrort ni hy. ap ny allah ki rza k liy krny hota hy dikhawy k liy nahin.	1
    ok wo madarsa ka us ko choro  what is international media saying about your economy and #rssterrorists  government and your economy crisis	1
rt : mujh say nahi hoti coding bc pahlay code kro phir code debug kro bahanchod ajeeb chootiapa hai	0
 twitter se guzar rha tha socha sister ko hello hi krta chalun😀	1
 sab hu dukhi hain, is janam me . khaas kar boys	1
visiting. lived here for 11 years and lil' randay lives here.	1
ignored monghphali and ate only pista, akhrot and badaam	1
lagata hai teri maa gayi thi bjp walo ke pass jab uska halala kiya unhone jab kahi tu paida hu.	2
acha dekh le sawab milega	1
ab page ki advertisement shuru kr do	1
saara din alarm bajta rahay aur uthti bhenchod tab hai jab mera alarm bajta hai ugh i told her off and she was like sorrryyy  but i dont think she gets it gets it	4
soch lo avi suggestions kon day ga, pictures insta size kon karay ga ratain jaag kar dukhray kon sunay ga phir aap kay??😌	1
jis jis ko 3rd year main joosh charha ha mulk ki voluntarily khidmat karnay ka wo aram sy ghar bethain. humain proper history tak leni nahi aati pandemic fight karnay chalain hain. don't be a burden to trained doctors there. they already don't have enough ppes. they dont need you	1
video ke liye link open kary 	1
nawaz sharif ko bhool jao. he will not come back until pti. govt. de thrown or perished. nafees banda hi jail me nahi rah sakta.	1
han na kisi qabil ban gya hota to behn ka bojh hi halka kar deta	0
fatehpur layyah main pehli bar itni bari mehfil ka ineqad kya ha  design by:zahid digital printer  call. 03067793239	1
 aab aap multan ka ragra nikalain ausy support jar ka😂😂😂😂😂😂😂	1
persecute muslim lmao they are thriving like any other community in india. just give ahmedi their freedom then talk about muslim og anywhere else	1
 na milo koi zrori hy..😜😂😆	1
yeah u ryt but i’m innocent ek dafa dekha 😁	1
sara hi kanjran da tabbar lagda mia ne tuhadi bhen nu land dita he madar chod ki aulado youthio bharwo pti k dallo lanat ho tum per	0
janty ho dukh kia hota hai khud ki tweet p kisi or k setting hoty dekhna😪😪	1
 congrats. allah mazeed kamyabian day or aap apnay nikay putar  ki khushian daikhain sari life. ameen	1
rt : awara yahodi qadiyani hakumat aur chwal niazi hakumat lant ho aur in ki spoter per bi lant 	2
maybe waha ata ha jaha koi umeed ho.....  jaha umeed khatam ho jy tw bs 🙂💔	1
jaisa doodh waisa makhan....waziristan walay bhen bhai bhi itnay hi paray likhay hein jitna yeh namonaa :)	0
rt : birthday wali feel hi nai arahi bhenchod	4
twitter me akar insta insta bhaunk raha hai 😂😂😂pure tatti	0
 ho sakta hy aab e zamam ho.. kya pata.. saleem safi sy pochian us ny chakh k dekha hoga.. ss to definitely ba wazu hoga..	1
why can’t i multitask???? i’m 22 fucking years old and i still dont know how to multitask bhenchod	4
#zeenahindarega darna bhi nahi chahiye aap sach ke saath hain sudhir ji	1
is ki maa ki rakh btata is ko to😤😤😤	0
sir allah aap ko hemmat aur taqat dein aameen	1
  aby saly yai meri bhabhi ha teri nhi	1
 nah main is barey main ap nhi bol raha ap koi motivational batao us pr baat krtey	1
patjhar mein jou phool murjha jaaty hen woh baharon ky any sy khilty nhin.... kuch log jou yun hi bichar jaty hen woh hazaron ky any sy milty nhin...✖️	1
paisa unho na penkna ha ka pcb na 😂	1
bc tum to ab puncture bhi mahnga lagate ho. to tumhe kya dard hi.	0
kisi gashti mah k bacahy han bc randi ki aullad hai itna zulam bc 1 muslman per. inah di mah dah phuda  ik ik ko pakr kar bc ulta latako bc gashti dyo bacho😡😡😡😡😡😡😡😡😡😡😡😡😡😡	0
ye kya chutiyaap dekh liya meine subah subah??? haraamkhoron ki bateesiyaan nahin band ho rahi. lanati kuttay saaley.	2
sara cover hogya na is mein 😜	1
 lanat hy esi soch py jo aurat ko badnaam aur uska taqdus pamaal krny ki nakaam koshish ki ja rhi..	1
 jis trha tujhe chaha koi chahe tu bhul jana mjhe	1
rt : aap sab ko rona aaye ga agar hum bata dain keh humara sadiq farewell kese krwata hai :(:	1
 ma 3 month say 7 lenay ka soch rha ho or pasay ni ho rhy 7 kay tujhy lay do	1
 ye sara kam twitter pe hoga ya real main?	1
hahahahhahahah😂😂😂 phudi da gandu. se hien yeh chutiye bangali kutte	0
dunia ha janab jo ek dafa kro marty dm tk loog ni bholty	1
 ji meri ghr me jo aaj ldayi hui h agar meri galti h to mujhe maaf kardo msg please maaf kardo papa..	1
areyyy haramkhoron ab to aankhen khol lo..tharki kahin ke..saale fans sidharth ke..aur gaand sidnaaz jaise fake cheez ki chaatne lgte hain..bc shenaaz waalon mein itna dum nhi hai ki 118k tweets krlen..ye saale saanp paale hain sidheart mein hain ..saale fekkkkuu hain saare bc..	0
 🤣shukur hai yad nahi 🤪 warna masom dil ko aur kitna tabha karna😝😜	1
  bc tujh jaise logo ko jute se marna chahaiye akal ki andhi 😂 #naxali #urbannaxal	0
aik to college walo ka koi deen emaan hi nahi hy , hrr hafte monthly test ka dhong rachaty hy bharwe	2
hahahahah mr. chips parhi ha humne😀	1
haan bharwe tu hasan mohsin k nikal jo teri maa kay khusse main choda hai	0
 aapny aurat ka case mazeed kharab kardia ha i am sorry	1
i like how jo khud logoun ki bari egos honey pe unki lerahe hotey hain unki apni ego sabse bari hoti hai. jispe unki koi ley tou rotey hain uspe baqioun ki itni confidently lerahe hotey hain matlab wtf bhenchod	4
    we should have a mard march cause feminists are blocking him?😂😂	1
2018 se approved hai yeh 	1
anyone jo crush k qabil ho?  🤷‍♂	1
maa ki tarbiyat he bta rhi ha.  kaisa laal paida kya ja jo 1 genral store tu chala nhi saka or mulk chalany walay k baray mayn batyien kr rha ha. the one and only saleem tafi   	0
aap ko paisay jo parney lgey 😃🤣	1
hum sy toh na ho paye ga😂😂	1
oyeeee hoyeeee is watsapp group ka jo hal ho eha hai naaa aj kal mai apne bhai ko khta thaaaa bc inqlab ka nara chor do lekin nai paa jii jinada khamday o ona ty ni bhonkna cahahye da	0
jinnah chutiya bhenchod namard ,hijado ka fauj khada kar diya pakistan usme se ye maadharchod unka sardar bana hai teri bhen ki chut ghafoor	3
bhenchod kahan phass gaya hoon	4
 ohhh bhai hai yai sach mahngai apne arooj per hai.... bilawaja check bill's of electricity gas every dear	1
hahahaha eski ma ka sali randi ki aulad h ye	0
if you born as shia, ahmedi then india is a best place to born. you can practice your religion without any state discrimination.	1
sir charsi kehta hai jo maza marnay mn hai woh maza jinay men kahan 😂😂😂	1
😂😂jbh bhenchod 3no din farigh gye mere tu	4
huh wut you say u imbecile, i shat on you...toh toh toh kaafir	2
bharwe awaz ari hai ???	0
     orat par sadiyon mn eik bar guzarti hai wo ro ro k sab ko sunati or sadiyon tak btati rehti mard chup kr k mar jata kabhi sadiyon mn eik bar uska tamasha banda hai❤️	1
toh allah kyu kehta hai jo islam ko nahi maanta woh kaafir hai..usse maar/bhagaa do?	1
   mullo ke sath tu rah... me brahmin hu or yahan mulla kaha se aaya beech me 😳 kuch bhi discussion ye hai ki engineers ka kam road se gai or sand hatana nahi hai 😡 pehle topic par dhayan do ye nahi sirf bolna hai	1
  cheema sb ptm walay kmzkm mulk k wafadaar to rahen na k afghanistan k is par unky sath hain k huqooq ki baat kren!	1
rt : #mediastayunbiased jab media ke hath bara paisa lag jaye to...  pakistan ko botti ki trhan noch noch kar khaty hain.	1
jo laga dekh kar wahi bola hai	1
teri maa ka barwa hai altaf aur modi teri maa ka yaar bc	0
 l pe charo ghaddaro	0
gaan se akhrot todne ka task diya tha. he did it.	1
"whatever you give them, they will never be happy and ask for more and more. ye victimhood and entitlement ka ""rundi rona"" kabhi khatm hone wala nahi. #jnuvoilence"	0
bol be khati ravi hijde .... ek behan toh gyi teri , chudwate chudwate mar gyi bahanchod... dusri wali behan bhej teri jaldi. ....	0
 to tumhn yh kaha s pata k khushia charhi hui🙄	1
 sab pta h 😂	1
 hr chezz h btayen ap k liye kia paish kiya jaye😂	1
saali jo religion ki kadar na kree emotions ki kya kreingh	0
jbhi to sbse nfrt hogyi .. phattu saale	0
"i laughed. ""what the fuck are you laughing😂 at?!"" at 😂🤣you, maadher chod, teri ma ki choot. ""oh, where did you learn this language from 😱, pakistan 🇵🇰?"" it's okay, if you don't understand it. i'm not going to teach it to you.👩‍🏫 ""your house is going to blow up."" 🏡💣💥"	0
50 rupy kaat, overacting k bc landy d adriana grande 😂😂😂 #psl2020	0
 tmhen ghusa ana is acha ... that's it	1
iss baat pe koi nahi sochta. they literally put cones to teach land ethics but this khanzeer qoum wont learn.	0
ma nai dekh rh😂	1
har jagah dhamkaa ke le liye bc	4
ye he hai pakistan ki kadawi suchayi. bhai imran tere pass 2 he options hai ya to tu pakistan chod de ya to pakistan tujhe chod de 🤣🤣👍	0
shrif family ka 1 or pol khol gya landan ka falts jo ka un ka motbik 2006 ma lia gya hn ohh 1992_93 sa un ka pass han	1
bhenki lodi saboot deeeeeee randi	3
jahan apko lagy k apki jgha nahi hai wahan logon ko aagy pechy dhaky mar kr jagha bna lein. es mein emotional hony wali kya bat hai🙊	1
  samjha toh dunga bas ye mat bolna evm hack ho gai	1
 ye sid fan dunia k sbse bade chutiye h  inko zindgi m smjh ni ayegi... ..big boss kya ho rha h . .nallo k fan nalle...  🤣🤣🤣 #mahirakapappuparas	0
period me chudai karne se koi nuksan to nahi	1
bht afsoos hota hy is soch par k dusry ny  galat kiya hy to ab ap b galat karo gy,,,,, o bhai such k sath jeo,,,  imran ko to ap yahodi kehty hu par ap to deen waly hu kuch to socho islam k bary my kya asar jae ga	1
#patriotstrustimrankhan agar nawaz shareed k9 bhir jane diya to ia  ko jootay parrein ge jb b logo me jaye ga! mujhe nazar aya to zarur joota maaru ga! the least i can do!   judges aur generals ko b jootay maaro ye sb isi like hain! beghairat bezameer ghaddaaar!	0
  bhai ye sab kaise hojata hai?	1
ary randi b mn teri amma ko e smjhta hu yani mn tera bhai hu pr mn bra bhai chod hu bch k ryio😂😂💖	0
gand mara bhenchod	0
go niazi go yahodi	2
 kuch nii hum ne kyaa chahna	1
 kuch nahi hua mujhe	1
saaf dikhhai raha hai, iss aurat peh english jin ka saya hai 😀	1
 hahahhahaha yar shadi k liye leave li hogi na 😂 aur ghar me krne ko tou bht kuch hai🤣🤪	1
yeah aink wala dado abusing krta hijra net par baat kar is ki lee kaal mai bhot hijra hai yeah😂😂😂	3
chup kar madarchod gashti ki nasl randi ki pedawar gandgiri ki malika gand pakar idhar apni	0
dr sahab: kafi bechain hain aap shadi ki liye?  mahjabeen: han aur nhi to kiya itne sarey kapry, jewellery, joty, duppate milengey, parlor se tyar hongi aur to tasveeren bhi khenchein ge, dostein bhi aaengi! 😂😂 #pyarkesadqay	1
karachi kashmir tu bari bat hai aik inch b le k dekhao ap tumhari okat kia hai abhi nandan ko ro ro k manga tha k ni tum ne ase hi ab india ka bhi endia hone wala hai.kutya.	0
 besharam to ab wo hain jo ab bhi in k followers hai	1
 ni... feb se prhna meny so is lia 1 more day 😌	1
 mujy lga shyd neend mai thi😂😂😂😂😂 aik ankh sy daikh rhi thi shyd😂😂😂😂	1
farhan khurrak tera wazir e azam kiya hijra ha jiske 7 arab =50 rupee huwe	3
 ye tm jo kh rhi ho ye tek h tm muslim ho tera mzhab tje ijazt dita h nnge sir vedio uplod krne ki muslaman orten kbi ye nara nh lga skti agr une apne rab pe yaqeeen h to.. phly apne greban me jhnko shem on u	2
manta hai na ki tera baap hu... jaa beta aakhri maal phuk or so jaa	0
hmm tera baap tha na woh.	0
lanat tuj harami par. pakistan me tum jesay begheraton ki kami ni.	2
hi khalim, humain iss hawalay se aapki madad karna chahte hain.kindly dms main hamaray sath apna number aur mukammal location share kijiye. shukria! 🙂	1
rt : #asim 2 #shehnazgill :- mujhe mere baap n pathar ka bnaya h in baato se m hurt nahi hota.  me:- then why u were showing ever	1
tu sach much shaitan ki  paidaish ha.your channel continuously ran the news for an hour .	2
jee lekin wo paisey nhi phaink rahay, inko properly utilize ker rehey he corona se fight ke liey. agay aap ki merzi sis.	1
 kiya ap apni sister ko raat ko akely bahir jany dein gy? akely kahi out of city? nahi na kiun? kiun k halat nahi theek. or ek aurat to ye sub kar nahi sakty obviously ap mard k dar se he roky gy na????	1
jo loot rahy hn aur kar kuch nahi rahy onko bolo, aik extension k liye poray nizam ke maan behn karny walon ko ghaliyan do, yehi tu wo laanat ha jis ny is system ko barbad kar dia ha, jub waqat pora ho ghia ha tu jao maro kam karo, aik pm 2 sal poray nahi kartabti katny a jaty hn	4
abay saalay tujhe block krta hu ruk 🤮	0
  madam aap single hona madam isiliye 😂😂😂	1
aurat ko azadi nh  aurat ko rights chahye  or yh wo baat h js mn 80% male women ko support b krty hn ...  what a cheap agend behind all this azadi march . #auratazadimarch	1
makkar jhotay haramkhur  corrupt  besharm and beghairt  kutti kee nasal	0
"gustakha r beghairat hai tariq jameel is beghairat ny sayiduna hazrat yusuf ""alaa nabiyina wa alihis salaatu wassalam ki shaan b gustakhi b ki hai""."	2
   look bro tu ab new fight na start kar sab shant hai ab to silent hi rehne de.i don't want any argue wid u koi issue na banana mjhe so plz stay away #kingasim 💪💪💪💪💪	1
nhi apk haqeeqi kirdar koi kuch nhi keh raha.. bs meri ek choti c bat ka jawab dy den wo ye keh es daramon or filmon sy hamari new generation ko kia sabaq mily ga??? q k bacha bacha mery pass tum ho ko ly k mutasir he...	1
jisko bhi hindu ki chudai par shak hai to ek baar mujh se chudwa kar dekho sab bhram dur ho jayega	2
bhen k lorey , 6 saal se tmhare jalse dekh rhe hain randi k bache, jhoote ki nasal.	0
"pak on tenterhooks they say as after 3 years of his appointment pakistanis have realised that he is a ahmadiya ""a non muslim"" and as per their constitution a non muslim cannot be the army chief ? after nov.2016 now they have awakened 🤔"	1
psl intezamia se mutalba hai ke lahore qalandar ke tamam matches queeta ke sath karwai jain..😪	1
o tweeter walo tum log sotey nai kia? 	1
to be na randi hy na asle....shame on u	3
aao bhabhi safaai aur chudai dono karta hoon	3
  sahi ja rhy hu	1
lifafa ni mil raha is haram khor kanjre k bachy ko lanti beghirat randi ka beta saleem safi dalaa	0
tum ab apni choti kuri b paish kar lo tub be tum nawaz ka-l-be nahi okhar saktay bharwe kanjer	0
muje yaad ha zara zara tumhe yaad ho k na yaad ho	1
phatt gai abi, gashti kehte hein tmhin bcz you are that.,	3
 lakin mera toh past tha yeah..🌝	1
chandrachud ki sahi li jaa rahi hai, lekin ye bhenchod nazeer ko free pass  kaise mil raha hai?	4
sab log is bhenchod ka account to report karo. easily report ho jaye ga for fake name or something.	4
jo garib hy lockdown ki waja sy khana lene ka paise ni hy un k pas mobile or internet hu ha apply krne k liye?	1
ab ye wahn bhi ghasety jayengy ia allah pak ny in sa hisab to lena ha akhar itny logo k baduayn han inhyn ink waqat bhot qareeb ha ia	2
kitane maulviyon ne tumhari ammi jaan ka halala kiya hoga tab jakar tum jaisa suar nikla hoga .. ye bhi to bta re mulle..	2
 mein charpai se koood kr jaan dy doonga 😭	1
chuss marny se baaz na ai lanti aurat  ...😋😋	0
 tere bina jeena jeena mumkin nh 😢	1
mje meray uni k marasi yaad agay 😂	1
  arey apas main decide krlo dm main merii noti na bajana	1
if you have harami, begherat and lanti friends like this. trust me you have everything. ❤😂✌ #ehdewafa	2
randi in mandi kutya tu bhi reham bn rhi h madarchod gshti minten kr k pic bnwati ho aor phir bkwas krti ho u bastrd	3
hahaha except inka rona din rat brabr hta h	1
  hmain tou nzr nai ain kbhi teri stories😜😂😂	1
charsi begam	0
sir halala ki aulad hai yeh	2
     hum b upset he huay hai us k sath daikh kar...	1
bhaunk shoooo😂😂🤣🤣	0
hum aapky h kon....😂😂😂	1
 drama ki story py depend krta h kon c story mjhy majborr krti daikhny py	1
mery pas ha jwab aor day bhe dia ha es bayghart kanjar kashmir frosh gandu lanti sazishi kanjar imran yahodi ki najaiz olad ko	2
is gashti k bacho ka pir yahi kahna ha k jese is k bap navaz shrif ne kaha tha k india mane pakistan  ne dahmke karve ab ye kanjri ka bacha usi ki zuban bohl raha ha	0
basically aap log chahtay hain k lock down ho or hum phir ghareeb pe 0olitics krain k ik nay mar dia ghareeb ko. but allah is with ik	1
fasla rakain bad mein ap ko yad a jta ha mein ny garylo larki say shadi karni ha	1
my property namard gandu randi kutiya  presents didi and maa ki panties.. this sissy has fantasy of being fucked my his shemale sis and shemale mom. pls dm him	3
actually yeh hi hijra sarkar hai, agar dam hai toh kashmiriyo ko band kyu kiya hai. hijra hi pm hai	3
tmri taraj animals ki potty n khate... tm jaake  bomb fodo jaake.......halala ke masala.  niklo.. yaha tm atankiyo k liy jagah ni h bhai. yaha atank n failaooo	2
soch to teri zahir ho e rhi h  or lant appy wo b beshumarr 🖐🖐🖐 or jiski bat kr rhy ho tujy mirchii lgi na  to esii batein phir nikl e ati hain	0
abe jaana mullle sale bhikari !! halala k maje krwa apni maa ko	2
randi gul patakhi,,,,hareem shah se umeed rakh	3
lahnit is beghairt molvi pe jo itna gir giya ha	0
the fact that clubs like watford, leicester, everton and southampton will get rid of managers in an attempt to finish maybe 10th instead of say 15th and we went get rid of this bhenchod at the cost of arguably the easiest top 4 finish in the last few years is astonishing!! crazy.	0
beta mein teray jaisay 2,4 le k maroon ga...☻	0
apko samjh aya ke likha kya ha ?😐😐😐	1
abi to safarish he pta ni manzoor ho k na ho 	1
abe mc mein bheju teri maa cow ka photo kat te hue bc. chod teri tarah andhbhakt nhi hu aur nhi illiterate.. go and drink cow piss.	2
rt : kisi ko bhulnay k liye ussay yaad karna parta hai. aur idhr bhenchod yaad hi ati rehti hai bus	4
 asa e pouch raha ap gusa e kar gye 😔	1
abe oi motherchod, bhenchod kadanchod, apne aukat pe rahe samjhi na, randi khe aulad...! hijde xale	3
 esay kon marta hai??🤣🤣	1
wtf yrr kia pagal aurat h 😡😒 aesi ki wja se ee jo deserving hti jinki help ki jani chahye un larkiyon ki b koi help ni krta, bilawja 'aurat se aese bt kr rhy etc' kr ri 😏😏 msla srf o srf isse punajbi ka h 😒	0
bs khela ni jata ... bazu sun ho jata ha	1
 mujy yd aa wo zra zra unhy yd ho k na yd ho	1
yakeen mano hum bhi bhot khatey hai bas picture or location nahi dalte	1
 degree kis kam ki...humary pas koi nokarya nahi hai..hasi khushi ki zindagi sirf khahanyo mein hotii hai..tabdeeli😄😄😄	1
 original attitude boys ma hota ha aur fake girls ma	3
bhai wo 10000 kits wala kia scene ha	1
aap mujy follow krooo	1
abey chipkali ke chut ke pasine tere dono akhrot tod kar majaar ke bahar baitha dunga samjha bsdke	0
aur mene saab us rab per chor dia jo logo ko tanha ni chorta ❤❤❤	1
tum beghairat insan pehly kis se zamanat li hy kameeny khabees iblees ki oulad 😠😠😠	0
ha bhenchod sale jnu itna acha h to waha se sab wannabe social activist/jehadi kyu nikal rahe h aur kabhi koi kuch bana h waha ka koi student ?	0
hahahaha ni mulk ko ni bs charsi ko chars ki zrurt hy	0
rt : zaroorat hoti hai to yaad kartey hain or kehtey hain hum tum par martey hain? 😏	1
 abi hajj ni kea 👊👊😂	1
kaash tere maa baap ne teko achese padaya likhaya hota ...achi shakal hai nhi teri kam se kam achi baat kiya kr ...pappa ko bolo condom pahne taaki tere jaisi firr na galti ho	0
yeah tum dono ek dusray ko dekh k har waqt muskuratay q rehtay ho..kuch toh garbar hai..🤣🤣	1
as a nation ham sick minded people ho  chukay hamari priorities main leak videos ko phailana dekhna logon pay nazar rakhna joothi umeedain or doosron pay yahoodi honay k fatway or gaddar kehna	1
jab yahodi laobi karwa rahi ha sab kush usa b by bas ha tu pakistan ki kia oqaat ha usa k aghy	1
 kuch nhi bs dil kr rha tha fun krny ka sb k jwb sunny ka😂	1
 shukar karo main ny notice nae keya 🌚😂😂	1
cheesecake pasand karnay walay log kahan se atay hain yaar	1
kya ab dish py ptv sports dekh sakhy gy. ..kya method ho ga?	1
kanjar ke bachay, haraami mard, poori side pe jagah hogi but nahinnn, aapke oper se charh ker jaayengay jab tak har jagah hath na maarlen.	3
rt :  qsmt chny baichne gayi hui saali	4
 yeah single life tab tak best hai jab tak aap ko kese se mohabt naw hoye ho i am also single but 💁😹	1
 gaur say padhiye is trend ko isme hindu ki koi baat nahi hai baat ho rahi hai hindutva ki. extremist are always dangerous for society either hindu or muslim.  #	1
sare amm tweets main bat kary gy to sab ko ptaa chaly ga naaa 😑😑🤦🤦😂	1
apun saab ka  apun ka koe ni	1
 saley  modi teri gand pe atom bomb pharen gy. 🇵🇰	0
date pe bill khud pay kro. #stopauratbarbadimarch	1
lanati hai vo haina.   ,  ?	0
chod de bhai, you are trying to defend something that cannot be logically defended.	1
karachi ki mashoor randi sana	3
bhen chod kuch kaam bhi kar liya kar. bas khaali baithe baithe baatain hi chodta hai tweeter pe chutiye. sale gulalali ko bhi baksha..	0
 oh tere mubaraka 😂❤️	1
tumhain apnay baap kay firqay ka pata hay , yahoodi kay bachay	2
 hahaa hi dear gorgeous sath main	1
  arry mzak tha bhai 🤣	1
ab to saalon tumne price bhi bada diye, calls ka extra paisa bhi le rahe ho, chutiyon ab to thodi speed sahi de do. bhenchod ye 1.5mbps ki speed kya hoti hai 4g me. ab ye randi rona mat karna sir ghar ke bahar aake use kariye and all.	0
habib ka muh me le le bhen chod	0
acha kch bnana ata ha tmy 😜😜	1
 mene to phly hi bola tha ab yaqeen ho gya manu😐😏	1
kiunke afghanistan mein pakistan ne america/england/ nato mi bhen chod kr ralh d isliye for your info mushharf equipe missile۔tecno to libia when france stard crying making pp in d pants pakistan i s i deafeat america/england/nato with american help۔i s i father of all۔agencies	0
 acha chill kr enjoy kr 😂😂😂😂 pubg khailtay hai a ja 😂	1
jaaani ignore maro sab ko  sab ab philosopher bane ge 	1
 main hoo naw meri jaan	1
bhenchod yeh tips ka kya rr laga rakha hai kabhi bowler ko credit de do	4
bhenchod or idhr tmhari mann py lecture deta wo. ju us ny kia dekha sekha woe btana tha.	0
bhen chod!!! what ?	4
why am i so akhrot? parh parh kay sab ko parha parha kay paper dekh kay aisy lagta jasay kabhi kuch parha hi nai	1
kitna acha desh chal rha tha humara. aur ab kya ho rha hai. kuch kriye baat kriye aur j sb khtm krein.	1
bharwe 😂😂😂	0
seriously i miss writing assalamu aleikum on twitter samjh hi nahi ati baat kahan shuru hoti hai kahan khatam 	1
chutiya saali or expect dekho kya karty hai	0
 yeh wohi teeka ha jes ki tumhe yaad stta rahi ha...her kisi k teeka per tumhari nazer ha..	1
  mn bhi miss kr raha tery ko nhi dry fruits ko tcs kra jaldi 😂😂😂😆	1
 kuch wesy b rahen mushkil thi kuch mujhy mrny ka shoq b tha.. 🖤	1
abe saali😂😂😂✌	0
kabhi halala kabhi kya kabhi kya tum log bus apni bahan betiyon ko nanga kar nahin jante ho unki ijjat batana nahin jante ho kya tum	1
mard muhbt kr bhi ly tu aksar aurat he dhoka dy jati h usy 💔	3
why nawaz sharif khandani ameer give you imran chore zakat khore yahodi any one rupee bond. shamed you are doing nothing for pakistan but do every thing for trump and moodi	2
 ap ne apne point of view bata dia... ab sab ne jo karna hai unko karne do..muft ki behs main kia hai	1
 bc government protest kar rhi hai kya 😒	4
#article6forptmleadership  goli merni chye sab ptm walo ko	0
but sorry hm kuch nahii bolein gy hmari economy ka msla h 😡 	1
#shukla sahi h mahira dogli h sali randdi bhn ki laudi jhootha iljam lagati h nicha dikhane k liye	3
   tu de to sahi 🙂  jan churwani mushkil ho jani teri phr 😌😂  na cherr malanga nu	1
 kal me ny theek tweet kia na 😂	1
if she's got 2 a's in her name she's aurat lmao haha...what do you meaaaannnnnn	1
 pochna chahye tha	1
lanti hyn ye harami	2
yahoodi agent ki shakal dekhi he ak gadhe jesi shakkal ko aap chand se mila rahi hen salute krta hun aapki ghattiya soch ko😁😁😁	2
neend aa rhi h bc main sone jaa rhi hu 😂	4
sasty charsi 🤤	0
  ayeee...mera dimaag maths ka kharab kar dia 😂sholyyy daac saab	1
 aur jo haseen na ho usko koi munn nahi lgata	1
battery low ho rhy apke cell ki charge kr len😜	1
 koi nhi, hum kisi ko dosh to tabhi de sakte hein na jab hum sahi hon.  wahi karo jo sahi hai.	1
beghairt kutti zinda hai? 😪😂	0
ap boht mukhtlif han shyd men ne boht ahle tashion ke daikha magr ap muktlif han pak han aap men ne iran ke lrkion ko be daikha woh to jesy bibion ke shan ko amjhi he nai han kubhi ap boht mukhtlif han mera maqsad boht bara hai..... men woh hn jis ka intzar hai dunyan ko 🇵🇰✌️	1
jappi le le k gand bhi marwa le gaddar bsdk randi k bacche	0
kaun iska movie dekhne jata h be iss randi ki ek movie bhi koi na dekhna	3
wo pyaar karay na karay woh alag baat hai tum koshih bhi na kero yeh toh ghalat baat hai...!🤭  #thursdayvibes	1
yaaro mubarak do shonay😌 mamu😂  ko r pyari behna❤r cute nephew😍k lie duaien allahpak khushiyaan mubarak kryn kisi ki nzr na lgay ameen 	1
bauhat sardi hai bc	4
bachpan main abc padhaya gya tha humain lakin ab yaad sirf bc rah gaya😂 #memetwit #sundaythoughts	4
no! you should look like charsi lol 😝	0
"sir eugene:"" apke father aaj aye toh mene unhe bataya ke apki attendance nahi hai toh unho ne tumse pocha""  me: ""jee sir mene kaha sir ko parhana nahi ata toh me jata hi nahi toh unho ne kaha acha chalo""  *awkward silence*"	1
 tum 102 salon k ho??🤣🤣	1
medical report mai rape show hote hi rapist ko saja de deni chaiye kyo saalo tak un bichare maa baap ko ehsaah dilate rehte hai ki unki betiyan kis dard se gujari hai #justiceforpriyankareddy #justiceforroja #balatkari_mohammed_nikala  	1
 apki behuda soch kisi b logo k pichy chupy iska pata logo ko chal hi jana hy, bs dukh is baat ka hy k hamary kuch bewaqoof log bina sochy aap jesi aurato ki bato me ajaty hyn.	0
waseem jahil baap se murad sirprast	0
aja gashti ab tere pics or tujhe insta py randi k naam se famous krta hun gashti aurat	3
batayen na anpado ko bhi hak hota hai	1
jis ka control ab b hai tm jaisi joothi aur bohtaan baaz aurat kamm e hai duniya mein	0
abay saalay ka hi to bollywood ki stories se nikal aaya kr bc...	0
"believe me most of us are missing his voice from psl anthem..! his voice was ""jaan"" of psl❤️ #pslv #tayyarhain "	1
thank you  🥀😌  stay happy jo bhe hai 	1
maira pass badam, pista, akhroat, chilgoza, mongpahli hai  tumhara pass kia hai..	1
terey baap khoosa kanjar ne nooray kanjar ka badla lena tha es leay yeh sub kia  	0
"bc  said bla bla bla.   reply with anthem ""tayyar hain"" 😀😂😁 #psl2020 #pslanthem #pakistanarmy"	1
main 5'8 ke sath bh chota lgta hn bc😶😑😑😑	4
aise kaise bhenchod	0
from the condemns the attacks on the indian diaspora outside  and urges the west to support marginalised groups in pakistan such as #balochisthan #ahmadiya   for a better	1
hello friend  good night  or ak  bat  kal jummah ha nah lena 😜	1
yar kahan sy aty hain esy loug??!? 😑bc mzak hai kiya?	0
sahi kaha aap nein	1
nalla #nallaminzi156 #halala ki aulad minzi #chuslet minzi #manofwordsid	2
#iammumtazqadri  shaitan taseer khanzeer lanti	2
rt :   beghairt word will mind it calling her beghairt 😂	4
 😅😅😅😅 han g ye to sabit ker diya aap ne.... 🤭🤭🤭🤭🤭😅😅	1
teri maa ki phudi hy. nawaz shareef ny kia jamaima ko choda tha jo eski waja sy juda hovy hn. teri jase randio ko chodta tha eswaja sy wo chali gai ti	3
tu bhi kyu nahi jal gayi saath mein randi ?	3
laanat ho trum aor ise ke sath himyat me jo bhi mumalik hen	0
bhenchodo ny khud videos dekh li hain ab dosro ko share krty khof e khuda yad agya sab munafaq kutty. #rabipirzada	4
pilai hai kis nazar sy tu ny k mjhy apni khabar nahi hai	1
shukr ha kisi ko tu payar krti ho	1
 ok ...wo is lye k jab tmhen ghusa ata to mjh khushi milti kalejy me thand par jati hy*_*	1
dil sumbhal ja zra bhenchod	4
jo loog tm pe marte hain  wo maar q nahi jate🤔	1
bilkul sahi faramaya aap nay syeda.	1
 o wow yh to main ny socha e ni😂	1
agr us bibi k iradey mazboot hen to bolti q band gai us ki koi tweet q nai kerti tm jese ghatya logon ne uthaya hua hai aisey jahilon r choron ko shame on u jahil aurat apni hi pehli bat ki khud nafi ker rai ho k tweeter khamosh hai lekin iradey mazboot hen lanat	0
ye randiyo k sath koi bhi beth skta h yh aam bat nhi h.	0
esi ly main tanhai pasand hon aur ap 	1
jab masjid ko log tala laga dete ha to masjid ke chande ki peti ma to pesa hota ha g	1
i mean js ko raat ko late tak nend ni ati woh sbhu aik din jaldi uttah jae tu raat ko time se e khud e ankhen band hona shru ho jien gyn	1
 abi tk tu khair hi haa😂	1
kbhi unko nend boht ati thi or aj wo hmse bh dair sy soty hen 😄	1
yo randi	3
this is serious. y pti is afraid. is it the money of shaukat khanam or actually some yahoodi lobby or working behind it.	1
pta nhi kon si uni se graduate hote ho aap log jnha aesi wahiyat education di jati hðÿ˜‚ðÿ˜‚ðÿ˜‚ halala, gazwa-e-hind, camel urine or pta nhi kya kyaðÿ˜‚ðÿ˜‚ðÿ˜‚ðÿ¤£ðÿ¤£ðÿ¤£ðÿ¤£ðÿ‘ðÿ»	2
 me tu kisi ko bewafa nahi keh rahi lekin according to drama danish ne kha tha mard mashoor hai bewafai ke liye	1
 nahi hai din aap ka aaj maan lein aur so jayen	1
 nafrat nai mohabbat zaroor ho jayegi poetry se 😂😃	1
 bazar sa mili nahi the kal  😂😂	1
maderchod bhosadike bhen chod beti chod bhadhav saale	0
  pata nahi india ney siachen par kabza kar key kia achieve kia hai..siachen main na toh kisi kism ka khazana hai aur na hi wahan koi cheez ugti hai aur na hi siachen main aam log reh sakte hain....so i dont knowwhy pakistan and india are fighting over siachen..lol.....	1
dm ka option hi nae ha kahan share karun 🙄	1
achha ji...apko gaand me lena pasand nahi hai kya?	0
abay saalay jisne nahe kia us per to ghussa na utar na lalay	0
bc inki bandi ko koi kuch bole to inki gaan me chul machti hai bkl dogle hai khali rt khane aaye hai yaha...!!!	0
"her personal boundaries or harass her.  imagine a politician you like. now attach the label ""ahmedi"" to their face and gauge your own emotional reaction, or imagine the general reaction from this society."	1
tu phir dair kis baat ki ha	1
 🙏🙏😂😂 baaz a jao bs tum 😑	1
imran niazi aik mirrassi hay. drama baz yahodi agents both are bajwa and imran destroy pakistan ajenda khosa sahoolat kaar and naibe chore javed pco musharaf chamcha javed bagairat sahoolat kaar pti. failed govt. kunjer logown ka akath hay pti. gaddar watan farowsh imran.	0
bhaii apna randi rona bad mein roo layyio aj psl enjoy krne de bhai😂	0
 ek tou m bhang piyun aur wo b bwp ja k 🙄🙄	1
  yehi ke iss ko kuch nahi pata	1
ek din thk hota hai fr connection ko mout pr jati h ihy ptcl😒😒😒	1
mohabbat toh woh hai jo hamare pyaare nabi (s.a.w.w) apni ummat se karte  hain 😍	1
ab kuch zada hi horha ha  la dobi gi ya.	1
 😐 baat tu sahi hei per hum phir b kehtay rehtay 😐😐😐	1
 lekin asli mai bhee tou kartay hain na. tou khuaab mai ye thori pata chalta hai k khuaab hai ya haqeeqat. phir agar na istemaal karain tou kya pata khuaab na ho haqeeqat ho.	1
 kon a voooo?bta bhai ko.. abhi leta mein uski..class.🙄	1
haseeb : apki plastic surgery karvani pary gi.. 😞 dua : acha..?  kitny peesy lagein gy 😳 haseeb : 10 lakh😥 dua : acha or agr main plastic ghar sy ly aon to..?  😅	1
" ""farah"" matlab "" khushi ""😍 jo meri wjh sy dosro ko milti hy allhumdulilah"	1
abay rundi ki bachay... tere maa ko kitne mardon k paas bhejaa hai dallay??? itna experience hain na tereko saalay hijre hrithik ka bacha hai hee nhi jo usmein milega???? saalay wikipedia tere sex partner o gay prove krdiya	3
aj to tu rat bhar soyega nhi  aisi maa chodi h tere maine 😂😂😂 or teri bahen ko mere bhai na chod dala 😂😂😂😂 ab raat bhar tu pglayga yhi soch soch k.  aj kaha fas gya mai.  bhai suicide mat krlena 😂😂😂 bahen ko mere pas bhej dena	0
iqra idr mostly aise he log han ya to umber se jaya na kren ya phr chup kr jaya kren q k ap tweet krti han to at least mujy or tension hti jb ma ak mazeed aisa beghairat insan daikhta jisk ghr me koi maa behn ni ha isly wo sae behave ni krta ladies se.....	4
( only for bajwa ) kya tujhko moot aa rahi thi ? jo kuch pakistan mey hone wala hey, tera baap bhe nahi rook sakta, bajwa is no.1 g _ _ _ u army chief of the world, january is very important month, because saturn and pluto are conjuncting after 33 years, kuch samjha ?	0
 his ko nakla q pata hai	1
rt : asa kon ludo khelta hi bc ....😇	4
jab sy tu rundi hoi hai her kutty bilay ki fikar hai tumain	3
smjdar ho	1
 dil pe lgti bat kbi kbi 😪	1
abe chutiye suar 🐖...wo jab dawa kiya tha tab tera baap tha wo aur aaj jb tu bol rha tab antonio teri ammy aur powar tera baap h	0
bhenchod gun law implementation  krlo pehly tum.	4
abe halala's product...london se yahi sikha h ki always talk nonsense and divert every issue as hindu-muslim..abe ja ye gyan kisi or k dena...wo 15 min k liye police hatane ki baat krta h	2
wo muzakrt ho rahy hein ho skta ha wo man jaye😂	1
she is bussy in dreaming of akhrot 😭😭😭,2016-09-24 17:53:58	3
randiyon ko discuss kia jata hai	1
fuckoff bhenchod	0
mera jazz don't distrub my privacy but always remind me once a day k there are many message in ur box check them by dialing xxxx or reply but sorry jazz jee mere pass paisey nhi hain😭	1
abe bakrichod 😂, randi ka bacha sala	0
abbey saly randians, achy tum bs apni hi behno or bhabhion ki chudai krny m ho ya unko doosron sy chudwany m achy ho, wrna kisi or field m to achy ni ho tm log!	0
bhenchod gandi nasal k log zaleel kerwane ka thaika liya hua hai	0
imran khan's speech summed up in a phrase. imran khan: bhenchodo mar bhi jaaou ab. ab qabar mei hi sukoon mileygaa tum ghareebou ko #imrankhan  #shehnaazgill  #hunarmandpakistan  #imrankhanpti #pakistan	4
merey sey shadi ker bhi ley ab bharwe	0
gashti tu tum ho aur isi business kay liay tum mulk say bahir gayee ho.	3
tu ladka hai ya ladki hai ya pahle proof kar bad mein degree show karne ko bolna tu ek number ka hijra hai pahle apna dik photo dikha 😆😂😂😂	3
"  sir meri complaints pe pehle 3 months to kisi ne kuch nai kiya lakin jab ma ne complaint number k sath khan sb ko twitter pe tag kiya to very next day meri complaints ko ""relief granted""  kr k close kr diya lakin kisi ne aa k dekha tak nai k masla kia ha 😂😂"	1
   aneen tum b hamysha khush raho🌺	1
 tujy pata nhe kaisi kaisi nzar atte hoge. allah maaf kry bus.	1
areba randi chinal teri qismat me chudna hi h jesy126 din tera roz rape hoa tha	3
shadi kar ln ga	1
ndtv, aur aaj tak news channel shahin bagh ke full support main.  sham	1
 kuch ni nend he ni a rhs	1
 😂😂 yr mai itni bor ho rhi na bta ni skhti  dil krha nas kat ln😂😂😂😂😂😂	1
ha ha ha bahanchod vo teri ammi ki appi ki chut ki pappi maine lii hai puch jaake suwar	0
randi kanjari apny father ka khyal abhi tak nahi aya	3
rt : lolll mahek your complement (akhrot nuts)😝😝😝🤣🤣🤣 #dipikakakar #sonakshirastogi #kahaanhu…	1
hindu sirf gooli ki zuban smjta ha	2
dunya khatam hojayegi likin january khatam nahi hoga	1
and will be allowed to escape ?!?! yahoodi agent hum se ziada qanoon k paband hain when it comes to corruption. they are more sincere to their country!	1
sir g psl songs ki abtk ki history m aapka koi saani nhi aap lajawab hain apki awaz m psl songs jadu hy jo cricket ka josh jzba r wlwala ubharta hy r dill dhmaal dalny ko krta hy u r fantastic ...  should give chance to you again next 3session	1
 he is the man k woh salman sir ko sorry bol day not like paras....ghalti e na mane...but enjoy the moment today..	1
randi k bachay tweet karna band kar, khinzeer ki olaad, kaafir	2
bss jaldi say 7feb ajaye🙏🏼😪	1
 yr wo tu general bat ki thi hoor keh dainy sy koi oski izat thori km ho gai wo tu aur barh gai he	1
the guy whom i was crushing on last year is getting married next year like bhenchod you're 23 kya tereko shaadi karna hai	4
  koi uss ki bhi majbori ho gi shayed	1
"what is halala ?  a holy way to reverse the ""khulla"""	1
gaandu hai bharwe video banate hain randi ke bache dalle	0
 khushi ki baat ha but implement kabhi nhi hoga sara kaam hi astaghfirullah sood par ho raha ha😥	1
ham uncles tu, wesay  hi dray huy hain. aap kew dra rahi ho. 👋😜🌹🙏	1
tumhari maa chod den gy yah irani kutte🖕	0
 aby etnii door mere shaher se😑💔	1
 ni ye achi hy	1
  hahhahah apko mazak lag raha hai main ny sach main btaa dyna 🤦🤦😂😂	1
srdi r grmi km ho to wo bhi bhtir hu	1
 me to bs idr ata hu ya khi aur dm ni ata 😂	1
aik bat bolonn bhai jan aaj jis larke ne protest pe fire khool dia ..wo bht ghalat taa..osko jail me dal dena chahye  agr wo jail me hai to mi bharat sarkar k ache alfaz me tareef  krne se ni rkunga....	1
soch rha hn danish bhuk ki waja sy mara ha?	1
jis trah bao g or billu mori k lun pa char ka nachte rahay jamhuriat ka randi rona rotay rahe anjam dekh lea.ab     ka anjam pmln pppp or molana munafiq jesa hoga.saray bharway gaddar afghanion ki palet nasal ki manji thukne wali ha.	2
sahi koyi randian ho jo kaho wo maan leti ho...asal mai tmhy koi frq nhi parta jo charhta hai tmhary oper wo yehi kehta hai es lye tmhy kutti kaho randi kaho tmhy koi farq nhi parta🎭🎭	3
main to us bayghart kashmir frosh lanti imran yahodi par heran hun jo apni hakumat may apny waziron say phudu ben gaya  hahahahahahahahahahahahahahahahahahahahahahahah	2
 dr sahb plz help us ak cancer ka mareez hy or shokat khanam walo ny pasy na hony ki wja sy discharge kr dia hy mehrbani frma kr sir kisi bi trha hm sy rabta kr ln wo govt teacher hy engr hy 03007334159 is number pr fone krna hy sir mehrbani krn plz	1
ye recipe mjhy achy s aati ha	1
   tu bhar main ja is k sath 😂	0
gand k baal tujhy mana kiya apni family shajra yahan na bta bhen chod dallay raha na tu koi gand ka kharora kisi anay shareef ki pedawar	0
 phir theek hai 😝😂	1
kyoon k humari qom tabah ho gayee hai, fouji larr nahin sakta, doctor diagnose nahin kar sakta, engineer brt nahin bana sakta, pia, railways, kuch bhe ho jub tak bahir sey koi madad nahin aati kuch bhe nahin ho sakta. yahan tak k safai ka kaam bhe turkish company ko deyna parra.	1
madharchod randi apni awkaat me rah k baat kro sali	3
 umar fukriyan word punjabi people use karte hai .kabhi kabhi muze lagta hai tum dono brothers punjab se  hi ho.	1
rt : bhenchodo cricket ki tweets mat kro	4
 alla... aur jo haarta hai wo waise he faarig ho jata hai...😁😁😁😁😁😁😁	1
   insta par jitne losty girls hai sub kee 3 4 m followers hai leachnaz 2.6m hai to kon c badee bat hai	1
no fan of zia but it baffles me that we glamorize bhutto considering he declared ahmedi’s non muslims, banned alcohol, made islamic studies compulsory in schools among other things.	1
or rakho fasla naee chaye na acha rishta?	1
rt :   aap ke baap ka bill aata hai?	0
boooooom bommmmmm booom....?   🖕🖕🖕🖕✍public chutiya nahi raha sab hosh main aa chuka hain sab ko lat lag chuka hain digital life jine ka boooooom bommmmmm booom tu to gya priyanka rundi khandaan ab india me koi nahi hoga tum par meharbaan booom	3
o chal third class marasi!	0
pakistan k anddar 2 pakistan bastay hain.1 corrupt elite orr dosra ghreeb ka pakistan.yai lahore high court  kamm orr randdi ka khotha ziyada lagta hy	0
 inshaallah ❤️ sb acha hoga..	1
rt : bhenchod graph paper pe eraser use karo toh graph paper hi gayab ho jaata hai	4
rt : aurat hoti to bhatak jati  maaa nhe bhatak sakti ..  these lines have my heart 💕 #alif	1
jis ne teray kapre utaare the na kabhi apne baap ko hijra na boli	0
rt :   eh behan twitter se bahr nikl k dekh boht vdi duniya hai	1
o gashti jab tumharay saudi wahabi un kay fouji maro gay tu wo sirf warning bhi na dain. 	3
 ab mukr na jai🙄	1
pahle khud ki shakal dekh aaine me sale meetha lal charsi	0
naak bandd ho gya bc.	4
  😂😂😂khud na le loon phir	1
yaaawwwr bc yh ceremony thi yah fotgi 😑  #psl2020	4
allied health sciences waly students be kia ajeeb cheez hoty hain er main apko esy ghooraain gy jesy phly kbi kisi ko dekha ni hai..and when you ask them for help..ahhh they feel so important 😂 i have heard their gossips...omg	1
where did good old motichoor ke laddoo and akhrot ka halwa go? poll rejected! 😭	1
afsos baji k kitny bhai hain bt bharwe itna confidence hai to apna tatti jesa mu b dikha sirf bhau bhau na kro aky ja k baji ko chup krwao	0
 prince please come #punjab please request hai 😩🙏 i'm waiting kab se 😭😭😭😭😭😭  ❤	1
 is ne is tweet pe kitne dollor lagaye hoo ge? 	1
hen te bigri da ki haal hoe ga 🙆‍♂️😂😂	1
behan.. humra tu rishta nhi a, skta russia sey.  hum tu isi trash se shadi kary ga  😂	1
rundi jub bhdi hoti ha tao woh kuti se b ziada gund kerti ha.	3
rt : o moodi or yahoodi us waqt ka intzar karo jb tum allah ki pakar mai ao gay  #stopgenocide_onmuslims	2
tu video dekhta hy mein teri amma ky sath woh asal mein krta hun..jbhi tou tu paida hua hy ...chakly ki ghasti	3
museebaton ka rona roo to ander sy awaaz aati hai tumhi ko thi naa bdaa hony ki itni jaldii.?  bc jhelo ab😤	4
 shame on you agar political parties galt ha to aap be galt karay gae #werejectmerajismmerimarzi	1
ye kuch xiada he nhi kr di doll ny...koi nhi mera dialogue tha tm ny keh dia its okey...bary he hamesha chotoun ko mauf krty hain..nxt time??i wil see u	1
sali randi chal fut	3
woh madarchod hi nhi bkl bhi hai  bhen chod bhi hai	0
 psl match schedule ki kitab main..🌚	1
ap log god nawaz ky taty chuk ana ku ky wohi ap ka azeem leader hy jo wahan bhag jata hy bar bar.  saly yeh jo fake peer hy tery ganjy ky dor man bi tha ab bi bata tab kis harami ki hukumat thi	2
  aurar march kr lo, ho skta ha practical bhi ho jaye	1
aag😉  sahee footage keliye itni drama karti hein baap re baap  aaj bhi dekhe tho bhau air sid baat kar rahe the beech mein ghus gayi,aur tel daali #arisingh   #captaincoolshuklaji	1
bc puri koshish kr rhe ki bukhe nange communist film ko jarur dekhe va banchod	4
pta hi hoga ...jb suhagraat pr teri maa ka yaar ne teri maa ko uske samne choda to pta to hoga hi	0
mai to aj bhi apni honda se kaam chala raha hu 😉	1
 hello agar apko hamari service se mutallik kisi mushkil ka samna karna padh raha hai tou apne connection ki maloomaat humain dm ke zariay bhejein aap ke maslay ko jald-az-jald hal karne ki koshish ki jaye gi.	1
ohh international tawaif tere jaisi randion ko koi ghaas bhi nai dalta zyada chwlain nai maar tum log jitna bhi kr lo pakistan ko nai tor skti cia ki tawaif	3
facebookiye strike incoming bhenchod	4
lolz, whatsapp se bahar nikal akhrot and have pork chops in dubai	0
lakh lanat jhoota munafiq tareen yahodi imran chore zakat khore yahodi agents both are bajwa and imran chore zakat khore destroyed pakistan	2
 sir abhi tak online c leave ka koi faida nai hua. aj mujy chuti chahiye thi lykin nai kr skta ku k mea ka visit nai hua abhi tak.	1
 pupho chup kr k beth ja	1
 chl jhoti wo mara hi nih...kal dekha mn ny ise🤣🤣	1
gashti orat tujhy koi amreci ni mila abi tak jo teri garmi ko thik kry kise gashti maa ki baiti,	3
 aurat khiloona nhi h jis se sukoon lena h bs us k sath bht se or chezain jurri hain. ye aik muhabbat ka rishta h aik ehsaas ka rishta b h aik ayat na focus karain bs agay pechay b dekh lain. ( sada alfaz mai tarjuma b kr dia h 😅 )	1
shekhar bhai inse mooh se moofali toot ti nahi hai aur gaand se akhrot todne chale they. #maulanafazlurrehman ne apni dono moofali ke mooh meindaal di #pkmkb	0
hes gone now. allow it. you sound like a heartbroken banda wining for his kanjeri back.😂😂😂😂	0
nai bdi soni lgo gi  tiktok bnao or mujy btao ma tmhy judge kro ga	1
htv k baap bajwa ko extension mil gyi. chlo bajwa sab ab hi sharm kha lo. kashmiri 160 din se apki rah tk rhe ha. kashmir ma foj bejho. hijra na bano. ap se ache to wo shia ha jinko hum kafir smjhte the unho ne american foj pe missile dag diye.	3
 kal b aisi hi pitch thi zaini ✌️	1
tweet pe tweet pe why..?	1
abey chal chal gandu arastu iqbal haramkhor nawaz harami k bharwe tjsy kisi ne raa'ey li chutiye jaa k apne panama wale baap nawaz ganjey ka pajama badal aur us ganjey manhoos ko qatri air ambulance m bitha k dafa kar taa'k is mulk pakistan se manhoosiyat ka saaya door ho 🖐🏿🖐🏿	0
bhenchod is time mood ki maa chod deta hai ye banda	4
just tell me who runs india's economy govt companies like bsnl, or pvt like jio and airtel stop cursing billionaires and businessman. they build the economy without them the nation is bound to doom. automotion is good.	1
tum mangtay wo ho jo tmhein acha lgta hai lekin allah deta wohi hai jo tmharay liye acha hota hai 💕 	1
chup bharwe hamesha kutte ki tarah bhokha rahta hai bc	0
 lucky hu.. hum ko tu sirf emails wale dm hi ate 😂	1
rundi ka bacha teri behen ki phudi	0
bc direct hi match hi start kar dety opening ceremony miss kara k.  😑😑 #psl2020 #pslv #hblpsl	4
 kitna mal khilaya ry tum isko	0
mujy b lay jata harami😢	2
🤣🤣🤣👍tu khudi agai	1
 o bhai wahan bhja hai link.. msg p.. over na hua karen	1
randi ki bachi qismat! maa ki lauri ny ghar jana bhi mushkil kardia	4
this hijra bilawal is the scum of pakistan	3
es bc ko apny followers aziz hi na k mulk. #lanati.	0
says a hijra	3
continue rkh ek din tujy b mily gi😂	1
ap na khud he bandr ko sherr bnaya tha laken bandr he nikla to is mei us ka kya kasur.	1
madarchod teri gand mari randi chood tere muh me kutte ka lund gadhe ki jhant fafund wale lund ke	0
stop randdi ronna — you idiot khussra	3
 behn ji kyu aap hazrat un cheezo mai parh rahy hai jinky sath taluq hi nhi ha auratmarch ka. plz aagy peechy study kren islam ko b study kren sirf social media pe bewakoof na banny.  kia apko lgta pakistan mai aurt ko wo haqoq mily ha jo islam ny diye hai....?????	1
khuleaam madarchod gandu gandhi chutiya gandhi haramkhod gandhi or kitna gaali dun o  bhi kam hain us rundi ke khandaan ke liye🖕🖕🖕🖕✍☠️💀☠️💀tonic sudh desi 🇮🇳👳🖕🖕🖕🖕🖕🖕✍	0
 uske youtube pe ja k kaho keh me krti hu ilaj	1
saare puncture vale job maang rahe hain.. bhenchod jab bhi inke pass gaye bole tube badalni padegi.. to hum kya karte tubeless lagva liya aur abb vo keh rahein hain #notmypm unki maaa ka bhosda	0
 aap beth jayen chup kar ke.	1
 tum ko koi sheram ya haya aati hia k nahi	1
ha ma yahe kam karta ho bs 3 din rah gay	1
   toh main ny usay kuch kaha??😳	1
ye muh parde ke liye nhi chupaya  ye hijra hai es liye muh chupaya hai😜	3
soory guys intract nahy kiya 2 din coz i was busy as hell somewhere 😔.	1
 yha koi bhi eetbar ni kr rha🧐	1
ap ko mard banny ki acting pasand i? agr ni to hijra hi bany rahye sir ye mardo k kam hn hijro k ni.	3
teri maa bhi aise hi bhaunk rahi thi jab uski bangladeshi bengali mulle ne gaand maari thi. jabhi tu chut ke badle gaand se paida hua hai. tu bhi bilkul apni maa pe gaya hai, wo bhi aise hi randirona karti rahti thi 🖕🏼🐷💩🇵🇰	0
 acha tareka dhondha hai larkun ko ganda sabit karny ka but aesi neech harkat larkyan he kar sakti hain larky nahi.	3
ye kanjar hijra jo sindh pe musalat ho gaya h in shaa allah iska haramkhorr baap zardari b kuttey ki mout hi marrey ga aameen summa aameen. kanjar khandan zardari khandan 🖐🏿	2
 ni me phly ja chuka tum yhin rho 😔	1
nazar lag gayi bhenchod fuck this i knew it would never last	4
 economical range main elis photography walay are so good	1
yazidi toh hindu hain.woh bhul gaye hain unka roots may be.  i am not sure.  ahmaddiya ka baat na karein toh achcha hoga  bahut time kharcha hoga detail mein jaana	1
 kia ni pchta	1
here's my twitter fam finally, sb dekh lein koi miss to ni hogya..	1
shukriya nai bs paisa isi cheez ka lena ha hm ne 😂 😂	1
maan gai tou waqhi kisi rundi ka buchaa hai,kisi humsai ki choot...apne baap ka bherhaal nai hai tou...main100% sure hon k tou apne parents ka b butamez ho ga...initially i thought k smj jai ga k gali nai daite pehle kisi ko lkn now i'm sure k tou waqhi kisi koothe ki pedawar hai	0
aj lahori antian sati randi ko bula rahi hn 😐😂😂😂😂	3
bhenchod kutton waali inki har jaggah social media pr hoti hai pta nhi kis matti k bny hain😑	0
   abhe bus karo laro mat shodo	1
  main toh soti hi nahi 😭😂	1
 o hello tameez say..ahad k baray main kuch nhi..😒	1
chup bahanchod teri gali wali tweet ka reply gali se kiya maine... yahi tabse samjha rha hu ki har action ka reaction hota h...aur reaction tum chutiyo ko bura lagta h..apna action nhi dekh pate phir...	0
bharwe k bache apne walid ki tarah fake post share na kiya karv.	0
"humary naye sir itnay young dikhty thy aur height bhi itni nahi thi so maine apny sir ko bol diya tha ""o bhai teri class nahi hai chal nikal"" phir 3 din kay liay college walon nay anay hi nahi diya"	1
   nai nai nai bilkul bhi nai matlab tum ho kon jiski my ny tension leni hy wo to aesy hi my msgs kar rahi thi ky meryum sahiba wapes a jain	1
time pr so jaya kr bhenchod	0
 jin logon ko shaq he nauzubillah bibi fatima a.s ko zameen ki lalach thi ase baat nahi he unho ne dunia bhar ki orton ke lie misaal kaim ki ke apne haq ke lie apni awaz bulann karni chahye	1
abbey halala ki paidaish, 5 baap ki aulaad. patthar baazi ke alawa kuchh kaam kara kabhi teri kaum ne ?	2
hopefully✌️😂😂 ab itna hi mazaaq hota ha 😅😅	1
hahah jo mote chicks wali psnd ha woo shokhi age se sugesstions de rhi 😄😄😄	1
chalo dekh len gey in sha allah	1
 q mobile to bht mehga h nokia 3310 ki offer deni thi na😂	1
bhenchod tum logo ke pas kam dhanda nai he har wqt aashiqi mashooqi ka rona lagaya hwa hota he.	4
u hate but u do?? toppi drama bss kro bhen	1
haan yaha to murdo ko nai chortay ap theek keh rey hain	1
uski maa ka kala bhosada bhenchod.	0
next level ho yar aap ajeeb😂😂😂🤦‍♂️	1
ub budhy ho gay hain bhai😂😂😂	1
yaar  bhai, pehle to ye anthem delete karao, or app khud ja kar gao. ye kia kachra hai bhae!   #pslv0	1
aik din men he qissa khtm ho jana thq 😂😂🤣	1
tum us k thory dia per razi hojao   qayamt waly din wo tmhary thory amal per razi hojay ga   beshak wo bakshny wala mehrban hy	1
main ne ghaddaron ke kaha h. tu ghaddar ha bhenchod ? gussa ker gya ha. ager tu ghaddar ha to macne bilkul thek tery liye he kaha h. 😎	0
 pubg khelny k liye	1
laalchi to bohat hai, us k beta us say baray laalchi hain. baap yahan marr raha hai, hafton mahinon main aik baar tweet kardaitay hain. ghairon ki looti daulat say aisay hi bachay paltay hain, nafarmaan aur beghairat...	0
me: menay baat nahi karni mein naraz hoon friend: okay  me  when she not replying  me:😂😂chalo mein raazi hogai dekh lo bas itna sa naraz hoti hoon mujh say nahi raha jata na aunko fark parta	1
 😏😏 phir na kehna k tujhe warn nhi kiya tha	1
wo kutta shaheed nhn khanzeer ki moot mara he harami	0
 tu main ny bhi aik line keh di😂😂	1
us sy acha to  ny ga lana tha🤨	1
 dill hi jeet  liya baji  nadia  aap ne	1
 😂 koi ni khair hai mainy b phir ana apni sister ki degree lainy	1
nhi nhi..apke account k masail sar kanoon pr😀	1
meko kia mily ga 🥺	1
aapne bhi kia tha vada kuch naukri ka? kya hua uskam	1
aaandd reelaccks, bhenchod what the fuck is that	4
 acha wo achy wali pics ki bt horai han tau tmny knsa di thi :)	1
iss kanjar fazlu ny imrankhan ko yahoodi, qadyani, sikh kya kuch nahi kaha behen ka looora ab acha ban raha hy	0
chal bhadwe ki nasal. cheaters.  bandh karo apna dukaan.	0
#article6forptmleadership  pakistan ka sab dushmano ko allah nisto  nabos kry ameen	2
haramkhor hain kuttay i inko kis ne haq diya hai janwar hain ye bs   is jesa shaitaan khanzeer tou paida he nahi hua hai	2
tera baap hai kia. kanjar iss ko bhi bool mafi mangay . bhosari kay #dharna taba day aur tu bhi tabah day thooooooo	0
in main tm bhi shaamil ho harami ki olaad	2
😂😂😂😂😂👍 ye naya tha	1
 kiss ny kha tha chaina jaoo ab sabr karoo	1
haa!! nau so choohay kha k billi haj to chali ... dunya bhar ka rundi pana ker ka aub ye abaya phen naik perveen bani kharri hay!	3
 sir ap order to dety hen lykin wo implement nai hoty. jab tak mea ka visit nai hota tb tak chuti krna mana hy	1
  abhi agay agay dekho hota hay kiya abhi tumara bandobast hona hay or kala bagh bhi banay ga or tum khuch nain kar sako gy	0
bhenchod hans raha tha abhi	4
charsi shareef	0
abe kya jhantu insan h bc. 2010 ki 1500 screens vali movie ko 2017 ki 3500 screens vali diwali release vali movie se compare kar rha h.  bhai tu ja soja...fanwar ki baski nhi h to muh mat ghuseda karo mentioned me..	0
 acha!! aur koi si multi talented daikh li apny?? 😂.	1
mai too drr gyi baap re baap...  asim ke fans se yhi ummeed bhi thi.  #captaincoolshuklaji	1
this charsi look 😂	1
  hahahaha wo main ny click keye thy khud dekhany k leye bt i gues dell kar dye thy bad main 😂😂😂	1
rt : elastic wali shalwar pehanney waley bhi valentine’s day ka intezar kr rhey hain!!!🤦‍♂️🤦‍♂️	1
awaam ne laat mari charsi ko    #showstopperasim	0
beth jaon ga mujhe kia hai	1
😂😅😂😅 aj kal ki randiyan bht khully amm dhamkiya deti hain wah kiya zaman a gaya hai😂😅	3
 us pe jo line hai wo ziada achi h	1
  wah ye sai hy ab tum sariyal ho is mn mra kya kasor	1
madarchod bina naam ka...  najayaj aulad..  sala. ..ham mese kisi se tere paida kiya hoga... haweli par.. bahanchod..   randi ka aulad	0
   khan riasat medina ka keh rahe hain or yahan nudity ko promote kya ja raha ha.waise name ha islamic republic of pakistan or media totally non islamic	2
rt : bhenchod is uber captain ka to right left hi kharab hai.	4
ahmed niazi khottay ka puttar khachar nikhato nikamaa chooor yahodi lobby ka agent	0
bc mujhe ye reply kyo de tha h.😡 maine to full negativity ki thi.	4
 app answer tu do pehle muskil khud hee asan ho jaye ghee	1
yar marjao tm please marja randi pls	3
wtf bhenchod. pregnalt hogye?	4
 buhat khush hai kal raat ko baat hoi uss ka hans hans kay bura haal tha 😂😂	1
oh my god we don’t. nobody misses her. bandr vargi ik dm juthi jayi!	0
kashmiri ko be-waquf banana chur du tu kashmir ka masla hal hu jaea ga 	1
esay cooking kartay kartay kitna dil karta hay na kay masala channel pay apna show hona chahye🙇🏻‍♀️itni calls aen or sabhi tareefein karein🙇🏻‍♀️	1
aur tum inteha kae ahmaq ho kae apnae hans tae bastards mulk ko tabah kernae pae tullae ho .. nawaz sharif nae 98 billion dollars kidher kiya ..aur pakistan ko economically maflooj kiya ..money laundering and dawn leaks ker kae fatf maen dala .. ghaddar khandan ..	0
in a country, where ahmedies are questions about their religion, then jailed for using islamic terms, you should expect such questions..your response tho, is unexpected coz if an ahmedi had said something like this,s/he would have been virtually lynched,bigotry deluxe	1
bhaii ya sub bhen chod haaa patwariii kutty	0
madam khud ki knowledge durust kro. kitne link mene tumko diye h halala case ke jisme aurat pregnant ho gayi h.	1
bhenchod kya hai ye sb	4
 han ho gaya galti say..🤐	1
 okay to 6 lakh fauj rhakna kya zrorat hai 6 hazar rahko or baqi paisa budget main rhana do ta ka taleem or sahet lag sakain. bus topian phanata rha karo.	1
sub ne jana hai insha allah tala syed ali haider bai per yeh paid dog boola howa hai k es ko mout aye gi haram kha kha apni okat boola howa hai harami	2
rt : ammi jo hain na mom hamari aik lafz bol kr saray mood ka satyanass kr deti hain 😏	1
bhenchod ho tum😁😁	4
  ary aesi baty mat keya kary ap k pas best skills hai 😎🤟	1
   bar bar na na na karke kon aya piche piche	1
  tu rekh ly baal mere 🙊😹 hawwwwwwwn laro thory se kar lo	1
   sarkari twitter accounts per dekhay that subah.. kafi saray..	1
nasal uski badh to waisay nahi rahi to patakha phat bhi gaya to usko kya!! kuch hoga to taqleef hogi	1
kia faida itna hot honay ka agar single he hona hai ajeeb	1
mat ao mery itny qareeb🤣🖐 	1
 refresh kar lo	1
🤣🤣🤣👍🏻.  ye he hal hy ... aak din media ny rona hy k mithiye nahin mil rahi ... ye riyasat madina hy ?   imran ke wajha se mithiye nahin bani 🤣🤣🤣🤔🤪 	1
bhenchodo l par safar beth k? pichle 50 saalo main gaand maratey raye ho, urban planning ki bajaye. bund mai le lo daffa 144, 144 dafa.	0
 adhy animals mjhy bhej do na 😒😒	1
dekh be randi ke ladka mai ne tere maa ko spelling sikha ke aaya hu tu apni maa se shikh lena.......ab thik hai spelling madharchod randi ke bachha teri maa ko choda char bar	0
hain mtlb me waqai celeb hon jo interact ki tamanna thi?? 😳	1
o hijrey tum kesi kam k nahi ho allha ki qasam thok lga k gand pe doob k me jao behare he sala hijra cerrpet treen hijra or iska bap slaa gunda abi tu apki gand phti he or agy mazeed phty gi dkho inshallah	3
nakhry uthany k lye charsi banny ki zarort nai 😝	0
es yahodi ka app ne b bistr garm kya hy hahaha	3
rt :   sonia ne aaj badla le liya balasaheb ke bete ko hijra banaa diya	3
gaand mara rhe hain saale... bc sidharth ke fans hain.. lekin rona dhona aur fakeee cheezen pasand hain inhe	0
focus on the good, bharwe	0
 a stupid goon journalist. ja kar kisi doctor se elaj karwa apnay dimagh ka......jahil aadmi	0
  es ne to saf na krdi hn... ab u hi khilaa dy😔	1
baap badalne ki tayyiyyari mein ho kya?	0
    yar us ny ilzam nai lgaya, us ny kaha k controversy hy ye. ye ilzam nai hy bl k aik ajib c kahani hy jo khuda jany sach hy jhot mgr aik perception float kr rhi hy. rahi bat wafadari ki to kia ap ny memo gate k bary nai suna? in ki wafa pakistan sy hti to aaj ye hal hota hamara?	1
aur saaray ahmaq pakistan say...,2015-11-13 16:49:08	0
call girl bolo tw masla ni  randi bol do tw msla hota h 🙊	4
fasla rkhain  baad me apki hazaroon majbooriyan nikal ati hain	1
yar is pagal ko dafa karo islam ko badnam kr rahi ha randi kahin ki.ak video men nangi ho jati or agli video men hajan ban jati ha	3
madam ham ik ba kirdaar k sath muslim country hain ham iran ka defend q nahe karte? ham america jo yahodi mulk ha ham uska sath q de rahe hai...	1
srkaar din tau bdlte rehte🙃 life goes on🌸 kbhi us paldre main ,taubkbhi us paldry main🙃	1
  aby tu phr agai	1
pehle america jaiga ue begairaat musliman kehlwane kai laiq nh pehle he logh kehty h eske bary me ye yahoodi hai	2
 ab kya huwa yaqeen nahi a rha kya 😂	1
is phudi nasal ko itni attention na do bc bacha ha yeh	0
  baat mat ghuma pakistani supporter log	1
pti ki tarah randiya to nahi hai,na behayayi hai,tujh jesay bharwe apni biwi k numaindagi nahi kartay hai,magar ye apni biwio ki numaindagi khud kr rha hai	0
gashti aurat ab tumhein bara dukh hi raha hai aur bd duaein de rahi ho jb bt khud per aai hai to. tb tere hath ku ni katte aur teri zuban ku ni katti jb tu kisi dosri aurat k khilaf bhonkti thi	3
follow me guys. back mily ga. 100%	1
  oye mera sohna...  sd k jaon tere... khr teri maa ki	0
  esa kbi ni ho skta.. jon ko keh dena mri trf sy🤣	1
jo g ab inki baat sun lo in k mesg ka jawab kiun nai diya murshid	1
  ye dakhoo in k fan hony ka proof 🌚😂  sambhal kar rakha hai main ny 😂😂 	1
 kabhi kabhi to chalta hy na ..thora bht 🙊	1
han apny tw dia tha yad ha mjhy	1
aookat ki bat kartai ho wo pocho to aap abhi nandan sai he poch lo ya kalbhoshan sai pir pata chalega kon sher hai kon kuta bharwe	0
dry fruits me akhroat ka makam bap ki trha hai jo oper se sakht magar ander se naram aur taqat wala hai.. magar chalghozy ka makam dosri biwi ke barabar hai jo kesi kesi ko naseeb hoti hai.	1
btmeazi hr insaan kr skta h  mgr kisi kisi ko trbyat rok leti h	1
bilkul kia pata hmri dua sa kisi ki zndgi ki door chall pry... 	1
14 feb k liye room mile ga?????  beth k rona hai😌😌🙄  single hun bhae😂😂😂😂😂✌😌	1
ab ap barii sisters  ki shadi krwain 😂😂😂 ta k ap ki sweets b pohnch jain or udhar gifts b. apki khush kismiti ha na chota hona😝😝😝	1
  haan adwait gandu faltu mein mujhe accuse mat kar	0
chatni bhi rishte ma ha	1
 kon mehnat kare jb over booked ha 😜	1
tu hai kaun bhenchod aur tere chahne se kya ho jata hai bey (cc to all fucktards in this chain)	0
#sehnaazgill sirf ye na #bhaijan ke saamne bolne me fans jaati h banki jagah brober bhaunk leti h  itni bhi innocent nhi h jo ban kar nikl jaati bhai  aise kon rota h full on dramatic	0
  kaha se beech main aa...gya ye fans ka pyaar jo ap se brdaasht ni ho rha...uss ki koi galti ni... or  woh..twitter prr active zyada ni reh skta doctor hai na jiss trha krte ho... uss trha krte rho jub payment milay toh..btana...#wewantasimumarreunion #ourheroasim 	1
haha ta pehly apke sister ny gustakhi ke. mujy follow krny ki 👎 ussy poocho jaky pehly aur dant apky bahir nikly hoye h. unhy ander krlain plzz 😜🤣	0
rt : hmary gaon mein sunset ka nazara dekh lo goizz 🙊😂	1
naya pakistan me ji jnab ab to wqt aa gya hai k is yahodi angrezo k bnay qanoon ko tabdeel kiya jaye taky pta chaly k naya pakistan me purana qanoon na manzoor	1
"#an open peace lecture was delivered by mr.tabrej from  ahmaddiya community at the modern group of colleges mukerian. ahmaddiya community of islam was founded by ""mirza gulam ahmad"" in 1835 at qadian, gurdaspur. motive of this community is  ""love for all, hatred for none""."	1
ek takay kay do niazi go niazi go niazi!!!!!!	0
 keep it up.. klasra sb... i am a pti supporter.. but i like the way you criticise govt bad policies... khan b ki ankhon per jo bad #tareen sugar mafia ne #subacha wali pati phnai hoi ha please wo utaren...	1
nahi apka kaam he full time makhan maarna imran khan ko. i actually liked your tweets until they began to suffocate me. itna bhi kia ankhon par patti baandh lena bhaee??	1
akhrot and kajo	1
tiktoker, memer aur khusray kahen b a skty hai😂	3
rt : na chyro humein hum sataye hoy hain	1
 zaleel hty hn ham...21 km 1.30 hours m aur itna tym wapis any m	1
jo tera abo kehta tha hindo aor hm ek hn wo kya tha bhen chod k bachy	0
how did an ahmadiya get to the top in the army of sunnis, in the first place?	2
chalo bhenchod ye cringey youtubers to mare jayen ge. alhamdz.	2
randi gaand maruga bol kha contact karu	3
hawaldar saab, ap ka idara to bohat aqalmand hai, bohat aqal ki batain karta hai. like operation jibraltar, kargil etc. etc. salay phudi day gandoo teri or teri napak foj ki maa ki choot main lora	0
  mistake hoga bhai aise nahi hota	1
khusray nachwa lo idr ab	3
 ik bs teri talash the mjhko warna me tu bht mukammal tha	1
change ur name ghasti	3
vese tumhaari aukaat nhi hai seedha baat krne ki maa behno prr hi comment krne aate hai tumhe aur ab yeh mt kahiyo ki mene bhi kha hai pehle tune kha hai aur yahi baat mujhe muh prr bol deta apne pairo se ghar na jaa paata	0
o stupid insan.. molana bss apni kursi k liye niklta hy or bss pakistan ki hakomat k khilaaf. is yahodi agent k dill main na koi islam ki mohbat hy or na he pakistan ki	2
pehle jitni bhi extension huwi he wo bhi pm aur president ne ki he os waqat shetan judges kahan mur gae they jo ab dushman india aur yahoodi lobby ko ye harami judges apni chhuti walay din bhi adalaten laga rahey hen. garib awam ka court matter hal nahi ker saktay aur dewar bngae	0
maaro sale gaddaron ko chahe hindu ho ya musalman 	0
people threaten him with stoning, call him apostate, accuse him of blasphemy, label him yahoodi agent, incite violence against him, abuse his dead mother ex-wife but our media, twitter woke just smile indulgently and when he says something sb foran politically correct bn jaty hain	1
yahodi kon hy iska pta hy sabko bar bar moun se fazalo bhi na niklwao,name pak hy iska kirdar nhi	1
  hn ye bhi sai kaha iski halat aysi hoti hy wese bhi sardii mein😜😜 	1
unadkat ke 8 akhrot to bhool hi gaye log	1
  khubsurat si bat ki ap ne😅	1
hahhaha hamara b yahi hal hy	1
laanat yahoodi khan par	2
akhroat 🧠🧠brain 😜🤪😜	1
  neki kar dariya me daal..!!!  terko pyare pyare gol matol gorey gorey bacchey hongey bhai..!!!	1
koi mujhey koi ek proof dikha sakta hai jis ma likha gaya ho ky es border sy sirf sikho ko ijazat ho gi to mai b ik ki gugli pr clapping kro ? ! wrna ye gugli nei qadyanio ka 22 saal paisa khaney ky bad on ka agenda hai... waisy abhi start hai abhi to yahoodi agenda pr b kaam hai	2
what do u mean by bc ??? teri bhn chod smjh i na mry sath panga mt laina kuta bna k rkh doon ge tmain gaaliyan daitay ho salay ... apna maa bhn ko bachaa loo nai tu nanaga kr doon ge	0
lo aa gayi aik aur master in fazuliyat😂 bas bari bari baatain karwa lo in se jitni marzi. karne ki baar bilkil flop😂 aur modi uncle ki baat tau rehne hi do. aaj kal tau un se apna aap nahi smbhala jaa raha, idhr udhr girtay partay rehte hain🤣 hawayi firing karte raho bas😂	1
muh se mugfalli toot-ti nahi  g**nd se akhrot todne ki khwahishe   #endsemexams	4
 🙄🙄🙄🙄kisi ko kya problem hogi buddy	1
when teacher say    jo bacha  apna homework ni kar ka lai apna hath khara kare😡  last bancher😅 	1
i wish you were braver and exposed injustices against ahmaddiya community! 😞 nevertheless, your voice is important to re-educate the religious mob.	1
badri mushkil sy likha tha mny cheating sy likha tha😂😜 	1
mjhy nafrat ha. aa k beth jaty khana khaty raat 12 bjy tk sar rehty. mjhy gussa ata	1
  mere baitey achhi bhali teri karyaaney ki dukaan chal rahi thi.tu aisey hi maa behen aik karwaaney social media par ghuss gya hey 😂🤣	0
shame less nai ghatya ganda churra charsi bander ha ye	0
ooo ya tum kr kya rhy ho	1
imran niazi beghairat par khuda ki laanat	0
 sir with due respect during the government of mr.m.nawaz sharif shb your foriegn policy was totally zero...agr ap dubara aen tu plz us per bhi tawaja!!!	1
dekhein zara iss bewaqoof ko! isse allah k system pr bharosa nhi. khud screenshot le kr uss khuda k liye rakh rha hai jo puri dunya ka nizaam chala rha hai. ahmaq insan kya yeh sab allah k paas mehfooz nhi hoga, woh apke screenshots pr qayamat ko adalat lgayega kya? 😂	1
ahhh randi marwaogi?	3
is bat prr aap khud b amal kre madam	1
"aby randi ky bacho, itny maslo ky bawajood hum ny #sikho ky sentiments dekhty huy kartarpur sahab khola......   aby chutio filmo sy bahar aajao...... dekha nhi tha..?? ""gadar"" mai fictional ashraf ali ky samny ""hand pump"" ukhaarny wala line mai lag kar bio-metric krwa rha tha🖕😂"	0
ye students hai  sale budhee charsi,	0
dear imran khan  aap gadhe the  ho aur ange bhi rahoge  allah thala ke karm se  apna randi rona chalu rakhko , 😜😝😜😝😜	2
rt : beti bachao naara tujh jaison se bachne ke liye hee diya gaya hai charsi.	0
joke apart idea bahut badiya hai aur kaam bhi karega	1
yahoodi public should have said: khata ha tu (falasteeni) marta bhee ha aur ghar (settlements) banwata bhee tu ha.	1
 to aur kon hy dkho twitter walon ko b pta chal gya 😂😂	1
tm jeso ki jb g**nd mari jaye na fir tm log thek rehty ho bc k bachy jb wo yahoodi lanti marty hn na wo muslim dekhty hn air kuch ni dekhty baki tm na toh apni pesh krni hoti ha unhy.	2
randi ke bache tu nahin maanega	0
waada to shayad 15 lakh ka bhi kara tha mota bhai	1
mandir yahin banega (in your stupid voice)  shayad hum muh se mungfali nahi tod paate par aaj teri g*nd se akhrot zarur tod diye 😂	0
khud ko dekh liya kya charsi	0
koi excitement ni a bday ki. i don’t wana grow old.	1
teri har ada mohabbat si lagti he...  ek pal ki judai sadiyo si lagti he......  pehle nhi socha tha ab sochne laga hu.....  zindegi ke har lamhe me teri zarurat si lagti he.....  #asimanshiforlife     	1
ameen..khidmat yahe he k apnay private clinic pe apni feesen kam kren plz. 	1
  y to mt bolo celeb to tum ho	1
 nahi.wesay e thk hogya	1
pca ka full form toh ptani gaandu bhenchod tatti tatte sab h ye	0
 traffic jam tha me bas pohanch rha hun😀	1
 kisi ne medicine mngwai thi wo pharmacy waly de ni rahy thy 😬 bs phir kbi ak pharmacy p to kbi dosri p :p	1
pakistan army not threatened to your son your own ptm terrorist party threatened you bc	0
ek yahoodi ka hazarat imam jafar sadiq (r a) se sawal aap kehte ho allah har cheez par qadir hai.. kia allah is cheez pr qadir hai kay aasman ek choti sheeshi mein daal de naa sheeshi badi ho or naa he asmaan chota ho kia apka allah itni taqat rakhta hai	1
 bachpan me ahat horror drama tha ya anhoni shayad... us me aysi ek dayen choty bachy ghayeb kr deti thi  😂😂😂😂😂	1
 ab dar hu ye dubara pakistan min na dakhil ho jay 	1
nawaz shreef ko sare amm chowk pe sir kalam kar dena chaye aur zardari ko sare amm goli mar deni chaye aur maryam ko jail me hi rakhna chaye pakistan ko barbad kar k rakh diya is bharwe ko to sansar karna chaye jali mullah	0
    haqqanis jo k state sponsored terror group ha unko b murad ne state se moheb e watan accept kia.	1
 bas ab nazar na lage kisi ki  bahut hi ache lag rhe hai dono	1
  same here also🙄💚	1
  meri pic ka glt use kia ja ra 😑	1
guys kya trend decide hua hai??  wb ki birthday ky liye ☺	1
plate letts are not only in nawaz shareef. these are in all. but not in imran chore zakat khore because he is a great harrami. kunjer logown ka akath hay pti. gaddar watan farowsh imran chore zakat khore yahodi	0
 kis trf say?	1
  girl hai bhai woh. tu bhi yaar. 😂😂	1
 mashaallah... bhai duaaon mein yad rkhna... zindgi ka ehm faisla hony ja rha 🙏	1
 teri pen di siri	1
 ye kya bat hiwi😐😐😔	1
bhadwa hai sala. jnu me koi padhne ni randiyo k beech seekhne jata hai ki dalla kaise bane  🤣🤣🎉	0
bc gari mehran vella attitude mercedes wala	4
😂😂😂😂bhenchod kuch neta to pani se electricity alag karke pani ko kamjor btate hai 😂😂	4
muje to nai ati galiyan bc ko bhi bahut cute meaning samjta ho 😂😂😂🙈🙈🙈	4
  yrr me hi ni bol pata aur log porn send kar rhe	1
awaam ko ungli,naika,tractor trolly,pait phaar kay..ikki bivi yahoodi agent,imran khan ki bivi jadugarni..coke sniffer..and offcourse asking ppl to make the talwar to kill pti and than actually killing one..haye sary bechary others..	1
 lo itni sii baat. ek lemon lo usse half cut karo aur forehead par rub karo.	1
you know.. here in malaysia, our prime minister organised an event to tackle the global ummah problem but he only called sunni leaders, and only addresses issue regarding rohingyan, gaza, syrian... uyghur and yemeni are pushed aside. shia too. much less ahmedi.  lmao.	1
randi ho tum	3
-choro wafaon k kissay yahan sirf rona hy -na pehly koi apna tha na ab ksi ne hona hy	1
apnay hakim ki faqeerii py taras ata hai, jo ghareebon say paseenay ki kamayey mangay! #rahatindori	1
 comfortable nahi hongey log idhar :p	1
exchng ho ga tou status show hoga syani	1
tera baap or teri maa ka yaar hoga	0
jahil aap khud hai, aapke mutabiq to married couple public mei sex bhi kar sakte hai	0
is mulk me awam k liye koi insaaf nhi (yahodi government) ✌️✌️✌️	2
"sitting with uber driver at islamabad he was against the technological approach only because of the technology were made by ""yahoodi"". when i reach to the destination point i ask how much you burn the fuel? he click on the uber software and told me rs 247.🙄  "	1
  abey haramkhor bhikari kya bol raha hai, tu khud samajh raha hai? haramkhor hindi likhna nahi aata hai to mat likha kar.	2
    ab smjh b jao na🙈	1
jumma ki namaz 1:30 pe hti ha  , my dad to me at first azan 😂	1
rt :  rameez, the incident took place in rotterdam in october. not yahodi kay karnamy.	1
masoom to woh log hain jin ko #hoor_injection ka nai pata... #pmimrankhan  #hoorinjection	1
rt :  ntr introduced 6 new directors what's about hijra mahesh😂😂😂	3
 kisi ka accident hua ho or severe injuries hon ussay phle kahey k baji fareeha se test krwa kr ayen😂😂😂😛	1
patwari, pipliye, youthiye, fuck-parast sab ek dusre ko fauj k aagay lait jaane k taane de rahe hain..  bc sab k sab phattu ho, maan lo, aur dafa ho jao tl se	0
impossible hi ha itny comments😂	1
😪pora week uni mein kutto wale lag jate he or jab holiday par be koe apke gahr subah sawere tapak gai na dil karta unke mun me akhrot rak ke hammer se maro etna tez kon bolta hai baheee🤦🏻‍♂️🥀	4
 such me gir pare  meri tarha kal main to seereon se gir gayi thi😢😢	1
gandu bharwe. ek to axhi bat keh raha hn	0
tu hi accept kar liya ki tu hijra hai 😊😉🥴😜😅	3
rundi tere jhot per lannat tuje paida kerne wwali per allah ki lannat ameen.	2
 hahaha bas kro yar ab tm b😭🥺🥺🥺beaker anthem tha kabara kar dia in budhoo ne 😭😭😭	0
kun tmhry dil ky neechy akhrot latak rhy hain ;)	1
sir block hne ka darr sirf aap se lgta ha 😝😁	1
 koi to bat sun liya kro 😞😑	1
me ne socha tha tm ek achy journalist ho gy mgr dawn me ja kr tm bhi chotiya nikly. apni asli aoqat dikha di. bhosri ke tum apni sahafat keo kiun tmhari gaaaf me drd ho rha hai bc salay. jb yeh haram ke pilay pak ki army ko galyan dety hain state k  khilaf bhnkty hain tb sb 	2
faasla rakhain warna aap k abba tou cast se bahar shadi bhi nai krtey	1
oeyy randdii k bachay ganddu hindu.. kyun jhoott baq raha hai gashti maa k ganndduu bachay. peshaab p k palnay wali qoum.	2
 haan chal chal overavting mat kar ab	1
tw imran yahoodi ki biwi khatoon e awwal hai kya tm logo ko matlb bhe pata hai khatoon e awwal ka	2
israelis should really take notes. independence day is not only bbqs and free shows , is also what should make us all : jews, druze , arabs , circassians, alawites , bedouines , ahmadiya , samaritans , assyrians , arameans and many more one nation.	1
 teri  ty honi ni 😁 😋 awein kush hota reh	1
  jaj sahib kal ap apni bhen beti ko salogan pakra kar march mai bhejna phr ap haq py faisla suna sako gy????	1
pehle apni aurto ko halala se bachao ye bhi modi kar raha hai. agar sahi tum logo ka dna kiya jaye to pata nhi baap kon niklega	2
true, but itni jaldi lead role kabhi nahi milega, film milegi bhi to koi chota role hoga, bc. starting me nahi de sakte hero ka role. isliye he can go to kkk 11, it is a good platform too.	4
white masters karain to theek, ye kare tu bc disgusting.	4
aor tery bayghart chor abbay kashmir frosh gandu lanti sazishi bayghart kanjar imran yahodi nay usi ko choar dia lant teri jaman wali tay imrani tati	2
tu khandani ghasti hai to bolti ra tery lye mai hu yaaha tu jo mera ukhaar sakti hai ukhaar gastii	3
o tumhari maa ko kuttay chodain  is  kutti ke bachay ko bahir karo madarchood  sun bhosari ke tu bhi 😠😠😠 #pakvsaus #mytwitteranniversary	0
aap he bata do kitne mullo me halala kiya tha tumara	3
bohot beghairat exam hai meri parson	4
pta ni ap sb konsa bb dekhte ho.. khne ko toh sidnaaz k fan ho mgr support hmesha sid ko krte jb asim  sid ki fyt huyi thi tb pars ne debo ko bola tha ki phle rani ko door krenge fr raja ko marenge fr jb voh dono hmse bhs krne ayenge kbi toh bolenge ki hmne tumhara sath diya tha 	1
 bs kamai ni na ubi	1
 😂😂😂😂😂😂 chal ja tujhy maaf kia	1
decided...  kisi celeb sy frndshp ni krni apun newbies sy frndshp kry gi bs 😌 where are u newbies.. 😍	1
axha tu kisi angreez ki najayz pedawaar hai jo teri maa ko chod gya thaa	0
  doob k mr jaa	0
dekh le madarch*d islam ka nanga naach..babri par fate hue bawaseer ki tarah bhaunk raha tha na..us par bhi ab apne manhoos muh se kuch hag de..blood cousins ke incest ki paidaish	2
  apni dunya mein jo imf ke dunya see bohat door hae :)	1
  hye ma sadkay ma shaddi pe gai hui thi  dekhlo tmne yad kia or ma again	1
 aray mujhy koi kuch nhi bolta ap tension na lo meri..🤣🤣	1
esko bayghart kashmir frosh gandu lanti sazishi bayghart kanjar imran yahodi nay he btaya tha k nawaz sharif bemar ha ab tu apni niki baji paish kar q k tery najaiz abbey nay bola ha 😅😅😅 😅 😅,abusive/offensive,51197244043681554434,1197244043681554434,asimrafi9, mahan bayghart kanjar kashmir frosh lanti sazishi imran yahodi	2
wo jo senior general tha us ne aj resign kr diya extension k bad? mtlb k usi tabqy me baap b koi koi he pasand ata hai 😜 nashai ko dar k agla banda natural he na nikal aye, is liye risk he nai liya, or wo bajwa b zaleel hony k bad b resign ni kr k gya 😂	0
ahmaq naheen isko shaitan mardood kehtay hain. mudharraf k baray me inhee shatain logon k biyan social media par dekhye.	2
ik ne tabah kar dia ha pakistan ko.  yahoodi lobby ha is k peechey	2
akhrot 😂	1
 yr mt kro na ye sb..plz bdi muskil se sb thik hua h...nd ap fir vhi kr rhe ho..plz esa mt kro yar..🙏🙏 abhi jo hmari takat h fir vhi hmari kmjori bn jayegi esa krne...so dhyan rakho yr...plzz😢😢😢	1
 kuch ni yr bored	1
rt : koi physics samjha de bhenchod,,,,	4
me : ami ek bat to bataen.  ami: typing...  me: jaldi bataen..  ami : typing...  me : 1kg chicken me kitne payaz or tamater dalun?  ami : hi.	1
mela bacha akhrot ki shkl wala chilgozy khai ga hayee🙈🙈😍😂😂😂😂	1
ham serf banam musalman reh gaye hen kaam hamaare saare wahiii hen jo yahoodiyion k hen na yahan koi rokhne wala hai na poochne wala k ye kya randi khana laga rkha hai	2
harami dabbo k ander parre hain 😂😂	2
 nahi hai psnd 😐 mai just puch rahi thi ky kaisa hai	1
mard bohot hi pyari cheez hay,  ap uski aik suno, woh apko apne baap ka maal samajh le ga.	1
"sanaullah said""according to islam and pakistan’s constitution, those, do not believe in khatam-e-nabuwwat are not muslims,it is our duty to protect minorities of the country but the ahmedi's will first have to stop claiming to be muslims. #pml #ahmedi_issue,"	1
•ppp gave a ticket to mithoo mian •ppp voted against forced conversion bill in sindh •ppp mna shehla rashid started a storm against atif mian for being an ahmedi ppp banned minorities from becoming pm •bilawal doesn’t like being called zardari because his father is a disgrace	0
os aurat ka amal boht ghalat tha but humaray mashray mai jo halat hain na os bechari k khandan na kabol karna tha mard to woh harami apna kam kar k os ko chor gaya ab yeh video agar lagana the kesi ko to kam se kam edit kar detay face blur kar letay	1
g**nd se akhrot todte hue hindu samrat...😂	0
farhan tu confirm kisi randi aurat ka harami bacha hay madar chod	0
teri maa ki chut be teri kyu jalti hai ....randi ki aulaad ...teri maa chodi thi kya uske bhai ne	0
rt : charsi khan wahiyat aurat yeah mein nahi keh reha salman sir keh rahe hai #shehnazgill	0
 kashif esay mat bolain..😭😭	1
tujhe to rojgaar diya na humne, bhaunk mat	0
tera baap b nazriyati tha tbi tere jaisa hijra paida kar diya bc	3
arjit singh bhenchod bas karde rulana bharway	0
ap kese ko gali dyne se phale soch lia karo jo gali dyta hai metlab wo us jesa hi hai jes wo gali dyta hai allah ko sab insane pyare hai	1
laanat in haramion ki nasal per, definitely yahoodi mafia is ko support kerti hai	0
🖐🖐🖐🖐🖐 lanat ho bharwe sabir	0
 na kehti toe pata nhi zinda hoti abhi tak.😁😁😁😁😁😁😁😁😁	1
itna kam aasan kia thoda or kr zor se bol zoya  randi h😛😜	3
auriya maqbool jaan akhrot hay hum nahi mantay unn ki koi baat.,2018-07-25 16:03:27	0
 jitny pasy bharny us hisqb se jo acha lagy	1
psl 2020 kon jeetay ga?	1
o kisi saudi wahabi ki najayez aulaad bata poori dunya mein terrorism wahabis nay kia ya shia nay. gashti ki bachi pehlay parh phir bhonk	0
teri bhen uski gf thi jis ne tujy ye news batai begairat insan fake news chalaty sharam nahi ati	0
 u r coronavirus or coro na virus 😂	1
randi ki nasal hai kuty ki oulaad	0
yajo randay kiy bachy hay ni kiy may ma ko chodi  tamiter 400   (12/11/19) tamiter 30 to 20 par kag (12/11/17) ata 40 par kg (12/11/17) ata 60 par kg (12/11/19 say ha our mozder kiy day ha re hay  800 ropy ik tam ka kahna par jata hay 2 fard ka 600 ropy amran khan ap ni ma choidy	3
 lo g ya to kuch b ni hai tum nay bht bht baray karna may dsar a jam dyea hai	1
 and what about crush	1
or kitna likhu main teri yad me...  koi dum nahi meri faryad me...   rooh b muj se chheen k lay gai...  main main na raha tere bad me... good~~night take  care 	1
dhood se b mehnga bhenchod	4
pmln did this at the time of appointment of coas in 2016..! you can not judge someone..declaring someone qadiyani or yahoodi agent is not islam...!	1
tu to betha bhe kabul k bahir ha, apnay baap yahood ki nagri ma . tu kia hisaab lega begairat insan.   ham abhi zinda hain	2
q itni ugly hain aap ? 😂😂	3
lhr high court ki roshni me humay insaf dilwaya jaye humy regular kiya jye.	1
  meri bheiny nh a ! tw teri sy kam chlna o ga ! or ye tumhri chwez meri aby chutiya bacha a kia ? bolna nh ata ? ye bachu ki tarha muh mein lun ly kr.ohuddi jwsa muh bna kr tera mwra kr rha a😂	0
to haters bhaunk lenge. yahi likha na maine? abhi kya evict-evict laga rakha hai? cheap tactics to gain comments and rts	4
tu chutiya kya b randi....lvdi sali kuch b edited or bkwas tweet krti h randi ki olaad	3
the rudest book ever se bhenchod 🤑	4
   shah g ap hmari shaadi pe ayen gay pher? ya janbaazo ki shaadi attend nahi krtay....!😊	1
 ye fixed match lag raha mujhe	1
 net wo zong k	1
im afraid she’s gonna end like qandeel baloch  history repeating itself ...  #hareemshah	1
akhrot bhai main ne koi aap se badtameezi nahi ke lakeen woh youtheya he kiya jo jo izzat ke zaban sumjh jae abe chaman chouteye jis case main nawaz jail main tha uss case judge khod keh raha hey ke saza galt hui hey pher bhe tu chor kehne se baz nahi aya	0
oye koi nikah hi krwa do. 	1
bc delhi m govt change hone jail jane se bi koi ni rokega usko	4
na mao di kuss yahwa gashti,	3
abay bhosrike lund hai nhi tere paas saalay tiktok k khadray ek baap ki aulaad hota tau baar baar block nhi krta.... pta nhi rundi me kahan kahn account khulwaya hoga tere jese khadre ko nikaalne k liye😂😂😂😂	0
u never encouraged people to protest on roads...... randi rona band kijiye.......	0
rt : humny mohabbat ka bharm sb sy judaa rkha hai dekh zikr tera hai mgr nam chupa rkha hai	1
me apki aurat hne ka lihaz krta tha or apki har bkwas ko chup ker kr prhta tha lkn ab apke moun per bhi apke moun k hisab se chapair maro ga apki har tweet pr	0
mazboot banane walle itna arsa bera gharaq nahi karte ab khel khatam ho chuka he... #gameoverselected	1
ab ye kya hn🌚🌚 	1
 stop it na jaiz bacha jo apny father ki shadi ke 3 months bad paida hua	0
why should pakistanis hate a human being just bcuz he is a yahoodi ??? prophet muhammad had good terms with jews, he did trade with them, he used to sit with them.. these bastard mullas have polluted our socity . madrassa system should be banned.. its a brainwashing system	1
 dafa ho ja yara ja k nahaly😂	0
  sir agar manzoor galat ha to per pakistan mai sacha koii nai ha sach hameya pata ha kai pm or speaker kon ha speaker ki ky hysiyat ha jo koi order jari kary jab tak stomach ki ibdat na howe h😆	1
   yes u must die to avoid everything. baaki usko pareshan mat karo warna nidhi ko bura lagega.	1
yes baat arshad chotiye ko is ke na jaiz abu zulfi bukhari nay batai hai   bhen chod sirf mocking karta hai  kiss randi maa ka dalla putttar bharwa kanjar   kutti ka puttar meray sath program kar teri shalwar utar do ga	0
 mujhy nhi pata..	1
mtlb ab se sims k functions ka allah hi hafiz ha 😂	1
 apki commentary program se b zyada intrusting hai... 😂😂	1
 to kia wo apni social life ko tbah krde? fazol tweet ki ha apne kaam pe ghour kro	1
panch marla ke ghar mein rahene wale log india mein 20 aur pakistan mein 4 hote hain ap ke 20 log marein ge aur humare 4 hum india ki thukai baghair paison mein ke bhi kar dein ge modi pakistan ko 1971 ki trha dekh raha hai jang shro howi tu hum kashmir 7 dinon mein le lein ge	0
dusre ko hijra wo bole jisne apne ma bahan o bhej ke check karaya ho	0
bc saanp k andeyy khaney wali lag rhi hai oh sorry lag rha hai bc sakal me bhi confusion ho rahi hai sayad akko pe jo gyi hai😂😂😂	0
 kya pta tha m apko pehly yaad krwa deti😁	1
omg that would be the ugliest 😭😭 but at the same time is highly possible too😔	1
 acha ap bolti ho to mn lety yrr ap uss k he zhn ha k kia soch k likha ha	1
 kuch kudh pe karam e nawazish kar len... main kudh philosopher hoo.. batain karwa lo bsss.. amal to hona hi nahe uai 😊😊😄	1
  beta apni ami se pochna puri tafseel se btayen gi	0
bhen chod jinda kya hota hai?	4
wtf is happening? 21/6??? i mean barish ni honi thi bhai!  #lqvqg #qgvlq	4
ghumna ghumana kya nehro pe aa k call kren zra me apk pas pohnch jaun gi.😝😝😂	1
ghare me tereko bandh ke rakh aia tha.....fir bhi bhaunk raha hai????	0
mere pas tum ho ny to puray saal ka rula dia bhenchod	4
apnay ghar py nazar rakho bajay k kisi ko beghairt kaho	4
"g lkn ap ny post ghor se nhi prhi shayed bano qudsia ki qoutation men he k ""agar ghalti na bhi ho to bhi mafi mang leni chahiy.."" meri ray is bat pr thi jo ap kh rhy wo bhi bilkul drust he.."	1
excuse me? bhai kon se nakhre kr diye maine 😭😭😭😭😭😭 ilzaam lga ri saali mere pr...mai bholi si koi nakhra ni hai 😕😕😕😕	0
lakh di laanat iss yahoodi par	2
 zakooota jin lg rha h mang k glasses pehn'ny wala😂	0
bhenchod kabhi chal bhi jaya karo  ptcl	4
tou phir baji dedo usko apnii kisii nachnay wali aurat k bachy😠 difference b dekh k psl ka season 5 h lakin ipl psl sy pehlay ka start h jb psl ko itny saal hojaye gy tb compare krlena	0
masti main yun jhoomta hai	1
ik do mor murh kr dekh hi len shayd bata dy	1
rt : daraz randi please stop scamming us please bharwi	0
 munafiq k liye koyi izzat nahi	2
 shukr hay allah ka... apna khiyal khud kro na wrna kro-na virus a gya hay😀	1
as per constitution of pakistan, a transgender (shemale/hijra) cant be pm of pakistan. so keep crying no one cares!	1
bharwe abu bolte hn ... hoes nhi ...	0
 kon sy department ka h yh depression 🤔😂	1
 q mariyam ko famous kr rahi ho??😂😐😅😁😮	1
abhy kisi randi ki olad apni maa behn ky asaso ki fikkar kar kahi koi chura naa ly jye d chowk ki peedawar kutti nasal ky youthye	0
kisi k dil m aya tha arsa daraz phly...maaar gya.... 	1
phle ek dafa kaha thaaa yaad hai k kitnay kiye thay???	1
wtf is thisssss lineup bhenchod	4
me :-  happy single day bhai apan log sakte hain😎 my friend :- bc ya to ho gaya jalim duniya ko dikhane ke liye bhenchod koi milati nahin or milati hai to bhav deti nhi 😑😑 	4
faasla rakhen baad mai ap sey koi kaam hota nahi hai 	1
 many asa kaha hi nai tha tm.ny hi kha is k mtlb tmhy kasar ha	4
bhenchod what a goal!	4
 mujhe tm par fakhr h tumhe main bohat bohat pasnd karta ho i really like you agr meri baat achi lage to reply karna	1
bhosari ke tere paas paisa hai toh tu bhi kar	0
 well done dude ...aukat dikha di dalle ko	0
janoo ko pare ker de 	1
 itna tu kisi ne chaha b nahi huga jitna humne socha he tumhe	1
 mainey kuch nhi kiya 😂😂	1
aamir rundi ka bacha hai debute se	0
apko bagne ki zarort nhi hm khod tujhe apne sath baginge 😉😉 	1
aurat march thek kar ke ai he manifesto 👍	1
taza taza news🤪🤪 btna ye tha aj se 2 din bad google  bnd ho jaye ga 😜😜 google  pe qatal wajab hogia hai 💡💡💡💡 🤣🤣🤣	0
may allah guide before she became second qandeel baloch	1
 dakhin aap us urat ki hamyat kar rehi hain jo hamri islamic taleem ka opsit baat kar rehi hai mi tu khao ga ka khalil shab na bohat acha kya	1
   na ja bhai abhe.  tu bhi aja....dobara chala jana. health is more important.	1
tmhe majhab k name py kon istemal kr rha ha?	1
pakistan man aik janwaron ka hospital banaya jay jahan pr harami sheron ka illaj ho sakay or aik qabristan fori banaya jay jis man bhutto ko dafan kia ja sakay ta k os mulk ka kuch faida ho sakay	2
zinda ha bc abhi tk tu b	4
 main bht pyari hun 😆😆	1
haa bahanchod or koi kaam nhi	0
chal bharwe	0
 nhi.. university main mobile ban q hoga..🤨	1
ma ny b dekhna th spray🙄🙄	1
yaaar koi isko pagal khany chor ao kb se jali jali lagaya hoa jawab hai ni koi... 2 peg lga lo us din ki tarahn phir vedio bnao shabashh	0
he's a former ahmedi, and now an atheist. he isn't even muslim and insulted the prophet too,the grim north	1
 koi ik poster btao jis mn aurat k killing ya tezab ya rights ki bat ho posterz mn..	1
ajao ...... per please baaki sb se lerna mat .....😜☺️ 	1
  khud tu papa ko gaaliyan de rha he or sath parwarish ki baaten chod rha he	0
 uss din gulzaar wale status pr reply kyoon kiya tha phir.. apko kaisay pta gulzar ka..?😨	1
 apko kon nahi yad ata ? 😂	1
kali kuti rundi pudi	3
    me ni smjhaon ga	1
that nigga was yahoodi he probably lied to all the employees	2
 aap k mounh se nikla hua har lafz meetha lagta hai❤️	1
 aap bemar ho, oh allah shet dy aap ko 🌝💕	1
 haha mil jaay koi 😂😂	1
 twitter pe hi meet up plan kr lu 😂	1
 allah se duwa karo bass	1
this lil bastard just dived right into my coffee killing not only itself but also my buzz. bhenchod machar.	4
sc tou abhi bhi pro niazi hai , niazi ki khwahish par ns ko disqualify kya , wahan case kyon nahi jata niazi apna randi rona lay kar?	0
free dhaniya ki jagah free validation maango sabziwale se	1
 or supreme court ny nawaz shrif ku na aehal kaha uss k bary me kya khyal?	1
 ghor sy ni na prha ad ap ny 🤦	1
aaaahhhhhh bhenchod.....jese tere is mangalsutra ki sahi jagah tere gale me nai balki mere mote kaale lund pr he.... vese hi tujh jesi chudakkad kuttiya ki jagah kewal mere pairo k niche he saali.... chal inbox me aa.....	3
insha allah.... humari sari duaein aap k sath han... allah aap sub ku kamyaab karay or iss yahoodi hakumat say chuthkara milay ameen... love you shah sb. ❤❤	2
 ap ko bra pata ha😂	1
rt :  itni himmat ho sakti hai kisi ki bhi?	1
🤣🤣 your lies are funny. every single day hindus, sikhs, shias, ahmadiya s are killed in pakistan. women are raped. children in madrassas are sexual abused. millions killed in balochistan, sindh etc etc. you left that out.	1
main apke bt ka matlb bta rha hn😍	1
aur pakistan k munafiq mullah  musalmanoon ko aapas mein larwa rahay hain  aik doosray pay qadyani yahoodi honay k jhootay fatway jari kar rahay hain.	2
   ye to shuro sey hi bewafa hy yaad nai tumhey kia??	0
abhe kr lia kr yar .kia masla ha tujhy ..😎 kaun bat nhi krta	1
aag lagy chahy basti main baap to rehta masti main 😂♥  💕	1
haha saali❤🙊😂 pleasure all mines🙊🤷🏽‍♂️	0
suno, daro us waqt se jab tum sab ek khuda k samney la'ay jao gy, us waqt tum sab apney apney guttnoon  k bal jhukey hoon gy.	1
bhenchod  dallo saalo mar jao kahin jaake a girl is providing proofs and the reporters fucking say that the images and videos can be photoshopped and that it's a violent clash which could've been started by anyone	0
bc inka anthem sun kr kaanon ka cancer ho gaya ha🤣🤣🤣🤣🤣🤣🤣🤣	0
just look like questions to me not them saying bc is better just asking what others prefer	4
malala the product of halala pehle burke se, halala se, bacche paida kerne se or gulami ki jindgi se to azadi lelo hindustaan se azadi to tumhare kukarm tumhe dilwa hi denge. kyuki terrorism failaoge to lat mar ke desh se bhagae jaoge. i am with my country and support caa, nrcðÿ˜‰.	2
herbal medicine se sujan to nahi jaati par dard ka ahsaas khatam ho jata hai, after lathi charge. it helps them alot. wo dekhe nahi aapne charsi socks sungte rehte hai ? same cheez.	1
aur tu bhikhari fukra, jo ek berozgar ki tweet pe jaakar tweet kar raha hai. bekar show hai tabhi tu ussi ke baare mein bhaunk raha hai	0
 kon say stakeholders. bakwas bnaya hai anthem	1
akhrot ye dry answer ni, point ' kitni asani se irrelevant bnadia bande ne smog ko ' h😂	1
rt : kahan hor payen ge hum dharkano ko? k dil ki tarhan hum bhi totay hue hain	1
 dekho main ny apna badla lay liya..😌	1
twisted minds keh kon raha hy, hijra 🤣🤣	3
gandu bsdk, caa me citizenship di jaayegi . films flop toh sasta nasha karne laga bc.	0
 kafi qadioun ke ghar main bimar ho gaey un ke liye bhi awaz uthao unhain bhi raiha kerwao	1
rt : snapchats from unexpected people make me nervous to open bc i wonder what on earth they've decided to send me	1
 nhi....vo virus to logo ko maar rha ...	1
   abhi abhi neo news se suna k cabinet ny pm ki pay increase kr d hy? kia yh such ha?	1
abe lode ye bta caa me paper ki bat kha se aayi tu pad to le pehlay caa hai kya ya bus bc karne ke liye aya hai yaha per 😂😂😂 vase ghado ko samjhane ka koi fayda nahi hai	0
  ma tou koni bolaya tha ;-;	1
  for your kind information yahan beth kr bolna asan hota hai mein cheif justice hotey wah g wah to ban jayen na phir cheif justice🙂	1
"although both of us have opposing views on this issue, you summed up what i feel. no wonder who this woman sides with, aik number ki ch****a he rahegi.  apne apko celebrity samajhti hai ""do takay ki aurat"" 🤣🤣,"	0
rt : abey o andhey baaki ke 3 hindus tere baap hain kya ? issmein bhi tujhe religion chahiye ? aur tu advocate hain ? sick mind	0
bc hum ne ye mehndiyon pe chalane k liye rakhe hain?? #modi	4
yahodi aur qadiyani agenda he,bar bar bata rha hon,per lagta he satto piya hua he is bar qoum ne	2
oh i thought mere pas tum ho wala danish he #askdanish	1
chup randi ki nasal	3
abey gandu.... nature nhi rahega to oxygen kisika baap dega ssab ko????	0
tu chup kar bharwe  apni ungli ka elaj bahar karwane jata hai or 3 bar k pm k khilaf bhonkta hai ja dafa ho... bc mc	0
 kaya baat bai zindagi tu sirf inko hi apni aziz hy baki awam jain bhaar mein.	1
aurat apni boundaries main he achii lagte hai💕allah nay malka bnya hai💕	1
please sell up you yahoodi bastards	2
government randi form a governance soon please bhadwi	0
log cigarette ka krty hain...  tu ny meri muhabbat ka smoke kr dia😏	1
jaane kab kaun kise maar de kaafir keh ke, sheher ke sheher musalmaan hua firta hai	2
 aurat ke rights allah ne quran mein clearly difine ker diye huwe hain jo wo rights nahi deta wo bhi ghalat aur jo unn se zayada demand kerr wo bhi ghalat hai	1
yeah qandeel balooch k baad bakiyoun k pichay b hath dhoo kr purr gai hain. bukhsh day inki jaan mulana sb	1
fav toh kardiya hai ab kitna fav hu yeh aap btaa de😅♥️	1
qadiyani pe lanat mirza khinzeer harami pe lanat.	2
    haha gao rakshak hm bolte ni kr k dikhate hen.. ye 7-10 days bht zeada hen ye minton ki game h... dhamki jo de raha h usko kaho chlae bomb phr nikalna kaha se h  ghusana kaha pe h r ghusa k marna kaha h hm pe chorh do 😂😂😂	1
🙂😂😂😂😂😂 sala charsi	0
roads ko choro tmne account bas negativity philane kai liye banaya hai ... 	1
bc bhaar mein ja 🙊💃😂	0
tu pakistan aa pher kartay hain.  😂🤣😂🤣😂🤣  apni soni gashti bevi ko lay aana.	0
jahiliyat ki v had hai ye apne ghar me slave ki tarh rahti hai aur bahar kutto jaise bhaunk rhi hai... shame on these ladies	3
mar to jaon bus uska nam btao jispe marna ha 👀😪	1
chal be bharwe faltu ka credit le rahe	0
bajwa is ahmedi? 🙄. how did he became coas then	2
haan theek hai bhenchod phool khil gaye lekin i love you nahi bola	4
he is drunk bhenchod	4
 toe phir jo bhi pakistan ki jailon mein qaid hain un sab ko bho chhor diya jaye kyun k un sab k bhi maabaaqbhenbhaibete aur betiyan bhi hon gi aur un mein se bhi koi na koi bemaar bhi ho ga???????	1
aik yahoodi ko maa banaya hua yar youthion kuch to sharam karo	2
crush ko stalk kerne k liye 	1
 ab bqio ny kehna hmmy to pehla pta tha😂😂	1
ki maa ka bhosra why promoting rashmi	0
ye kaun keha ka mp hai kutta hraamjada .gandhi kya eska baap legta tha	0
foreigners karen tu life hack hum karain tu jugaar wtf yaar	1
hey are fighting amongst each other. #bajwa is compromise candidate. thats only reason why he a ahmadiya is a coas.	2
 ch. sb or apke tweets same kyun hote hen, braaye mhrbani naqal mat kiya kren ek dusre ki	1
halala ki padayish ho aap aur kya expect karenge hum aapse	2
i am charsi 🤟🤣   wbu ?	1
randi retweet ka option disable kr diye....bc 😂😂	4
ap dekho gy aap agr garbage pay bhii kuch banao gy ye log dekhain gy,,, raah say bhatka dia ab jo marzi dikhao inko	1
 aap jaisay jin band hoin gay tab hi awam ko relief milay ga sir.mazarat kay sath	0
abhi subah doodh lene gaya toh 2 uncle thank u bol rahe. but the main concern is has it become this easy? to just molest a girl, bas bhenchod ghumte ghumte aaye aur touch kar ke chale gaye? i can still hear that little girl shouting when this happened. she was so frightened.	4
 ma ghr ma bat nahi krta .	1
 main mar gya hun..kuch din pehly depressed soul sy name change kia hy	1
sir gazhi hijra hy ap bhe dp laga lein pta tu chly ap  kya cheez ho	3
kyu k pakistanio ko yahi paraya gaya ha k china hamara dost ha turkey se hame mohabbat sikhayi gayi hai	1
follow to kar lai gay but follow back bhi chaye	1
ye to full randi lagti hay mujy. kahi sunny leon ki partner to nhi ye	3
chali saali maa ki beti lafnder same tere jaisi hai vo	0
aur yeah hijra #billorani kuch nahin ban sakta. 🤮 baray moun wali looti. 🙄 #bilawajabhutto #accidentalchairman #fakebhutto #abubachao	3
talat wase tu kis ka dalal ha beghairt jab tu ne peda hona tha tare bap ne condem use na kar ky tare jase daly ko peda kar diya haram zady jab kise pakistani ko makkah na jane diye jaye tab unk dard samjh sako gay beghairt	3
😎🇵🇰😎 you are right, ye ahmaq following ko bay-waqoof bana raha hay.	0
tugh sey bari randi pakistan mai nahi aur haan tugh jasi randian apnay bhai aur baap sey chudwari hain, najam sethi ki aur beta hain yeh.laanat teri maa per jiis nay tugh jasi kanjir oolad pada ker kay naizi ko dey di ✋🏿✋🏿✋🏿✋🏿	3
i wanna send you a video of how the iran backed militias have shot a teenager with a gas canister in his head. is that save? you son of a bitch, why don't you move your ass to iran if you love the situation there so much? echte sukkel ben je, khak bar sared ahmaq	0
  hansy mat ab 🥺😑😑😂	1
"    ye b kiya ha aor twitter pe khan sb ko b tag kiya ha  lakin hua wohi bina kisi solution k ""relief granted"""	1
arif rana 💖life yasir rana from australia 😎😎 mere sister ne bhi suteli ma ko kha iddat puri kar ye ptv ki randi producer fareeda rana chup chup k roz us harami kuttiya k pilla se zana kar k aja te us harami ko sab ne ruka par wo harami ma ur bap ki pedaish tha dalla nikla 😎😎	3
fir dobara kisi ko mbbs ki degree show karne ko nahin bolna to darpok hai isliye apna indian visa nahin show kar raha hai aftab sach mein to bahut bada hijra hai 😂😂😂	3
ap bhi nazar nhi aa rhi 😏	1
madum ap gharailo maon behno ki terha na blkeh on maon behno ki terha bhi nahi jo moaashrat main ghar sy bahir nikal ker apni , maan baap ki .belky pory moaashry ki izzat ka kgayal rekhti hain .ap oss catogary main ati hain .jisy rundi,jisy tawaif,fahasha, jisy badqar kehty hain	3
bhenchod mairi thand se phatt rahi hai	4
ok g jesy aap kahy 😊	1
seriously who came up with mummay?	1
randi ke modi ki tatti khane wale dalal reporter	0
is cult  mein kisi boht hi pyare ko kho dene k baad uski qaber pe phool rakhna b jurm hai west mein qaberisat se phool chura k un ko sale kr k ahmdi chanda dia karte hain takey ragister se naam na kut jaye	2
please don't share his obnoxious face to me. below is the image of the book rohani khzain from ahmedi's official website see what your evil messiah has declared god but you had said you have read the books of mirza and accepted him mehdi may god give you hidyath	2
   na tmre pas jism na shakl na aql moti saaand mun ase jse gobar ka dher opr 10 pkoro jitna bra naaak durr fitty mun budhi ghori laal lagam	0
bhenchod syllabus kuch aur..aur padhke kuch aur gaya.	4
 mjy b pooch do🙄	1
 with due respect sir kya aurat march se ye chezain khtm hu jain gi...?	1
 sir yahan se ggps qila cheet singh ko 3 rasty jaty zara dekhain 5 teacher kaisy kechar se guzar k jateen...tawajoh karwain atleast 1 road bnwain	1
lekin mai de rha hu na bhaukne.....puri raat bhaunk... joe joe se bhaunk....apni puri kutti family ko le aa bhaukne ke liye...itni aasani se mai bhi na jaane dunga	0
 skskskkss momo twice ke yg trending tu? aku momo lain 😂	1
usman saeed randi kay bachay dil karta hay kay tumharay manhoos face par peeshab kar do	0
 btao to kya hua ha headache q neend puri to ki thi	1
 toh ap bhi na laro..😂	1
woh na ayegi mujhse milne yeh janta tha main lakin intezar karta raha kyu k dekhna tha usko maine.	1
 islamabad s shift kar jao	1
abbey gaandu... dalle proof chiye bhadwe.. lund le le mera bosdk  #asimfandomhits6m	0
bhai km tha apni bhen ki hifazat k liye k uski bhen b  agai 😂	1
g sab yehi kehtay hain imran khan aur ab tu youtheees bhi kehna shro hogae hai niazi planted khota hai	0
us ahmaq sa app ba shadi q ki	1
yar  main nay   to ab  tak dm bhe ni kia  kisy  ko bhe	1
 ni chahy ab 😭😭😭	1
rt :   halala center khol raha hai	2
 five star??....ap baat ko badalty q hn ..daleel k tarazu m tol k wazan barabar q nh krty	1
yr us sy mjhy phly e khatra  tha or bc ny wsy e kia 😑	0
seikh rasheed bula raha ha	1
bro seriously you made you slogan that you are a hijra bts are proud of you 😂😂😂🤘🤘🤘🤘	3
gashti aurat yeh pak foj ki jaga ha pehly tahreer tu parh leti har wqt bhonkti rehti ho .	3
aap bhi tou single hain aap ko pata hona chahiye 🙄	1
  mazy hn ap k chalo ab ap pizza or dry fruits bejho	1
raped and murdered. my own sister's name is madiha and this hashtag gave me chills. is mulk mein aurat ban k paida hona aik bht bari saza hai. nothing will happen, the rapist won't get any punishment.   ................. #stopchildabusesavefuture	1
yar yeh kya haram pana ha...banana state bana kar rakh di ha... aik billions of dollars loot kar bahir ja raha ha mazay se aur aik beghairt ne yahan naak main dam kar rakha ha... sach mn yeh banana state he ha😏	0
hm logon ne dekha jb sb phle..toh fr ab es baat ko mt le k aayo..plzzz... phle hi bht hlchl chl rhi h sana ki lyf m ..thank you	1
btw bhenchod means sister fucker and rantoni is madharchod	1
hahahaha akhrot ney ser per paon rekh ker bhag jana hi shaded allergic hi voh choty alhroton sey	1
jalta hai bc😂	0
mujhe pata hai wo mujhe sy pyar nahi krti lakin main pir bhi osy pyar krta bohat😍💕🌷	1
 bhai! nai kraan gy. bs tu khush reh	1
rt : hum aj tak khud ko nahi samjh saky  or log hamary bare mein pata ni kya kya samjh lety hain.	1
agr pata hota itni taklef deti h muhabbat  to dil jorny sy phly hath jor lety.......	1
one gk question yah halala kya hota h???	1
kon se aisy kaam hain keh jin se *ghusal* farz ya wajib ho jata hai? by: *mufti akmal sahib* #tlp 	1
baap ke ghutno me acha lag rha hoga xd	1
ye acha mazak kya hai life ne hamare sath!!! jab psl ke saare matches pakistan main hone lage toh hamza peshawar zalmi ka ambassador nai raha.. aur ab jab islamabad main matches honge toh hamza wahan hoga ya nahi kuch pta nai.. 😭💔😭	1
bhen chod tu asay hi bhonkti rahy gi.... tujhy pata kuch hai nhi bas randi k bachi yahan pti ki spport mein bhonkne aa jati hai....	3
rt : woh apna shoes size twitter py bta rhy  bc yahan bata ki dukan khulni. kal jummah ha masjid sy apny size ki jhuti utha lena	4
aurat bhatak sakri hy kbi “maa” ni bhatakti .  ye line hmy btati hy ky islam ny nikah ko kitna khubsurat rishta bnaya hy , jismy aurat phly sy ziada mazboot hojati , mukammal hojati hy . ♥️  #alif	1
😂😂😂😂 is dfa ghr jay ga tu okay krwa li yeh wla scene  🤣🤣🤣	1
madar chod. teri maa ki	0
bhaunk chuka mai indian hun ab jake apni maa ka moot pee	0
aap itni cute kyun ho yar	1
 hahahahah acha me to shop wale se pooch k btaya😂may be yhi achi ho	1
bhosdiwale chachd tu pehle gsmr chod bhenchod	0
o madadarchod: tum tu farigh ho aur yeh gashti tu waisay he sari raat jagti hay. o dallay o kanjar hum tu iran jatay hotay hain tu bata apni behan kitni baar mbs aur us kay wahabi sheikhon ko bhaijta hay.	2
rt : criminal salman jail jao bhago bhenchod	0
bhenchod wele ho? mtlb hd hai	4
arey madam mard orat barabar ka falsafa he na ap logo ka to phr brdasht kren	1
tmhri baaaaay ka phuda maa lori ghasti	3
saqib nisar mirasi yaad to aata ho ga.. daily court, daily sc k bahir aik tamasha...us time yeh sahoolat sirf aik zaani, cocaineee aur yahoodi k liye thi.. jo haal us baba zehmatey ka huwa, us se bhi bura is donkey raja ka ho ga...	2
 you r soni kis ny bola😁🗽😝	1
tw aik harami kutta hai.	2
 tickets tcs centers sae aur dates ka pata nahee	1
na na is moty ko aur dj ko bhenchod samny lao ikthy urao😤	0
koi samjh nahi ai😭😭😭mujhe pashtoo kis din aey ghi😭😭	1
psl key randi roney kam they soucha apney kr lun	4
 meri class hy na 😂	1
 oye apni zuban dekho bhai.. itny tum nabi(saw) or ashaab k ashiqshame!	1
 ap nay ye tou share kardiya lakin wo news share nahi ke jis may aik beti nay apnay baap ko qatal kiya ku kay wo uskay yaar say milnay nahi dyta tha ye hai asar mera jism mere marzi ka.. or han ap apni behn bv or beti ko zaroor ourat march may bhjen	0
our pti per mukamal pabande lagayi jaye foj ko kashmir bhija jaye propagandist anchors or tweeter accounts ko ban kar ky unky holders ko d-chowk my latkaya jaya perni chod, bhen chor, nashai podre u-turn jali selected niazi or selector ko sari aam sangsar kia jaye	0
allah aap ki hifazat kry.	1
bhott achi bnai hai ap ny r  ny 	1
itna koi baighairat hai abhi tak tweet delete nahi kiya.... 	0
vote ko izat do  vote ko izat do  vote ko izat do  hahahahahahahahahahahahahahahahahahahahahahahah  lant tery tay lant tery najaiz abbey donkey king kashmir frosh gandu lanti sazishi bayghart kanjar imran yahodi tay lant sari pti tay	2
aguero hahaha bhenchod	4
rt : fuddu log bhenchod	0
 sir phr aap apni maa, beti, behen ko b is march ma bhejy agr ap ko koi masla ha to is banner ky sath (mera jism meri marzi)	1
itna kyo bevajah bhaunk raha hai? aaj it cell se dog biscuit nahi mila? ki jinhe tune tag kiya hai wo tujhe arrest defamation k liye uthane aa rahe hai?	0
bharwe ganjy k dalal	0
1300 people commited suicide in sindh last 5 years dur fiteh munh  	4
kisi randi maaa ki nasal hai madrchod tu kisi murd ki beti nh kuty ki beti hai jab teri maa ko kuty ny chuda to teri jesi kuti paida hue	3
rt : han maloom hai apne baap ko mat sikha.	0
 betao kon hai wo	1
nae ma jab tak charsi say karahi khaa aown ga	1
 bilkol nai hon.. bush apko pata nai kyu lagta hon💔	1
teri maa chod dungo noorul beta	0
 ammi ki chappal se	1
i guess that means that otis is a bhenchod	0
 nai ma na acha khana khaya ap khao	1
acha howa bangali alag howa fasadi log hn ye bangali agar aaj hamra sath hota tu kafi mushklaat create krta	0
 tmhn yaad ho ya na ho clg /university ma lrko ko cgpa nai daity jtni aurat ko daity hein 😃	1
bhenchod funny aadmi hai tu, aur kya chahiye 🥺	4
bilawal sadda hijra, ho jamallo!!!	3
shehbaaz:-paras tere night suits itne famous hai na. sb poochte hai ye kaun satrangi sa banda aya hai 😂😂  punjab dekhna tha na paras ko. dekh le  #shehnaazgill #bb13 #biggboss13	1
iim joka k bharwe jaldi paise de delivery wale ko taki woh mera delivery de de bsdk	0
 iisy ijazat dy den aurat  march main jany ki	1
"unfortunatly majority muslims believe reading quraan is personal matter but no one""other than muslims"" can touch or disrespect ""their qura,an""meaning thereby  ""the muslims""monoplise relegion and they do whatever they like,in routine they burn masques and qura,an in ahmadiya mosques"	1
wo rutha is qadar ki ham mana na sake. jate - jate use gale laga na saka. ye unki nafrat thi ya meri mohobbat. wo kabhi aye nahi or main kabhi bula na saka.	1
 astaghfirullah haram tauba tauba saara mood kharab kar diya	1
 chalo rehny do sb ko pata lag jaana hy 😂😂	1
aby han mn bhol gya ye to sasti randi hy 😂😂	3
ghr chor ky bhaag jaon ga tmc shadi nh krn ga 🙈🙈🙈🙈	1
asslamualaikum din bakhair dear  allaaha subhana wa ta'ala sees allaaha subhana wa ta'ala hears.  and  he is just sometimes this is all you need to remind yourself	1
o phudda teri pan da oya ksi anni deya!!! edda tu investigation da putter!!! pellay pta law k fus k tera asal pu kera fair kerwaiii saday kolo wda lun layni da na howay!!! kuttay da putter!!! son ov bitch and pig!!!	0
wheres that sidewall bhenchod	4
mirasi ho k kis trah ye apni pehchan chor skta ha g	0
party funding case say dhyan hataya hai yahoodi nay aur kuch bhi nahi hai awaam ko gumraah kare walay hain ye aur kuch nahi kar skty	2
let me report your account. people who can't beat on battle ground do hijra works like you doing 😂😂	3
rundi baaz hai isi liye yeh harami bhi kamzoor ho gaya hia😜	0
  haanaur sharjeel ko pm banao, hai na? that's what you want?	4
rundi ka bacha teri maaa ki kus kanjri ka beta tahir	0
a false accuser can at best falsely accuse everyone she knows f imaginary crimes. hunter bol rahi hai apne aap ko to chaud mein likh na. ye peeche se kya dick dick bhaunk rahi hai. aaja gurgaon court mein documents dikhati hun teri bakwaas disprove karne ke liye evidence ke saath	0
is rande ko deekh k itne tap charte ha k many un-follow he kr diya... chawl no 01 	3
rt :  are jo baag mein betthe hai unko samjho, tum ko samj mein aa gaya to kya laddu bante 😊😊😁😁	1
kuch bhi bol do na.... aukad hai toh doctor banke dikha behen ke kate hue lode muh me tatti daal apni randi maa ki madarjaat.	0
jinna wdda pagl utna hi logo ka brra hajoom ho ga us k ird gird akhta	4
tere paas hain numbers to tum bana lo naa raut babu kaha bhaunk rahe ho roj	0
ye teri maa ke yaar ka naam ni lkha huwa no 3...gandi nasal ka hathi..	0
 por match box hi arrange krna..ak stick se shyd kam na chl paye...	1
 haan bs itny main	1
 ma ny aj kal brha b bohat rakhi ha😂😁	1
 maam yeh hamari class nhi hai.. w0 imran khan ki zati zindgi hai wo jane us ka kam jane.	1
nhi ye chadr mehngi hy bht... ghreeb bnda hu or kahan sy lu ga is liye tumhari chadr sy kam chl jaye ga🤣🤷‍♂️	1
ye bat adlt me khyn ja kar...  ta k unhy pata chaly	1
 tum nay board ma top kyea huya hai	1
stop with the dms bhenchod one at a time	0
 abba ko patta hota sb😂 so chupane kaa faida nii tha😂	1
meri behn jab tak tights pehnne wali bahar ghoomen gi tab tak naaw bache mehfooz hain naw burqay wale... ek example to apne bachpan main parhi hogi.. 1 gandi machli poore talab ko ganda karti hai 😊😊😊	3
   salman to hai hi ghatiya har season mey usne kisi na kisi ko target karna hi hota hai	0
bhag bsdk ke charsi	0
apke support chahey aj he plan bna lety han☺️	1
madarzat porkistani rundi aur bhadwe ki aulad apnee badkaum aur rundio ke mulq porkistan kee halat dekh. behen betio aur mao ko arbio aur cheenio se chudwane wali bhikhari kaum. rundi ki aulad bheekh aur bhadwagiri par palne wali madarzat kaum ka naam hai porkistan.	0
han bhii imran ki dadi ama ka ghr h jo, unka aya 200	1
aap kirdarkashi say baz q nahi atay😡	1
 kesy bhulon ab..teri story ny meko apni hone wali ki yad dilaa di🤣	1
nahi..  kamaal hai.  mei tu coffee piyun tu ik pimple nikl ata hi agly din. 😂😂	1
 matlb apko hai na😂	1
 koi aur kaam nai bss 😏😏	1
aur imran yahodi kuthi k muth marega in sha allah	2
bhenchod bikao saray k saray	0
shukr ha walid ni bol diya. 	1
 unper b khuda ki lanat ho jo jhoton or munafiqon ko sahabi batlaty hein	2
this is your reality fake propaganda chalate ho shame on you to hijra nikala rahe!!!	3
koi chutiya hi hoga jo naya phone leke uske saath bend test karega hmlog phone lete hai to jaan se jaada sambhal ke rakhte hai khair choro kisi kisi ko baat samaj me v nahi aayega	4
 allah tala aap ko slamt rkhy hansty muskuraty rho	1
 tum bhi humesa khush rahoo	1
 ma nhi kisi ka supporter	1
ye bs phr isi wja se boys pity hain kyn k girls ko smell achi lgti hy. badlo awam 🤷‍♀️🤷‍♀️	1
 bili ko b ye log chain s n bethne dete 🤦‍♂️🤦‍♂️	1
zalimo koi hmy b s/o dy do k hmary sath koi dushmni hai....😥😥	1
ek din ma kuchh nhi ho sakta	1
     honey we love sid too buhh it dzn mean kisi ko support karnay k leay dusray ko nicha dikhana zruri hai relaxx spred love...	1
haalaat-e- zindagi esy mor par le aai, ki manzil par pohunch kar safar ki yaad ai.	1
 kon hai headr mein ? 👀	1
to tu bana le na chutiye yahan pe kyun bhaunk raha hai ..	0
meri traf sy inkar ha	1
 uske restrnt me koi phone pe tez tez chilla rha tha use usne ban kr dya🤣🤣🤣...indigo se b fast service😂😂😂	1
what logic! his mercy plea was rejected by coas bajwa, an ahmedi. he had allegedly breached pakistan’s top nuclear facility, sold some serious intel to cia. it simply means death in pakistan.	2
 kiyoun aisa kiyoun hota hai?????	1
kyon k yh kuch logo ki fitrat hai 	1
 ni ab to jo marzi ho jay biyah tum say he karna hai	1
 baki sb ko mana kr do ab 🙄	1
 doc, maine tu iss baar kuch nai kaha.. whay have you become this person ? 🤦🏻‍♂️	1
emeen walo say dushmani aur nafrat mien aik tu yahoodi hon gai aur dosray wo jo khula shirk(idol worshiping) kertay hien surah al maida verse 82. es ayat ko samjho bohat simple hai aur gumrahi say niklo allah hidayat da sub ko	1
kuch nhi bs aap ki yad aa rhi thi 😵.	1
fazlu rehman and mahmood khan are still on the container.... and we get angry when they call us 'akhrot'😁	1
bhen chod itna bada admi ronnie screwala direct bol diya manipulation ki haad paar kar diya inn logo ne.. nakli stardom bachoo	4
apni amma se poch nai to didi sania se poch..khusray to tum log ho jinki larkain shadian pakistanion se krti..	3
 seriously sari game isi ki hai.. jese time ja raha hy na 😐	1
tera behnoi to kuch aor bta raha ha bayghart kashmir frosh lanti sazishi kanjar zalel gandu imran yahodi ki najaiz olad	2
muuh mein dant nai or gand se akhrot todne ki bat krta h sala fawad.	0
halala ki olad	2
who you calling gawar asshole...zyaada hi bhaunk rha tu hai...kutte wali baat dil pe lag gyi...chal koi nhi..dil pe mat le...muh mein lele mera...tu apne pe mat aana...tere jaiso ki aukaat pata hai mujhe...aur tere jaiso ki roz gaand marta hun idhar...bachhe ho bacche hi rho.	0
ye kya baate hori haiii !! i cant tell youu!! gandi gandi baate kar rahe hai vishal shefali himanshi sana aur sid!! 😂😭🤣  #sidnaaz #bb13	1
   bhonk mat nikal yahan se	0
 to in mein se konsa kam aurat ne kiya h??	1
bhenchod yaha depression hai	4
because islam is a religion of peace and all these terrorists and their organization lied about their religion in addhar. so they don't ha e a religion	1
klasra ko madeena ki ryast sa bohat jalan hoti ha ya bra liberl bantaa iss ko europ wala pakistan chaiya jider baiti baap k samna gaand daiti ha	0
 wa alikum salam	1
abe bhosdike halala ki paidaish sale randi ki aaulad teri himmat kesi huyi ye bolne ki sale tu apni ulti ginti suru kr abðÿ’©ðÿ’©	2
teri pen da kus khottay k bachay haramkhor badzat fastai zani yahodi lobby k agent dallay naehal nalaik cocane addicted chutiyee nikhato nikamay najaiz nalaik baysharam baigairat jahill  niazi kottay keray parien tere ganday jism main tjhe kafan naseeb na ho	2
lo.. aa gya kutta auqat py.. behnoi hu mai tera.. bsdk ja k behn se puch.. tujhe sharafat se bol rha tujhe samjh nahi lag rhi.. maa behan aik karwany aya ha yha? nikal laude.. mc bc.. bsdk	0
bhai, main phele apke tms what's app group mien add that mobile reset kia hai tu group khatam ho gaya hai, plz add me again. my no. is:03007344748	1
 mard hon mard se pyar krta hoon	1
ye gashti hai to isky pas janay waly kon?	3
bc poora gaana bhi nahein chala rahe.	4
tera baap hijra nikla ?	3
ishko seedha jannat bhejo, allah ka order hai. bahanchod	0
ab ye dubara poora christian bhi ni ban skta kyuki kuch aur aadha ho chuka hai 😹	2
ahooo peer chuman shah, lahore ki har sassti gashti is key rastey main parti hai	0
pakistan is only for sunni + punjabi + muslim people. all others like shia, ahmadiya, bakarwal, pasthun, balochi muslims are inferior as per islam. this is 'the' mentality of pakistan.	1
  uff  tmz se tho hy	1
 meri to apnay kuch doston say debate hoi is baray main hai dosti khatam to nahi hoi  disagreement say to kisi ko problem nahi hona chaiye aur jo banda sirf difference of opinion ki wajah say dosti tor day uski to kiya hi bat hai 👏	1
tu bhoshree ke jain nahi ho sakta.. tu kisi na kisi halala wale ki gandi padaush hai madarjat	2
 or yai wo lmha h jb hm jan b harny ko tyar hoty hn	1
 hm tery bhi khilaf hn or orat march k bhi	1
bc celebration h ya beijjati.😂	4
  apa ka moid swing hota rehta 😔😔😔	1
 kash k tery bap ko teri maa ne kaha hota k mera jism meri mrzi to aj tujh jesa dalla peda na hota.	0
 mery kaam kahan hain☹️ wo to istanbul ka behtreen chef hain na is liye dil chahta hai usky hath ka pasta khany ko :p us sy kahen araaam kry aur achy doctor ko checkup krwaye ://	1
ap ki ama nay batya hai kay wo yahodi hai ya bhen nay...	2
 sir pm sb ko bhi guftaho ja saleeka sikha dain .onka level to toba toba	1
polish ki chodo bhai usko aap saja do wo bhi buayanak wali maa chod do bhadwo ki	0
teri maa abhi bhi meray baap k choos ri hai tattay esko ghar waps bula	0
naam dekh r kam dekh randi	3
 aby tou tjy koi peene ko bol ra tu bs mojy bana kr dy	1
  sir ji agar kabi ho sake to apni kitaab mein maafi ka lafaz b add kar lein main jhoota nahi hun🙏😢	1
chalo beta ab bht pharwa li apni baaki kal k liye bhi kuch chor do randi ki nasal	4
ye zameen rok jaey asman jhuk jaey tere chehra jab nazar aey🌷	1
ek mauka maag rha hu agar mere se koi problem hua h mujhse baat kijiye mai pura koshish karunga isse khatm krne me	1
lkn is case me to pori qoam youth hi nangi hojyegi😂😂 yahoodi funds.. raw fund, ahmadi funds, yaadyani fund. pti ki tabdeeli ka satiya nas hone ja rha hai. i am so excited 💖 kb wo din ayega k jb pti ka berha ghark hoga🇵🇰 phr nawaz ayega 4thi bar💖 ek wari fir sherrrrr💖💖💖	1
 ary god father isi liye to suggest kiya tha maine pagal😂😂😉😉	0
 ek tweet retweet karwani hai..tum ny vada kiya hai..🥺🥺	1
bhonsdike...tu bhaunk raha tha raat me. great! srk se mohabbat koi fatwa nai ki kaafiron ko maar do. samjhe mulle. tu decide nai karta kaun banega srk fan. tu khud ek faltu fan hai. behenchod,teri gaand me danda.	0
 from apply kiya hai csc ke portal se mere from pura apply ho gya tha or last mai payment wallet se debit bhi huwa but from ka print out nhi aata na mail ya sms aaya csc customer care wale phone uta kar koi jawab nhi de the hai  bollte hai hum kya kre payment debit huwa 	1
frustrate ho chuke hain, inko lagta hai pakistan superpower hai aur twitter pe bhaunk ke kashmir mil jata hai 😂	0
uff pakiza muslim randi 😉😍	2
 ohooo... 🙁phir ghor sy dekhna tha na kahin jin na ho😂🙏	1
tik tok na achy bhla larka khusray bana diye hn	3
meri post per bi aya karo ma knsa corrona virus ho chawalo👀😮😮😒😏😏😂	4
 maqsad ka pata hai to khamosh rahain mohtarma.	1
asimsuar ney sub kuch start keya.  oss ko support kerney walee rundi desai ha	3
ye halala gang ko pata hi nahi hoga ki abbu kaun hai	2
fuddu hai dono show se nikalo bhenchodo ko matherchod	0
me: i love my life 😍♥️  my life: excuse me?🙄we are just   friends.	1
mujhy tasaliyan mat do mujhy follow karo..🙄🙄 	1
    kus v kya? dmaag pe chot lgi hai kya?	1
bandr killa 😂😂😂😂😂	1
isn't this wrong? correct me if i'm wrong. as far as i know, the word 'randi' means prostitute or widow, some dialect scene idk and is nowhere near 'slut'. also there is no such translation in hindi for 'slut' whatever the behavioural aspect is associated to that word.	1
'the wind'??? kitna bara rundi ka bacha hai yeh khabees	0
arre yar niks aise logo ko me hire karta hu tuje tho pata he na, or iss bhenchod 😠 mujse darta he sala number or address nahi deta varna iske ghar jake maruge. iss liye or vo he bhi pakistan ki oolad so unki upbringing aisi hui hogi obvious hena nikk. baki muje kya lena usse.	0
 kia kiya h is ny..q arrest kia	1
oye fattu  agr tere me himmat hai na to ye dhamki hume de ki faad dunga . saale body bna lene se mard nhi bnte smjha. acha hua asim freeze tha wrna teri aidi gaand todta ki tu chlne laayak nhi hota.. chutiye thoda tameez se rha kr television pr.	0
mukamal do hi dano pr tasbeh muhabat hoti ha  jo aye tisra dana ye tasbih toot jati ha	1
 agriculturist ho aap..???	1
dono shair nasir butt or ap bhag k london bill ma chupay wa hn ...	1
bhai me ye e likhny wala tha, aap ka jvb sun k khushi hui	1
mrd kuta hota hai tu kindly aurat ke krdar pe bhi roshni dal dein? ap chnd hramzadon ki wjah se pori mrd zat ko gali na dein apke bhi bhai bap hzbnd sb mrd hi hain, same is the case with aurtin, chnd ki wjah se pori aurat zat ko tu gali nhi di ja skti na	4
tu meri bhn ko chidega me teri bhen ko khali chod dunga kya usko bhi me chdunga🤣🤣🤣🤣	0
tum jesi ghatia aurat ka kam hi ni hai media par.kisi kothhay pe ja aur ulta late ja ke.begherat	3
hahaha mtlb tujhy b hath lag chuka ha kisi lundy baz ka . kitna khush naseeb ho ga k us ka lunda aj twitter pr bkwas krta ha . bc sala	0
"dear sister i can see you are lacking in basic arabic but for your kindest information it means ""jhoton pa allah ki laanat ho"" :d"	1
kuch bhi bhaunk le, tu cm nahi bandhan	0
launda phaans liya randi	3
him ny allraedy pm   khan sab ap ko or  army chief ko application behj chuky hain magr hamri koi sunwai nii huii.. yahan py tweet ka maqsad ap ko aga krna h k hamri madad ki jye... es rasty ko 5 maa hone wlay h band kiye hwe...	1
😂😂na ho khush raho aap boltay raho😂🤦‍♂️🤷‍♂️	1
it's one shameless govt that only knows how to lie. sahiwal qasur sindh conversions ahmedi persecution anti jewish rants by state ministers the whole set up of the shoddy govt deserves one huge slap on their ugly and dirty lying faces	1
madam reham khan divorced wife of imran khan. what are ur source of income in ukeu. utni changi hoti tu aaj khatoon e awal hoti.	1
mai kehna cha raha tha k pehlay spotify tou ajai phir instagram ka bhi dekha jai ga	1
tum khusray aur dhoghlay insan  tum kush be nahin karo sirf thook kay chaat saktay ho	3
 ye kiss ko annoy kr rhy 😂	1
mera nme tu nhi hy yahan	1
3 types of girls :-   awwwww !   bhenchod !   awww bhenchod !	4
of course kb check krne aa rhi aap cellphone	1
lanati  beshurme	0
tum log yahoodi ho kisi ko shuck nahi hona chaheye bus kafi hogae musalmanon ko aur dhoka na dou👹	2
yeh dekh chakki union ki randi	3
"i heard that islamic state of pakistan's reps are calling him a '' kafir ahmadiya"" a non muslim. it is quite contrary to is porkie rants if so."	0
wo teri maa hogi.. halala wali	2
jab tak tumhary jesy khanzeer hukmaran musalmano k hakim rahengy tab aesa he hoga	0
areee 🤦 khilana nh  khailna ha 🙄🤣🤣	1
 aa tere jin kaddaan 😂	1
aisi ghatia aurat hai na tu gero tu azlon ka begairat jai sath tu v	3
   nai nai tum 2 bhejna aik jesy alag alag ki sar my marna hy kia my ny	1
drama seriel teri maa ki phudi mein imran ka lun	0
bhag madarchod halala ki paidaish	2
saleem safi tu planet ka sab sy bada bhenchod zalil namakharam begairat harami hai	2
ayyy bharwe thank youuu💕💕	0
aap donon aak thali ka 2 camca ham pakistan ko jtna noksan mqm ur msaref na pocaya qom info on ko kabi mad nai kraga mqm mosaref donon ko gadar hi kaha jana caiya pti yahodi ajanton ki loton ki parti ha ya tinon pakistan ko barbad kna wala log han	2
 kuch nhi brother..mujhy behn ya baji keh diya karo sister mat kaha karo..😒	1
"i just read the part ""unfollowed all the girls"" and i check if i'm unfollowed or not 😂😂😂 then i came back and thinking. ""mein hijra thori hu"" then i read his whole tweet.. shittt h yrr😂😂😂"	3
oh yes but its totally cool to call someone gerneral zia ka beta, baigharat, yahoodi agent, qadiyani agent, budha aadmi, etc	1
chup kar ja bhenchod	0
rt : dil sambhal ja zara bhenchod!v	4
kunal kaamra ek no. ka bhdawa hai, nasal hi bhadwe ki hai	0
 tum first bencher thi na 😂	1
muk gaya tera show go yahodi go and go bajwa go to jail	2
lun pe bhi parwa nhi karta ab tu saraswatti na ban maa chod di hai mainy terri barra attitude hai na teray mai k teray takkar mai nhi hoskta aj teri maa ko chod diya hai mainy tu apna pichwara tight kar or squeeze kar bas dard nhi hoga	0
is mulk mai pak fouj he mardd hai baaqi sab idaray khusray banay hain	3
g bilkul aap nay kitna dam fund ma hisa dala tha mohtarma	1
doub mar yahoodi kaan	2
hosh mein aakar baay karo shari qawaneen mera rab nay banaya hein in par tabsaroun ki gunjaish mahi pagal aurat	0
no more randi rona's from now on, but how can i survive then?	4
hae hmara to har din hi eid hota hay...ap se bat kr li aor eid ho gai 😀	1
tu bhenchod sale tere khandan bhenchod	0
ha raat ko kangress walo ki achi khabar leta hu 😅😅😅	1
teri maa ki chhut me hawa chodu hay pakistan ne bharwe maderchod	0
bc chaat le phir iski mc ...tu bhi isi keede ki trha h ..saale tm jaiso ko toh hit se udana chahye	0
apni maa ko bc bolti sharam hi ha tujh ma	0
 😭😭😭😭sunset +vine was better... itni halki ki trf kyu gye?????????	1
   hn ye sai hy 😂😂😂	1
 me to tmharay whatss app pr channna olx pe pehlay e chaya hua me 😝😝	1
 yar lagta nhi ha lakin phir bhi asa kion kiya is k sath wja kya thi yar	1
lagta hai bauhat dard hoa hai kheeray ka abhi tumara abu mian sanp bhee marnay wala haramzadi, gashtee😁😁😁 randi salee	3
  comments or like wasy b mil jny h....labas tu achx ho.	0
teri ma ki saali raand 	3
no ap ki ami sa mil k koi statement dain ga	1
bro apke pottery all  ache ha	1
india ki or moodi ki maa behn ek krni khoob aati h ik ko..  itna to pta chal gya ho ga ab tk..	0
   hn asim ka fan ye kia scene bhai	1
 unko kahin aur try karna hoga...khyr mujhy sona hay ab	1
hahaha aby yar itna mushkil sawal mat poch is sy.. isy bs yei ota ha k imran khan yahodi agent ha israeel ka mafad pora kr rha ha.. thats it..	1
weldone bhen	1
wesy bhai aap kabhi aye hein soawa?????🙊 (jehlum ki tehsil hai)	1
i m in a relationship with *sorry we can be only friends*....... bahanchod zindagi kharab ho gayiii hai friedzone ke chakkar me  #friendzone #fr_se_kt_gaya	0
chuti kro hun   jaga nahi ha ab	1
abe halala ki paidaish..  tumhara to wajood hi 800 years purana hai..  jab bhagwan ram ko kagaj dikhane ki jarurat par gayi to tum kaun ho.. kagaj to dikhana hi parega.. #nrc_caa_npr	2
dekh aankhe khol k	1
tumhare bad ye #dukh bhi to sehna par raha hai kisi k sath #majburi mein rehna par raha hai mujhe batein nhi teri #muhabbat chahiye thi mujhe #afsos hai mujhe ye kehna par raha hai...! #alizaryoun  #kitabeishq #urdupoetry #poetry 	1
tapak is gashti py	3
bc kisko janna hai ki shukla ka muh stink karta hai ya nahi.. kya isse interesting koi conversation nahi hoti kya !!  faltu dikhate hai yaar ye.!!  #biggboss13	4
babu ji limit cross ker jatay hain baap honey ka yeh muqsed na dikhaya jay ky woh puray muhalay ko pereshan kerain	1
med prescribe to ki hain doc ny suba khaon gi 😐	1
  ye mjy nani keh rhy hyn😂😂😂	1
aisay koi gashti k bachay hain bhrway maa yawanay lun khanay k aik dusray ka whatsapp no. leak kr k apney aap ko boht bara koi superstar smjh rhay hein. o lanat bae tum logo ki paidaish pr jo zindagi guzar gyi r jo anay wali hai sab pe lanat hai bae kesay tum suar ho bhenchodo.	0
ager mumtaz qadiri ki terha qanoon hath me lena he he tu ja ki pm ik ko bhi koi marni ke lia chala jae ga   as our jaali molvis claim that he is a yahoodi.	1
teri phudi b mari hy	3
laanat hai bhenchod	0
 aur jesi ghatia aurat ke mun se ye bat achi ni lagti. logon ko garam karnay wali machine.	3
excellent historical perspective. however, the rot set earlier when a land owner decided to sell the poor an unachievable hope as well as placating mullahs with anti ahmaddiya movement. not to mention selling out on east pak. bhutto was a confused politician with flawed optics.	1
   arham kon ha😂😂	1
10 saal ka relation chod diya toh asim ko chodne me 10 sec v nhi lgege 😒 he deserves a bttr girl	1
bandr ke yaar bhi sare bandr	0
sab munafik hain	4
randi hi to h	3
"a wise man once said: ""ik din tu na milega, tera naam phir bhi rahega"" 😭😭😭😭"	1
 ghar main jitne bhi connections aye hai un main se sab se positive sana ka bro hai..asi punjabi hunde he pure dil de saaf...plz vote for sana sab sana ko winner bnne ki koshish kro guy's	1
mulana ko choro apny nashai yahodi egnt ki bat kro kia kr rha h  suna h 400 mandan ur bana  rha h .lakh lant yuthiyon	2
 han maine bhi abhi dekha ha face book py post ai hoi thi iski kya pata ye fake ho	1
  ap ko dkh rhi un ko ni😒	1
rt : charsi tikka 🤣	1
 😂😂😂aap ko kaya howa??	1
pichwara se akhrot kahe fod rahe ho chicha	1
kl sy bohat dukhi hain aap kya bat hai ?	1
 cricket k baghair kesay time pas hota hy	1
phudodi  randi  tum  ho hi  ghadar  be gherat  bar  bar  jhote	3
basti malang askri town: hamsai ne 3 bachon ki maan 30 sala aurat ko intahai tashadud ka nishana bnate hue qatal kr di. #whereisrapistlaw	1
duniya fani hai or insan harami	4
proved his own son is a hijra	3
mjh dukh hi rah hy pti ko support kr k ein bhenchodo ko ulata latkana chahye tha	0
yaar bhenchod what the fuck is oomfs	4
  na na koi buri bat nhi khudh bhi stalk krti aap	1
sirf tauheed kaafi hai kya?  tauheed per to yahoodi, nasraani, christians bhi hai. inke nazdeeq bhi allah sirf aur sirf ek hi hai (but risalat me gadbad hain ye log)	1
hence proved  hassan bhai is saal valentines celebrate krrhy hain 😂❤️	1
"rt : when your friend, who is driving says ""bc kuch nhi rakha duniadaari me"""	1
niazi yahoodi agent he	2
kabhi nawaz baap. kabhi zardari baap. kabhi fazlu baap. kabhi manzoor pashteen baap. or ab ya chupkali ki shakal wali maa.  abay teray kitnay baap or maa hai??😂😂😂	0
 nhi bemar tha btya to thaa shyad yad nhi tmhaa	1
mehdood ho ny mein he sakoon ha wabstgian khawar karti han👌	1
"fasla rakhen is se pehle ap jaan churwaney ke liye kahen ''you deserve better."" 😂"	1
  multan ki batting wicket par 135 par out hogai thi karachi. is wicket par 100 bhi na hota	1
teri behan ka yaar idar he rundi k bachy  is time teri man k sath soya hua hon main or tu yahan behan c.h.u.d.w.a raha hey 🤣🤣🤣🤣🤣	0
tu apna ilaj kara charsi...teri halat kharab hoti ja rahi hai..	0
bharwe ka pata nahii lakin ramii buhot hote	0
what will be the position of bakwas as he is an ahmadiya not considered to be a muslim in pakistan. a non-muslim cannot be an army chief.	0
ok next time sahi sy kro ga.	1
randi nasal waly adki ki pehchan yahi hoti hai fake pic upload kr k propaganda krna madarchod	0
yeh bat mola ali a. s mjh se aur aap se ziyada behtr jante hn aur bata b skte hn	1
 yr  what iz this behavior?? mtlb k itni insult animals ke ufffff wajiiii ye umeed na the tm se💔💔😂😂😂	1
 yeh chakkha enjoy karein aap	1
bhenchod poori tl ww3 jokes se bhari hui hai	4
 dont hi light this issue please. aqal da iastmaal v kar lia kar kadi dangra	0
 fake jo tha apny expose kia block to krna tha usny	1
if youthias hit tounting my self i should survive. but they hit my kid. who is innocent and doesn't know any thing of this situation. if this id user is the son of human than come himself other wise he is the son of randi.	0
😂😂😂😂😂😂😂😂😂 hosla deta bnda aap bisti kr rhy	1
    hawwwwwwwn hareem ke sath esa karne ka soch bhe nahi sakte 😁	1
kisa bhen chod hy tuo gahtiya mind	0
nhi teri ammi h ... halala ki paidaish.	2
 main to dua karti hon k aj mujhe shanawaru bhiya se reply mil jaye ameen🙏 😆😉😀😃😄😆😆😆😆 👇 	1
lanti kutta beghairt munafiq skhs h	0
haha jaat dikha di bsdk antankbadi halala ki aulaad teri ammi ka halala hua tha phir to randi ke bacheðÿ¤£ðÿ¤£ðÿ˜…	2
gashti ka bacha madarchod admi	0
bsdk o ma lula india walu ki man ki chut ma l mara ma chutar dala ka bacha	0
o jahil ke bche ye bar nahin cafe ha or ye wo botel nahin jo tm logon ko tun kr de	0
  nhi block nhi karna..iski twitter i'd bhi main ny khud bana k di thi..😂😂	1
  mujy kisi sy koi concern nai	1
bhukla sala nalla charsi admi h	0
rt : the whole fuckn weekend was spent doing rrs about my single life bhenchod	4
ab ye cambridge walay humare sath april fools wala hand na kerdein 😵	1
 pr ye h kn😂	1
jo in logo k hisab nhi bole wo biased h or jo inki news dikhaye wo constitution bachaye saale terrorists#banrepublictv	0
 aap ka likha nahi na ata😝😂😂	1
 haye meri bchi ya mat bhool ma teri ma hu jan🙄😥😂😂😂 dono gareeb ha hum😥😥 tera bap or mera ho jany wala habi pochda hi nahi 🙄😥😂😥😥😥😥	1
the protest of charsi people of india	0
abe chutiye tujhe kkk ke bare me  kuchh pta nhi h to jyada bhaunk mt gandu	0
tumara kuta wazir jahil e azam ek yahodi e agent hy aur pori ki pori team wo hi team hy jo pechli hukomaton k sat thi aur ab bi apni nalike k liye tum log sharmedha ni ho allah ka azab ho tum par ameen	2
 ap ny video ni dekhi us program ki?	1
yara tumhari profile pe entertainment business lga hua he..ent business to showbiz walu k lie hota he jese actor singer stage dancer+khusray wghera...kb se start kia he ye business?wese sood aaly km kolu tan wt v acha he😄😄😄	3
 teri mehrbani... 🤭	1
for all those dumbass people hating on #asimriaz aukaat paise nhi toli jaate aukaat toli jaati hai aapki soch se aap kaise bolte ho doosron ke bare mein asim is hot headed but he knows wat respect is uss chutiye(paras) ne kaha tha ke ma baap ne kuch sikhaya nhi hai aaj nazar aya	0
baray baray begherat dekhe per in se bara begherat bi koi nae lanati	0
police don't give a shit in students politics, police tab active hoti hai jab ek do mar jatay hain.	1
chup raho toh arrogant baat karo toh ba’tamiz 	0
nhi tum beghairat fauj ki rakhail ho. dafa ho.	3
allah hum sabko apnay or apnay mehboob k ghr ki hazri naseeb farmay❤💙😭 say ameen &  mashaallah ❤ 	1
tum logon ki  takleef baja ha  a k tumhari dum pe sheeerrrr ka paa'on aa gia ha	1
bharwe hain dallay	0
  oh nae yar phone charge pe tha	1
fatt gyi madarchod? muh se mungfali nhi toot rhi toh gand se akhrot q todne ki koshish k rhe the be	0
maryam aurangzeb ko randi kehty hue apko sharm ani chahye 😐. daddo charger kaho duck kaho lekin gaali na do.	3
ya allah reham 😢🤲..jiss waqt humein milkar kashmir ke liey awaaz uthani chahiey thi uss waqt fazlur reman madarsey ke logon se jhoot bol kar ke yahoodi aur qadiani hukumat ke khilaf maarch karo awaam ki tawajjah hataey rakhi	1
bhai chod de kyu apna time waste kar raha hai...	1
to aya ja b. c awe bhonkty rethi han ghasti	3
welcome movie dialogue...paisa tera baap chod k gea tha ki teri maa...	4
bahanchod, pakistan ko india ka state declare kyu nahi kar dete jab har jagah ghoosna hai to..  ghar sambhal nahi rha inse bc..	0
abby shadi wale din b software banye ga 🤣	1
rt : momin hai tu be-taigh b larta ha sipahi.... proud sons of almomin bawaqar, you guys made us proud today. rest in heaven…	1
lahore qalandars k hone se hi psl me hi ronaq hai..  #lahoreqalandar #psl5	1
 mery frnds ny mojy samjha hoa🙄	1
 whatsoever u say about ik we will never disappoint. coz he is the only game changer of pakistani nation insh sha allah	1
sana rundi lgti hai agar sahi bolu toh	3
pehlay sahafat ek ibadat thy  ab ye haraam kamai ka san sy bara source hy.  #mediastayunbiased	2
ye jo 20-25 sal ke ldke...elections me itne ucchal rhe h...or unke baap chacha bhi koi politics me nai h...krna kya chahte ho bhai?? rally me photo khichaa kr tm jo khud ko mantri smjh re ho....asli mantri tmhara chutia kaat re h🤐  chutiye ho tm! 🤦🏻‍♂️  #freekagyan #elections2019	0
rt : hum pehly se zyada harami ho gaye😁😂	4
 ye tho pathan hai hi nhi🤪🤪🤪	1
aftab ne start kiya pahle ham to acchi tarike se baat kar rahe the hijra number van hai aap per thodi pata nahin ladka ya ladki hai  ...	3
ye hota ha leader ye hota hai vision!	1
bhenchod jhaant jala lo kuch nahi change hoga	0
randdi ka bacha bhang pe ky soya hoa hay ab	0
sab kuch to kisi ko nhe milta yaar.  kuch cheezein hoti hain jo apky haath mai nhe hoti... ❤️😊	1
   expire hogy sb ny rona 😂	1
bhen k lode charsi pagal ho gaya kya matharchod????	0
  yeah toh mujhy pata hai koi nai baat karo..😂😂	1
we will spot you mola apny maqsad me kamyab kary inshahallah inhy apna haq zaroor mily ga	1
 please ali  bhai do some things   sy bat kro ik or song bn ny k liye kisi ko ye anthem pasand nhi aya	1
koi kuj bhi kahe aapko aap sir rukna mt jhukna mt hm aapke saath ha 😘 aapke liye jaan bhi haazir ha aapko kabhi kuj hone nhi denge 😘😘 bahoot kismat waale ha sabhi delhi waale or dekh vaale bhi jinko aap jesa politician mila ha 😘❣❣ you are awesome sir ❤🤟 #kejriwalforever	1
ab ye bhi bol do bsdk ki iska baap bhi school ka headmaster hai	0
mahira khud badtameezi se baat kar ke bolti hai mere se aise baat mat karo.. kya irritating hai. #bb13	1
unfortunately, our judiciary system is yahodi terrorist just for poor not for rich	2
online reh kar bhi reply na karne waloun ka alag se hisaab hoga.	1
bass itna sukh chaheye jitna mere dosto ko lagta hai k mere pass hai😕	1
  okay badi di. aapse baat karke aacha laga. i'm sorry for earlier replies.🤗	1
mental health necessary for the mental illness imran chore zakat khore yahodi	2
agar kya madarchod kya agar?! fuck off bhenchod fuckkk offf	0
bc.... jab train mi aag lagane nikle the to ghar mi kahi achhi jagah chupana cahiye tha na🐍🐍	4
you are a little rundi.	3
  hawwwwwwwn main to pagal hon 🙊😂 ye bhe pata hai ke to hai aqal mand 😂	1
tum one sided love ki bat krty ho, hum ny to one sided friendship b nibhai hai.🌚	1
 😒😒😒😒 serious nahe tha lena tha main phattan hoo nuqsan ap ko hoga	0
mr. salman khan if you will defend him this wkw then buhat bara hijra hai tu	3
bhen do sale tum ak br bto ho kon teri bhen chod k aun ga.	0
is baat per main b itkifaak kerta hun yeah hum awam k saat mazak hai pesa tou b bekari b nai leta wo b 5 ya 10 rs se nechay baat nai kerta or petrol kaam ki 6 pesapesa sirf paper mein hai ground per is ki ab koi value nai	1
  asim sy kon marry nhi karan chaye ga...  he is neera ishaq❤️❤️❤️❤️ #kingasim	1
abe rundi ke pille kuch bolega madarchud maine kaha block kiya hai teko chootm	0
fasla rakain pir bad mein ap ky ghar waly desi family mein shadi ni karty	1
o yahodi ki nadal buzdil tera poora khandan hoga	0
benchod randi ke aur marege tumhe smajhe	3
pta hai ye jo schi wali mohabbat hoti ha na ye dill  ya dimagh se ni hoti... ye to rooh se hoti hai tbhi to mrne k bad b zinda rehti ha shyd...	1
bc mera hi account h karde promote. 😁	4
sab doctors ko chahiy k 3 sy 4 mask lagaya kren pakistan me mask ki  quality achi ni ha aesy men 4 mask lagany sy doctors save rahen gy	1
ab iss wahiyat aurat ko 440 volts ke jhtke lge ....bewdi saali	3
 mn smja ki azadi march related h	1
ye tu bacha h 😝😝😝😝or bache tu phr bache hi hote hn👋👋👋	1
  hawwwwwwwn yar sach main iritate kar rekha hai is nee muje 😂	1
 mat piglo plzzz shehnaz doesn't know his real face but we know naa	1
sirf momin aya to yahoodi kum nasal marny laggaye agr sawa crore momin agaye to sochen kya hoga?hamen jagna hoga	2
   inki ainkain purani han jo utar nahi sakteen.need total transplant	1
 exams b kisi chiriya ka naam hai tyaari krni hoti hai or jo wele hain wo netflix pe lgy hoty hn hrr single stalker nahi hota behn... 😂😂	1
sirf namazon se kuch nhn hona. jo doosron ko qadiyani aur yahoodi kehta hai uski namazen kisi kaam nhn ati hain.	1
randi k bachay salman bharway. kuttay ki nasal beghairat tera jasia dalla hai jau apni maa behan ko rss ko bechta hai apni gand bachanay k liay. kuttay ki nasal teri maa ki kuss.	0
o teri bivi ko chodo chotiy k bchy kis ko bewaqof bna raha he .teri gand me itna dam he tu mere sath monazra kar ly me sabat kar do ga imran shytan india.yahodi.qadiyani ka ijent he gand marwa kr wzarat leny waly baty kar raha he	2
zara ki kiss bhut special ha 🤪	1
liberal ki pudiya apne pichware dalo bahanchod motherchod. kabi tu samne dikh ja chappal phek ke nahi mara to naam owaisi rakh lena	0
randiya hai y to	3
 pta nahi is bry me mujhy.. dekhny wlai ankh py dipnd hota hai.. wo wesa he dekhta hai yan nzren bdl k..	1
  kis bt ki shrm bhai 😐	1
jaa bhen k lory tum harrami ki nasal ho.. dewband maslak pe kutty ki tareh bhoonkty ho..	2
smart or cute sahi ha?	1
astaghfir allah. ye na sirf haramzada hai bulkey khanzeer bhi hai.	2
aur jis paper mein 3 sheets bhar ka aya poora kar k aya tha wo rok dia tha bhenchod	1
hahahaha.achha achha mujhay kia pta ab i'm not smart😔	1
    haan chal abb teri baari😁	1
 pta nahi ksy kr lety hain log 😭😭😭	1
tukde tukde gang ke baare mein bhi bhaunk le kuch kutte...apne baap kanhaiya chutiye ke baare mein bol...keju kutte ke baare mein bol...namo forever 👍👍	0
bilawal : tum selected ho, umpire ki unhlee kaisi lagi,  niazi tum beghairat ho. liberals : wow! what a speech bilawal has the courage to speak, sher ka bacha hy tu. imran khan : lightly made fun of bilawal. liberals : selected pm, yahoodi agent, zaani, tumhari himat kaise hui.	1
bata do koi central government aisi aayi ho. old se old issues resolved ho rahe hain kyuki willpower policy planning hai.   isey chhod kar log bas rs 500 subsidy k pichhe daudne lagte hain.	1
yeh sahi keh rhi hy  yeh bhen k lory capital main khary ho ker punjabi maar rhy hain..	0
kejru ji ki aukat ek pagal kutte se bhee zyada gai guzri ho gayi hai. ve theek se bhaunk bhee nhin paa rahe hain, aur aap chahte hain ki ve koi masla gambheerta se len?	0
maa ki dua👏 baap ki road🚘 #mustanggt	1
chly phr muh sedha kry ap bhi..😒	1
zardari dako party hijra bilawal	3
laanat ho tmhare upr kutto	0
 aj pata mujhe tumsy yeh 😅💔	1
 ye kuin 😥😥	1
remember it banda jo jaisa sochta hai wo waisa kabhi kabhi hi hota hai///😦😦😦	1
abay chutia teri maa ka khasaam yaar hai wikki	0
bharwe😂😂😂	0
 to wazeer e azam sb hujre se nikl kr awam k bech jaen or un se pochen kia hall hy vote lene k liay to ap dr bdr phir lete the or shokt khanum ka chanda mangne k liay b ap k paon me chkr lga tha ab kia ho gia hy	1
 us main kon kon hai	1
 footrest pe khara hna tha 😂	1
oooo bhai tu retired hogya na . kyu ghyn chod raha hai ..baith ke ludo khel na ghar pe 😡.. cricket ki ma bhen kar do 100 ball 200 ball kar ke	1
randi saali	3
bc hamesha disappoint hi karna tum log	0
han bc tu toh jaisay khabba bana hua hota ha na usska😞😂	0
halala wali aulaad  jaisi hi hoti h .. hila hila hillli la	2
dude yar dost ko kehty hain	1
dkho to kon aya🙈🙈🙈  welcome api 😘😘  itne time bad ap ki entry meri notification main bahar a gai😍😍❤❤❤ thanku so much❤😘😍  	1
ab bazwa ki baari hai...he is an ahmedi!! ..😂😂🙏. for your info ma'am, inko koi aur nahi mila to bangalion ke peeche pad jaate hai!😂 pl be careful😅😅	2
   ap ahsan bhai ko baj dein mai un sa la lon ga kindly line are too awesome.. i want to make a video for me.	1
bahanchod chutiye sale ek hi tweet sare copy karte hai. pata nahi chal pata original kiska hai.	0
oh sab amreeki yahodi israel jaate hain. lekin meri professor sab se achi hai. wou anti zionist jew hai. bari achi baatein krti hai. mujhe lagta hai k wou kabhi musalmaanon pe sakhti naye krti. hum khud bhi bure hain. aur mera maanna hai k hum khud par tanqeed naye karein ge	1
 3 din se uni nahi jaa rahiiii 😨😭😔	1
the hijra has already adopted them.	3
sawal pucha tha k konsa madinay ka kanoon aya hai? aur tunay mujhe patwari keh diya. chal yahoodi agent k pilay, ab bta teray khuda imran khan ny dedh saal mein konsa madinay ka kanoon lanay ki koshish ki bhi hai??	2
ruk teri m ki ch**t bhen le l fact se g fatt jaati toh aata kyun hai sasti r ki najayaz paidaish saale chamar ki aulaad !   achha sorry yaar jyada bol diya or haan bhai suno... teri rand! maa ki g me gadhe ka lu*d brosdike behenbox	0
knock knock to your common sense...why would ahmedi maulvi perform jenaza of a person who did not pray behind an ahmedi imam??? such a person would not even like ahmedi imam perform his janaza...	1
oqaat wesy yehii ha hmarii	1
laanat hai tumhari soch par. yahoodi khan k dor ki mehangai ka b kuch zikar kar	2
rt : eating pancit canton alone is so 🥰 bc u know wala ka kacompetition hahhaaha	1
i think base is akhrot halwa and topping of gulab jaman it is sweet dish	1
 uss din pata hota hai aaj bachat ho ja i hai😂😂	0
 yr scooby i iz ur frnd na suna kr🥺	1
vaha par koi shriya kanun nhi hai  vaha koi triple talak nhi hai  vaha koi halala nhi hai or vaha ke muslim india ke muslimo ki trh anpadh or jahil gavar nhi hai jinhonne 1700 crore ki govt smpati jala di	0
lakh di lanat tuhaday munh tay kanjro dalallo haramkhoroo tumhara naam hi mit jaye ga khottay k puttar lanati yahodi lobby k agent dabooo	2
tu randi ke bachy thora sa time nikal kar mar kion nahi jata ,kisi begairat randi ke akhri bachy	3
" ""dunya ka sab  se bada bewaqof ka award"" modi ko hi jata hai #hitler_modi"	0
 👅 ye wali 😂🙊	1
bhenchod ye raat kabhi dhalti hi nahi.	4
roz shaam 6 bajay kay baad twitter par ja raha hota hai. 	1
baqwas band kr tu bhi chali ja.	0
yeh harami general sunni muslims ka qatil ha, pakistan ka dushman tha, americans ne bohat acha kia. aik khanzeer jahanam-wasil hua	2
teri maa ki phudi main marin ga without condom . ok gando  aor teri bond marin ga	3
behnlode teri maa chudata hai kya congress or muslim se kutte ke muth  saamne hota teri maa me chod dete bc ,mc bkl	2
kaam woh sikhon aur hindos k liay kr rahay hain aur kehna “yahoodi agent”ye he zehni pasmandgi patwarion ki.khan aik azeem leader hay,chhor nahin.	1
maa baap saath rahay bachay hush	1
kanjeri jaisi lagti ho jab haqiqat samuch k bi bakwas keeti ho. imran tum jaisy billions ka ideal.ha	3
 voted for #hbd_badamisb because is mrtba kch difrnt h or unique b or ye sb ny decide kiya h kisi aik ny nhi	1
 adalati nizaam main insaaf k katta'an fukdana per kissay istefah dena chahiye ? (if any at all)	1
jinhon ny dooosron ko chup krwaya ho unhy b koii chup krwa skta hai?? 🙃 	1
that girl stooped so much that she iz giving me ma bhen ki galliyan? i want to cry ab literaly just for a few thousands ppl can stoop to such level	1
rt : body randi please exercise and meditate karle please bhadwi	0
wo mirasi tera baap tha , bht bura huwa tere sath afsos ki bat hai	0
"ive always been addicted to ""ek baar muskura do"" by munni begum, thanks to my charsi dosts."	4
rt :  sher abhi shant betha tha to ye log samjhe gya inko ni pta wo inka baap h #captaincoolshuklaji	0
hero detergent say aap is takleef say bach sakte hain.	1
kabhi ishq kiyaa ha?  👀🌚🌚	1
tune badi randiya chodi hai na. bada aya. ma yawa.	0
ye deshi tatta khud charsi he mc	0
aise keh rha jaise bc kashmir fateh kar lia hou 😂	4
haan raand chaap randi ab desh ke gaadar aur halala krwaane waali aur krne waale royenge.	3
 aisa nahi hai  wrong concept ....	1
  phele hi bola tha tb shippers agye meri post pe bakwas krny	0
bande ki shakal pe laanat pari ho to at least banda baat hi achi kr le..wrna jo ghalti se ek follower mila hua ha wo b bhag jaye ga	0
na na zara b busy ni hoga 😂	1
boys agreeing with me on this is the funniest thing ever. bhenchod tm logon ko kya pata boobs hona kya hota hai? ajeeb jahil. ajaty hen bs relevant honay	3
  awww 😐 ye hamare lye nhe tha 😕	1
kr dee na khusron wali bat😂 bs sabit ho gya khusra lafz ata ha to bilawal ata ha or zyada khusray aty hain to ppp k supporter or karkun aty hain...or mei wasy pmln k supporter dhkan kay mun waly	3
   passenger ko black list mai dala hai aur kuch kia nahi hai !  rule violet mat karo shanti se jao koi kuch nahi karega	1
ye khud chutiya hai ishko iske ma baap ne discipline nahi sikhai...jute maro sale ko	0
 tu aesi na banen	1
ap eidi ni ..dua krna wo bhtt hy mere leay.. baki allah ny bhtreen he kuch krna .. wo janta hy kesi bandi apko deni hy jo apk sath chal sky 🌸 allah fit he kry ga in sha allah behan ki duaien ap k leay bhtt sari	1
 khud ki pehchan leta to aj single na hota	1
another endian hijra coward hindu terrorist army soldier dispatched to shamshangarh by pakistan army i want more endian hindu terrorist dead so keep it up pakistan	2
clean and green pakistan sirf pani ki he waja sy ho sakta hy 	1
junrs say bna k rkhni chahiye....grad k bad bht kaam aatay hain ye chotay log	1
kabhi badaam tou kabhi akhrot.. don't know konse such much k achay hote hein	1
hijra they call it	1
  ayr ye gai ball boundary sy bahar😂😂	1
rt : siddharth dhokla : bhaunk mat.   irony committed seaside 😂😂😂😂  #bb13  #biggboss13	0
aree apne toh heart attack de dena tha maine pura na read kia hota toh 😂😂 	1
madarchod aurat ki aulaad gen soleimani wo wahid insaan tha jis nay iraq mein daesh ko defeat kia. tujh jaisi gashti ko chudwanay say fursat milay tu dunya ka pata ho.	3
ap bh kiya yad rakhyn gy k kis sakhii bhen sy pala para apka😂😂	1
twitter per aana ajeeb kyun lg raha hai mujhe 😌🙄	1
ut apne baap ka nahi raha to hinduon ka kahan se ho ga. sachchai samne aayi ye theek hua.	0
 kuch hota bhi hai😂😂😂	1
teri maa ki phudi gashti k bachy kaafir hraami	2
     haha bro yh hmara charkview ha 😂 yahan koi khamosh ni hota	1
ek machar aadmi ko hijra bana deta hai	3
rt : bahria central park karachi forms sold out in two days. abhi tax maango bhenchodo ka rona shru hojayega	4
 koi tips btaa na bhai😪hum sy koi bat bhi nhi krti😔	1
tujhy khareed lungi tere nakhroon smait bs meri kameti niklny dy😂😜❤️	1
hamay pyar hy pakistan se 😍🇵🇰 #pakistan #merawatan #🇵🇰 #	1
bhen itna dukhh😣	1
 to phir aap bill pay ker k lai jain!	1
 yar apne bhi follow back nahi kiya	1
tum ko bc mohabbat ka ni pta. 😶	0
apny baap ki mehangai ka b zikar kar yahoodi khan k supporter	2
chup be bhen chod chuttad... blocked mc	0
"rt : du'n call us ""beghairt"" , we jus hvn't learned !! ""how to gv up on our failures"".😆"	4
achi baat hai ye to jaan hai to jahan hai.	1
   achaa rashmi ko vote nahi milaa isliye bol rahe ho 😂😂😂	1
nahhhhhhhhhhhhhiiiii nahi muje koi jaldi nahi hai 😂	1
aby pgly bs kr rulay ga kia	1
peshawari akhrot to main mou sy tor leti	1
 badi serious ho rhi ho kya baat hai.	1
subha dhund thi 😳	1
 aye andar andar say toota hoon mein🥺💔	1
nahi manaya jata sbko .. thak gaye hain ab tu mana mana ky sbko :)	1
nawaz sharif wapis aye ga? nawaz shareef leader hai, imran khan yahoodi agent hai, imran khan cocaine leta hai, nawaz shareef bemar ha ya drama kr raha hai? maryam baher jaye gi ya nahe?  wtf is this behaviour?🤷	2
yani aj tu apni maa chuda to gaye mujhsy ab us ko katal karnay ja ri hai or uska nick name bhi tu le rahi hai apni pyarii mommy ka namely randi ki pilli ka wah aj khuda bhi uski utha lega in sha allah usko teri jesi olaad denay k baad😂	2
koi issue nhi . ban jao bhen meri 😊	1
sahi bilkul bhenchod yahi sb chal raha hai	4
laanat ho tere mhoo pe.... yazeed ki olad	2
saali ka number pass karo	0
bhenchod....go to your bangladesh and give the same advice to your govt there to build hospital by ravaging mosques	0
hi kutia... randi ban k chudegi.  ya bhabhi	3
yeh elaaj ka bahama hai. he is never coming back and the excuse will be that he was poisoned courtesy dr. adnan. when this happen tou moun kala kar liana pir. sharam tou wese bhi tum ko nahi aati.. beghairat ghaddar dalal hamid mir	0
aurat ko dar har mard se lgta hai siwaye us se jo usey pasand ajae, phir khuwah wo sharabi hi q na hu!! ~manto	1
 lonndhii ap sy pucha kisi ny ??	0
mtlb k drs ka is se b bura haal hoga jesa ajkal hai..	1
 sab mai sab sy pyari ap lag rai hain ☺️	1
guddiya block vahi krte hain jinke paas answer nahi hota	1
   humari teacher aesa kuch btati hi nai🙁🙁🙁🙁 my pouchon gi teacher sey	1
"mother language day! ""meri maa boli punjabi zindabad e rehni ay"""	1
study krny baitho gi to khyal khud aye ga yaaawr yh achi thi yh daikhti hn😂	1
 agr wo aap s sincere h tb haan kro	1
assignments 😂 thri c changing kr k ek dosry ka copy krna	1
sir ka tu ma 15 saal say fan hon or in k muqaf or khiyalaat say 100% agreed hon. in k yahodi conspiracy k baray me lafz ba lafz biyan me suchai hai.	1
allah apke hifazat fermaey.	1
 koi shak nahi... allah apki hr jaiz hajaat puri farmaye... ameen🙏	1
#mediastayunbiased ik chanal par galat khabar chalne ki dair hai. baqi sary chanal us ki copy kar ke pory pak ko jala kar rakh dety hain. 	1
muslim countries ki leaderships na mard napunsak or hijra hain.. in mein koi dum nahi.. ye kuch nahi kr sakty.. jinnah ki rooh tarapti hogi.. jinnah ne kashmir par attack ka order diya tha..	3
 abhi tk to kuch ni sikhaya agy b irady ni in k bs lgta degree dy k nikal dain gy😂	1
time to change our anti-hijra bias	1
teen talak, halala par inki awaz inkey apney male people hi nahi sun rahey	1
apny 3 sale iqtedar mai ak hospital nai bana saky jidar sand sharif ka elaj ho aur khan k 13 15 maheno i hukumat py etraz waah bht hoob patwari lojec oye rundi teri bato mai koi nai any wal sewaye patwari kutto k ki awlad	0
chup kutte is bhenchod ka bycot karo sara	0
yesterday somebody in pakistan have filed litigation in supreme court claiming that general bazwa is ahmadiya and higher positions are not for non muslims like ahmadiya	1
is kaminy ka mask b ni ha acha howa ha aesy e hona chahiy	1
tm hijra ho or tm khan ke jute k barabar be nahi ho accidental ho	3
bc yeh kia fake bawaseer phela rahi ho gashti	0
kisi kutti k bachy taxi rand ki olaad kch shrm kr bc insan	0
aj kal aise log hi sir hain jinko apna nahi pata	1
bsharam aurat	0
tum ab jaan jaan k cmnts na na kro 😂 aik cmnt py b bat hoskti hai	1
chilgoza ka birthday sath ma pista akhrot or kaju b mlege na	1
mazak ko b  taunt smjhne walo ka b koi  haal nhi  ek toh pehly sun nhi paaty aur phir bolty kya huwa q  door ho ab wesy bat nhi krty 😤 bhenchod hi hoga ab koi jo tum se wesy bat kre...	0
bhen chod insan tu kbhi mjy mill gya tjy to ma ny qatal kr dena hy tu wajibul qatal hy	0
when my husband was a kid, he went to his ahmedi teacher’s wedding, when he came back his father punished him for eating food from kafir’s place. i am glad that didn’t change his views.	1
  lahk di lanat teri soch pr tu hira mandi ki peadawr ha kisi gashti ky	0
teri maa ki phudi chur ne mari thi. yahodi tiktok certified zaani curropt bikari nalayaq fasadi jhotey loot maar awaam se kar daily youthia ko chootia bana raha hai.mulk ko tabah kar diya.nawaz sharif ki jooti ke barabar nahi ye laanti sikh yaatri yahodi zaani kuta.shame kanjar	2
sense of humor nhi ha  me ne yahi akhaz kia in ki is harkat se.	1
 han to jab bataya hay to lagna e tha pata	1
  sir ap darna mat ham apke sath h sirf apka channel esa h jo truth dikhane ki himmat rkhta h . really we proud of you sir zee news	1
tum log itne andhe ho ki free market ke naam pe tumahri maa chod raha hai aur tum usi ko apna papa samjh ke baithe ho... lage rahe chutiyo tumahara kuch nahi ho sakta...	0
insta. pe riya ki story dekho..	1
yahi azeem aurtain fasaad ki jar hain khud zulm sehti hain buzdil aur jub saas bunti hain tu 10 guna barhr k zulm kr k badla laiti hain gharo aur shadi jaise anmool insitituts ko barbaad inho ne kiya hai aur ahmaq mardo ki support ne	4
  beshrm lrki baby ko teri qg bhi psand hy😂😂😂😂	1
i don't think kissi kism k masail k hal k liye march ka koi mamooli sa bhi faida hota hy..	1
 meri jan sb clear hota hy.. safarsh chlti hy..	1
"rt : successfully blocked by ""aap mery friends sy barh kr kch hein"" 🌚"	1
 toh hum par ahsaan kiya tha kya	1
 es ka mtlb soch rahi ho mery bary mai..koi nhi socho sochny pey kis ka xoar hai👍👍🤭😂	1
gaand se akhrot tod le do teen	0
diljit kare toh aww. ranveer kare toh aww. dhruv kare toh chutia bhenchod.	0
teri ma ki choot ma 100 kuto ka lun bhen k loray chor	0
birthday tk 400 followers bhi nhi hony lagy mere khyal se 😑😪	1
 kch krny ko h he ni  kch log apni adat bna kr chly jty na nend ati hai 😂😂 bnda kry to kia kry	1
sale hijde kuch bhi gire nahi neeche warna teri maa chod dungi	3
aree bhenchod teri maki aakk...akshay daar gaya or rohit bolkar date change karyodiya...chota star chakki ko mention pe bhi nahi kara canadien 	0
gashti ka bacha kuta	0
  jhoot ka sahara mat lo, lk agar paisun pe marta to jemima goldsmith se penalty ki raqam bhi zrur le leta	1
asim acha hai uski image kyu khrab kar rahe ho aur shehnaaz ko yeh sab kyu bta rahe ho	1
hey guyz is bechary newbie  ko follow kr do 😂 	1
 wahi toh bhai quality k liye jaana chahiye having such experienced attacker leading only will get us top4, jovic dekhlo nahi toh 🙄.	1
elfey pee lou sab jor jaye ga	1
shahrukh ko wapis peshawar bhej dain. charsi tikkha se upgrade ker ke wapis ker dain ge.	1
yh randi ki nasal karachi walon na jaez tang karty hn yh kanjer khud to yhan rhty hn en ki biviyan gaon ghothon m bachy peda kar rahi hoti hn	0
naaz o andaz sey kehte hein k jeena hoga zehr dete hein toh kehte hein k peena hoga jab mein peeta hn toh kehte hein marta b nhi jab mein marr jata hn toh kehte hein jeena hoga	1
 walaikum salam	1
 chalo aap kehti hain to maan lete hain	1
aur tm lagta h halala se paida hue h jo apne desh se gaddari krte ho	2
ajeeb makhlook ho 😂 na un ko pta ha wo kia prha rhy han na aap logon ko pta ha kia prh rhy ho na koi use ha in ka life ma 😂	1
       accordin to u sana bht buri hai ore ye dono frnds hai ryt??? ye daikh lay zra	1
kia cheez ho aap log 🤣	1
 yeh jo v hai duniya mei sbse vdi dumb hai   aap ro mat 🤣 we love ur tweets	0
wo bani gala wala. bangla is k kon sa bap ka hai,, wo yahodi lobi nay rahnay k lia dia howa hai	2
iska baap jaye ga boarder pe pehra dene , kawa mafia	0
bharosa sticker ki tarhan hota h .dosri baar pehle jesa nahi chipakta...	1
bc urdu me too kutte hii bolen gen na	4
jalty raho.. khano per bhoonkny k lye bus tum ko.moqa hath ana chahye... beghairton pury pakistan main tum log ghandh machaty ho..	0
#drpriyankareddy #justiceforpriyankareddy  #rippriyanakareddy  parents ko bol raha hunn jo jo parents ladkiyon ko bahar jane k liye mana kar rahe hain wo karo uske sath sath ladkon ko sahi sikhshya do... kyun iss ki jimedari pehle maa baap ki hi he...	1
na khud ko sakn h na kisi ko krny dy ga	1
it’s fake news yr had hy verification kr lea kro bc	4
sharam karo anupam kabhi rozi roti job ki baat par b baat karo desh ko barbad aap jaise bhakto ne kiya hua h kuch fayde b geenwao ya ye bc batie sirf	4
bhi nay samjaya tha 92 main nahi manay ab bhugat rahin hain.mian sb nay karachi main jo boya tha ab katt rahin hain aur aagay bhi katay gain.thakur k khandan walon nay n league ko hijra banadiya.	3
 inshaallah zaror hum sab aik hai	1
tu apne baap se bol condom kyo nahi use kiya us din..fuck you!agar bc padhai kiya hota na toh ye baat boltna hi nahi.kisne tero ko kagaz manga?kaha caa me kagaz manga ja rha hai?padh bc padh kuch aata nahi aur chale bakchodi karne gandu.	0
 ye emoji mjhe ajeeb feel krwata dont use it🙂	1
  bahi allah maff kary lant nh de sirf ya ka kitni piyari bachi ha jes ke bh ha aik nh pata nh kitni bachia es tara mout mar gy par kia hoa kia kia hm na	1
this is yahoodi terror we have condemned this cowardly attack on pelistine sooner or later israel will be destroyed if they continue doing like this pani me reh kar magar se bair bahot mehnga padega #stopisraeliterror	1
hahahha yeh sarry katoary forign yahoodi funding me mulawis hen....maza arha hy ab inko bhonkty dekh kr....bhonk kuttay bhonk	0
bc ghar wale bhi soch rahe honge yeh kya system paida ho gya sala lagta programing galat ho gayi.... sabsi badi confusion iske liye ladka dhundheyge yaa ladki😉	3
  iss ehd kay sultan say koi bhool huwe hai	1
 sehat ka kuch pata nahi hota kab kharab ho jaye 😜	1
abe o chutiye caa h kya pata h yaa firr baise hiii bhonk raha h kuch bhi  kya dumbass h yrrr y 😂😂 koi bc isse chawanprash khilao isse 🥰 pagal ho gaya h y chutiya	0
#stopauratbarbadimarch who are you for arguing our tradition and islamic manners you bluddy 2 takay ki aurat   .	3
ary yeh dhandli nahi dhandla hai 	1
 nhe nhe tum first bencher thi 😂	1
bismillah ho chuka hy hisa dalen :)😌 	1
   bank sare he 1 jese hote hen... but un ki product and services different ho sakti hen 😎	1
acid attack, rape, domestic voilence, wife k hoty hoy girls k sath relation rakhna, ya time pass k ley girls ka use krna in pa mard chup ho jta h ye sub kon krta h? mard apny ap ko paak kar ly toh aurat ko in sub ki zarorat nahi #auratmarch	1
bhaag bharwe 😂😂😂 pehle canadian ko indian banne bolo. aur btw wo citizenship b honourary nehi tha bsdk ne bheek maangke liya tha	0
shayed ahmaq ap hy lkn mante nhi	0
halala ki paidaish ðÿ¤£ðÿ¤£ðÿ¤£	2
 yeh kon hai	1
tri bhan di phodi hijrey ki shakl wali kuti gashti rokhail try jsy ki main fre main gand na maro tu pakistan army py bonkti he hijra k shakl wali	3
yky ambjsajdk bhenchod main apni mummy ko bolti hu baal kaat dene ke liye	4
oye lakar k khusray tera bagora leader nawaz dako dhood shehd ki nehriyan ni chor k gya tha	3
rt : jihad and hijra (migration) the wheels that make the doctrine go round.	2
rt : bhenchod im done,untargeted	4
tum hamesha chuttiya hi rahigay. lanati insan	0
han main akela ghr reh loon ga tm zoo rehna ok donw😂😂😂	0
 kon c treat?	1
sasti randi.... apna modi ki english dkhi ha.. bc us ka knowledge dkha ha... 🤣 🤣 🤣 🤣 🤣	3
 nhi chance tha ab scene ye hua bura in k sth ye team dubai n sharjah ki slow pitches k lye lit thi pr yaha k lye nhi or sb se nara uqsan hua umer k bahir hone se inhe	1
rt : at the end sb aap ko choor jaty hain...  moral kisi ko bhi apni life main importance na do sb fake hain...😑	1
ye  khud ka image clear karne aaye hai  phele apna breakup ka clarifications then controversy ka....  listen dear abhi kuch aur clarify karna bacha hai?  #biggboss_tak	1
abe bharwe halala haram hai islam me aur 3 talaq bhi duniya ke 57 arab countries me se kisi me nhi hota ye...yaha ke kuch pagal jahil log hai jo aisa karte hai aur tumlogo me sati bhrun hatya bal vivah jaisa ghinauna ritual hai	0
ye bc aese bethe jese qul khawani p aye hen🤦‍♂️😅	0
rt : nikkah ky baad kya hota hoga?	1
 imagine achi hua krti thi laikin aj nhi ho pa raha😅	1
fir hasso bc sab😂	4
hogai izzat? mera jism meri marzi jc ghaleez or ghatiya terminologies hamare muslim muashrey me dene ki koshish me aapki so-called,vahiyat or ikhlaq se giri support ko khud ne hi reject kardiya.  apne yahoodi gods ko khush krne k liey kuch or karien	2
time jaldi guzray tab masla hai ahista guzray tab masla hai bhai chahtay kia ho tum loug	1
nankana sahib vandalism is only the tip of the iceberg.the islamic pakistan is meant only for wahabi sunnis. rest everyone is kaafir there.	2
ib* randi ko recent past papers deney mein mout kyun ati hai	3
me : bhai pada nahi jarha friend : fail hojaega me : ese kese bhenchod gaand faad dunga pass hoke rahungaa friend : haan hojaega me : par kese? friend : abe oo bhusdandi ke	4
tera dna to kutton se milay ga abe bharwe	0
bhenchod nahi hai woh netflix ya prime pe	4
 sir shoq nhi poetry ka bs ayse hi tweetless hota to krta hu just	1
the whole fight was caused by this gashti suarr rundi haramxadi kusmarani saali whore lundkeshokeen  #rashamidesai	3
ye gashti fuzla fazlu. kisi randi ki najaiz aulad h.	0
 lykn bt krny ka ak nazriya b hota k ap kis nazriye sy bt kr rhy	1
thora sasty me dekhaya ja rha hai1🥺	1
bahanchod ye kya bakchodi hai?ye koi chutiya khana hai?	0
ahmedi mirziee qadiyani hargiz kuleedi uhdu pe nhee janay chahien warna hmari agencies pe swalia nishan hey	2
not even a single soul.  i repeat  not a single person.   ju ja rha hai.. darwaza band kar k jaye..! . 	1
shanzu na muju unfollow kr daya 😭😭😭😭 koi pyar nh krta 😭😭😭  	1
tum bc ho be	0
qabar mai bichoo gaand marty	4
khaaamoshiyaaan teri sunun aur dooor kahin na jaaaun meeen	1
apni amma ko bhej chudwane k liye madarchod saale randi ki aulaad,  madarchod, bhenchod	0
yawr i think i'm in love 😔 . . . . . . . . . . . . . . . . . . . . . . . . . . . .waqae  . . . . . . . . . . . . . ye kul raat khuwab aya th 🙊	1
   ap jealous q hota just fun	1
salo pe condoms khareedne ke aur beer peene ke paise.hai lekin 500 rs hostel ka nahi bhar sakte areee madharcho hum kya gandu thee jo 2400 rs deke hostel mai rehete thee. maro salo ko daura daura ke. randi ke bache 🤬🤬🤬 #jnuprotest #shutdownjnu	0
bc!v another hour has passed! somebody please tell me how to stop listening to this song!! #listeningtoitonloop!!	4
 jao mere se bat na kro 🥺😏	1
 awaz dy aap..hum tyar ha✋✋	1
lanati e azam ..	0
 esa ghissa pita jwab tu e soch skta h	1
       dibbe me dibba dibbe mein cake himanshi khurrna jo teri beizzati hui nationl tv par pehle wo jakar dekh pls pooja mam kaur b mam app logon ne bb dekha hai to pls iss aunty ka muh band krvao #ilovesana	0
ganja almaroof corrupt maryam almaroof chor ki beti sharif family almaroof chor or dhokebaz or harami khandan	2
tension mat lo  tum akele nai ho  sab ki life ki  lagi padi hai 🤣🤣🤣	1
waooo so delicious tea 😋😋♥️❤️ made by mama   kon kon peena chahta?? #wednesdaythoughts	1
 wo pehly chati thi	1
daikh lo yahi sub face kiya hai aur ab baat karo tu comments aate hain momina ki jawani kha gaye ahmdi isko dete nhi kuch isliye jalti rehti hai...... ☹️😥	1
sab kr ry hen  ka 😂	1
randi k usman baaap h tera, mjhy bolta hai arha hun or usay bolta ghr mehmaan aarhy....	0
it’s the usual randi rona there...unsubbed after a few months...also, some folks lovingly call it randia	0
 nahi maine ni likha h...	1
aby saalay😂😂😂	0
tm apny uuhdy se isteefa do bharwe tmse acga javed latif ha	0
chalain aap kehte hain tau janay deti hoon😂 lekin agar ab is ne mazeed bakwas ki tau is ke level pe aa ke is ko seesha dikhana paray ga i think😁	0
  rehne de ab koshish mat kar😂😂	1
yar is tarha k ahmaq aj kal tv screens per paye jaaty hain....	1
sali muslims randi. jihadi sali	2
  uh're such a nice  &  loyal person🌸 or teri galiyan bri mazy ki lagti chill bndi a ! 	1
mereko kabhi depression nhi ho sakta, main hi depression ko ho jaata hu. bhaaj jaata h bechara mujhse darr ke	1
 fir tu kis hisab se bola ki left wing gandhi ki ideology ko follow kar rahe hai?	1
ye bhenchod marwane hi jate hain dearest	0
ek musalman hi dusre musalman ko marta hai jha be dekh lo sunni, shiya, ahmadiya, yajadi or na janane kitne hi yai ek dusre ko marte rahte hai hindustan hi aisi jagah hai jha musalmano k 72 firke ek sath rah sakte hai fir be yai yha jihad failane ka kam karte hai	1
 hamesha ni hota logon kay experience say bata rahi 😅	1
sahi bhenchod nasli dalaloun ki family sy belong krty ho....chal es trha kr tjhy kharish bhot hai jagah time btaw pta chal kn kis marta hai...waisy baqi dalaloun ny es ka jawab nhi dia tu dy dy ota chaly tu sahi dalall hai??😂😂😂😂🤣🖕🏿	0
 aisa nai hota bhai ...is gen ko mj jese hun-nihar teacher ki zarurat hai🙊😁	1
sab randiya ha jo gandagi faila rahi society me	3
tujhay pta tha paras ki gf h phr b uskay sath kisses karte rahi tujhay tatto nazr nae aya? fake aurat	0
marvi sirmad to frishta: mera jism meri marzi fristha to marvi: mera danda meri marzi 😌 #werejectmerajismmerimarzi	1
join us on 02/02/2020 at anaj mandi sangrur	1
 abb keya chut girnay ka intazaar hoga ya jab university of peshawar ke terah her adara apni salary bund kurwa layga tab hosh aye ga	1
baher se haji andr se harami😡	2
rundi k bache teri maa ki phudi ma lund maroon. haramzada, behen chood	0
 oh  you got permission from bajawa sab to tweet this .	0
 ameen.. or jo me ny apko hzrt ali ka qol btaya hai us ko ap ghor se prhna of smjna.... allah sb ko sedhi rah pr chlaye	1
 acha acha ab santie mat ho.. aesa to nae bola main ny 🙄☹️	1
halala se aayi ho ya babar ne tumhara khandan bana?,	2
madharchod rundi family jitni jaldi ho sake utni jaldi desh ke gayab jo hajo india ki miya chod rakha hain tere company ne jinda rehna hain ya baap ki tarah boooooom dhamaka.... fixed?????? 🤖🤖👾👺👹💀☠️🖕🖕🖕🖕✍	0
bahanchod suwar re pust teri muh me suwar ka land chus maderchod	0
 zrori to ni phly text py zaleel hoga bnda😒	1
me so gai thi. 	1
 experienced bro koi or tareeqa bta do phir.	1
haaan danday sy akhrot torany sy adhy sy zyda zaya ho jata hai :(	1
 aur jo sajji dikha k khabbi mari?	1
randion ka tola	3
pahly greb kro bad ma kfalt kro achi policy ha	1
han tmhari bhen hai woh jiska rishtadar hun main aur usay chod bhi chuka hun	0
hijra lag rhi hai	3
scene kuch esy han 😂😂😂 #wwe in sindh 😂 	1
gandu endian hindu terrorist state want another 27th february alike humiliation in the hands of pakistan when pakistan airforce shot down two endian fighter plane and captured coward hijra endian terrorist pilot	3
sach main tonsils hien do din se	1
moun ko chup lagh jati ha fr pata ni kyun	1
yahoodi aor masehi dono ki alag alag baible hai	1
rt : sala aik nawaz shareef pori judiciary ko hijra bana gaya...  #nbc #justiceforsaleinpakistan	3
yes tere jesi randi h	0
wo konsa nasha hota manga k tu sona tha	1
bhenchod pooray	0
paid valo ki maa ka bhosda randdi ke aulad hote he paid vale kutte	0
jab budhay hojao gy tab apne twitter pe kiye randi ronay par hassi ayegi	0
 nahi tumse koi shikayet  bas itni c iltija jo hal kargaye kabhi dkehne mat ana	1
and i have my brother who tolds me in every difficult situation maa b na chod ksi ki jo dill chiye kr me hoon naa....😂😅😅😋	4
 ye to berra ghrk kia hoa food ka😐😑	1
pakistani randi ki pakistan's randiiiiiiiii kanya ne kitne bar choda hai	3
ary pagal ayse hum bhi krty but kisi.ko hum kbhi phla msg nhi karein gy :-(	1
kutta paal lo bili paal lo pr ye wahem kabhi mat paalo ki 12th ke pass krne ke baad maza hi maza hai	1
all 3 major islamic parties will soon merge to create an islamic revolution on same lines as iran to overthrow  over his callous actions. if their activists are arrested or stopped, it will only make situation worse. i told ahmaq khan to reconcile with 	0
afghanio ne tme hindu se bachaya,randi k aulaad tareekh paro tm wo ganda khoon ho,jo siko aour hindu ki rape se paida woe ho,tme kalima tho sikaya afghano ne,magar tmari gandi dna wai ranjeet sing wali a,randi k aulaad tm ne kah pana di,am pashtono ne di,apnay bio ko hera mandi	2
maslan raham khan kisi yahoodi ky bachy ki maa bane wali hai 😂😂😂😂😂😂😂	2
madam jb aap nai ahmaq ko apnai uper charhaya tb khair thi.,2014-03-28 06:00:02	3
 koi na khush rho apny khrchy pr😂	1
  15 15  fake id chlane wala aise hi sab pe copy paste krta hai.🤣 yeh b nhi dekhta k ldki ki id se ldkion vale comment kiye jate hai..🤣	1
ye bahan ke lode humare yaha hote to inki abi tak maa chod chuke hote hum itni okad ni in ganduo ki	0
 . -. iska kia mtlb hota	1
 sunna b mat😂	1
  bera gark kr rakha angrezi ka tum jeson ny 😑	1
it seems we are not part of lagos state the roads that left out be repair from ahmadiya to toll sango and beyond and back to ahmadiya left and right we suffer going and coming back every day	1
 😂😂 boht achi baat hy ab apny isi decision py qaim rhna😂	1
dikhta ha dikhta ha aata ha jaata ha har koi khush ha sabko hi bhaata ha (o ji yunhi nikalta ha sooper) haan hm hain tum hain isky mazay me sab hi gum hain isky mazay me sabse aagay sabse upr peakfreans sooper peakfreans sooper 	1
ye manhoos hinduon ki diwali k chakkar mai har jaga ki aur quality kharab hogai, bharwe	2
ab to umeed b nahi rahi baqi	1
okay, will respond you later on the same sir,  for the time being  sunn bhadwe  maa chudwa ke aand ke beez harami ke pille randdi ki aulaad saale haram jyada madarchod teri maaki chuut dalle, chudai khaane  just want to see ur reaction lodu😂  maa chudwale harami  cc: 	0
meri beti ny namaz prhna shuru kya h 	1
 hahaah plzz ap jo kaho y r safe but es bandy sy panga na lo wo ek bat krta hy but phir salo sal log yaad rakhty hn. aw na jan churao bilawal ki os sy.. 😂😂😂	1
ye kutta halala ki aulad hai	2
han bharwe hun to?	0
 tum say achi hai..😒	1
bc you’re so goddamn horny all the time	4
boor bhi ni hona, kisi ko phly masy bhi ni krna, koi masg kry to bat bhi nae krni . feel me☹️😂	1
aurat ka paisa aurat ka paisa aur mard ka paisa bhi aurat ka paisa. bohat na insafi hai 😂	1
hamaray bachon ko akhir insaf kab milay ga	1
ye lanati log jis ko dil krta hy yahodi or qadiyani keh dete hen. lanati insaan tum khud jhanmi ho apne undr jhank kr dekho kabhi	2
 mahira ki maa bhi boli glt uski bhi bajai or vo bhi line pe aa gyi 😂😂😂🤣	1
rt : imams from the ahmadiyya muslim community at london bridge to offer condolences  #londonbridgeattack	1
 lant hy teri aagli pecchli tweet pe or tum pe or qadyanion pe or kuch ?	2
aap se yahi umeed thi  fakhar	1
 nhi nhi esi bhi bt nhi ap ny kha na k ap ka dil kr raha hy mry sath to bs is liay	1
   mjy pata ha i'm ur siso❤	1
agar hukoomat kuch nahin kar rahi then aap hi kuch kar lein...aap to journalist hein aap ki bhi bohat power hai as a journalist..	1
ohh acha woo wli ho aik baar mar gai thi fer zinda hui 😂😂	1
you banchood! rundi	0
 koi baat nhi..ap meri tweet pay bhi ziyada dhiyan na dain..😒	1
or jis din samj na aye k kia kerna us din phr saag paka lo 😒🙄	1
 yar pata nh kahn paye jaty hn asy shohar	1
 yeah sub woh ho bhi nhi sakta tum ho gay..or sajal ki or uski shadi hai feb main..😭😭	1
ye bsdka pagla gaya hai charsi.	0
and hijra are trans!	1
rt : please disrespect mat karo gadhe ki ye sala akhrot si shakal ka.	0
phir tau aap dab sae bari ahmaq hain kay aapke mutabaq jo chief ahmaq hai uss say tau baray shauq say shadi kar lo thi.	0
 ye tu sch h 😉	1
 bhaiya bhabhi ko miss kar rahe hoh 🙏koi baat nahi our bhabhi is best in the world...	1
yeh january nahi ho gaya koi indian drama ho gaya khatam hony ka naam hee nahi ly raha...😕 #january  #2020	1
basra bhai ap tension ni lain hum inshaallah kaptan ka sath hai or yeh fund khuron ka buht achi tarha pata ha	1
haha randi saali geeli hoae tu	3
 acha muja nhi pata tha trend wala seen 😅😅	1
maa k hukam par amal b to krna 😅	1
randi ke bache tu apne hashar ki fikar kar.	0
  kisi ka joke na banao madam	1
kdr chupay huay seekhni mjhy	1
sahi kha rundi ourt	3
rt : jab tak hammare paise nhi deta marne nhi dena isss bharwe ko	0
this stupid fucking idiot is sitting on my window seat and telling me “there is no difference” bhenchod tu beth aa ke ullu ke pathe	0
par ye wali behan sachi wali baat keh rai ... in sha allah fit wali bhabi mil jani mjy 😇🌸	1
utny yahodi israeil mein nhe hn gy jitny iran mein abaad hain, israeil america ka toota hai jis mein uski jaan hai	1
dalla nahi ye randi hai, har post ke saath bik jata hai bho*diwala! 😂😂	3
atnay din no see no lift 🙄🙄	1
rahul gandhi terrorist hai  aur uska baap tha terrorist	0
agr sir hum ko haq hamra na dia gaya to majubri sy hum apni ladies bachy bury jawan sab awc k smany etijazz kry gey purhaman... or bani gala b akr purhaman etijaaz kry gay... apny gahun k rasty k liye..  ..baqi details documents m di hui h.. kindly help kry gahun ki 	1
sabko fallow kia huwa hi ab mera name b list main daal day naa	1
bs kia kahein wari b asan ja pahja aahen lanati 😢	0
yeh dabbo men parre howe harami tere abbu hain ... saale tere abbu b gandu or tu b gandu  praatna hai bss terii mama thkk ho hamen us ki zrorat hai gaoo mutra pee gandu sala poor nation	2
wo kutya asa nahi karag sir ji	0
 pretty is kool but why sad? kis ne sad kiya? kyun kiya? us ki itni himaat kaisay hoi?	1
diwali release hf4 ka nahi likha? bc 3900 screens par thi vo aur clash with taapse 😂😂	4
farq ka or fikar ka bi aik taulaq ha..farq unhein parta ha jin ko fikr ho lekin farq ko mehsos krna thora mushkil ha pehly fikr krna sekhein 🙂 chahy khud ki hi🌼	1
 aap log noise create krte ho aur hamein parhne nh dte..😂😂	1
fasla rakain bad mein ap kehty hamri chemistry ni milti	1
aur hum log tumhari maa chod denge	0
wasy ek cheze nahi kahi pm ny  pakistani o ghabrana nahi ha	1
chalo hemath to hy us yahodi k khelaf bolny ki ap log to wo b ni kar sakty	1
lekin caa ke baare mein toh bola hi nahi.	1
#mediastayunbiased mulk me media ik munfird ba khidmat addara samjha jata 	1
randwe please can we fuck to the twilight soundtrack please just once bharwe	0
rt :  youtia designed by yahoodi lawbi ,🙂	2
rt :  sb kuch mily ga😘😘😘 meri jan	1
abhi gandi nale k paidawar pore omar haram ka k pale bade ho ghasti k bachy pore dunia k udhare ho chutia..	2
"rt : son be like  ""agr apse kisi ne kar li ha tu muj se bhi koi kar le ga"" 😂"	1
portfolio main ye edit daly 100 percent kam ay ga 🌚🌚🤦🤦😂😂😂	1
  tum n such m iski awaz suni h ?😂😂😂	1
rt : criminal ki mkc  namard salman khan  rt  bhenchod zyda tweet kroooo rt se trend neche jaygea	3
are bc lagta cahcchi abhi abhi halala karake aayi haii.ðÿ˜šðÿ˜š	2
 iska jwab hoga aurat k khana grm kr k bistr na grm krny pr shohar ny qatal kr dia hmm?  what nonsense! 😪  o bibi jin alfaaz k dual or gair akhlaaqi meanings hon unka istemal ni kia krty agr mzak ni bnwana apna 🙏 ... hairat h itni si aqal b ni seekh sky tm itna prh likh k b? 💔	1
randi hai saali	3
aur gainde fawad where do you use this machine in your country ?  muh se papad nai toote, gaind se akhrot todne ki baat 😒	0
  wah aya ap k pas r mubark mjy ho😟😂	1
bhai g izzzaat ka sawaal ha...😜😜😜 kuch din sabaar farmaa laein buss 😂😝	1
 no you are not only one 😅 m ta news v ni dekhi ous bare kde	1
bhenchod   ki statement sun ly. minister ki gand me ghus rha hai	0
masla kia hai bharwe? 😂😂	0
kreyszig tera bera gharaq ho	0
 boht aj 6:30 p video ay gi teri jis m tu boht excited hoga😂😂	1
teray ishq me jo bhi doob gya usay duniya ki lehruun se drna kya....💕🌼	1
 pyr ka red ink se kya link	1
i really wish that gay men instead of attacking and getting offended and keep using bodies of others as a way to shape their hurt, realize what exactly was going on. very few gay men and boys gave a flying f about attending and showing solidarity to trans/hijra/gnc persons.	4
 tum kesi ho?	1
mariam gashti nawaz, qatari shehzado ki kanjari	3
 aa ja tojhy b lga den tika	1
tre to umeed hi kisi chagal jai cheez di honi hai... jesa naa wese hi kartoot hone ne 😊😊😊 	0
  haa to suar ki baat pe aapka reply kyu aaya?	1
chal saale bharwe admin  teri aukaat hai analysis krne ki 😂	0
hamare dil me koi plastic to lagi ni he jo bus log hi hurt hosakte he hum nahin😶....laanti kahin ke ...ghunnay mirasi kanjar	0
ek randi larki ko itni pazeerai di hai. smjh se bahir hai	3
major, musharraf is a muhajir!! why is he taken care off?? you once said” sirf sunni punjabi hee pakistani hain aur koi nahi” . and presently gen bajwa is said to be ahmedi..!! your views please...	1
charsi gaffora fir aa gaya yahan muh se tatti karne 🤣🤣🤣	0
bhenchod insta dp chura liya mera gandu 😠	0
bro hum bharat me rehte hain. shia sunni ahmadiya pashtun hamare army me bhi hain.  dekh yaar mai phir bol raha hoon. army pe nahi, army control karne wale pe nazar rakhna hai. army buri nahi ho sakti, lekin leaders ho sakte hain.	1
lado bhenchod aapas me	4
 rishta phir b ni milta ap to jantay hn	1
  main unfollow kar ka 3 bar dubara follow karta hun😂😂😂	1
     haha ye pagal ho jata hai	0
   konsa dr pass le k gaye thi? 😂	1
 nhi lay k bhi jati hun..wahan main use bhi karti hun roz lakin aj time nhi mila..😒	1
fit aap bataein	1
rt : breakup k baad apni dost ka rona dhona jhelne wali larkiyon ko bhi  aik award milna chahyie..!	1
 not fair...... sorry to say ......phir hum dunia ko theek karne chal partey hein.....	1
   uss water main doob jao	0
 october max december tak aur job kar ... fir humen y'aad karna	1
  haha ami se argue krna is not chnga😂	1
mny kb kia jo galat bola us ki sorry bhi to ki na	1
gashti pakistan ao na ap log ajent ho india k	3
tm sbko apni trah randi bnana chahti ho	3
ab apko minar_e_pakisan dia jaye ga	1
 aur one thing is also exposed by kashmeera ke siddharth shukla ne shehnaaz ko kabhi safe nhi kiya usne hamesha tera sath diya hai mtlb caller of the week ke baateein sab jhuti the aur ab prove b ho gaya hai sana real hai	1
bharwe khadi pahen gandhi ki tarah tu to suna hay 12 lakh ka suit pahenta chutye wasting tax payers money aur chutya banana bandh kar	0
tumhari aukaat hai saale randiyo ko nachana jaante ho iska matlab ye nhi kuchh bhi bologe	0
han ab ni hun bc 40 saal guzar gye is bt ko	4
 😂muje kar legi call puchegi to..fikar mat kar tu	1
many phly be kaha ha apke to kya bt hai😜😜	1
shukria bc tyri waja sy bht hasi aj myn wo b talha wali pic ki wja sy😂😂😂😝	0
it's their way of saying bus ab humein jaldi jaldi say rok do. let's see how long usa and iran play this boring game.. ye bhenchod humein chutia bana rahay hain 80s say..	0
 #na krna ksm sy roh nikal jati hai 😂😂😂😂	1
myra ye bhram hy myry pass dost hyn😝🌸😂 #notension   	1
 ik said ke shaukat khanum mein mujhey teeka laga. us teeka lagne se mujhey nurses hoorein nazar aaney lagein	1
surround yourself with healthy minded people .	1
😂😂! me akhrot kha lu ga! coz us k ilawa me koi dry fruit nai khata! only akhrot and chlgozay😁😅	1
phr kyun teri yaadon ny mujhy rula diya 🖤	1
 kdhr the tum 🙄🙄	1
 uske jute dena jo tere per main tight aata hai. gift agar bhool jaye to. . .	1
 iss pr thokney se thok khrab ho jaye, ye bazari aurat ki tra issi qism k alzam lga sacti.	3
rt : mard hu ya aurat ..... us ki anna apny pasandeeda insan k agay haar he jati hai .....!!!❤	1
 ayat ul kursi parh k soti ho gi tum lagta hai😂	1
jaisay jaisay mukhalif deen ka card istamal kr k   ko badnaam krny ki koshish krty rahain ge, logo zehno se yahoodi agent wali conspiracy khatam hoti jaye gi	1
ye tou meinne us din bhi dekh lia tha. bus argument jeetni thi :p	1
ek baap ka raha tu to ek insaan ek ko bhi nikalwa kar dikha yaha se.....bass bhaunk mat yaha	0
gau mutr peeyo tum log lodu awkat bna phir aake muh lag, randwa saala	2
wo toh dhik raha hay khuf, in a state of war 😂😂🤣😂🤣 wese surrender karna chora ki nahi, wese ahmedi as army chief is fantastic.,2019-11-19 03:10:16	1
ye batt bandr ko dilli sadma pohncha sakte hai 😝😁☺️	0
wow halala's product on fire as usual porkistaniðÿ˜‚ðÿ˜‚ðÿ˜‚	2
bc nasal ki randi	3
   hehe...ye bechara abhi baccha h...aunty bol raha h to iska dil rakhne k bola...	1
1 min me 8 retweets bhenchod	4
 or apko yeah galat fehmi q hai k log apko looks k liye appreciate karain gay..🤣🤣	1
 pakistani cricketer yousuf yuhana bhi aise hi captain banne ke liye mohammad yusuf ban gye the..captani to na mili..team se jagah alag chali gyi.	1
iski maa ka bc yeh tik tok kb band hoga	0
ye sour hud yahodi ha	2
agher yahodi kah tu wo kuch nhi. allah ki mar pary is fasloo per	2
 😂😂😂 aik rooh bhatakti phir rhi hoti hai 😂😂😂	1
rt : asa kon ludo khelta hi bc ....😇	4
agar bhenchod ab bollywood stars ne muh khola support mein to they will be fucking complicit in this crime and they should declare that they are just puppets of modi!	0
aik to tum randiyan bollywood se nikalte hi nahi.	3
 usne block kiya his right, daru peena humara right 🤘🏼🤘🏼, nahi pasand post mat dekho aage badho	1
lol. phattu insaan	0
rt : bicharne wale mai sab kuch tha beghairt mai wafa hi nai thi bas	4
ma sha allah khush hogya 2 saal ka bacha achy kapry pehn kar yahodi ka design tha isky kapry per	2
 allah rhm kry un prbht afsos ha k sb kitny be hiss log hain koi kuch kyun nhi krta wahan k logon k lye insanyt bhi koi cheez hoti ha😭😭	1
ye mahnoss ka bacha suraat ikhlaas nai ati esko ye ha e yahoodi sala	2
teri phudi ko b chata gashti behanchor many charsi ki randi	3
aap kiska intjar kr rhe yha so jao 😛😅	1
, ,laanat ho peri shaklo🖐🖐 from lhr😌😊	0
g**li maro bhenchodo ko	0
exactly apna aap hi fazool lagta hai phir🥺🙂	1
yah hijra hai ya ladki hai ya ladka hai ya pahle dikhane ko bolo bad mein humse puchna medical degree dikhane ko 😆😂😂😂	3
 umar se pehle hi buddhe ho chuke hai😂	1
bagrat ourat hain allah karein aska hal bhi qandeel baloch ki tara ho aur inshallah aska yahi hal hoga 👍👍👍	3
hijra libral ye khud	3
 🤣lrkiyo bs khany ki baaty he krna ap to..	1
bhenchod ye kya team hai?	4
    uncle g mujy koi fikar nhi ha mujy pata ha k fahad bhai ki koi movie flop nhi honi lekin uncle ek limit hoti ha bat karny ki ok	1
bc pura qaleen eee lapait lai.	0
tjh msg kia tha me ne mnhoos aurat tb zrurat thi ai ni huh	0
say no to drugs. alhamdolillah. blessings from almighty allah 	1
hahahaha unhe dhodh ma sleeping pills pilla kar sola dain gain akhrot k sath 🙊🙊🙊🙊🙊	1
 lanti insan google kro phr bakwas kro ahlebait jan qurban hy tumhari trha nhe bughz main bhray hoay	0
rt : chal dil mere chorh yh phere  yh dunya jhooti log hain bharwe:)	4
sid ki jagah khud ka naam likh bsdk... mentally, physically har tarah se disturbed he tu.. tuje paida kar k tera baap bhi disturb ho gaya hoga ki isse to meri tatti jyada achi hoti he.	0
jee koi masla hai?	1
or wahan tumhara jahanumi ahmedi jo naaowz billah nabi hona ka dawa dar tha wo wo case hara tha or court sa bhag gya tha.nabi pak p.b.u.h allah ka akhri nabi han or on ka bad koi nabi nahi ae ga.ya ak haqeqat ha jo quran ma bhi ha.or 1947 ma pak islam ka name par bana tha.	2
 jo option ap ny nhi dia. wo jo faisal wavda my aik din program main laya ta.	1
real ki celeb ne follow kia mujhe 😳😳🙈🙈🙈🙊🙊🙊🙊 	1
 sir main ap ka aur peshawar zalmi ka bahut bara fan ho hr sal peshawar zalmi ko support krta ho. 26feb ko #msvpz waly match main multan main ap sy milna chahta ho main ny tiket li hovi hy.. +923027423775 +923127850775 	1
en judges ki gand ma ap log danda q nae dete ye bhen chod sirf en choron ko relief dete hain or aaam awam mar jati hai likn insaf nae milta.	0
rudraksh naksha  jaani dushman krishna cottage  baap of graphics	1
tum inki maat socho teri maa ka yaar to chala geya or ab wo kia kary gei kia wo ab ......... kary gai or abi to teri baji mariyam usko ab katri bi mu nahi lagte wo to modi ko bi nahi bula sakty hahahaha  or pta hai wo bi ab imran khan ke intazr mein hai ke imran usko bi moka dey	0
establishment mili hui is bharwey k sath royasat fouj sb randi k nasal  in ki dharti maa ko chod kr ja rha aur ye airport pr khare hokr hath hilate rhe  lanat  paksitan ka allah hafiz	0
 koi baat nahi aap agli game jeeto gi	1
  waqai ni hai??	1
rt : meri sasti randi namard salman khan criminal	3
ye bhenchodo ko ab kisase azadi chahiye	0
acha mil to gya 😂 ab choro	1
 actually howa ye ky aik din aik bachi my aik wrapper board py lagaya agley din dosri my phir ahista ahista sabney hi shuro kardeya ye kam	1
 tere sir teri trah hen	1
bhenchod tu kaun h be😆😂	0
ganja kanjar to tha hi beghairat bhi raj ke hai 🤣	0
yar agar twitter par video upload kardun to account report to nhi hoga ..... please advise   pehlay bhi ek beghairt nay mera account 1 haftay k liay suspend kraya hay	4
you may have got a govt. job relaxing 3 hour lunch brake you know sbi and you know icici.  when a person becomes billionaire he runs family of lakhs of people. these are job generators not job seekers be thank ful. without reliance imagine mumbai metro?	1
salman bhai namard nahi hai ye randi ke canadians ki gaandh jal gayi hai jabi ye trend kar rahe hai ye.	0
   kiun rastey my tum thi kia???	1
kesa akhand ahmaq hai bhai!? smog tou 2012 se aarhi hai! aur iss mein bc government kya kre!? hawwa ko rok dein!!? itna masla hai tou khud gari kam use kro aur public transport pr jao khud change nahi hona lekin pagalon ki tarah tabdeeli ka roona rona hai! roone k ilawa krlo kuch	0
#slanty khaty huey jaan boojh kr 2-4 bed pr gira deta hn ta k baad m #surprise mily 😝🤣🙈😂	1
rt : in machro ki maa ka bhenchodo ny azaab kardiya	4
many many happy returns of the day to this bomb happy birthday🎂 to her who is bhakt for all the chamcha nd kaafir for many m🙊  but actually an amazingly talented opinionated person who is worth reading.❤	1
 kaun hauy bkl ye	0
kis bhenchod ne kaha hy ye	0
pata hai hamari marzi sy hamari army ham pr hakumat krti hau tu kon hai beech main tang marny wala ja. ja gao matta ka mout pe jo tera kam hai tum officer ni indian army k bharwe hain	2
mn bhi jaon ga..😯😏😁	1
baby, ahmedi worship place ko jinho nay demolish kia, us ka kuch pata kia?  wo jo pedophile pakra gaya hai, us ka case kahan tak pohncha hai?	1
rt : pak army is all- court,judge and executioner ! they hanged brig raja rizwan on alleged spying real reason -he was shia muslim	1
 hahahaha	1
tum jio hajaro sal , sal ke din ho apke hisab se😍😍😍	1
 multan sultan ka theme song age #zahoor_lohar  sy krwana chiye because un ka #dil_kitha_kharaye_bholua bouth famous chal raha h 😂😂  #psl5 	1
 tuj se ab aur mohabat nahi ki ja sakti  khud ko itni bhi azyat nahi di ja sakti	1
pakistan ke khelaf uthne wale har awaz ko hmesha hmesha k leye band kar de jai ge uthne wale har qadam ko kat dia jai ga we are #pakistan	1
iss beghairat ko bula kar mangla dam mai dobo dehna chaheyeh	0
there are some yahodi daboo like imran chore zakat khore	2
 mansoor ali khan k khilaf baat kernay per aap ko block kya jata hai aap ko pmln k dost dushman ke pehchan nahin	1
i binged it when i was on the plane and i couldn’t even scream bc it was a red eye	1
baap ko bhej tere baas ki baat nahi	0
sir facilitaiters ko pakrain , blast ka hona mean network abhi nai tota, khanzeer majud hain hamari saffon mein. munafiqon py lannat bayshumarrrrrr	4
 arre yaar!🤷 mahira is not even nominated.. kya aap bhi na💁	1
  han yar ye to hy sorry sis	1
bhai wo sala hijra salman ka fans tum sub addins ko bhadkanaa kaa kaam krte hai lekin chatata khans ki hai  namard salman khan	3
#dgispr #ispr #thursdaythoughts #pakistan #pakistani #karachi #lahore #islamabad #valentinesday  14 february ko jisay room chaya woh dm main rabta krain...	1
ab lout any ki zehmat na krna dil bhar gya tere intezar se💔	1
rt : yar bhenchod why would someone like me? im ugly as fuck	4
 kuchh bhi kar le, toti bhi out of market ho gya ha	1
baap k ha na apny leader khusray say puch fauj ko vote q deya tha assembly ma hahah....wasy bilawal k lia sheikh rasheed hi kafi ha....agr itni takat ha na to mera kuch b ukhar kr dekha day chul mera bcha ab nikal aisa na ho kanhee bori bnd mily q k fauj ko ya b bnana ata ha	3
tum chudai khano ko kuch hazam nhi h.. ghr pe moti gand leke baithe rho..	0
randiyan brave hoti hain ??? isko pta hai meny sar e aam izat bech di hai ab nangi nachon ya kch bhi krn izat tw h nh tw jo jee m aye wo kia jaye	3
 nahi nhi bilkul nhi 👀😕😂  han ab na ana 😑😑	1
ankhain dukh rahin hayn sir mein dard ho raha hay par bc nendh nahin aa rahi😒	4
"new way to propose your crush:  ""aap meri zindagi ki street haen"" 😍😍"	1
esiooo kooo khusrey hi miltey hen	3
  logic ay baat me😂😂😂	1
teri maa ki kuss abhi tak laura nai mila tumai	0
tumhari chut fategi	0
 ye satu kya hota hai wese	1
tum jaisay beghairat dalal tu abe tak keh raha tha ke wo bahar nahe jana chahta aur document or sign nahe kar raha hay abe wakeel q cabinet me bheek mang raha hay beghairat kaisay karletay ho	0
dembele rundi ka bacha	0
 reply karti hu na sab ko 🌚🌚😂😂	1
 bachy k dil.tor dia💔 ab kon jorhy va ish.....	1
 nikkah to sadgi sa bhi kia ja sakta jism ke bookh he metani ha to bs log apni sho sha k lya krty hain	1
koi mujh jesa masoom hai yahan jiska 14 feb s koi taluk wasta nahi?😑😕	1
 ap boht acha kam kr rhi ho mashaallah lekin plz koshish karain social media pe kuch arsa time na den jb tk ap umra pe ho	1
bhenchod 100 follow kru to 3 follow back dete hain wo bhi newbies	4
 janu manu searching kr rhy hoty hain apny liye bhe 😂	1
 allah kary ab ye record na toott ksi se ameeenn sumameen sid winner hai #sidharthshukla #aslifans #bb13onvoot	1
aby apni achi dost hy anhi man jy gi ek doo sorry py 😜	1
teri maa ki choot mein saur ka l, tera baap gunja jis ko teri maa chopay lagati hai vo adalat se reham ki bheek mang kar gaya hai. naa aya to maryam ki phudi maren ge, teri maa ki choot.  teri maa pe kuttay charen, zardari bhi tera najaiz baap hai. use jail mein humne dala hai.	0
clear hand ball tha 😂😂😂if that was not a handball to bhenchod madrid vs betis wale me randirona mat karo	0
 aap kabse permission maangne lage sir.... aap koi cheez krne se phele kisi se poochte kahn h.... taanashah nhi poocha krte...	1
apne kya ha google translate ?	1
so u are not against those.. who hate hindus.. and think other than muslims all are kaafir... and believe kashmir, chattisgarh, assam are not part of india.	1
jin k jaane se jati thi jaan humne unko bhi jaaty huwe dekha hai/.....😃😃	1
#justiceforpriyankareddy #rippriyanakareddy  main yahan se kuch nhi kr sakta par itna to keh sakta hunn ki ladkiyon ki koi kasoor hi nhi he in rapist logo ko na unke maa baap ne chapal main gobbar lapet k nanga karke mara hota na to ye sab na hota...	1
pagal yahodi daboo imran chore zakat khore	2
bara gand gand araha hai aj kal bharwe lagta hai boht logo ko di hai	0
 😂😂😂 yeh tu bilkul. mery bety ki trha baat kr rha hi	1
sahi toh hai..  sach kadwa lag raha hai kanjari lal ko	3
randi ki nasal  aesi gali 🤔🤔🤔🤔	4
no it's not like that deluded ahmaq so called maulana,2015-11-02 17:00:42,balochistan, pakistan	0
saali struggle karke aayi hai 😂😂😂😂😂	0
 meri shakal dekho pehly... mujh sy koi bat nhi krti🤦🏻‍♂️😂🤷‍♂️	1
 i m punjabi..  agy kaya bataoun pata e hoga apko. shakal hai double wali!! 🙂 single forever alone 💔	1
just bc livvy poo my new bff and jazzyj don’t get it doesn’t mean someone else won’t! education first my friends.	1
hmmm .. sad nd sorry for that bro .. u got some hrami bharwe... 😡  shi bat thi k find krna prta tha .. ur effort was great .. but sara kam khrb ho gya 😔	0
 baz aja khan 😤😤 kisi kisi ka kam hota hai kazuya khelna sabke bas ki baat nhi😏😂	1
jab aap ny ek maulana ko pusha tha k aap dalit muslim bolty to sunni shiya or ahmdiya per kyu nhi bolty...ahhahahahhahahahha mja aaya tha,	1
chal na randi ! we have spiritual connection with supreme leader imam khamnae !  we have our hearts and souls for holy cities of najaf and karbala !  dont give a fck to wahabi chutiyas	2
sachay pyaar main rishta manga jata hai haar angle se lee hui pictures nai.😊🙄😂	1
 mam jism allah ka us nay banaya khubsoorti say wo khud quran may kehta ha yeah ebadat k leaye ha but yeah women kehte ha k apna khana khud garam karo, or tumhra khana garam kar dia ab buster khud garam karo #werejectmerajismmerimrzi	1
vesay pehlay 4,5 saal interference hotti hi hay or ab to larki kay maa baap ki bhi bohat hoti hay .  bas hosla or sabar  karna parta hay thora .  na karain to ghar totta hay or phir agay ja kay nafsiati masail pada hotay hain larka or larki dono kay liay	1
khoti ki buchi bhonkny sy pehly khabar ki tasdeeq kar lia kar haram zadi.... koi teri maa ka yar mob ni gaya wahan.... aur na hi koi aisa waqya hua hai... apni choti beti k najaiz khusam modi ko khush karny k liye bhonkna shuru kar deti hu... lanati aurat...	2
saalay fankaar b bohat hain	0
 bhai g wo 100 rupiya sadka nikla ha.... kbhi ap ne sadka diya tw hoga nhi na 😂	1
mn poucha bhi tha hum bhi naam mention kre😂😂	1
usko ku mention krta ha u khusray😑	3
lanat hai tum logon per bc saalo ulti ho rahi hai 🤮	0
 main bhala kiyoun roun gi  or ap k samne to bilkul bhi nahi	1
must be some rundi ki aulaad just like you	0
ye damsa aa kar khatam bhi ho gaya aur mujhey patta bhi nahi laga :/	1
matlb bajwa imran yahodi ki tarha baykar jahil aor naehal insan ha	2
 kachra london chala gya wo uthna tha khair aib bri teri hey	0
 sum ameen... bht arsa ghaib thi ap khariyat???	1
na shia na sunni bus ye jo rasty jinho ne band kiye aaj bary randi k bache hen bharwe	0
teri chut me sabhi bhaiyo ka lund reply de randi	3
 niklo dafa ho yahan say.. 	0
ye kia bkwas ha 🙄🙄🙄 👎🏻👎🏻	4
jb aurat ka rape ho, husband maarta ho, abuse kia jay tb to koi mard nahi bolta, jb ek koi larki izzat k sath kamany jati h tb mard usy kamany nahi deta, hum girls raat ko bahir nahi nekal sakti in mardo ki wja se khud ko insaan bana lo to humy b march ki zarorat nai #auratmarch	1
beta pasand bhi bande ki auqaat wali honi chahue. .mujhe yahan cd 70 naue mil rahi aur tmhain lamborghini ki pari hai	1
jitni dafaa dekhu tumhe dhadke zoron se..aisa toh kabhi hota nhi milke garon se.. #tkl #dheerajdhoopar #shraddhaarya #preeta 	1
kanjar ka bacha ye do alag alag jahaz ki pics hain bharwaa rundi ki aoulad	0
bc use pussy cat b kehte   pta ni kb tera gnda mind saaf ho ga	0
 un ki madad krna pahly to un k ass pass k logon ka kaam hai or jo janab video bna rahay hain un ka bhi ..zakat aesay logon k leay hi hoti hai	1
 yar enjoy krny ka tareqa bna liya h sb ny bs	1
me right now: ye sun'ny k liye intzar kia tha! 😑😭 #pslv #psl2020 #tyyarhain 	1
tweeter par hi bol sakta hai tere jaisa harami ka aulad. samne se tho madarchod kabka apne purwaj se bat kar raha hota.. bahanchod	0
 mujy koi gum ny	1
 bro... rt krna hoty wo nhi hota hum sy... hn koshish kru ga apka # tag use krne ki🙏	1
bhenchod kitna bara wallet hai yeh	4
waisy aeo kam kya karty hain ek hi visit kar k sign karty hain hain 2 bar visit dal jaty hain...koi mentoring nai koi improvement nai..fazool main govt inko 25000 extra daiti hai 	1
  main bhi apne gf ko yehi bolta. support our starboy #asimriazforthewin	1
anchor person like a marasi	0
jab tum nay ahmaq ko apna oper charnay ki ijazat di thi tab????? gandi orat,	3
"ae ""mtlab"" tera shukriya  tu ne jor rakha hai insano ko .😐"	1
  i know apko samg a jana tha 😎😎😂😂😂	1
abe bsdk mene terko katuva nahi bola me kathua case ki baat kar raha tha vo typo tha,muje ye acche se pata he ki tu jaichand ki aulad he.kathua case me kaha mar gaya tha tu jab tere jihadi baap or bollywood k bhadve hindu muslim kar rahe the.	0
 nahi mere illwa 🙂	1
insaan ki dukhti rug uski har taqat se badhkar hoti hai #asimfans	1
missing bombay bakery ka coffee cake arsa hi hogaya bhenchod	4
 han je han je bilkol bandi be soni 😍💯🌸 or dono be 😋👌😄😅wo sb sy best hota	1
awam ko nufrit he ch nisar se 	1
especially randi ki aami ko thok denge	3
unho ne phr b ye e kehna apki shadi pe.😂😂😂. is liye na e puchen apto.😝🙊	1
hahahaha dekh li thi tweet 😂 lakin yh mghay bilkul psnd ni ay	1
  sach bhi hota tou kon sa kar lyni thi 🤣	1
is ahmaq shaks say jan churai jaye railway ki	0
bhenchod ye kya hai	4
beta 24 ghnty me se 23 reh gay hen ... bnao wrna acc urwa den gy😌	1
  mry ko in lines py bht hansi ati 😂😂😂😂😂😂	4
🧿🧿🧿🧿🧿🧿🧿🧿🧿🧿🧿🧿🧿🧿 waale buri nazar waale haters salon tm sab ka mu khota and kala ho jaaye maine aaj realise kiya #sidnaaz haters kitne jyada hain baap rey	0
 allah apko hidayat dey apky mutalbaat ur naro mey zameen asmaan ka farq hey . ye march inteshar phelany k ilawa kisi baat ka hal nikalny k kabil nai .	1
lauda mera bhenchod saale	0
 bak bak bak on twitter govt mai ho kr kuch nahi kr skty to doob k mr jao	0
thats what i said. even for u christain will be muslim. bcoz judge and judiciary for u is not quran and islam.  btw ahmedi are away far away from the fundamentals of islam. don't even qualify for islam after 1st fundamental.	1
bhai yahoodi bhi aik khuda per eeman rakhty hain jo hum muslims rakhty hain. kindly is baaat ka source pehly dhoond lain.	1
"aren't you the ones who created ""sita white"" havoc .  who posted jamima's western style pictures.  who called khan yahoodi because he converted a jew????   what happened to your islamic & cultural. ""values"" now ?  you hypocrites.   "	1
 osama bin laden was also a scholar rahul ..make him your ideal as well and tel this to us goverment wenever u go to us..then will see what they will do with u..bhokne ki azadi sirf hindustan main hi hai..	0
ye sale randiya nachane wale, hume batayenge ki kya sahi kya galt, abe sabse galt kaam to tum he kar rahe ho, samaj mein gandgi bharne ka	0
bayhooda aur kameeni aurat hay	0
   u haven't control on ur hand what r u texting mujhe toh aappe taras aa rha hai seriously so much hate for shehnaaz u have i want to tell u one thing  jinke name prr aap ne apni id bnayi hai atleast unke bare mein soch k tweet krte they respect the girls nd u disgusting tweet😠😠	1
 ok me ja ra	1
bhai, quran ny her trah k mardun sy prdah krnay ka kaha hai... ab bajai quran per amal krny k agar aap us mein be apni philosophy daalogy toh lanatein preingi.❤️	2
ye politics krne vale hi har jagah bad me khud liķh dete hai ki politics ho rahi hai..😑😑😑	1
 pehy wali thek thi us mn sober sober lagti thi	1
      bhai ye lomdi pagla gaya hai	0
sale chakke ka 1 flwr nhi or bate dekho. ja apni randi ma k sath jake dhanda kr nikal 😂	0
omg😭 i wasn't expecting this birooo😭❤ u r d best bro uk😭❤ boht acha tu bc 	1
sher ka beta hijra nikla....that is what general public will say/is already saying.	3
ye main khwab dekh rhi hun kya 😂😂  mashaallah ❤  #lqvqg	1
aur bhadwe.....saali gandi paidaiish dono sath do ek dusre ka tum dono ka rista kya hai? kuch chal to nhi rha pichhe?😂😂	0
rt : phar lyn mere bhen phar lyn  😂😂🙊	1
rt : i just received akhrot from kashmir n kashmiri kulchy toooo😍😍❤️❤️	1
rundi ronaaa teraa	0
bhen ye naat tu send kr du 03009339498 whatsap	1
2 din randi rona krna hai ab	4
bhai kaha ho yar janoob ki pehchan kese krwa rhe ho ap esa lg rha hai k   sirf psl k time uthe gi 23 din reh gaye psl me or abhi tk koi pta ni k captain kon hoga. sponsor konse honge plzz bhai apni media teams ko active kren koi photoshoot hona chahiye	1
yeh to hein  google mein  dasht e yahoodi  search ker lo  image mein chaley jao  aajye ga  mein ne to 4 hawaley diye hine	1
 api apne block kia tha tb se	1
another view point relating to mera jism meri marzee	1
tu hijra hai kiya??  ooo theek teri profike pic btatai hai jaakr mujra kr tere baapon k saath	3
 ohh kon bhool giya	1
 sahi baat ha😬	1
khud ka baap sawal pochy toh mouh bnalengy or insta story par likhengy ‘ask me questions’. wah bhenchod! 👏🏻	4
aap ki azadi nezdik hai.jald e aap ki gardan aap sy juda ho jy gi.tery jasi orat ki pakistan mei koi jga ni.	3
mahira toh .real...ki...bandr...lgti...h...#shehnaazians	0
tum dor raho danish bhai se warna me tumhari phudi phar dun gi	0
looks like a section of pakistan army not happy with bajwa extension are pushing ahmedi canard. reminds me of musaraff vs chief justice chaudhry fight 11 years back. musaraff lost power and went in exile due to that conflict.,india	1
kabhi apni dost k boyfriend se dosti mat kar na breakup unka hoga aur badnaam tum hogi.. 😂	1
tu bhi randi hai ...yeh poll to kra	3
"aik din tu na milega, tera naam phir bhi rahega💔"" believe me most of us are missing  voice from psl anthem, tbh! his voice was 'jaan' of psl ❤️. #pslv #tayyarhain #alizafar #pakistan #tayyarhain"	1
  need ma khuwab aty hn  suba ut kr pata chalta hn khuwab hn	1
aap bahut galat baat kar rahi ho sabse pahle insaniyat ko dekho ek aurat ko aap ek bhains ke sath mozina name kar rahi ho aapko aisa nahin karna chahie kyunki vah aurat jata hai aur hamari maan bhi hai hamari beti bhi hain hamari bahan bhi hai	1
randi saali	3
dr sahiba please give follow back	1
bakwas band kr chutiye o i mean youthie. niazi harmai ko uski ukaat yaad dilana rayasat as takrana nhi ha. ye chooran bechna band kro. sub muhabe watan ha. niazi ab apni performance dikhe. boot chat k vote na mange.	2
 ab b kar rhy hain mere hum naam	1
phattu bangalis ..	0
 follow back krdo agr nhe kia tu	1
khataa tha badaam akhrot :p	1
 bhol gae me  nam  sr pe chot lgi thi na  mjhe tb se yaad  hi nae	1
yahi  bhaunk  le  tu. vo  sare  kanjar  budhe  chhater  hai hrami	0
munafik rasheed.	2
 yes totally agree..mgr yeh sab apki bi leadership py sae baithta	1
chlo ma kr dn ga 😂	1
lahore high court nh ha jo jeet jayngy in logon ny pak k bera gharak kiya hua ha wahn k nizam mazbot ha wahn bhi andar hongy wow asman sa gira khajore atka	1
 wah wali knsi baat hai is mai	1
sagh, makai ki roti makhan mltani halwa, akhrot dry fruit	1
tang do is beghairt talaal ko	0
rt : bhenchod speed kam hogayi  namard salman khan  i want to b this trend is top in indiawide !	3
twitter bhenchod! chup kar ja.	0
  aby tu wahan h to mera kia kam  khush reh wo tery liy bna h😜	1
ye baat to tujhe teri maa bata jo roj vahan chudai karwa k aa rahi hai	0
pagal aurat..	0
wo waqt any wala hai ky jab imran niazi kokeen pi ker pak army ky khilaf bhonka kery ga kaha that na ye yahodi bacha hai is sy mulk ko bachao  ab to imran niazi sirf yahodi nahi qadiyani modi air sikh bacha b hai dalal khaty pakistan ka nokri dushmano ki  lakh di laant	2
main smjta hoon k muslims ko a kuch merit prr dekhna part ga and any failure to do so will simply relsts in the continuence ov the ongoin oppression and brutality upon muslims !!!!	1
i wanna talk to that upstanding, sanctimonious dude who denied any reservations for our community. bhenchod itni kam population hai, kahi toh koi quota karwa lete. mast admission ho jaata abhi	4
aby mn randi ko e randi bolta jb meri bhn e ni to teri bhn ko e bolunga na or wo to h b randi ki bchi randi e😂😂.l.	0
sana jee  aap ka shukriya  aaj bahuth like  diye	1
 ma nay socha mera alag sy kro gy shukria ada 🙄🙄antheme suntay hi bnd kr dia tha m ny to 😑	1
aj kal k relationships se zyada mazboot toh akhrot hain	1
tu sach mein bata ki tu kaun hai hijra hai yah ladka hai ya ladki hai yah bata bad mein baat karna aakhri baar main tujhse poochh raha hun fake propaganda chalata hai	3
 ho hi na jao tum..😒	1
abay rundi ki bachay teri gaand kyun jl rhi hai phir?😂	0
  jub tum logo nay khud 40nsalmse kuch ne kia to sara malbaa cent govt pe q dlty ho. kutay k kaatnaybl ki vaccine tk ne la skty	1
us waqt rate sahi lag jata tou altaf hussain ko media baap bhi manta aur ishara milnay p hamla bhi qarar deta....intellectual prostitutes	0
quaid azam was right ky hindu muslim kabhi sth nhi rhy sgty aaj hindu apni hasli shakl dekha rhy hn. agar kisi muslim ny aisa kia hota to india media ki maa mar gi hoti pr ab nhi boly gy. aagy ka ky yehi bol dn gy ky mentally disturb tha or case khtm .#jamia	2
ek tu doub mar rundi sali harami baap ke aulad tumhara mu etna bara hai tumhara phuda kitna bara ho ga twitter pr a kr bhonkti hai lanat taray jammant tay	3
tu ladli e ha 😍👊	1
 well done sir. ap ny proudy ka channel ko chora tu woh channel osy bhi naseeb nahyn hua. yeh hy asel makafat e amel. well done sir well done.	1
aap to kahty thy nations are not built by roads metro and motorways. u turn champs	1
  wo wqat gya gab tomary gasy gdaro ny zkhm dya thaa	0
"just the ten thousandth ""isolated"" instance of christian /jewish/hindu/ahmedi places of worship being attacked by crybabies who themselves can't handle some nutcase burning a book full of fiction stories."	2
 war equipment ki shell life hoti hai and every year army holds many exercises...a single tank shot worth 7 lacks ..nd it’s cheapest among rockets ...andaza lga lo baki ka	1
  bad mein aonga   ye b mera he ha 🙂	1
hume tum logon jaise sr azadi chahiye halala ki aulad	2
 bhai kisi doctor ko dikha... tujhe psychiatrist ki jarorat hai... shaheen bagh ja k unki baatein tu sun.... khoon nikal ayega kaan se... saale anti national #rambhaktgopal  #lekerrahengeshaheenbagh  	0
  hosh kar bachai tm indian movies dekh dekh k tujay dailogue ka bohat shok char gia per bholo mat k tum bacha bazi choro gay to koi or mission kro gay. baki refugees nai konsi jang lari th wo to bhag k pakistan a gai they mjhadeen ko agar ham strategy na detay to kch no hona tha	1
ok. time to block my younger cousin. bc private tweets parh raha hai merey.	4
guys keep supporting our queen she doesn't know k hum uss se kya expect kar rahe h  chahe wo sid k sath h ya nhi just keep supporting n  keep voting when she'll come outside shell understand things better nd will take good decision about her relationship soooo  #shehnaazgill	1
  mashallah aap ki niyat bahut acchi hai allah tala aapko kamyab karega sabse bada kam duniya mein hai insaaniyat ki khidmat hai jo aap kah rahi ho	1
rt : 'meko bore ho raha hai' ka kya matlab hai? dast hai kya bhenchod?	4
"ap jesy loag hoty hain jin py eventually saleebi or yahoodi foujein a k qabiz ho jati hain aur phir woh or unki naslein aany wali kai sadiyon tk azadi ki jang larty rehti hain aur apny pyaron ko ""liberal democrats"" k hathon zibaah hoty dekhti rehti hain."	1
unke dant se chane toot nhi rahe aur akhrot etc etc....😂	1
his father law is not an ahmedi none of his close relatives is ahmedi. this lie was spread by pml n who when they were about to announce next coas starting spreading this lie to keep bajwa in auqat but it backfired badly #coas #qamarjavedbajwa #ispr	1
 lgta ap pe kuch zeyada he asar ho gia h mera jism meri marzi ka	1
from where do you gather such nonsensical and unprofessional approach... appears, you don’t do your homework and keep saying anything which doesn’t make any sense to the world... miyan, patang udate raho... what about your ahmadiya friend ? is he counting days or are you...	1
hahahaaa aby abi jga kya ye jwb dny k liye 😂😂	1
leave it jeetna to 😂😂shukla ji ko hi hai...bhaunk lene to kutto ko	0
 ye log apne mulk se bahar jate hi apni oqat bhol jate hain	0
 har ek apne jamane main ek ek aisi sabji mandi main jata/jati hin hai😀😀	1
harami yazeedi yahoodi americii	2
ye amriat nahi to or kia hain bajwa harami ko ess ka hisab dana ho ga imran yahodi agent ub tm talba ko rok k dikao ub talba teri kameez utarey gee wait kar	2
such men tu ek number k rundi awrat ho	3
saudi arabia is killing yemen people ! both are muslim countries !  pakistan doesn't allow ahmadiya community to call themselves muslim. read some pakistan penal code regarding this, you will know !	1
 koi mjsy bat e ni krta	1
ab iska sara credit har anchor le rha h jb k  rape,  ki asal jad h hi media jo mera jism.meri marzi,  hareem.shah , qandeel bloch , valentine day pe program krty hn phr rape hi hn gy	3
 nhi g ap sab nhi janty🙊😂😂	1
sasta nasha krta hai bharwe	0
 chup karo aap jhoot nahi bolo	1
tu kohd baoht bari randi hay	3
 hahahahaah really  lagta ha sirf comments leny k ley tweet kia ha ape ny	1
14 feb ko roses ka stall laga lena acha business ha 😂😂	1
mera paper hai monday ko  koe achi se t.v series bata do 😂	1
chutiya har kahi paye jate hai apne ap ko he dekh lo bharwe tujhe to name pe bhi masla hai k hindu name q nh muslim name q hai gandu	2
 mn kisi r ki hun filhal	1
chal jhootha bakchodi naa kar pahle bangladesh wapis le kar dikha. muh me daant nahi aur gand se akhrot foden ki baat karta hai.	0
 agar aaj se 40 saal pehley isi tarha ke banner pakarh kar mera jism meri marzi waala naara aapki amma ne maara hota to aap is duniya main ye tweet karney ke liye maujood hi na hoteen 😑😑😑	3
shehnaaz gill teri itni himmat tu siddarth shukla oote haath chooke behan di lodi saali ghasti randii aurat tu bahar aa teri gaand ch loda na deva pher kahi	3
“pyaar tha waqt nahi jo beet gaya do pal mein tu ban ke yaad rahe faryaad rahega dil mein”  “kyun diya dard humein hum aaj talak na samjhe”  “tu humko bhool gaya bas yaar hum hi pagal the socha tumhe jo raat din” ❤  #jotunamila 	1
imran chore zakat khore yahodi destroyed pakistan and business of pakistan nation. ckickout imran from pakistan government and put to jail for the first time real accountability start in pakistan and bajwa harrami and khosa chief unjustice harrami with	2
yeah aftab hijra ka aulad hai,  yah madrasa chhap security guard ka naukari karta hai aur yahan per barabar lecture jata hai jaldi 😂	3
 din guzra tha bari mushkil sy phr tera wada e shab yaad aya beth kr saya e gul mein hum boht roye jab tu yaad aya	1
ik toh ab mujhe yahoodi bacha lagta hai	2
bhenchod itne intellectual kahan se aa rhe tl pe	4
me ny to suna tha wo apko dhoond rhy hain 🙄🙄	1
rundi ka bacha chor	0
 gadha gadha hi hota hey aur ghorra ghorra halan k dono barbadari k kam krtey naslain aisey hi nain bni.	1
rt : baat kerlou bc	4
kahan gayi bhen	1
shakl to is qabil b nhi k koi larki dekhy or marnay ki baat krta hai. tery naseeb mai teri maa jaisi randiyan hi hain 🤣	3
 sheerkhorma ko pakistan mai kuch nazar nai ata ?	1
      benazir jatoi ka jism pure pakistan ki marzi	3
q ka ap jyse mere bandr dost yaha hein🧐	0
bakwas na kar bharwe ye jo itni pakistani aurtein tv presenter aur anchor hain ye dikhai nahi deta choti soch wale	0
quetta pakhtoonkhwa humara gharor ha, #releasemanzoorpashteeen	1
ahmaddiya jama'at crictket tournament qadian,	1
         hahaha axha dm me kon sunta ha madam. yeh jo tareef ker rha hu asa na ho yahan se bhe unfollow ker dya jau. apni abhe dm ki okat nhe hy. 🙏	0
main sb becharay randay hain . app b free ho. nikkah kar lo.....	3
banana tu ata ha pr watermark krna nhi ata...😂	1
 kyun be tu jaa k rahega waha	1
ali wazir bhenchod	0
imran khan yahodi agent nahi rah🤨	1
dhhuurrrr bhosari ky chawal hi mari imran ky dally	0
  bazz a ja mujh janti ha tu achi tarha😜👈	1
 m b jb new thi tweeter py mjy b frnd ny kaha k fb meiny aagy sy reply kya no facebook😜😜	1
 na andha na bahra pyar chalak hota ha 🎶	1
chup madarchod atankwadi buechodi randi sali kutiya harmai pilli bhn ki laudi	3
imran khan no doubt is an incompetent fool but in his bughz is ghatya molvi ko lana bohut mehnga paray ga hamari ahmaq qom ko led by fanatics and liberal fascists - extremist brothers in arms. once in power molana will roast liberals like tudeh fared with ayatollahs.	0
ek thakur k khandan walon nay poori nleague ko hijra banadiya.	3
poocho hamarai imam sai kai quran mein kaha likha huwa hain aisai ye sirf yahodi khanzeer logo ki chaal hainmuslims ko badnaam karkai liye  zara socho na tumharai hinduism ko badnaam kyun nahen kartai islam kai peechai kyun parai huwai hain zara dimagh ko khol kai socho	2
 tumhe kya prblm hai ye btao	1
yups, moreover rumors are he is ahmedi.,2019-11-19 03:10:16	2
laanat ho inn logooo parrr	0
 but to be honest sir ki sari baatein pprs mei yaad ae thi  beshak bht zaleel kia tha humein	1
ye tu fakhar ki baat ha imamat tu rasoolallah ﷺ ka paisha ha .... yahodi agent say tu behtar ha.	2
mei souch raha tha ye kon uloo ka pata hai likin ye tho uloo ki patii hai😜😜😜	0
ahm. bohot din apke tweets se mustafeed nhi huwe. ana mubarik ho	1
 apko appointment letter mil jayega jab to khud waha ja kr un sy bat kr lijiyega 😂😂😂😂	1
shukria ahsan pr mery 1k e hn ab 2k krny hain 😁	1
wohi patwarion wali bat kar di na aap ne 😀	1
teri aaukat randiyo se bhi gyi gujri, sahi kaha	3
  sach sirf dar bolta hai kia? beghairat log loot k kha gai sab lifafion ko chakma dey k bhag gai govt ko chakma dey gai bahir properties bana lein haramkhor lifafi yahan un k wakeel bane phir rahey.  lanat?	2
selected yahoodi, hindu ya sikh me se kisee ek ka nutfa he qadiyani to hy he.	2
 prh kr share b krain swab ke niyat say	1
 dil kisi se tab lagana jab dilo ko parhan seekh lo har ik cheray ki fitrat me wafadari nahi huti	1
 agreed ; jest firdous ashiq awan bhi aurat march k against hain .	1
 reporter ko pit kar yeh log kya sabit karna chahte hain, kya ine logon ko dar hai ki jo log dharne per baithe hain vah log zee news ke samjhane per kahin apna dharna na khatm kar den	1
itne log msg krte hain aap ko😬 apun ko koi nahi karta. apun ke liye sharam ka maqaam hai	1
mein sabka hamdars hun bhenchod mera hamdard kon hai? :/	4
ye ekdum low grade ka jassos hai fb pe jaake meri karizma ka number nikal rto wale site pe jaake pitaji ka naam search kar soch raha tha dara dega mujhe surprise kar ke isse pata nahi iske jaise kitne jhumte hai akhrot jaise aage peeche	0
nhi lakin tumhain dekh k meri apni hansi nikal jaye ge..🤣😂	1
murtaza the geo journalist got political assylum on ahmedi basis and was helped to get it by nawaz sharif, so what could you expect from him	1
mc aaja parle kha le randi ka baacha	0
yaar mera angrazo sy ek sawal hai bhai porn website mai jo randi pana karna hai karo lekin mc achi website ky left right py apni maa behno ki ad chalani lazmi hai ?	3
is se ziada gehra rang tu sirf piar ka rang ha. 💝💘❣️	1
begairat sasti kanjri gulbukhari k sath ek sasti randi 😃 😃 😃 😃	3
to bhenchod gidad ...gidad ki hi maut marega😂😂....kya yarr🤦🤦	0
this problematic dude in my class is now going after student solidarity march calling it a propaganda against the state. bc har cheez yahoodi saazish nai hoti maybe just for once consider the fact that we have much bigger issues than 'propaganda', that we are our biggest problem	1
rt : ku k randi rona wala kam 12bje k bad hi start hota ha 🥀😏💔	4
 yeah thats she/he was crying in lums m aurat march ka sath don gi😂😂😂	1
bc tujhy pata nhi kis liyay follow kar liya harami apni auqat dikhani hy lazmi	2
   acha agar aisi baat hai tau you wanna have the taste of your own medicine? ready?	0
bc apny wali mjhy dy dy	0
 😂😂😂😂😂😂 meri baat mujh pe 😂😂😂😂	1
itni hemat nhi ha ok abi tang kia ha or ma ny jawab dya ha agy b asy he muh toru gi😏😏😏😡	0
  agyaa tu sasti chars ka nasha kr k😂😂	0
wah bsdk usme sachin tendulkar ka naam bhi h us par bhi bhaunk le aur 8-10 baap ko tag kar tab jake rt milenge	0
kutya tere yar ne 3 shadiya ki he..	0
koi aurat tweet kry to thousands of thousands fav.  dety hain mard. r abhi bhi woh kahti hmy apny haqoq chahiy. r ktna haqoq leny hain 😇😉	1
 aj rat phr shadi pe chalen noor mahal😄😄	1
oh bc teri maa ka yaar bag gia ha....lakh lanat teri shakal sy....	0
 farq sirf itna hai k tere paas sirf tere maa ki duain hai ... jab k imran khan k saath iss mulk ki laakhon maaaon ki duaiin hain	1
beta tu pitt raha hai teri bezzati ho ri hai ,jaise baap bete ko daanta hai na waise hi ...	1
 itehaadi apne matlab k sath mukhlis hote han is lie doobne wali kashti main sawaar nhn reh sakte  ye to khud apne sath nhn han is lie sub alag alag ho rhe han  in ko laane wale bhe ab preshan han	1
ye qoum k bachay nhi hawas ke pujaari hai bharwe.	0
  hahhaaha 🤦😂😂  haider bhai sab chory apko pta maheen from lahore b wb ki fan hai wo b bohat bati wali 🤩🤩🌚🌚😂😂 mgy abi pta chala 😂	1
  pta ni kon allah ka naik bnda hai 😁🙊	1
   me abi ye city chorne lga hn 😆😆	1
bhenchod kuch to free me dediya kro bhen de takko 🖕🖕🖕	0
rt : bc stop quoting these mf songs in urdu who tf finding it funny i wana talk???	4
saali ki saqal dekho.. baat karne ka andaz dekho. r saari lakshan h. cheap cunning whore.	3
 hahah mn nahi bnati kaha to hay	1
madam will pay nakli respect also bcoz hijra's jhukte hai unke aage.. ab toh madam ne bala saheb ji ke bete ko woh bana diya hai.	3
 han would pouchna ye that k wah ppp ki govt ki koi bat tou nhi hui thi	1
ye bat tum yahoodi ko bolo atankwadi tum ho jo musalman se nafrat ki aag me insaniyat ke sabse bade dushman yahoodi ko support karte ho ye log to face to face mara hai unlog chote bache ka upar bom feka kisi aurat ya admi bacha ko goli mar diya wi bhi waha ke civilian hi hai	2
bosdk teri maa ki choot marunga bahan k lund lodudin mulle ovaisi k tatte bahan k lund bhosdi k gaandu ki aulad converted mulle bahanchod darpok lode se janam liye hue dheele lund	0
jb tum namaz nahi party to ya mat socho k waqat nahi mila bal k ya socho k tum sy aysi kon c khata hoi k allah ny tumhein apny samny khara krna bhi pasand nahi keya.♥	1
   ye arabic me kya likha hai?	1
ap k pas time kum hota hy kuch 2 3 months lagatar krna ho ga kam interection shuru ho jao ga 15 20 din bad hi	1
 nhi... hum bs hukum ky pabnd hein faisla parents ki mrzi sy hoga	1
ao luddo khailen ab koi b ni khail ra	1
bhenchod yeh piyar viyar sab bakwaas ki baatein hain. ap aglay ke sath kiya kiya imagine kar rahe hotay ho. aur woh apke sath hi game kar jati hai. i am absolutely done with the shit love is all about😏. zindagi me bus agar kamiyab hona hai tou just focus on your gols 😌✌️	4
qasmy yar mona ko bhe nahi keya and ek do aur fav ko bhe sholly 🤧❤️	1
bohat bari chutia ho tum randi ho bohat bari ho	3
an uneducated duffer is much better than you, an educated moron who disrespects an acid attack survivor... chhatri maadarchod	0
  meri talab tha wo ik shakhs jo nahi mila mjhe hath dua se yun gira k sawal bhul gya	1
 o hello meri adhi say ziyada tweets retweet kartay ho baki toh hit nhi hoti.. yeah tweet hi achi thi..😒	1
 haan srf batting krny me maza ata hi.  wo b slow ball py  😆😆 mei tu batting le k game se naas jti thi bachpan mei	1
duniya gool ha!!!! yahn sb ky double role ha👻	1
lol waisay jitnay sharif beghairat hein utnay supporters besharm. will lie repeatedly without any hesitation.	0
"surprise!  surprise!  majority of the muslims are at just in different levels of ""usman khan"" ranging from mild to extreme (except ahmadiya may be, but they are not ""real muslims"")  that's from a person living in a country with 95% muslim    https://t.co/hq35u2xrrk,2009-05-25 17:25:26,sydney, new south wales"	2
dalo dana is baba ki bv ban jao rundi banney se behtar hai	3
 yeh jo cheating ki hai yeh shukla ko mahaan dikhane k liye hi ki hai  shukla stand lega sabaashi milegi	1
hamse chudwa le randi aao	3
aj tu sub kuch bhula kar jhoom! jhoom yara jhoom	1
rabwah mein aik case tha , jisko sun k yaqeen nhi kia karti thi ab yaqeen aa gaya ahmdi b poore poore shamil hain race mein 👏👏	1
get lost you kaafir.	2
matlab hum chutiya hain? humein kuch samajh nhi aata? loru baap ko sikhaoge topidrama kese hota hai? bhenchod.	0
this is what was done to ahmaddiya mosques in the past 30-40 years and made the people’s lives unbearable. even the kalima and quranic verses were brushed over. if islamic republic of pakistan allowed it then then what’s wrong with india accepting it?	1
nhi lekin teri behan ka log jrur h vo bosdi k madarchod sale ...skl se hi rundi k khandan se lgta bc.. m gali ni deta lekin mjburr kiya  tune rundi k 😡	0
 ya allah khair tum mar kay ilawa baat nae karti ludo main maar twitter pe maar😒😒	1
madam......soch ly saari opposition waly imrankhanpti ko chor kar aap ko yahoodi agent declare krdingy🤫	2
ager tumeh thik se tatti nahi hoo tu oskeliye bhi muslim zimmedar kuch bhi 😂 kab tak muslim muslim karke randdi rona ronge 😭	0
 blkl lrko se hi fasla rkhna hai naa😂	1
bahanchod aukat nhi h to yhi sb krta h mc	0
abey bsdk,  ka photo nikalne ke liye tumhe camera diya tho khudki selfie kaahe kheech rahe ho dalle... akal tere akhrot mei se nikaal bahar 🙄	0
 sawaagat k liye bht bht shukria 😂😂	1
😂😂😂 phir ab apke pass kia?	1
 reply aya tha naa🤣	1
a chup kr le to li teri ab kitni le ge	0
bhaunk nahi raha tum logon ko aina dikha raha hai un ko kiya pata tum logon ko aina dekh kar nechey se aag lag  jati hai	0
randi kothe par hi jayegi or kaha	3
3.5 tumhain kam lagtay hain..😳	1
tere liye khush hu mai pagle tere khushi hi mere liye sab kuch hai... bas fikar mat karna ki tere picche kahi paagal na ho jayu. yahi hu teri hu tere siwaye kisi ki nahi. remember it. ❤	1
   mam  1.5 yeras ma nab ko tu koi saboot nh mila paragon society k related qaiser amin butt ko bhe wada maaf gawah bna k dekh lea jo bd ma munharif ho gea agr apky pass kch ha tu ap ja k sabit kr den courts ma	1
rt : allah ham sabke maa baap ko sehatyaab kare	1
  obviously main ny badla kiya hai..😌	1
 aap ki bhi alag he dunya hai	1
deleuze randi talk like a normal person bharwi please.	3
aik rt guzaro hamare sth phr support kr len ge sid ko randi ki bachi	3
pagal daboo fawara chodri and shida tally bhonka harrami and bajwa and khosa chief unjustice and naibe chore javed and imran chore zakat khore yahodi agents and gafoora katoora are qadiyani	2
 bs ab hr koi meri trha shareef thori na hota😌😌	1
ps: main bhi small handle hoon.🙏🙏 abhi abhi ek bhai saheb taana maar ke gaye hain 😀😀	1
bro ab tou swat tak motorway ban gayi hai	1
chonchle aur point of view alehda cheezain hain 😊😊😊	1
 tera kuch nai ho skta😐	1
rt : khubsurat larkion ki arrange marriage kiu hotti ha😕😪	1
ek baat kahon.?aisa mayosi ki hlt mn hota hy jesa apke sth hua k apka lehja rude hogya thora baki yhi kaho ga k ap cmnts se myos hui shyd,itni mayoosi achi nhi. bhai ko sb aziz hn.koi r anchor itna response dta hy? so stay motivated stay positive hope not out🙂	1
we are supporting #islam and thank you #khalilurrahmanqamar for your beautiful comments against #gashti .  agar ye #aurat hoti to na me aesi zuban use krta aur na koi gairatmand #admi use krta.	3
i thought bcv was when fobs tryna type bhenchod	4
acha to hai #pslanthem2020 pakistani awam bhi na kabhi khush nhi ho skti.....😜	1
lanat imran yahoodi pr	2
  give me one please..😆😆	1
jub tak lafafa milta rayhay ga tub tak main nai darta	1
tum ache banke tow dekho .... duniya kese hrami ban jaati hai .!!!	1
bhenchod fabinhooooo	4
 duaoun main yaad rakhna 😇	1
kuch bhenchod phr bhi baz nhi aaty😐	4
abe chutiye agr koi kuch bole to bjp supporter h wo?? tumahre jaise rande bne h politics aur journalism k liye	3
aj aurat march ki chand raat hai ..  or amir liaqat ke birthday day 😂🙊  mera tweet meri marz	1
tu gandi gashti	3
 bhai main b ghareeb tu b ghareeb.   acha bura naseeb ka sab se bara ghareeb ka.	1
 zara noor mera jism mere marzi ko support karti hai 😥	1
rt : randi rona karne ki itni adat hogaye hai k ab koi waja nh hai phr b rona a rha hai	4
ye kom bahanchod betichod or madarchod hoti hai. ye log apni ma bahan beti tak ko nahi chodtey never trust them in any condition.	0
 mat mano bt hakekat yehi hai chutkuuuu 🌚😂😂😂	1
 kutte tere abu imran ka be bhoonk	0
 ma masoom aur payra  phaly ki thira	1
apni maan k name pe be chona laga gya bilawal hijra	3
 woh kaam kr kon sa raha tha jo kaam say roknay ka notice jary kya 😦😦😦😦😯😯lol	1
ha yr manay b feel kyea hai	1
 waisay jalana ya dafnana important nahi h.marna bahtar h un ka ...😂	1
agr app ko pakistan ka prime minister bna diya jaye tu ap kia kray gay?? 🤔🤔🇵🇰💯💯😂😂	1
rerrhii mt lgaya kr na glasses ki tu 	1
hamid mir terey mioo mien khaaaaak indian air yahoodi agent.	2
  yes its a good bcoz votes divide ho kar opposite team ko ja rahay thay. #dostokadostsid	1
bilawal hijra hai hijra pakistan ki awam ko chahiye jahan ye hijra bilawal zardari fazlul rehman pmnl ki kuttay milien inko pakar kar mar mar k mar do	3
 paki b yr hai hai na 🙄🙄😳	1
 veli na ho to 😕😂😂	1
mc mulla teri maa randi thi sale	0
  christine teri buddhi...ph****	0
angrez chale gye gulam aur gulami chod gye	1
bhenchod emoji dekho konsa lagaya hai 🤣🤣🤣 katay hue lullay se kis baat ki sharam?	4
ek toh bc  o meri sex life ki bhut chinta hai curious cat mei sirf yeh questions pooch rha r u virgin u miss ur ex have u kissed teri crush kon ffs	4
 q esa kiya kiya hai ap ny?? 😂😂	1
haj jitna bi mehnga ho jay jis ko khuda apny ghar bulata hy wo paiso ki waja sy ni rukta i smjh tum jesy logo ko koi bat chahiye hoti hy bas apna randi rona ly ky a jaty ho	0
 wohi mein sochoun ye bndr kiun bnaya hai 😂	1
 esi soxh k sth hen educated persons thankx sister 1 educated and islami aurat e esa soxh skti hai	1
hakoomat oor opposition mutahid hn ya na hn, aap k abba hazoor nae chotnay walay 😊. relax.	1
 ab interesting lag rha h naaw? wrna tm to leave krny lgi thi start mein hi	1
sara din sonay pr mama bezati krti ha😂😂 is liye kuch to krna prta ha😂	1
hindoo-yahoodi saazish	2
  hahaha behn bhai ka rishta esa hi hota hai saifi	1
ahmdi noorani teri baji nu la***n madr chod	0
 allah ka sukar hy na abhi tak aisa hoa na hoga. jb app kisi ko behad payar do aur specially respect do tu app hamesha achy lafzon main yaad raho gy	1
mujhe pata hai kon.hai woh celeb ha😂	1
asan na kaya notebook ko sa rc hehehe	1
ek baat mat bhaunk kutte kuch aur bhaunkna hai toh bhaunk faltu time nhi humare pass tera mujra dekhne k liye nhi baithe yanha hum 🤣🤣🤣😂😂	0
teri bhen pay baula kuta chadhwao randi ki nasal kisi sasti tawaif k najaez buchay	0
at least apke dost toh hain na.. idhr toh saare snake's🙄	1
jahilon wali batn mat kro.. bkwas tum kr lo jitni krni hai... jb qyamat waly din un se samna ho ga to phr tme pta chly ga k wo kahan pr hn or tum kaha pr ho.. jannat k sardar hn wo tm kia ho?? tum hoty kon ho un ko bura kehny waly...	0
yi nara ham pathanoo ny lagya ha ksi indian ny nahi lagya sahi ha khanzeer k bachy... or yi nara bilkul sucha nara ha	0
sorry. would rather give that 1 rupee to a beggar than this charsi  .	0
riyasate madina took many years to construct.jews,infidels,muslims all woven into one.ik facing full time assault by ppl calling him yahoodi agent,qadiyani,blasphamer and these guys taunting him for being ineffective never call out his opponents for hypocrisy	1
 hello shabnam ap picture main really ap hi ho??? i cant blive	1
ooo pen di phudi chy wry bangladesh ty lun ty wjy pcb 😡😡😡 pakistani awam di thori jai izat ty rehn deyo	0
ab ali bhai ne laiba ki sun li hai ab to wo apney aap kki bhee nhe sunain gy.......😬😬😬😬😬😬	1
rt : bhenchod how to stop using 😂😂✋	4
 hasi khushi ki zindagi sirf khahanyo mein hoti hai..sakoon qabar mein..😉 chanda barai sheikh chili ka makbara	1
phir kehty hum bhot badry #muslim hn aur #ashaq_e_rasool sawm hain lanat hai un sab #haramio py jinho ny bibi fatima zahra ko shahheed kia aur #haq khaya 🖐🏻😡🐕 aur lanat un sab py jo un #haramio ky hamdard hain	2
bosdk tere baap hain kate hue lulli wale....chadarmod aaj tak unke terrorism ko naa pehchan paaya tu....yahaan sab khula khel tujhe pata chal gaya......#librandu	0
hijra 😠😡  suar ki aulad 😠😡😡😡	3
kuty wali to ise yahodi ki ho gi	2
dekho kaun bhaunk raha hai, terrorism pe.	0
 in box ko lock kar do	1
apny bury khuabon per sadka deny lag jaon tou sari pay sadka deny me hi lag jay	1
rt : their names are the abuse themselves shahzeb haramzada hamid fuckeer salem lifafi ghareeda yahoodi	2
nathuram godse hijra tha hijra rahega nathuram godse aatankwadi tha aatankwadi rahega	3
phrr b agr apko lgtaa hai mai glt hu.. apko aisa khaa to m sorry... mai ne apko hrgiz aisa nhi khaa. jin k ghar maa bhen ho wo ksi ki maa bhen ko glt nhi khty. un ko bura nhi khty.. allah apko izat dy. apna khyl rkhy ga..	1
bharat mata ki chut. .modi ki maa mein kutton ka lund..teri maa behn randi	0
aurat march ki waja se geo news bhukhalat ka shikar hojai..aur apni marzi pr otar aai😂	1
that coas is ahmedi move by pmln is for the history books	1
tu ek no ki randi hai saali suar ki olaad  chuddo #jnuviolence mein tu apni maa chudwane gai thi suri,	3
ma ny ap ka tweet ghor sy he parha ha ok uncle or fahad bhai ko agar anthem pasand ha to is ma burai kia ha	1
teri maa ka yaar hai owsise.. baap hai tera.. uski ka khoon hai..gutter ki paidaish mc	0
 toh mat kijiye sir ! 🙏 dil se mat kijiye	1
kuch loog dekh rhy 🤫🤫🤫🤫🤫	1
samby: mera baap pe bohot log rti lagaate hai.	1
stardomless rundi ka bacha bauna😂😂😂😂😂😂😂😂	0
bety ka baap  azeem admi tha.	1
you are absolutely right, bc ki bachi kutya ha yeh.	0
 main bhatak gya tha🤣😂🤣😂	1
 aa bharway aa ja.	0
i'm not talking about liberal girls na ye march un k ley jo already liberal ya be haya ha is march ko un girls k ley h jo mard ki hiwas ka shikar hn jo mard ki wja se apny dreams se door h, jin ki life barbad ho chuki h #auratmarch	1
 😂 😂 😂 😂 😂 😂 google map location ni nikal paa ra	1
ooo rundi jali na teri jali na lol	3
wise halala ki paidaish tumse yhi ummid ki ja sakti hai madarsa chhhap suarðÿ˜‚ðÿ¤£ðÿ¤£ðÿ¤£ðÿ¤£	2
pakistan main sabse corrupt courts hain, courts randdi khana hey aur judges dallal	0
rt : teri ammi pr to muhally waly b chrny aty mere bad ha kisi randi nasal ki thi wo porn star k bacha ha tu	0
plzzz send krnaa mjyy... abi hmary pr itnaa bura wqat nhii ayaa k meri hi cast ki ladki ko koiii galt bat kry. or us harami ki handle b btaoo.	2
yey phir say dabang andaaz say jaisay he choro kay girdh ghayra tungh kerayga tou ayn waqt pay koe nawaz/zardari ka na-ja'iz baap establishment say intervene kerayga aur volume 10 aur jaali accounts ki terha major cases rouk dayga	0
imran khan niyaji kutta kamina madarchod gaddar bakri chod bahanchod harami hai#mukgayaterashowniazi	0
ye kaluaa kya saalaa maadarchod hai ki behanchod hai?	0
dikha dii na apni oqat galii nikal k kisi kutti maa k bachy..gastii ki oladd..sally rape production terii maa ki chutt maruu rndii ka bacha.sally qasoor tera nahi tera maa ka jo teri dafa highway pr tangy khol k lytii thii hr ata jata chod k jata tha phr tuj jasa gandu paida hoa	3
agr  kanjeri ka koi face hota to wo ye kanjeri ka hota	3
ye mard nai hijra lag raha vishal mera ko😂😂	3
kisi suwar aur kutya ka najaiz bacha....🤣 🤣 chup ab...	0
khabeees aurat ka modi kia lgta	0
wah kya dharna hai ... charsi aurat	0
wapis lo is bc se trophy aur finale dobara karwao	0
a very lovely gift from someone special. ❤ presenting😍    swaira ashraf  sister from another mother.. may allah always happy   kush rahe ❤ slamt rahe 🙂 meri bhen 🙈🙈🙈	1
sahi kaha agr wo waqi betion ko rehmat smjhta tu wo 4 ka baad 5va bacha nai krta usna 5va bacha hi junior afridi ki khatir kia q ka uski choti soch aurton ko cricketer bnana bura smjhti hai aurat koi bacha paida krna ki machine ni. #shameonshahidafridi	1
yeh sab harami register nashi hein.	2
yahan har bharwa apnay kam k ilawa sab kuch krna chahta hae is bhen chod se cricket to kabhi sahih kheli na gaye ab mulk badlay ga 🤒	0
  main to code main bat kar rae thi.. ap he ny khul k bola yaha b 🙄🙄😂😂😂	1
billi nahi in sab ko hijra bana dia ha. sab choutia hain	3
randi ki aulad manhoos shakal kanjar dallay laanti 🖐🏽 kuttey goraya apni family ki pic share kyun kar raha he bharwe	0
she will go nuts when asked to speak about ahmedi rights, the current beheadings in iran, saudi, yemen. like why tf always blame others for your ills. get you house in order first.	1
yeh to tm nay buhat ache baat kahe. wese aj kal wale situation bhe maqafat e amal hy😂.. kaya tha na jo bhe imran khan ka naam ly ga woh yahodi😄	2
ye sach jahan huwa be bc, ye desh kya tumhare baap ne kharid liya hai.	0
na bc log soye pare hote 🤣	0
jo auratain aurat march ka ghalat faida utha kar ghatya slogans ko promote kar rahi hain, yeh aurat ke asal masaiyal se dehan hata kar har aurat ke sath bht zulm kar rahi hain. aur zulm ke khilaaf allah behtreen faisla karta hai. #auratmarch #auratazadimarch #merajismmerimarzi	1
boht bari chawal ha man lo 😂😂😂 😍	0
"doing pg and work with pm...""mooh se moongfali toot nhi rhi gaand se akhrot todega"""	0
bus yhi kro tum din bhar holi khelte rho deewar p raat ko to... bc thand m kaise kar lete ho be	4
   ragra tum jaisio ko mil sakta bas ik ba haya aurat ko ankh utha k v nai dekhta	3
    apas main he laad kar main gye yeh😂😂😂😂😂	1
oh bhai atif khan kpk ka best minister tha 2013 sa 2018 tak aur abi bhe jitna cm mahmood khan na 2 saal ma kaam nhi kiya uss sa zada wo apni ministry ma kr chuka ha	1
nahi ye sirf bhenchod hai.	0
     haha ub ye to pta chl jaega jb tmhri ankh khule gi... wese modi ki ankh thori khuli h aj usne mana k proxy war zoron per h 😂😂😂	1
rt : word: ikr  synonym: chal haat baap ko maat seekha.	4
randi k bachay isi ghareeb awam ka manjan bech kr tune or tere dallay bapo ne pesa banya he.  randi ki nasal	0
    ye kisi ke talent ki iajjat nahi karte kabhi. isiliye aap kisi aur field me lag jao.	1
 😕😕  yra na gussa dilaya karo 😑😑	1
  kdr mari hoi thi tm	1
arsal chootiye please film pe kaam karle yaar bharwe	0
chal be gashti deya ..gaye ka peshab bi kar betha hai kia teri behen ko chodo	0
teri maa ka yaar moodi	0
rt : bchoo follow kroo sahab hoo ❤️ burry kam chor diya hain bhai ny 🤐	1
isko kr do qatal harrami khinzeer ki aulaad👊👊😠😠😡 mujhe dafa kr tu	2
bhaunk bhaunk ke pagal ho jaata ab tak....	0
chokidar ka jhel pae gi saali ? jitni bakwas kar rahi hai tu.	3
wo khush hai per shayad humse nahi  wo naraz hai per shayad humse nahi  kon kehta hai ky unky dil me mohabbat nahi  mohabbat to hai per shayad humse nahi 💔	1
  sir khany peeny ki chezen to sasti kr den har koi job wala ni hai	1
   o bhai sab aap yeh tweeter account khol kar pin hui video app aik dafa dekh lain.....lol	1
sote sher nu na jagao bhosdiwale fakebaaz #disgustingshehbaazgill	0
apko bhi ledongi kya yaad karo gay😂😂	1
 dete sab hain krta koi nahi 😂	1
uneducated log hi kabi yahodi card kabi qadyani galez logo ke card sell kartay ho	1
2 number khusray kon sy hotay han 🤔	1
  ap bata do na suchh kia hai. ap tu sarkari hajj nae kar sakten untill next n league government if may be	1
rt : watson bhi soch mein par gaya hai bc ye kidhar se fast bowlers nikaal rahe hain.	4
ye ahdees ksi book m nahi ha, sanad ka itbaar sa b zaeef ha 	1
rt :  kaafir ho jaayenge aaj se janaab	2
chal bsdk .. bhenchod fraudia.v. teri gaand kuttu .. kisse din .. beware from this scammer .. sala chor..	0
or koch do take ke soch wale nange badmash apne ap ko so called politicians kahte hen asel men gen ke oqat koch nhe randion ke ashiq bsdk.	0
aapse behter yeh yahoodi hai waise jo corruption aur jhoot aur fareb ke khilaaf hai. aapke tara nahi	1
laanat aise mulk pe aur aise desh pe jo logon se ooncha ho jaaye, aise jhande ko aag laga do.	4
aj bhera accudent me yeh bacha bhera hospital me aya hy isko koi janta hy to kindly rabta kre.	1
 jab mai bulata tha tab ata na. itni party karwata chal kay wapis na ja sakta.	1
   ye halman he start ho geya tha mera koi qasoor nahi 😅😂	1
tu jahil phle ptm ka zikr krta na . post koi aur ha aur tu kuch are thok raha ha. u need weed.	0
apne baap manmohan singh se ye baat pucha tha kabhi #nirbhaya case ke baad? ki har chiz ke liye sirf modi yaad aate hain?	0
jaaa naaa gashti,	3
😡😡😡 tujhy abi b kh raha baaz aja samjh ai tu ha hi randi pta b chl raha ha k kesi tarbiat ki ha ap k maa bap ny teri	3
       pak army ne tumhare aur afghanistan k bejy howe terrorist k liye fata me operation kia jis ki tum logon ko takleef hai  ab zada behs mat kro mujh se jao	1
      ayesha tum ny kashif ka dil tor diya..🥺🥺	1
yeh khan hmaray sabr ka imtikhan le raha hay 2 sal hone ko hay performance 0  saray matharchodo bhenchodo ko ministries diye hay	0
dear i have marathon relations and discussion with ahmedis.  i know ahmedis more than ahmedis. so plz be sincere to urself and reevaluate ur beliefs. i reiterate if u r ahmedi u better know what i mean. i do not want to share any despicable material on social media	1
kanjri ka bacha rundi ki aoulad kuttaaa	0
when in #peshawar (if ever), check out nisar charsi tikka (literally nisar the pot smoker's tikka). they do an amazing karahi and have even had mark weins review it. check it on youtube.	1
london walo ko bula lain janab ek dafa	1
bc sidra perfrm kr rhe hai	4
fasla rakhein phr bad main aapki amma ko gharelo larki chahiye hoti hai. 😑🤧	1
woke up in a not so good mood. opened a snap from a friend which said 'koii kutta bc meri bike chorri kargaya' and now i'm not so sad.	1
mujy es liye ye lga k shyad usy bura lgta ha mera ap sy baat krna	1
te tu apna de chad ... maa d lorre, avin lga ay. teri ch lapet k teri niki ki phudi me dal dun ga.	0
frog naseem use to represent mqm in baldia fire where 250 were burned alive. today he is with pti. yahoodi bacha imran dhoob kay mar jao tum	2
my student kon melna chata hai inbox me 	1
rt : skin randi clear ho ja bharwi please	4
apni bhen ko security de rha hy k kahein bhaga k na ly jaun 😂😂😎	0
kuch hosh k nakhun lo aur mulk o millat bcho is yahoodi agent sy. yh na ho na k pir time hath sy nikal jai aur tm saya dohndty pirro	2
to parh rhy hm ye 😂 and ye tm logon k hi kam aana ha future ma	1
yh tbh hota kia ae? mne bht jga dekha meanings ni pta	1
"this is called talent, it's humour, you people can't under stand that's why #winnersid reply that ""bhaunk isliye raha hu ki tu samjh sake apne language me."""	1
inbox me aa ek randi ki tarah chodunga	3
 koi nai but it was literally dope i mean on entire stock 🤤	1
 double meaning jokes mat kiya karo meray sath..😒	1
too kul bhi rundi thi aj bhi hei	3
fake bond a koi 10 din ch kise nu pyaar ni krn lg jnda te oh v sacha😂😂😂	1
kuch kutte or kutya bhi hote hain jese ye madarc**d😂👇	0
ye teri maa ki phudi eahsan iqbal	0
 tabdeeli ayi hai na isliye	1
abe bharwe ki aulad truck fatah tum ja ke cow mata ka mot pe aao india see.yan phir pakistan mein aao cow ka gosht mot mein tarka laga kar khelatey hein.	2
 ye bh subha ki news thi...	1
isb to haveliyan motorway hai ab	1
 utha le re baba utha le mujhako nhi in tik tok valo ko😭😂😂😂	1
 ye swaal wese mera bnta hy😳	1
teesra parh laina randi	3
ager hania ko mil jata to feminist khary hojaty  mehwish ko maaf kardena chahiye tha ager mehwish ko miljata to molana khary hojaty halala nahi kia this is the best ending  kamal to yeh hai ki dil band hogya tha danish ka phir bhi zuban chal rahi thi muqam e hairat #merepasstumho	1
 allah ka gunghar banda jo allah se har waqt magfart ka talbgar hai	1
 oh wah keya bat hai seekh rehi ho 😂	1
 acha apki is tweet or is logic k baad muja apme dimaghi tawazun per shaq hogaya ha mazeed koi chawal maar kar mera shaq door kar daen k ap intehai nichlay darjay k pagal ha shukria	0
rt : logon ke relationship ka randi rona dekh dekh ke single hone pe proud feel hota hai.😂	4
   fakhr bhai shfkat kijye bacha bht dor se gya hua hai..💞	1
rundi ke bachey bhonk zehni ghulam	0
 allah kary teri beti tery samny roads pe mera jism meri marzi pukary, aur yeh manzar dekhny se pehly allah tujhy maut bhi naseeb na kary.. ameen	2
 kuch logon ny subah un ko naaly sy nikalty hocy bhe daikha hai	1
 ajeain free hoky mil k lagty hein	1
#auratmarch2020 mera jism allah ki marzi.. allah ka to hukam ha tum char dewari me raho .. nd ya nikl k apni nimaish karna chahten	3
  listen, mind your words! goli lagna koi choti baat nahi hai! chahe jaha mrzi lagi ho!	1
maine hilane k baat kar rha hu thand m itna kha.... a kaise hota hi pata nhi bc 🙈🙈🙊	4
 vese phatti ho ya na phatii ho malum nahi par aapki dp dekhkar zaroor phatt gayi hogi🤣	0
 hahaha ni bs dhant prry gi wo to kha loon gi 😂	1
kutty k bachy randi ki nasal kisi aids waly soor ki chudai sy pyda hony waly..... agar ya sub galia bhi tujy dee jain to saly galio ki toheen hay too....	0
o bahanchod vo bhi logo ki gaand fadte hai	0
 kon se emergency ho gayi ha	1
bc 😂 😂 pagal ho gaya tu 😂 😂	4
yeh hijra hai dhokay main na mara jain	3
maro bahanchod sab ke sab... waise bhi jee ke ukhaad kya lena hai, quran hi padhna hai or ek dusre ko maarte rehna hai .. to jab marna hi h to maro sab.. accident, zahar, heart attack jaise maro... maa chudao...	0
maa baap ke baad sacha sirf aap ka shareek-e-hayaat hai ♥️ baaki aap ke aas paas jitne hain woh sab wahiyaat hain! ok bye! 💯🔥	1
 ap ki engagement ho gaii thi na	1
es k baap ka koi atapata nain yeh apni maa sy bhi asy baat kerta hy	1
oh bahi.  junagarh mai konsi war hui indo-pak ki.    or secondly saichan pakistan ny conquer kia tah or kargil b pakistan ny conquer kia tah.    or bht sharam ki baat hy k app islamic republic of pakistan ko israel jesy yahodi mulq dy compare kr rhy hoo.	2
 ma ni tu rahnay day	1
m*\/%chod, shaayad mujhe tumse achcha hindi aata hain. bose dk... teri gaand ko aisaa laat maarenge jab melenge ki gaand kidhar hain our lu4n kidhar doondte jaavoge. chup ho jaa naalaayak!!	0
   jab hogi tab bhonkna yaha pe kukku name pta karlena punjab matlab btau sidhe shabdo me ( rand )	3
yeh to islah ka round hy. islah ho gai to theek warnaa qandeel baloch ka anjam yad rakhna chayey.	3
oe   phattu sala violence ka answer dey bc	0
rt : suno aasman chuu lo💞 likn apny  maa baap👈 ko kabi mat bhulo.....!😌💞	1
bitch tmy kya lena dena in baton sy. ab tm ny randi he rahna jitni b nkawas kr ly	3
 g apne kya kaha samj nahi ayi	1
"tab tweet karna yaad nahi aaya jab ""islamic jehad"" group ne 200 rocket mare. sanatani hor yahoodi kya insaan nahi hain, unke bacche nahi hain kya.  shanti se rahenge, ""kehna hor rehna"" alag alag matlab hota hai.  ""karoge to bharoge"" allah ka niyam hai.🙏"	1
ya allah khair.😂😂😂...bajii on fire now.😝😝 lgta zyda e dil pe ly lee ha bat😂😂	1
hein🤔 hamara pm charsi hai??😱,	0
twitter pe ab ho gi sweets ki barish	1
tum sirf khisrey our hadsati chairman ho bharwe	0
aap ko bol rha	1
chawal ha yeh	0
qalandar honey pe ajeeb sa fakhar mehsoos ho raha aaj ;)	1
larti hai saali 😤	0
 follow back nhi kia tu phir kya unfollow kr den	1
    ni smjhana me ne khd smjho	1
 acha kyun kaya kr rahi ho aesa k ungliya nahi chala sakti bhoki kuch kha rahi ho ghee	1
 😏😏😏 noi g mai backbencher thi	1
 acha hy allah sb ko sahe salaamat rkhy aur apni hifz o amaan ma rakhy. ameen	1
 yaar kaamal ka bahadur banda hy ye mohsin daawwaddr	1
subbu ke baad ab tujhe bhi unfollow kar dunga bhai.  swamy has lost his mind. nupur ki timeline dekh le swamy ke farziwaade ke liye. uske baad bhaunk.	0
 baat choro ki nahi tazheek ki aur kirdar kashi ki horhi ...apny qaid to apko farishta nazar aty hn....huh	1
bosadi ke tum kaun si mehnat karte ho	0
yr cute lgti ha mujhy 😅😂	1
agar winner annouce hone sey phele meri bhen phone le ley touu😤😤😤	1
  ye ek aur a gya...bikkau maal...mufty kay kutay...mujib shami lifafay k sath beth kr putar tum jo ho wo chupp nahi sakta... university mein tum jesy londday mushkil waqt mein kaam aatay hain...useless stunts	0
   arey yaaar 😂🤦🏻‍♀️🤦🏻‍♀️🤦🏻‍♀️🤦🏻‍♀️ yahi bakwaas reh gai thi kiaa	4
kisi ko pata chale ga to line maray ga na 🤣	1
o ja gashti dia bachya	0
bat suno..muje ap se ek kam hay😀	1
rt maaro sab isko jaldi 	1
my boss, sara din kaam hee krta hon tumhari trah nahi hon aur overtime lagane ka muje koi shoq nahi	1
 lagta hsi man chaha job nae de rahy bhai ko😜😜😜	1
rt : dear  sir this lady   marasi brought nothing for pti's government except shame .	0
awam khud hai kisi ko pakrein tu randi rona shru hojata hai😗	4
are you one of them jinhe namaz parhe bagair sukoon ni ata?	1
tu to halala karane wali hai na aur sab halala ki aulad waha baithi hai	2
 phr to hmari dua hai k na hi complete ho. ... khazane me kch a jaye... 😜😜	1
you are not malala, you are from halala.	2
 itna awazar hun k ab to crush b nai hai	0
 is kutte ki gaand mein goli maaro	0
randion ko lagta hai, due to their profession, every thing is free.  police bhi door rahti hai unse, unko kya khona hai?	3
so since hijra comes under transgender i am a super human athlete yes?	3
tum 1 intahai ahmaq pm ho.	0
 dil pe hath rakh ke kaho??	1
wo apnay janazay khud parhtay he sahib...💔 jinhe moot se pehle muhabat maar deti he...💯	1
rehamkhan1 ahmaq ap apnay maray huay walid sahab ko kah rai hai yaqeenan. thora say maray huay abu ka khayal hi kar lo	0
zrort nai bro mujy pta hai kiya karty hain or kiya nai behas khtm kar yar ab	1
suna ha bari behn jitni shreef ho choti behn utna bara patakha. hoti hai 🙊👀🌚	1
good evening ..randdi of china	0
mai aksar kehta hn apke naseeb ka time apko mil hi jana  force kr k bat krny ka koi faida nh😄	1
amitabh bachchan came to check the situation   makeup artist was trying to hide aishwarya stains on face.  there was also some salman close circle guy.  amitabh bachchan said to them ' us bhenchod ko bata do yha ka don aaj bhe main hun'  namard salman khan	3
passy in logo ko milty han jo corrupt hn ya phir ap jasy lalchi hn or don't cross ur limits mujy ap st zeda pata ha fahad bhai k barry ma to wo q passy lyn gy or ap jaso ko 50 rupee mily hn g k fahad bhai ko blame karo yaqeenqn🙄🙄	0
tum vahi karo jo aata hai ,namaz or bakri chudai	2
 na na ma ni bolta 😅😬	1
 to us k dm me apply karin.  me kia kar skti	1
hahaha hr jga khud ko celebrity banana aap ...  chlo btaen road bnvaya k ni khan ne layyah ka ?	1
bharwe tu sirf khwaab dekhta rahe	0
ek banda meri tatti tweets bhi rt krta hai bc itna die hard fan hai mera 😥	4
rt :   andhi hai saali charsi khan	0
rt : tere baap ne aur tmc ki amma ne part liya tha	0
kiya naibe nay pti main saray chorown ko nahi chohra. saray chore dakoo pti hakoomat main hain. fashist govt pti central and punjab failed & kpk kuchra govt failed khosa chief unjustice harrami. bajwa and imran chore zakat khore yahodi agents both are. sale kashmir perchase bajwa	2
hamari dua hai lock karde esi parliment jaha sare bharwe dalle hoo	0
you are welcome saali sahiba 🤘🤘	1
 khair choro yeh toh roz ki baat hai🥀	1
dalawals/wokes called ik's wife witch, ridiculed his parents, called his sisters prostitutes, called him yahoodi, taliban khan, cocaine khan, qaidiyani list goes on and now they're loosing their shit when he only mocked that dynastic test tube baby's autistic accent looool	0
yahoodi saazish k baad pesh hai khatooni sazish	1
paagal rundi aurat	3
auro se b krwao wrna is aurat ne mjh mar denahuh	1
😂😂😂 apki khidmat main haazir hain😂😂	1
o gashti de aa..... tere abbay ik ka bhanja hone se pahke ye noon leagi kuttay ka beta b hai. tu asali harami kufafi hai khanzeer	2
   khabardar jo jamil ko beta bola behya aurat.	0
oh really...matlab kisi ko khush hone ka koi hak nhi aapke hisaab se...bas wo ro ro ke mar jaaye to tume yakeen aa jayega...kaisa bimaar aadmi hai...	1
kaayar means leftists jo randiyo ki tarah rone lagte hain gaand tootne pe. jo madharchod victim card khelte hain leftist ki behen ka bhosda maare mulle	0
 g ni g ni g ni g ni	1
kyun ki is randi raand     ko paise kamaane hai isliye sex mein paise itne nahi milte isliye ye nichhhhh kaam karti hai aise kanhiyaan ka bhi le legi ye paison k liye kanhaiyan kumar wo bhadwa jo randi ka hai	3
 ajeeb sa song tha ais dafa koi	1
 abe bhikhari, bheekh milni band ho gayi to bhokna start kar diya.	0
muja pata ha k high steem ego's ko kaccy neechy la k atty it's my profession. 🌚	1
do you eat badam and akhrot how has that affected you.	1
  teri jll gyi jisko salman ne appreciate kiya tere jaise chu* btayege kisme kya hai	0
bosdk tere me big fan hoon ek bar reply tu kar na bosdk😞	0
 dhoondny se mil jaty hain	1
abe chudai ka sama tera toh name hi already sabkuch bata raha hain...... ha ha ha ha	0
ye bat waqt butye ga	1
bhai, koi tip hi de dyn phr aap? 😂😂	1
    fahad bhai ny aj tak jhoot nhi bola or har kisi ki apni raye ha ok to is ma fahad bhai ko blame mat karo fahad bhai ny apni raye di ha 😒	1
harami haram hi kaam karenge aur haram hi bolenge...113 ki indirect subsidy to abhi bhi li...and just till one year back you were taking it....haram to tim ho. halala ki paidaish...	2
kaam ahista ahista nazdeek hota ja raha hai. 	1
  😑😑😑😑😑  stop it chutku, i iz bari jitna marzi drama kar lo, sach nae badl sakta, u have to respect me 🌚🌚😂😂😂😂	1
my job life is all about bhenchod kitni chutiya organisation hai ye	4
all triple a videos game releasing from now on will be 100+ gb. ajeeb bhenchod.	4
  doubt tha confirm hogya 😜😂	1
bc mujhe laga modi be asli main tweet kiya hai 🤣🤣	4
itni beghairat army india ki 72saal se kha rahi mulk ka budget aaj tk apnay se 10 guna chota pakistan qaboo na aaska lakh lanat na mardo	3
kitne vote mille is pakistani bharwe drugs ki dukan ko 17-18 lol 😂 woh bhi iske kharide huve lol 😂 aukat dikha di hindustani o ne teri lol 😂 maza aa gaya flop chutiya	0
haan tairi maa say mutaa kia tha na tu tu haraamzadi paida ho gayee	0
 ussa yaqeen hi nai aa rha tha ka ma suna sakta ho 😂 uss na jazbati ho ka 3no suni mera sa 😂	1
friend 1 : konsi uni join ki ? friend 2 : lumsu friend 1 : tere driver ka naam ni poocha  friend 2 : abbey saalay	4
6 din long time bro 🤣🤣🤣🤣 waise bt toh santy ha lol	1
11:11  teri duniya meray raba q mujhy hi raas nhi.. dil toota koi joray rahi koi aas nhi..	1
nahi baaz ana aap nay b	1
teri ma na apni choot ma sa jo gand nikala ha qaymat tk koi mafi nahi us ki rendi k bachay	0
ye to koi randi. lag rahi or apki jathani apse choti hai mere khayal m	3
mana k sabar ka phal meetha hota hai but jitna sabar mene krlia hai mera phall sarrh chuka hoga 😂	1
plz kutte ki tulna is bharwe dalal se na kare	0
 ye kon hai bhai 😂😂	1
 q nai sir, aap bismillah karain. insha allah hum aap k sath hon gey.	1
hansa tu nahi chahiye per can't stop myself 🤣🤣🤣 	1
 jzak allah wese yar wo just aik joke tha.	1
  astakfirulllah 😲😲😳😳😳  ye kab kasy kaha kyu or kis ny keya 🤦🤦🤦🤦😂😂😂😂😂😂  lahoollllllllllllllllllll walaaaaa quwataaaaa 😭😭😭😭🤦🤦🤦🤦😂😂😂😂	1
haan haan amma jb ek maar dain gi dusra jhoota mai laa kr doon ga 😌😂😂	1
bhai mtlb  pr kuch content ni tha is week toh faltu ki baatein utha rhe h   yr ab aese mazaak ni krenge toh kaise krenge bc	4
to ma ny b ye he kha or phir ap log fahad bhai ki raye k pechy q par gye ho	1
"hazrat hussain(r.a) ne irshad farmaya ""zulm k khilaf jitni der se awaz uthao gay utni qurbani dane paray gi""  pakistan ko kashmir mein zulm k khilaf awaz jald uthani chahiye"	1
"sana to sid - tu apni team ko finale tak le jayega kya   😂😂😂😂😂   so called""one  army"" #shehbaazonfire #shehnaazgill"	1
 ok  par main to kal such me gir gayi thi😢 bara zor se	1
zukam ny to bht haal kharab kr diya hai 😑	1
seerat un nabi conference (s.a.w) 💕  #bahawalpur #proudtobequaidian	1
tumri ma buhat hanzir hy jis ne tum jaise  yahodi kafir rhandi hanzir aurat ko paida kiya	2
 woe hota jo manzoor e khuda hota	1
ex ahmdi se insan bun gai kafi hai na 😇,2018-11-03 14:41:29	2
teri maa k yaar ko bhi pm bna dety hain shayad tera kaleja bhi thanda ho jae sooar k bacha gaalliyan khaey bina teri gand ka dard khatam nahin hota naa harami.	0
careem randi yar peak khatam kar de please bharwe	0
pasy un k zaya hoe han ap k to nhi na jo itna bharak rhy ho🙄	1
mai bhi changga  mere follower b changge post seen karke like na  karne wale bhenchod	4
randiyon k st yehi kya jata hai	3
doing rundi ronay 24/7:  -koi gf ban jaye, koi tu gf ban jaye  also me when a girl is being nice to me:  -ap to meri api ki trha ho	1
tujhe to pata nahi ki kis padosi or risteydaar ne teri maa ka halala kiya hoga tab tu paida hua hoga,dna test karvale pure mohalle ka tab tujhe pata lagega tere baap ko haiðÿ˜‚ðÿ˜‚	2
voh friend hai merese baat kr khusre aur larka nhi hun confusion hai to vc aa teri buthi pr gali dungi bharwe	0
din ko jo sojati hoon naw saath mein kya karon adat hai😂😂💔	1
 pher tou chand sa lanat banti thi... 😂	4
"   now i interact with them on daily basis so i'm very well aware of their senseless humor  &  illogical statements.nothing new for me🤷‍♀️ the only point they have to put forward is ""english"".ajeeb obsession hai in ko us se.bas sab se yeh hi puchtay rehte hain k english nahi aati kia?"	1
hahaha ap ke jawab bta rahe kon gussa kr raha ha aur haqiqat ko jutlaya nahi ja sakta api boot chatney wali riwayat n leauge me paie jati ha 😊😊😊😊	0
sore throat for the fourth time bhenchod kya hai yeh?????	4
   koi tokta hi nahi hai kya karey	1
 allah ki mehrbani se dushman per lanat	4
 hakoomat bhi too awam ke sath shughal hi kar rahi hai.	1
 tumhy kuch bola tha fazool larki	0
saqib nisar yaad to bohat aya hoga kal? 	1
aby yar mn to thak gaya bc, 2 ghante se lagatar marwaye jaraha bc, ab mar bharwe ki thori si	0
 to fast ko face karna tha na ☹️☹️🥺🥺😥😂	1
 bandri ho ar kuch ni	0
bc aisa kya bol dia maine 😂	4
bhai matlab ya howa k chaki wala aata sasta howa ha	1
haan teri phudi ki peyass nhi bhujti naw br br abb kn kapry outary tu ny awaxx di mai tery oper....kesa😉	3
guys make it trend bcz hmry pakistani frnds ko hmri zroorat hy or social media kch b krwa skta phr chahy wo acha kam ho ya bura tw plzz is ek achy kam ka hissa bn jay   	1
imran chore zakat khore yahodi destroyed pakistan and business of pakistan nation. molana fazulurehman zindabad pmln zindabad. molana zindabad defeated imran chore zakat khore	2
 ye akhrot pagal o gaya hai 😂	0
 reply late ja raha ...😡	1
a brilliant  particle physicist and theoretician worthy of the nobel prize . dr abdus salam departed pakistan in 1974, protesting the pakistani parliamentary bill which de-recognized the #ahmadiya movement to which dr salam belonged. a huge loss for pakistan	1
ab josh josh mein suicide bhi karle bc...	0
humey ni sunna 	1
  you are just girlfriend material no one wants wife like you. itna jism jo sirf admi apni bivi ka dekhta h  apka to sary jahan ne dekha h	3
baki tou apka journey apko mubarak, lekin you are a terrible terrible singer, awam per ehsan hy k aap nay gana chor diya..	1
 wah kon hai eshal 😂	1
tery jesa gashti ka haraaam ka jannaa ni dekha madarchod k bachy bhenchod... wafaat paa gya h wo , randi ki nasal...	3
 ab hr jga apny sath to mat rkho na humko🤦🏻‍♂️🤣🙏	1
"listen to me sing ""bol do na zara 🅿🅸🅰🅽🅾 🆄🅽🅿🅻🆄🅶🅶🅴🅳"" on #smule: "	1
 haha lgta to ye e h	1
koi khalish hai hawaon mein bin tere	1
abe bhosdike suwar tu mp to aa itne joote marenge ki dobara kabhi bhaunk nhi payega	0
 khushkhbri ha... now enjoy urself	1
milny ki us ny hum sy ajjab shart rkhii hy kanton pr chal kr aao pr lahuu na niklay💘🔥 	1
darasal kuty likhna chahye tha or han un kuto ki olaad bolti he or wo tu bola bhenchod peshab pine walo madarchodo	2
randi maa k bachy yahan tumhara adha pakistan dewband firqy se taluq rakhty hain..? tumhari foj msin sub sy zeyada dewbandi hain???	0
teri ama ko chod kr ek bhai paida krrta hun dono bhai khelte rhna bsdk	0
tu randi hai na is liyei	3
mughal pure ka bharwa shreef bharwa family k sat bharwe pane ki bhi had hai	0
abay bc mujhe bhi mehngi mil rahi chezain😂	4
rt : bc😭 mt mara kro usky b bchy uska w8 krry hngy ghr p😤	4
family get-together main loog ik ko yahoodi aur gen. bajwa ko qaadyani. 🙄	1
behna sab ke apne chonchle hote hain.. bss banda apna point of view bataye aur side pe beth jaye.. behs main aksar log zatiyaat pe baat karte... to phir at the end galam galoch hota to ziada behs se avoid hi kare banda	1
bc kbhi a6a na bolain 😒	4
phoppooooooooo dekh lynnnnn	1
oo sakoon say soo ja tere dimagh ma virus chadha hua ha 😂	1
tu kya bc tera baap bhi dikhaye ga 	0
yeh patwari kese randi ke nassal chutiye hain. yeh bharwa mulk ka pesa loot k bhaag gaya hy in bhenchodo ko dekho usse mubarak baad derhe hyn mulk wapas na ane ki khushi me 😂😂 wah yar waqae tuvada demag di jagah vich b lun hy chutiyon.	0
bhai akhrot kya rate hain	1
tujh jaisay beghairt  ko na janay yoothiye bhi kyun support kartay hain na knowledge na calibre bs jhooti kahaniya or loriyan wo bhi yoothiyon ko.	0
 lets bring the change bro. abi mjhy ye ni smjh aa rhi thi k ye cholecystectomy likha ha ya cholecystitis...	1
tumko tu yh b maloom nhi dharny ka asl maqsad kiya tha? bhala fazal rehman k hoty huwe koi yahodi agent kesy ho skta,?	2
yh randi haraam ki or halala ki padaish h	2
 😉adat daal laien na plz	1
bhenchod diwali chali gayi thand aa gayi par ye bhen ke lode machar abhi tak nahi mare	4
 pata sab ko hai but i dnt know sacha pyar dunia m naxar q ni ata 🙁	1
madina ki rayasat ki baat krny waala yahoodi	2
i am thinking that ghafooria would conduct a coup to become military chief.  bajwa the secret ahmadiya would be excecuted.	1
  nhi tum itni shreef nhi ho  i know	1
  abe tu chutiya hai kya apno se hi laad rha hai ye wahi   hi hai jinki wajha see ham itna pad paye hai	0
chop randi ke nassal	3
heera mandi di awal darjy di gashti khan dy _____ nal adan da koi faida nhi	3
acha.. tu v subha se lgi a.. tu dikha.. tera trend kha hai..nn #mahirakapappuparas	1
   kuch seekho ap log b insy 😅	1
aby tmhara hisab glt h tumhara bap to tumko b ni pta kon h hann pr man tumhari randi h jiska gwah pura muhalla h 😂😂😂😂💖	3
thwle video leaked by his ex boy friend according to reports ab apni maa ki chut pesh kr ispr ko bharwe	0
akhrot is usually termed like woman, hard on the upper surface but soft, sweet inner side.	1
 lun shehr hay magar itna nahi ke papa john ki naqal kar le haha	4
 wo khuch pata nhi khn hoty hn🔥	1
 phr aapko kya pata hm single logon k dukh 😓	1
kis ny latkana ha apki government h bysharam  batyn ee krty rahogy	1
 iraady kuch thik nhi lg raha hy thumhary	1
 apny ni krni?😔😂	1
if you really 'respect' women then why didn't you stop halala system?	1
no wonder you can’t make it to first lady. at least you managed to grab the title of first randdi	3
 sb kuch mily ga😘😘😘 meri jan	1
passport yeh kesay le saktay hain ? doc ka yeh kaam naeen hai .. yeh sb bc dalay millay huay hain khatoon ki pareshani daikh ka sharam aah rahi haai hum kesi qaum hain	0
nayi ring pehnnay say puranay hath ka lams utar jata hai kya?	1
nhi mile.. h.. tbhi bhaunk rhi 🤣🤣🤣	0
bilo rani tumhari pehchan sirf or sirf hijra huna hai.. na mard	3
areyy kahan kiya delete... admin bhai kuch bhi mt daal..usko acha dikhane ke liye...saali fake feminists	0
sharam tum ko magar nahi aate kyo nahi ye aurat march to hai he ap logo ka geo walo ka kyo k israil se jo paise milte hai agar ap k baite ya wife nahi jai ge to ap to apne aaqao k samne sharminda hoge aur apne baite ko ye poster zaroor daina mere jism mere marzi hamid mir sahab	2
 hm allah pak k mohtaj hain har lmhay, mra jism meri marzi pe gai he ni, ye totally wrong h	1
 ap hi search kar do	1
han may me h kal sy parhna shuru kru ga 😂😂	1
 jb main mota tha  mery sath bhi aisy hota	1
toh dayan bhi kabhi achi hoti hai..🤣🤣	1
mr. pm me apke us tweet ka intzar kr rha hun jisme ap bolen gy k sub pakistani ghro se nikalen or border pr apni arm force ka sath den q k ab jahadd hi hai jo hona chahye	1
world war 3 horha hai bhenchod wahhh	4
with the blessings of gurupitaji today after my speech on world peace was honoured on behalf of my father baba shamsher singh in world peace seminar held in jagannathpuri organised by ahmadiya muslim jamaat.   jagdeep singh   gurd. aarti sahib, gurd. bauli math sahib,puri,odisha.	1
yeh admi ek sahi dikh ta hai.. baki saab bharwe aur dalaal..1st day hi pata chaljayega.	0
. it was great listening to randi kick the ass of the right wing caller pretending to be a democrat on her show. she does it every time, using facts and logic against stupidity. buy a podcast and support her show!	1
paras act like hijra in the house very insecure person whenever wild card entry he try wash there brain hijra sala and reshmi ke pass mudha hi nahi hai sid ko chod ke,,,  ankh,kan thik se kohl ke bigboss dekho bewakoof aurat dimag to hat hi nahi kuch bhi likh raha ha	3
bhenchod yall better stop playing jumanji	4
 ary ap rhen na bas	1
dekh le noty rikse wale ke bhi ache din aa gaye bhenchod ak hm log hai lanat hai😜😁😁	4
 ohhhh myyy goddd!! 😭 i missed your session cozz i was in college at that time :(( #askaz 😭 one word for fans like me?  jinhon ny chat session sirf college aur universities ki wajah sy miss kr dia?? :((	1
uper wale se binti aisi aag apke ghar pe har roj aye. sach mein dil se dua hai yeh aur lagegi zarur	1
both bolti ha yawwr☺️	1
whyyyy?? tell me the reason! my frnd told me to watch it.	1
in jesy kanjaroun ki wajah sy asal moulvi badnaam hain .... haaram zady nabi ki sunnat rkhi ui too nai ab main tjhy kia boloon bhenchod teri beti ki umar ki hai isi wajah sy tmhn deen farosh kaha jata hai kisi kutty ki mout maryga too apni in harkatoun ki wajah sy	0
agr aap k pass bhi is jesy harami friends hain to aap sb sy lucky ho #ehd_e_wafa	2
     khel to pehly bhi nhi tha? 🤔	1
jahan mein ayi deewali badhy charaagh jaly🔥 hamary dil mein mgr tery gham ki aag jaly🔥 	1
 is aurat ki london tu kiya pakistan me b koi jaidaad ni thi... 😔	1
 but sir tell me honestly ..koe to aisa medium hona chahye na to discuss politics ?? friends bnany k liye facebook hai na	1
 ankhon kay neechay halkay bata rahay hain teri guzri raat ka afsana😂😂😂😂	1
tu manzil main teri musafir.💞	1
lyken mastanda bhai ye baji to nahi ye to hijra hai😂	3
bhenchod roti khane ki aukad nahi aaur zameen kharidne chale wo bhi india me ... this is not porkistan ...	0
and btw i am a minority too and a person from my community became the prime minister despite the fact that we only represent 1.6% of popultaion . can an ahmedi or shia be paks pm?? leave apart hindus and christians they can even tolerate shias and ahmedis . bigots	1
  acha banda hai..  dear aaliya rasheed lekin paisy or job k lie tareef zaruri hai na agy psl b a raha hai..  warna media department kitny achy kaam kar raha hai sub ko pta..	1
hahhahha yraww 😺😺😺😂😂😂had ha ksmeee	1
chup kr bharwe	0
is kutiya raand ko arrest karo... ye bc dange karwane k liye gundo ko bula rhi h... is randi ko iski aukat dikhai jaye..	3
tu hijra hai	3
bhai wo bhi after all process ky sath ana chahty hain lakin koi process define kary ga? ap ki embassy keh rahi hai govt ki tarf sy koi instruction nahi hain... ap us waqt ka wait kar rahy hain jab casualties ho ge?	1
rt : fuck wapda bhenchod kis chutiya mulk main paida hogaye hoon main	0
 keh doo na plz 😁 mai kisi ko nae btao ga 😋	1
 oh mene bas hate this guy sunaa toh mujhe laga meri hi baat ho rahi hogi😂	1
ya randay bachy hay na khan our is pachiy waly in kiy ma chodo	0
 koi bat e ni krta	1
jab yahi yahoodi dar dar bhatak rahe the sabne inko panah dene se inkar kar diya to isi palestine ne in kameeno ko panah di. aaj ye apne muhsino ki zameen hadap rahe hain aur un per bambari kar rahe hain. isse badi terrorism ki misal duniya mein nahi milti.   #stopisrealiterror	1
fazlu diesel gandu and nawaz sharif bhen chod is expired products 😂😂	0
randi orat tu ny kitny paisy lie hai jahanger treen sy 😁😁😁	3
sorry yar muaf karna mujhay nai pta tha k wo bayghart rishtay may tera najaiz abba legta ha wesay tu khud apny abbay ka dushman ha q k asli abba tera koi patwari he ha baki imran yahodi bayghart kashmir frosh say to teri ami jan nay taste change kia ha imrani tati	2
  aur kon si bat hai jis ki wja sy nend nai ani🤔	1
tujhy kah raha k dekh is ko bhi mil gi bs tery ko koi nhi mili	1
tere se badi ghtiya auraat nehi dekha such main i hpoe teri maa ke saath koi aisa hi  beahave  kare tab bhi tereko aisa hi lagega.. such main yaar aab samajh main aya ki banoo main teri dulhaan main tujhe sindoora ka role kyu offer kiya gaya tha. shameless & hypocrite lady ever!	1
 aur iztarb asa hy ke jesa kuch bacha bhi nahin😑	1
 axha us ka khial rakho na..💔🔥😯	1
apke post thek ha mgr har cheez ka matlb apne marzi sy na dia kry princess	1
u live on a different planet altogether and totally biased.  logic is simple - fix ur own house before vouching for others. u will ask china for the muslims, they will tell u to fix baloch, ptm, and ahmdi issues.  do u have any response to that?	1
is liye aap 3 time piti hain 😅😂😂	1
 apni post per comments bhe read kr leya kro... ta k tum ko andaza hu jae tumhari okaat kya... selected indian agent	0
tu kyun ro rahe hai hijra? tera buddhe hijra to kamjor mard hai. uska kara nehi hota. 🤣🤣🤣🤣	3
kasam se. mujhe lagta tha tareekh parhne waale bare qabil, empathy rakhne waale loug hain. phir humain hamari professor aik yahodi ki book talk pe le k gaye. wou itna parha likha insaan, jis ki kitaab harvard publish kr raha tha, usne puri kitaab muslim ko bura kehne k liye likhi	1
yaar dekho milad krna hai karo, galiya sjani hai sajao lekn hr chezz ki limit hoti hai yawr ab ye log gali me bethy full buffer scene on kiya huwa 'sarkar ki amad mrhaba' abby bhenchod raat ky 11 bj rahy dosrun ky sakon ki gand marna bnd kro	0
agar hum khud books parh lein tou ye larai hi na rahey :))	1
that bhenchod one would be so true 😭	4
t20 fitratan entertainment game hy aur jo game t20 nae wo fitratan entertainment nae. 	1
main poora nakli hun	1
kis ka jism?? kis ki marzi??  #auratazadimarch	1
she: tu match aur mujhme se kise choose karega !?  me: 😂😭 	1
godse hijra ta he or rehega.	3
peechay daikho peechay blur maar dain warna aap ki shamat...	1
  darane wali tasveer ye hai nilesh babu. 	4
"don't argue with beautiful people   they would be like ""shakal dekhi hai apni ""  and you wouldn't able to reply ""tere se tw achi hai """	1
 allah pochy tujhy bhn... tera to alg hissab hoga.	2
wslam.. akhrot kya aye.. allah hafiz kr dia😂	1
tmhari megtivity hoi ha... baki alhomdulillah sb dunia limits me heeen	1
 pic tu thek laga lo dgispr	1
  achaw bhaya cigrate churwany wala charus pe lga gya😛	1
 astaghafar sis aap kabhe purani nahi ho sakte hemsha wese he rehye ge 😌💕 and main koi nahi celeb for me always you	1
dost jin k khayal mein ali zafar aur atif aslam barhy singer hein arif lohar aur ali azmat se 😅 un se behas ni krty koi fayeda ni hota 😅	1
"sote sote bed se gir jana lekn pyaaar mein mat girna :"")"	1
🤣😂😝😝😝 akhrot baney moongfali.	1
twitter ki maa ka bhosra	0
zindge rahi to har sans tak pani ki bachat krty rahay gy inshallah	1
yahoodi agents ko paise miltay hay, suna hai. humara paisa kaha hay?	1
jinko aap qadiani keh rahay hou wo ahmedi hee hain. constitution may kar diya naa non-muslims aur kya karen? aap bilkul bbi tolerance ki baat nai kar saktay aur logon ka humare liye jab aap khud kisi ka mazhab ki bunyaad par jeena haram kar rahay hou,	1
mujhe poora yakeen hai ki roadside romeo se sabhi ka pala pada hoga aur aise romeo hi samaj par bojh hain. in romeo ka ilaj turant dekhte hi logo ko karna hoga. main bhi ek beti ka baap hoon aur yeh sochkar mera man kaanp uthta hai. isse pehle ki der ho logo ko jagrit hona hoga.	1
rt : bhenchod mandir ka ghanta samjha hai, har koi ata hai baja kar chala jata hai.	4
 aby mry ko pta bhi nhi kon thi 😭💔	1
tu bhen chod ik number ki paki taxi hai	3
  amen hm ko bi bolana mola	1
puch ly apny bap sy or us gaandu sy b puch ly jo gshti man ka bcha idr tha b ni or mjhy baji deny ko tyar tha	0
mujy yakeen nai ab oehly load krrwo tb banao ga	1
"dekhna...  kahin apke pitaji &  ke founder, balasaheb thackeray ki ""hijra"" wali definition aap par lagoo na ho jae...😅"	3
ye h bail budhii inko kuch na ptaa..ye sab hmlogo se he puchenge 🤣🤣	1
inshallah apko b mile ga but keep on doing what you are doing with commitment and dedication	1
awww ❤❤❤ nhiii aap log bhi hmaray sath ho🤗🤗🤗 aesy nhi kehtay ❤❤ #badamiansareunited 😍😍	1
chal be maadarchod	0
 370 pe kashmir main puri army utar di or shagun baag main ek police b action nahi le sakti... waah kya diplomacy hai ya politics hai...	1
psl anthm sunenay se acha he bnda dinchuk pooja ka song sun le. 😂  #psl2020 #pakistanzindabad #cricket	1
but sarfraz is not that extraordinary k aap zeeshan k sath compromise kar jao! he also struggles	1
charsi bi ice cream khaty hn kiaa 🤔🤔	0
akal se paidal hain?	0
haha bas dekh lein😂😌❤	1
ye lahore walay sara gussa quetta pe e utar rahy is season😂	1
ik to in logo ki khud ki koi raye nahi hai jo baki sab kar rahy hotay hain, karny khary hojaty hain pagaal	0
"ishq main nakami kay bad main seedha uskey ghar gaya, usne diya dhaka, chat se gira aur mer gaya. mer ker utha, main nikla toofan ho ker, sabne kaha ""agaya tu jawan ho ker"""	1
rt : ye bhenchod sabse pehli nazar in commentators ki hi lagti hai . #indvsban	4
chinki tu bahout bdl gyi hai rey.... 😟  #bb13	1
bhenchod yaar dus din baad ghar aao and the whole place looks fkn disgusting. i’m so tired, man.	4
 exactly agr ye march ho k esa system bany jis mein in ko puninsh de jay women ko rights & safety de jay to zada behtr h or hashtag ki wording change ho is traha to bs apas mein larna ho ga hasil kch nahi hona	1
 ma wo wala ashiq ni ho jis nay apni mahboba ko iphone gift karnay kalyea kidney bach de	1
 ap aurat march k haq mn hn to malala ko pakistan bhjo or poster de do lo beth gy thk se...ya khana garam kr dogy bester khod krna.	1
ohhhhh chalo gashti ki bachi, sab k lory kha k ab lun pr baj rhi ho,	3
inka abu kaha.ha	1
wo pyar mohabbat wala haaai apke type ka nae hai	1
eeske a akhrot tod do 🤭🤭🤭	0
rt : jo zakhm dikhtae nhae, wo dukhtae bht hain 😔	1
they need akhrot	1
sssss...sali bhenchod tere inn mammon ko masalte hue teri iss gehri nabhi mein apna lund pel dunga kuttiya chal inbox me msg kr	3
kuch logon ke chehre celebrity se milte hai aur yahan meri khudki shakal khud se nahi milti..   subha kuch aur shaam ko kuch aur lagti hai..😐	1
   pata chalega aista aista 😂😂😂	1
love aaj kal: arushi sharma says she watched qayamat se qayamat tak and maine pyar kiya to prep for her role the 9 news 	1
 wah g wah kya baat hai janb 🥰	1
faasla rakhein baad main aapko same feel nahi hota.😒💔	1
mujhe bss ye pata ha k mera roona nikal gaya tha. i was legit crying and my chachu was there like hain hi beghairt ye to beita tum kiu roo ri ho😂	4
sab k sab hi piaray hein yaaaarrrr 	1
 ab theek hai maza aya khushi hui daikh kar thand par gai hai😌😂	1
taree maa ke phodi gashti ky bachy	0
tmhari maa ki kuss bhenchod	0
 play hi nhi ki abhi😂	1
log bc bht liberal hugye hn yar	4
mj sey phele tu mary ga bc. gya tow tu bh yahn sey he hai. thora keera tera andr ho ga	0
 bt jo shuru krdi phr... wase ab m phr bye bolne e lgi thi so bye	1
quaid e azam se zyada zaheen aur shatir loug us dhor mein mujud thay per mukhlis sirf quaid tha tabhi hume pakistan mila ... pata nahi ye loug itnay ahmaq q bn jate bar br 72 salo se ye chor bewaqof bna rahay hume	1
bhenchod ye body shop ki products kitni mehngi hain	4
kya pta na ho me to shakal dekh k andaza lgaya shreefon wali shakal 🤣	1
   or mujhe un ladkiyo se utni hi nafrat hai jo mullo se shadi karti hai jitni kisi normal hindu ko😡 or mujhe hindu ladko se bhi itni hi nafrat hai jo muslim ladkiyo se shadi karte hai... dharam me koi milawat mujhe pasand nahi	2
 muj sa raha nahi gy because i know you are very important to me	1
ajeeb yahodi agent hain jo islam ki baat karta hai	1
seriously thinking about hijra	1
believe me mithun phir bhi hum sy zayda safe ha 😂😂😂	1
aseefa zardari teri phudi wich lun, kisi kutiyaa maa or harami baap ki olaad, gashti orat tmhri wjha se aaj phr larkana ma ik bachay ko kuttay kha gaye 😡	3
11:11  tujhy hum yaad kar lain gay.. tujhy hum bhool jain gay..	1
  bhai kis chutiye se apne ne islam sikha hai jisne aap ko yeh baat batai hai. usko kaho yehi islam le kar tujhe aur apne aap ko chuli bhar paani mein doob ke marh jaye islam uski bas ki baat nahi.	2
ye kuta yahodi agent wohi ki paidawar hy ye q kuch kahy ga ... is ko chars mily gi tu stage par a kar phr boly ga ma pak ko rayasty e madina banao ga ... is k din thory hy balky is k or is ki party k or qadiyanio k jin k leay ye laya gya hy...	2
jb choti the. tab m bolte the. lakin ab pata nhe kea hogea. na ab punjabi parhe jati ha. na mery sy boli jati ha aur likhe b nhe jate.	1
 gucf ma mera b ho gia tha admission	1
 😂 ab pata chal gya hua hai	1
rao jee apke peechay konsi mehwish parr gayi hai.	1
haye ab mere se friendship nai krey ga ye😭	1
 shaheen ni ullu jesi nzr hai😏	1
ap us larki ki baat krna chahte hain jisne apni marzi se shadi ki...ye baat bhi sach he ke zbrdti bhi hota he lekin politics support isme koi nhi is waja se jam imran khan action uthata he to use yahoodi ka agent bolte hain main phir kehta hon mera bhi best freind hindu he....	1
 waiting for ali wazir and party to get behind the bars too.  yahan twitter pr khali gola bari mat karo jao or jail me sath do mashar ka 🙉🙉	1
shut up randi please shut up 	3
suar ki nasal ho tum	0
bary bary tunkha daar log kar kya rahy hain pcb me..  jub opening cermony karachi me hai to aap agly din aik match rakh daiyn wo bhi karachi me..  km sy km saari teams to ponch sakti hain na.. wo cermony he kya jis me players na hon🙄🙄.	1
meray khiyal sy geo ko ab bas kerna chieye ye bohot ziada ho gia ha	1
pagal yahodi daboo imran chore zakat khore yahodi destroyed pakistan and business of pakistan nation	2
o gashti ki bachi tum bahir baith kar mazay karo hum hain yahan pakistan ki khatir jaan dainay kay liay.	3
wah g.....bht bra maarka mara hai aap ney to...🧐🙌😎	1
 lahori ab lahori nahi rahai .dil peshawri krna hua tu  buno jana hoga.	1
tum logon nay apni bagion ko twitter pi la kr bakwas kartay ho rundi aurat ka bacha musslli	0
 filhal to koi nahi	1
 hahahaha krti bhi han thora karwati bhi han ab kia ho jata agar hubby kam bhi kr dy thoray bhot relation or mazbot hota😂😂😂🤭	1
hawwwwwwwn main to hon rishty wali auntie 😂	1
 haha.. jo sahi ho tareef karo or galt per tanqeed	1
hayeee lala ko na dekhen tou sakoon nai ata kia bat  kr di ha...🥰😍💓	1
ab baqi reh kya gya mzaq krny ko sary tou try kr lye🤭	1
  thank you for informing. jaltae hain kyunki unko kuch nahi aata	1
sai koi khanzeeri pedawar k gashtoray randi k bachay hain yeh madarchod. shouldnt even be allowed to fucking live heartless fucks	0
haan bas charsi or psycho hai mostly ☺	0
 kha show hota h vote ka muje pta ni h	1
abu se bhai jaan se chacha jaan sabhi se to halala krwa leti hai begum  or ye tera jeeja ravish khan usse bhi  salon humse akele he kar denge	3
abay bhen chod yeh pubg moblail ni pung pc hy original vhal baag chuthyyia indian	0
chalo atleast i got a 72, ithna opp heavy motion tha bhenchod	4
  haha aqal sy bahir h baat 🤦‍♀️	1
bhenchod meri best friend pe kabza karliya hai i’m going to slap a bitch	0
rt : yet again court proved,it is not lahore highcourt,it is lohaar high court. chutiye,bharwe #lahorehighcourt	0
 phir first class kaho na..😂😂	1
 hm nay ijazat di kr len march job rights ap mang rhe sochtay us par bhi lol	1
professional protestors of jamia+jnu perpetually at police hq! aur koi kaam nahi. 🙄 	1
lanat beshamaur sali tm pe kutti randdi	3
mera land lene ka kise mn h neri randiyo😍😍😍	3
comment pick up lines 😂😂menay jo suni thi aik vo thi if u were a burger at mc donald's u would be called mc gorgeous😂😂❤	1
masha allah khan ads sb.. ab aap kab goverments banwanay aur chlanay lagay..	1
 ap ny unfriend kyun kr diya snapchat pr ?	1
lo aik or phudi a gayi tension mat lo sab ki bari bari maroun ga...lun ki pujaraanioun ho saari👙👙👙	3
 pata nee kab band ho yeh sab 😩	1
bhai work pay depend karta hai app member bany hai tou isf kay har trend main bharpur sherkat kare jub app har trend main most active hoe tou isf kay admin  app kaa name promotion kay liye day dain gay first work our sath sab isf members ko follow bhe kary	1
 bachy ap k din nazdeek aein hai naah😂😂	1
rt : randi men can't even spell wives but want 4 😂	1
chup ker bharwe kutte ki nasal	0
mr president agar gaand me dum h to russia se lago tumhari maa chod denge putin 😂😂	0
faasla rakhain baad mein aap nay nabz kaat leni hai	1
tu bc h 😌🤣	0
bhn chod kha to tum rahy ho mulk ko greeb mr jaye tumhaain kiya	0
 100 percent agreed👍👍👍.. or jo aj kal loog khushi sy chill k naam per ye kam kerty hain jaiz way sy put also some light on them...	1
wesy shkl ton dr. nhi heera mandi di purani gashti lagdi a tu	3
this is arooba, people call her charsi😅😅	0
along with akhrot	1
acha wo dasky ki hain .. milna pre ga ab 😂	1
sawal ghandum jawab channa! counter argument karain or fact layan table pa chawlain na marain!bc pata ni kahan sa a jata hain moun chuk ka.	0
abe chutiye tu or teri ye gashti 2no mere lode pe....jhulo maze se gandu ...aa gya sala twitter pe aasiqui krne.....chutiya	0
 km krlo wazn ye taqreban ko 3 4 man ki ho gi	0
ghr sy nikalny sy kia hoga my dear wazer e azam sir plz kuch practical karain yh sirf humain takrerain hi krky dekhani hain bht umedain hain apse plz kuch karain hum apke sath hain....❤️	1
for omega 3take akhrot...gur (jaggery) .......these foods will help you to reduce the effect of air pollution......can u share it to all your nearest and dearest 🙏🙏🙏🙏 ,2019-08-19 19:31:20	1
lanati😡	0
 inko ye nhi pata k duniya ki behtreen intelligence pakistan ki hai....	1
yes omg ahmedi general bajwa is anti shia . lmao	2
#dgispr yes great dg sab 	1
bus kur do tc aap log please	1
tannan... constitution gives right to govt to make laws n thts wht govt has done. we won't allow thugs like u to spread goondaism...  tum kitna bhi bhaunk lo... kanoon lagoo ho ke rahega..	0
tum ny bhi dekh hi li akhir..😂😂	1
  love you great job allah pak aap ko humesha khush rakhay aur achi sehat ur tandrusti wli lambi zindegi ataa kare...aameen	1
jis tarah se teri jali, uss hisab se ye tera baap hua 🤣🤣	0
kaafir ka mtlb jaan liya tumne ???	1
bhaag bhenchod ek baar ke liye laga red chillies org hai🤣🤣🤣	4
21 jan 2020 ko aysy hee ek larki k sath hadisa pesh aya tha #hooznoor . kisi ny awaz nhi uthae. 25 jan 2020 ko mpth release hua tha. itni koi ch**iya awaam hai pakistan ki, mainy deikha bacha bacha ro raha..koi awaaz nhi uthaye ga.. aysy hee masoom bachon ky qatal hoty rhy gy...	4
 pata karen zaini 😢😢 meeko bura nai lagna na 💔	1
"    ohh bhai centi q ho rhy ho? ap ko kis ny namak haram bol dia? rather ap ny pehly ye lafz use kia.. genuine issues py hi bat ho rhi thi mgr kafi lambi nikl gai bat. 71 k issue""idhr hum udhar tum"" ko hi to addrs krna chah rhy hain."	1
accha toh jb harami ki aulad.. mahira ko likhri thi bade honth ki chipkali wo tere baap ne certificate dia h bolne ka?? dogle sale.	0
rt : q. woh kaun si qome he,jis ne such bhi bola phr bhi jahnum mein jayegi? ans: yahoodi or nasara qome. shahid sindh	2
han chutiye phat gayi gaand??不?不?不?不?不?不?不?不?不	0
aik say aik randi ki nasal dekhay magar pmln walay us say bhi agay hain.	0
randi gandi imran ki bandi	3
acha agar ye yahoodi oic , un mae huzooor aqdas saw k namoos kliye aawaz othata hae.. islam k image kliye awaz othata hae... i will love such yahoodi than those bigots of islam named mulla	2
  oper rooh afza dall kr khana shuru na kar dena ab😋. #achasorry	1
itni jaldi kya hai maadarchod ab to har roj main or mere sare dost tere account main teri maa ki coot main hi gaarare karenge just wait and watch samjha bahan ke lode randi ki aulad.	0
 bhai kush achi chez share krny ho ap k sath to kese ki ja sakti hy police k hwaly sy plz btayen	1
"pehle pashtuno ko dehshatgard dikha ker dunya se door rkha ab ""anti-state"" dikha ker sab ki ankhon me dhool jhonk rhe hai. hmare baro ne qurbnia di to tumhare jhande par tara lga wrna tum to bngal k samne nange ho ker aye the. yad kro foujio  #pashtunsstandwithmanzoor"	1
 haan sacha piyar aur insaniyat ka injection agr prents ne tarbiyat mai dala ho to essa zaror hota hai	1
ye ssty khusrey 8th main 8 baar fail honey key baad sarkari nokri dhoondh rahey hotey hain aur jab inki taleem key mutabiq nokri nai niklti tu ben dalna shuroo ho jatey hain	3
criminal kutta   namarad salmankhan hijra ki aulad	3
 tu kis kis ko galat kahe gi ghatia aurat tera maqsad hi bs behayi phelana hai or isi waja se tujhe sirf zillat hi mile gi	0
aby randi k bchy teri bhn ko ghunghru phna k choduu..  hmsay b preshan hojayn mujra chl ra k chudai chl re 😂😂😂😂😂	3
hahaha pahly sochun ga phir nah kah dunga	1
shia kaafir hai aur hum naam k musalmaan.	2
wasay india ke sub larkya pakisatn aati han, iss hesab say tu khusray tum log howay,wasay abhe india mean suna ha awaam halla bol rhi kya wajha ha, sargecl strk kab kar rhy ghus k, koi movie hhhh	3
halala wale tu humkona bta 😂😂🤣 jab gyan nhi toh bhaunk bhi mat tu ye bta apne chacha ki aulad hai ya mohalley ka koi halalebaaz tha tera baap 🤣🤣😂😂	2
 mereko bhe insta py shout-out chahiye mereko nhi pta main nhi... 😂	1
rt : ek to bc dimagh ki vese hi baji hui hai uper se is bharwe ki video ajati hai bar bar samne🤬	0
 tu khisak yaha sey gandu	0
 ajao ....most welcome... dil se welcome... kash kabhi to ao gi na ghoomny hi sahi	1
this randi should also tell thst the babri masjid was built on demolished temple	3
phir rat sy pqrhna shru kru ga	1
 rehny dy..itni tension na lia kar	1
astaghfirullah astaghfirullah astaghfirullah! bhai tmhara zameer is bat ki ijazat deta ha k koi b nabi ki beti ka ghar jalaye? wo ghar jahan nabi ijazat le k dakhil hon or ye 2 taky k musalman jalany k liye pohanch gye hon!  allah ne tm logo k dilo pe muhar lga di ha koi shak ni	2
  mujhy kuch nhi ptaa🤷‍♂️	1
laanat ho tum per jo itna jhoot bol rehe ho begherat  57 b$ ki investment sirf cpec ke projects pe ayee jisse kanjer niazi ne cap kr diya hua hai	0
jitnay b paisay maang rhy hain govt ko chahiey inko dy.  bht zulam hoa hy in k sath.  camps may zindgi guzari hain inho ne	1
bc, kaha se aaty hain essy namoony🤦‍♂️	0
is salman se koi ye to puchho ki mahira or aarti se jyada irritate krta h kya usko asim.kya plan le k aata h ye randwa har bar	3
sunao janab, pehle hi arz ki thi kuch nahi milne wala	1
rt : kitni pyari lag rahi ho aap suru aunty 😍😍😍	1
  abhi tk lagend ny apko block kiya k nhn?😀	1
 to ajao khusboo khuda ki kasam 5month se wait kar raye modi aur indians ko just mu ki bawaseer hy bhonkme walay kutay hyn	0
sab ka katy ga😂	0
agr koi bnda muhammad ﷺ par apni sansoo k brabar bhi #darood parhy tb bhi haq ada na hoga✋	1
i deserve a date with  in dono mein se hain	1
rt : what’s the role of the renewed interest in his faith (him apparently being ahmedi) in this suspension of extension for bajwa?	1
tere jaise bachche twitter per hi bhaunk sakte hain .	0
hur kisi k koi na koi story hoti hay.	1
 abhi nhi hua. jb hoga sb ko inform kiya jay ga 👍	1
  dekh lo ap log ik k joke ko b itna serious letay ho. its mean ik brand ha	1
 multan se laanat bhej rha hn.  tumhary next tweet pe phr se bheju ga.   jab tak zinda hn tab tak bheju ga haraami journalist soor ka bacha 🐷	2
   han bhae mjy dar lag raha hai eski dant se	1
mera to dil der gya, establishment itni ahmaq hai, ke dobara ss ko pm bananye lagi hai	0
ajj jaib mein 30 rupay aur host mein pakistan kay legend ko kar rha. 😂	1
tere jesi randi ko me chodta bhi nhi hu line ki baat kr rhi ha	3
didi ek bar padh b leti. caa bs unhe cover krta jo 31st dec 2014 tk a chuke and as a refugee reh rhe. unhe citizenship de rha, sbko nhi. aur fir bolenge desh main jobs nhi, bc padhna likhna toh seekh lo tb naukri ke liye rr krna.	0
yar bhenchod yaha tou abhi 12 bajay han meiko ko dhamthal ki puri khani ha	4
chlo bhenchodo	0
 fb day gy to dm hoga na	1
aap paidaishi ahmaq ho ya uss k lye koi khas medicine lete ho😂	0
 ahu ahu. per chief minister nahi wo dgisi banney ki safarish ker raha tha. dobara check karo.	1
lahore ka scene bnaon ga kisi 1,2 matches ka btaon ga	1
har rat ka andhera honey se pehly haal poch lia kro.  aesa na ho k hm matti me so jayen or tum duniya me dhondty raho.🥀	1
sir kuda ka wasta gy cancer ka mareez hy pasa na hony ki wja sy mr jay ga sir aklota beta hy ghr ka bucha ln us ko madad kr dn us ki 03007334159 plz allah k nam pr kr dn	1
since when army chief has become a head of state and baap? probably that's why bajwa created baap party, because he is now a baap (paap) of pakistan.	1
 reply chayea tha mujhy	1
me  19 having hangovers from excessive drinking: no problemo me seeing a 19yo drink nowadays: oyeee insan ban bhenchod marna hai?	4
isay khalis tezaab main dabo dabo k phle nehlaya jaye ga  us k baad isay phir tezaab say nehlaya jaye ga yahoodi ko	2
  just chill sab dukh waqti hain	1
  and 13 means 1pm afternoon and 10 means 10pm night  it's means vishal ko jyada tym mila hai	1
areeee bc tomorrow is cloudy and shizz ://	0
  qanoon naam ki b koi cheez hoti ha madam. agr us aurat ko problem ha to apny husband k against fir karwaye or court se apni protection ki appeal kary. aisy mard ko jab police or court ki tarf se danda jaye ga to all will be fine. this kind of awareness required to all women	1
didnt feel like is that song of cricket league or a bhngra for #shadi😡😕 marzi ha #asimazhar apna bhi yh krna tha..  #tayyarhain	1
 nhi yar main waqi bhot serious aur agy hoon 😅😂	1
16.7k followers ho chuke hyn apke filhal usi se guzara kren mera chota acount hy isko promote kr dyn allah apko uska ajr e azeem dyn gy😀😂😃	1
aurat ko islam nai galat lagta, ap log lagtay ho jo ye boltay hain k agar aurat ka rape hua to wo uski galtie usne sar par dupatta nai kiya us banday ki nahi wo bechara kesay control karay	3
ja, hum tari gashti bevi ko azaat nahi dee.  🤣🤣🤣🤣😂😂😂😂	0
 as a singer ap muje bohat psand the per ik ki mukhlfat me ap andhey ho ker jo ap keh rahe ap dil se utar gye jawad bhai 	1
q aap don hu....😲	1
oh bhai yahodi egandy ko parmoot mat kro	1
 mn ap sy tameez sy bt kr raha hn bhai jan ap mujhy majbor mat kro ap ki trah jawab deny mn	1
koi umer nahi, kisi b umer main ho jata ha	1
no no ...... hindu na kah mujhe ........islam bura maan jayega .......kaafir kah kaafir...	2
waah bhenchod...ye log apna point prove karne ke liye kuch bhi kar sakte hain bkl	4
 chor dya ma ny karachi	1
phaila hua hai haath tere dar ke saamne gardan jhuki hui tere diwaar ki taraf❤  #today 	1
rt : ye joker log khan nahin munafik hai	2
 nahi ignore krun gi😂	1
hahaa bharwe mene ek tweet ki hai mge oska answer de, abe recent tweet chk kr	0
asal may hm nay apny ap ko itnaa giraa diyaa hy k hm sirf naam k muslim reh gy hain or yehii wajaa hy k yahodi hm pr ghalib ho rhy hain kaaaash k hm  mutahid ho jyn.....	1
hame apny qaid ki asliyat ka pata ...tum zara pata kari apny niyazi ka is yahoodi againt ka	2
o ahmaq. molvi manzor ki ye sakht nahi ghatya aur fohash zubaan hy. ap abhi sakht naram k chakkar mn phansay hoe ho.	0
"calling opponents ""beghairt"" ""pait phar k nikaloon ga""  ""tracter trolley "" ""yahoodi agent"" ""qadiyanion ka yar ""etc etc etc are very grace full n respect earning language n.a.???"	1
ooay yeh tum ho. yaha kia kar rahay ho. hmmm.bachu.	1
tere mohalle ka halala karne wala agar lulli bahar rakhta to duniya me ek chutiya kam paida hota. ðÿ˜ðÿ˜ðÿ˜ðÿ˜ðÿ˜	2
    bhai abi in chkro m parny ka faida nhi q k agr hm is begas m pr gy to aurat march y twajo hat jay gi so plz ye bat hm bad m kry gy or daleel sy kren gy	1
absa g ap b aurat march ko sport krti hn☹️	1
bhenchod hum lums gaye to woh bhi lumsu ho gaya hai	4
mam kindly do tell me in multan where orat march is being organised as i want to participate in a march	1
abe akhrot si shakal ke #arhaankhan tu bolega #asimriaz ko shakal dek khud ko deka h itne bure to log adhar card m b ni dikhte 😂😂 #wesupportsidharthshukla	0
is repair khusray chupay ka mun wali ko b tag karo bhaio kyun ka isay b 2 mun wala azdaha ha...	3
nahi tu wahan majood tha jo tu yeh keh raha hai ke aurat ki ghalti nahi hai?lol	1
khwabob mn mat aya kro phir  sbha nahana prta ha 😄😄😄	1
  haan reh gaya hai tum jaise gaddaro ko pakistan bhejnaa...allah se dua karte hai jald hi hoga..	2
oy3 randi q shetan na tujy double lund dea jo us ki traf sa ha bc sali knjri phodii yawar ki.. i fuck u	3
abey ooooo aj k insaaf k baad tou tujhe bhonkny ka koi haaq nahi bhen chod... offline hoja warna bhoat galliyan parenge,	0
me nh download pe lgai hui ha😂😂	1
vg bigg boss se door nahi reh sakta kya. baar baar uss toxic environment mein kyun jana hai isse 🤦‍♀️😭😞	1
mehnat....! what the fuck....nhi ye barii mehnat wala kam kiya unho ny😂apna jism bechna agr mehnat ha to phir har randi mehnti ha	3
yeh young doctors nahee hoon ga na  😜	1
gashtorr or harami aikpic mein apko dono k milaap se paida hony wala bacha manzoor pashteen jesa ho ga😂😂	2
bahaaaro phool🌹brsao mere bhaiya❤ae hain😘 welcome😍bhaiyajani❤ bohttt miss kea apko😔 aj itny din bd live  bhai k show me dykh k dil ko tsali hui ese ek dum gaeb na hua kryn plz slamti ki dheron duaien💞	1
idk why people call this a yahoodi saazish while in judaism they have a celebration called as “good friday”.	1
 to sir agar  ap ne  mehngai nai ki to us pr notas to ap le sakty hen  jab ap ne mehngai ki nai to usy  rokty kion  nai  ap pm ho kar bhi mehngai pr roktham nai kr skty  mehrbani kejiy  choty choty bchy hen humary  kuch to khial kro khan sahib	1
ye mujay kisi khusray ka hand lag raha..😂😂	3
tumary bhen ko chodo randi k bacy tou istifa ly ga bhenchod	0
   apka account hi ni show hota open hi ni ho raha	1
 1 min b free krro gy tb charge hoga na😬	1
 bhai aesi tweet karni hi ni thi😃 be a gentleman...❤	1
beta triple talaq jo tere chut pe hamla tha uske baare mai batao#halala ki aulad	2
apia aj kal independent rhty hein... rts krna hoti hein.. manage nhi kr paaou ga🙏	1
 tm kasi bhs kr rhi islam ny kuch haddy rakgi hn	1
tw kaafir tera peo kaafir tera pura khandaan kaafir ooo churry trump🐱🐱	2
 okay bhai 😂😂	1
 don't forget main ny abhi kaha jb loyality b a jaon to or kuch ni daikhta😂	1
 aik jhaapar praa tha 27 ko to ye ganga shnaan k liay nikal gya tha. is baar kashmir ko alag kr dain gay bharat say...	1
mera banda he nae hai bhenchod 😔👌	4
tu dalla tha dalla h rahega bharwe	0
  lgta mry ko miss kr raha koi 😜	1
chutia tashkent files film sleeper hit gyi thi. uss film ko kya tere baap me banaya tha. saale, halala ki paidais.	2
 daro iss banday say jiss nay sunday ko exams diay aur sunday ko hi degree bhi haasil ki microsoft fonts ki degree jo 1978 mein maujood hi nahi thi phir bhi aysi degree 1978 mein li 1949 aur 1950 2 dafa paida hony wala insan hai narendra modi	1
  sahi chasma laga hai..!!!  tendua aur suar me farak nai pata..!!!	1
koi chupay na chupay my aaa gya .... koi nahi ata 😑	1
teri maa ki phudi mein lun.  bajwa ney choda teri ammi ko aor phir tu kutta kanjri ka bacha aia	0
aakhir ye kab-tak  hijday randiyow ki maan-maani  yahi sab sikhatye hai aur yahi sab sikhtye hai kya is jnu may  ager ye gandi nasal aaise hai tho inkye maa-baap pakkye hira-mandi kye bhadway aur randi hogye	3
koi vi samajhdaar admi mujhe samjhaye, aisa kb tk chalega	1
  karma hits hard  ye jo dehshat gardi hai iss k peechaywardi hai	0
people really dont want to listen to your shit bhenchod talking about it is never a good idea	4
bc kya chutiy*pa hai tujhe degree dekhni hai jha 2 hai kya be law ru ..koi aise hi pm nhi bn jata hai aur tu thehraa jahil gwaaraadmi gaddar saaalaaa k*tte ki nasal ..	0
english ki maa chod di tumne. jaahil qoum	0
randi tairi puuudddd	3
  no one is supporting marvi but yeh kya koi language hoti hai aurat say baat karnay ki? is that how you talk to women? kur is a disgusting man and everything that he writes is straight up trash.	0
lanati insan.	0
oh wao you made your slogan yes i know you are a bts ka hijra 😂🤘	3
akhrot ko haq nh chilgozay khany ka😒😒😩	0
bestie: ho jaye bhenchod hiv mujhe nai rehna h iss duniya mai. fuddu h yeh duniya.	4
bhenchod gand fati me tweet delete kr dia fattu	0
ye to farhan aktar niklaa bc... caa k liye kon sa kaagaj maang raha h ??? bc ye pakaa sasta nasha krta h... #fuck_anurag	0
 kon ni rhany ni de rha apko	1
  mujy nai pta lykn khushi ny ya tm ny hitman ac bnaya ha	1
so why do they call themselves ahmedi? any idea?	1
bhai apko vote bhe ik ka mila ha otherwise ap independent candidate ky tor py election ma participate kr ky dekh len	1
bhosdike.. tere 3 baap jo shaamil the wo muslim nahi the.. yahan gand marwana band kr aur in chaaro ke sath teri soch ko bhi faansi de deni chahiye lauvde	0
beghairat k bachy tera baap beemar hota or bahir k mulk ilaaj hona hota or tere baap se zamanaten mangi jati to tu bhi paisay bharta k jany do ya thora ghairat ka muzahira krta?? reply zroor krin agar baap ki aulad hai ✌🏻	0
yaar aap jazbat daikhain bss😭	1
sab nay mil kar. 	1
apko kehna chahye tha na mard hoon, na aurat hoo. main hijra hoon main hijra hoon, main parchi hoon, main defected hoon, main accidental chairman hoon.  #joker420	3
afsana bana k bhool na jana diwana bana ke bhool na jana 🌷💔	1
baap ka naam kaise le sakta hai ye kyuke ise bhi khud nahi pata ye kaunse aashram ki paidawar haj	0
faasla rakhen, baad mein apke ghar wale nhi maante #singlemingle  #singles	1
es yahodi hokomat s appil karna koi faida nahi	1
or koi horha ha?	1
shown more balls than many phattu bollywood twats.	0
amer gancy tb lago hoti jb moulana pm s istifa mangrhyty or y kasy hosaqta hn k istifa yahodi agant ko diya jy or abi kashmir banyga pakistan insha'allah humny kashmir s found ni lana blky muslmano ko bahrat k zalim moudi s azad krna h pakistan zindabad pak army agencies zindabad	2
like its about fucking time bhenchod	4
insaan k 3 chehry hoty hein 1 wo apni family ko dikhata hai or 1 wo apny doston ko dikhata hai or 1 wo kisi ko nahi dikhata yehe uska asal chehra hota hai	1
    mam ki shaadi thi aaj wahi gaya hoga	1
 please gujranwala main islamic behno kay march ki video share kro log apko follow krtay hain	1
in bhenchodo ny lhr ko khud ganda kr rkha hy har roz kuch nah kuch jala dety hain aur barish bhi naraz lhr sy	0
 allah pak aap k nseeb achy kry aameen	1
km az kam khusray nh paalta 😭🙏🙏	3
ham pe to kaju badam akhrot kismis bhi nahi 😂😂😂	1
allah khabees may say tayyab ko alaihda ker daita hai	1
~ mard ki wafadari tab dekhi jati hai jab uske paas sab kuch ho, aur aurat ki wafadari us wakt dekhi jati hai jab mard ke pass kuxh bhi na hon....	1
 abhi to mn n bht kuchh avoid kia ..shadia aur pata nahi kia kia😂	1
 aj ky bad wo chooza kisi ko gali ni dy ga promise kia ha us ny😋😉	1
nehru bhakts? abe gali kisko de raha hai be tu? launde tu galat jagah bhaunk raha hai. chal bhag yahan se. upar ke post ka matlab tu sarcasm ka meaning google kar ke samjh le. bhag.	0
qadiani ahmedi mirziee kaafir jo hen	2
hijra niazi 🤣🤣🤣🤣🤣🤣🤣	3
 toba toba. asal moman woh hae jo moka milnay k bwjud sabit qadam rhay.	1
bht bara zalil ha ye bnda	0
salahudin k baap ne bola k ham case wapis leity hein.tu koi issue nahi koi somoto nahi .is applicant ne bola k mein darkhawast wapis leita hoon tu us per pahla somoto then1 din bhi de dia mulk k aaein se problem nayi qanoon sazi coas k mansab ki insult pm k ikhtiarat ko challange	1
 meri tweet p apna gnda dimag ly k agya tha	0
   me ny apko s/o dia ap inko do chlo shabash	1
fasla rkhen bad men ap he ny mere hty huye b apni ex ki yadon men marty rhna hai. bhaar men q nae jaty yar ap?	0
 teri 0 ki h honi e ni to nzr kesy ay	1
rt : hum ek baar jeete hai,  or ek baar marte hai   toh bhenchod yh nhana baar baar kyo pdhta hai😑	4
wo in ki domain my nhn khiyali wala pul wo koi federal government nha ko grant dy ga tu masla hul hona	1
ek din ayaagaa hisaab lyngaa in zalimona se	1
dil jo hai heart hamra usy roz  new bandi passnd aa jati hai	1
bhai maa chod do in jihadiyo ki	2
league apni hai song apna ha so we must back it up rather than arguing. #hblpslv #tayyarhain	1
 by the way kr kya rhe ho tum 😂	1
irmnch program ko kb regular kia jaey ga  6 saal sy contrct ar lum sum pay 15000 jo k time py bhi ni milti	1
yahodi nizam pakistan may kamyab nahi ho sakta 😁😁😁😁😀	1
kisi randdi ki najayj aulad hai sayad tu, ya kisi bjp wale ki, teri bahin k bare main bhi teri yahi soch hogi kutte	0
allah pak is yahodi pm ko tofeeq ada fermay bolny ki	2
in kutton ko bs iqtedar cheae or ye kutte k bache apne aaqaon ki tc k siva kuch ni jante 😡n league ppp or hr us siyastdan per laanat jo pakistan🇵🇰 per apne mafadat ko tarjeeh daita ho	0
abe gahde tere baap me himmat hai toh jaake case karde 😂 or rhi baat aarey toh court ka order tha samjha former cm h hamara or teri aukaat nahi h varna tel laga danda kaha jaega pata nahi chalega tuje bs takleef hogi 😂 😂	0
  tu b to lrki e h aja😂😂	3
wo kehti ha muhabat krte ho tu 200 ka load bhejoo!   kya kre ab bechara zaigham?? 😪🌚	1
ye randiya desh mein gand hi failati hain inko aisi saja do ke inki pushte yaad krein ...	3
i am high as a kite and i am headed for another doobie. aaj apun chand pe jayega bhenchod sit and watch	4
bruh humne apke sath aisa knsa zulm kia ha jo isko wpis bjna ha humare pass!! ???	1
 idhr e ghom phir ri hu😃 group sy nikal dia ksi ny😀	1
 jub tum ny help karni nhi hai phir faida..🥺	1
     master mind nahi lodu hai hai or aise lodu har gali mein bhare pade hai sala chutya..	0
sarey bajwa k itihadi hain baqi khosh hon dey bahaney ney 😉	1
hero of islam jis na allah ka quran jalana waly ko sabaq sekhaya norway main ik yahoodi na jab quran pak ko jalana ki koshesh ki to is nojwan muslman na isa ondy hatho liya dua han allah pak is nojwan ko dono jahano ki kamyabi ata farmay.or is gustakh ko nast o nabod kary ameen	1
and you are pakistani why are you so much interested in india matter pak was made for muslims why all of them didn't get there?? after babri demolision in india, 30 hindu temple were demolished by jihadi in pak...recently ahmedi mosques was demolished in pak	1
tere jaise hazaro chutiye chamche the already is duniya me...par tere baap ne bhi same galti repeat karin a.....🤗	0
abe lodu dawood lahore me h...thodi research kr fir bhaunk	0
aja pen chod teri maa bhen chod dunga bhen ke lode saale ,,,,asim teri ma chodn aunda hou tere ghar londe saale lodo meter	0
rt : ye ab nend nai ari mjy bhenchod subha uth kr prhna b ha kiya yr ajeeb jhand life	4
randi chali kothe par thumka lagane...😂😂😂	3
zindagi mein koi kami hai lekin samajh nahi aata kya kami hai. gharwale kehte hain namaz dil kehta hai ishq lekin dimagh sirf kehta hai lpc	4
 raat corona nahi ab	1
tu pakistan ja randi	3
ye kamini haramjaadi randi deepika ki us time moving nahi hogi  thuu hai aise intertenmet pe  tayag hai aaj se  desh pehale  thuu hai iske mooh pe	3
takleef tu tumse zyada kişi ko bhi nhi. .randdi	3
 😬😬🤢 i believe kuch acha soch k rakka hoga btw what it means exactly ...	1
buht zaberdast choice ha apke 👌	1
jitna ganda  tareen geo news hai  is sy ghatiya media channel nahi daikhaa 	0
  tumhare liye road tax double lgega 😂 or agar kuch khane ke dil hua to double gst pay krna hoga.. lol	1
 kya huwa yrr btao tu sahi	1
thank god ... tu randi hai.... aurat hoti to sab ko terrorist ki rakhail bna deti 😂😂😂😂😂	3
 last time ap sy kuch pocha tha ap ny ignore kr diya😪😪 mjhy lga bhool gai hn gi😐	1
kyu be shera ki randi namard salman khan	3
hamza ali abbasi ko hire kr lete bc	4
akhrot le aana.. or kashmir ki kalin bhi 😂😂😂	1
hudd hi ho gayi bhenchod	4
 phir begam kalsoom nawaz ki dafa kaha gae thi ye gherat tm logn ki jb wo mar rae thi aur tm log kehte the k drama hai ye sb	1
mere ko nai pta beta ki teri ma ko bdsm wilderness ke bad bestility me interest agya aur wo kutte se chudwa rahi hai.😂🤷 bahut aag baki hai teri ma ke choot me 😒 i'm missing her badly	0
 sir yahan justice ko bhe huqooq nahi miltay ager woh je huzoori na karay... aam admi ko to bhool jaen	1
  ye mat bolo warna aap prty win hai 😁	1
yaha rhne de iski maa chod de logo ne degrees ginaa ginaa k	0
maine bhi yahi para ha yar	1
yeh aap ki bhool hai, ik khud kehta tha leader theek ho to neechay sb theek hota hai, ab ye to pehlay imran khan jhoot bolta tha ya ab aap log jhoot boltay hein	1
bhai to thek logo ko follow kro na randi rono walo ko nhe choice apki ha	4
india ka aur hamara aaj se koi lena dena nahi. 	1
in students ko wapis tou le aain lekin do we have the facility to diagnose or treat this virus? can we stop it from spreading? do you want it to spread in pakistan? they have a better chance if they stay there until a vaccine is made. 	1
bhenchod itna drama 😐	4
aur is ladki ko bolo mera land khaye bhenchod sali randi ki aulad	3
ye sana or uska bhai kese sun raha behan ke liye hahahs always supports  #rashamidesai #stopdegradingrashami	1
hijra!! paka	3
dekh bharwe madarchod	0
jo jugtain na maray wo fitratan faisalabadi nahi hota 	0
chehre se toh muskura deti hai maa par aankho se dard chupana bhul jaati hai maa.💕	1
another anti national rant from halala girl.	2
is sy pehly wo kisi aur ko apny bcho ka papa bnaey .. tum usy apny bacho ki ammi bna doo ..	1
 kaisi ho kyā hai haal mat pūchho   mujh se mushkil savāl mat pūchho	1
  phr koi aysa partner dhondhen jis pe already mehnat hui oi ho. 😂😂	1
 mobile mai option hota hai setting ka ap wahan ja k kr lo apni setting  hahahahaha	1
ohoo.... is tarha to phir sb companies jo iqsaat pr ashiya dati hain.. wo sb soodi hy r sath hi lany wala bhi sood ma dakhil ho ga...???	1
 apko nahi aaty?	1
 mera jism meri mrzi ki b zra detail bta den or hum ey nai khty k hum support ni kr rahy esy ligon ko to sare am phansi deni xhahey jesy logon ka ap ny video mein btaya hm esy behno k sth hen but ap jesi aurton k sth nai jo 1 boundary sy bahir nikl rahi hen	1
ji bhai usi ki cost bta rha houn ...bohot bara project hai tank kabhi google karna ...waise bhi pak army have lowest budget ..indian army has $65 billion , american $150 nd pak $6.8 billion	1
or tum ak randi ho bc. ghasti orut.	3
chai wala hijra hai	3
vo toh hai hei sasti randi aur koi bata	3
ye go tuje garmi ha is ke pache tare gashti ami ha	0
 god khan sab	1
abe chutiye,thu 1se ,100 thak ginthi hindhi mein nahi bol saktha,thu economy ke bareme bhaunk raha hai mada****d,chutiyon ka leader	0
firdus beghairt ki bachii	0
ap noni kutty ho completely beghairt ho chor ho etc ju ik nahi hai.	0
akhrot jazzy. 🤦	1
pti nay zeher diya ab jab pata chala hay tow bahir janay say rowktay thay. niazi aur pti walay beshaerm hain jhoota munafiq tareen yahodi imran chore. faraad govt. destroy pakistan ajenda khosa sahoolat kaar and naibe chore javed pco musharaf chamcha javed bagairat sahoolat	2
i get impressed by very dumb things e.g., university main aik bnda hath se akhrot torr leta hai jitna bhi sakht ho or ab jo bhi mujhy milta hai main usko bta rha hun uske baare main 😑😂	1
bare pyaare abu hain apke... mashaallah	1
o rundi ghashti hai jo 2 2 lun ak sat andar leti hai aur poren star hai aski maa hera mundi ki paydwar hai mean tawaif hai aska pura handan ghashtio ki paydwar hai hud to  lunchos k nam say jani jati hai	3
  kal ap k pm ne kaha pakistan pe qabzay k liay 10 days chahiay  we welcome him tea is ready	1
 check karwao doctor se kahin aap ko corona virus toh nahi ho giya...lol	1
ye sa**i toh pakka kisi halala ki paidaish hai	2
itne time se kis page per baat ho rahi bakwash kerne se pehle check karo kutch to chaat hi rahe ho khon ek side ko her galti ke liye bhi sahi keh raha hai .. ek baar bhi momta ke against khon nahi bola .	0
 bill to definitely increase hota hai zafar sahib last month meri qeemat bijli 500+thi per fuel adjustment 1100 k kareeb tha	1
   sana tu he jeetgi show #voteforsana	1
  isme meri tarif hote hote...insult pe kyu chali gai tum 😂😂🤣🤣🤣 jaggu 😁	1
wait i'm coming for fixing your heart 😂😂😂 btw yaar kasme 2 din sey neend nai a rahi pta nai kiun	1
tujhe kya mtlb, bharwe	0
oye bhen chod. bhen ne kitne se chudwti ha tum pta nai ha	0
 bas ab ue tweet kar di hy dil toor diy🥺	1
 bs kr du tweet per tweet	1
 😂😂😂bas aik hai dua karna tum okie😂😌	1
is kutya ki li lo.	3
dekho umeedwar bohat hain ab se main tumhe tang ni kronga. khudahafiz 	1
 or mard k bager aurat ksi ko paida kr k dekhay	1
twitter pe wo he log attention la sakte ha jo randi rona krta ha 😂😂 for example choro example ko ap ko behtar pata ho ga 😂😂😂💫	0
jawab jo nhi mila 😭😭 ek statement tk de nhi ska woh phattu insan and u have guts to object on deepika?	0
  pitch bnai ni barish ki waja se hui aisi	1
bghaghair chhilay say kam ni chalay ga kia sath may akhrot b hn	1
 press clubs me jesy inho ne mera jism meri mrzi kh k azadi izhaar kia wesy hi journalists ne wha se uth k apna azhaar kia.journalists ki mrzi wo inhy cover kren ya na kren	1
#stopisraeliterror   yahoodi mulk jisey israel ka naam diya gaya najaiz hai yahoodi sabse bada dahshatgard	2
biggest enemy of pakistan nation and biggest lier in the world imran chore zakat khore yahodi. khosa chief unjustice harrami dollars laiker late gayay hain imran chore samait naibe pco musharaf chamcha javed bagairat sahoolat kaar pti	2
bhenchodo delhi waalo	0
 zehr ki jga agr paisay mng leta tb hn nhi hni thi r ab dekh lo...😒😒😂	1
must .. aukaat se jyaada bhaunk gaye toi waale	0
tumhri maa kk chodu sale apni maa ko chod ke paida hone wale randi ki aulad sale apni behan ko biwi bana ke rkhne wale muhammad ki nazayaj aulad	2
lol... phir holocaust kehne per q tmhare yahodi bhaio ke jalti hae ?	1
 mgar shram tum ko aati ni, itna bughz muhammad o aal e muhammad say? kis moun k sath qbar mai jao ge.	2
when you ask a straight girl: are you lesbian?  her: yes, i love my sweet friend😍  when you ask a straight boy: are you gay?  him: teri maa chod dunga bhosdike	4
meri tarbiyat yehi hai k jo amreca ko apna baap manta hai na wo muslman hai or na us s koi hanra taloq hai tum nasl e yazeedi ho masl e yahodi or yahoodio ki olad ho	2
 i can say that too but i read it carefully ab tou sb mehnga itna ho gya hai😂😂 pata chlta rheta hai 😂😂	1
 hn tu lgty hn bs thek ay rola laazmi pana😉😉😀😁😁😜😛🤓	1
 khan sahib laton ke bhot baaton se nai manty jab tak koi ekshan nai lo ge ye asy nai many ge  choty bary sab afsraan miky huwy hen	1
haha lgta h aap k peehy zyada thrki h haha	0
 to ku krti ho itna yad kbi mil b lo	1
wesay toh ramazan hota hai..lakin agar ap burger bachay ho toh ramadan hota hai..🌝 	1
flop  randi hai deepika	3
humme toh apno ne loota gairon ki toh maa chod dete hum	4
chutiya charsi ladis budhdhi	0
ha buhat allaw a ! nwxt deakhty kb aye ga season 2	1
check karo tou 20 rupay metre ka kapra hoga kyunkay kehnay walay aur gawahi denay walay nasli jhootay beghairat	0
rt : sher abhi shant betha tha to ye log samjhe gya inko ni pta wo inka baap h #captaincoolshuklaji	0
  msla bhai wha restaurant ya shrab khna ka ni.......msla ya ha ka ya yha pr boht shdded bemar tha.....adlat ni ja skta tha kmar dard sa.....pr wha sab acha.. .. mtlb ya ka inho na hma awam ko phuddo smja huwa ha sb kanon hmra lia e ha in hramzado ka lia koi kanon ni ha	2
kia haal kr diya es beghairt pm ny, kha hum asian tiger ka khawab dekh rahey thy es beghairt ny hum ko asian fakeer bana diya , ! pti type,s ko mubarak ho ap ko 1 caror job mil gai han ,  jao khud ka khana kha kr ghar walo ky liye shopper bag ma dal kr lay awo, yehi job hai en ki	0
randi maa ke bachay, china bhi muslims ko oppress kar raha hai. wahan teri ghairat nahi jagti maderchod?  model town mein gunjay ne 14 logon ko mara aur 2 auroton ko, uska kia? teri maa ki phudi maron, bara aya ghairat mand.  ja kashmir ja, gandu.	0
 court will never summon ptm worker and leaders jin k narry pori qoum ki feelings ko hurt karty hain when they say abuse our state and army	1
rt : troubled boy? : shaadi kara do   shaadi not working? : bacha peda kar lo   still not working?: aik aur bacha peda kar lo…	1
no dude. this is twitter. you don't get bios written in french here. instead, you get madarchod, bhenchod  here in bios.	4
 idhr ae chori ni hota in sha allah	1
rt : sid is more popular than salman hijra #evictasimriaz	3
wah g munafiqat pm to charsi he hai hamara jaha marzi ho banda pm hamara woi rahey ga apeal be usi ko kerni	2
ab selaab aa jaye ga😜	1
#article6forptmleadership  lanat ha is ptm kutton par	0
na shukri awaaam ... bc itni level ki ceremony hai aur in ch****** ko bas burayi hy karni hoti hai her cheez ki #hblpsl #hblpslv #psl2020,	4
sir ye hamein na batayen k fake news hai. ye tu hamein b pata hai. app action len is channel k khilaf k woh fake news chala kaise rahe hain	1
rt : pakistan ki sab say bari achievement atom bomb nahi laree chootee hai, kya gaana hai bhenchod	4
hahah pata hai mujy ni bola par jisy bola uska comment solid tha mujhy baramaza ay hhahah	1
funny krty waqt kuch to wazn.ka khayal kro idi ty mj da v nai honfi😂😂😂😁 	1
"what do vendors actually mean by ""vip kelaaa"" and ""vip akhrot"" i mean y do kelaas n akhrot get so much protocol?"	1
   kis khushi main 😂	1
darasal meri adat nahi ghastiyoon k sath mazeed ghast bany ki ye to teri batien tujh mai wapas ghusaa ra hu or teri maa chod ra hu magar tu kaha samjhy gi ye batien chutiya 😋😂	3
 abhe he achanak dekha hai kr doga yaar ya bhe koi baat hai jigar hai to apna ❤	1
sir, aap mar kyo nahi jate bc.	0
achchha ye to bata do kaun se musalmano ke liye hai ...sunni ki shia ..deobandi ya barelvi ya wahabi ya ahmdiya ... kitni jagah abhi bhi abhivadan mein raam raam bola jata hai .vo kaun se muslman hai unka na majhab kamzor hua na vo .aapke jaise log kamzor hai	1
 sir plz ap hi hamari umeedo ka sahara hn allah k bad mehrbani krn sir cancer ka mareez hy hamara us k ly kuch krn dn sir bhooot duain miln gin ap ko ghr k akloota beta hy 03007334159 is number pr puch ln sirr plzz kuda ka wasta ap ko	1
chhee kitni gandi shakal 🤮🤮🤮🤣🤣😂 bhakkk randi saali jisko manti hai usse to dar	3
fasla rakain pir bad mein ap ko kial a jata ha hamra financial status match ni karta.	1
pehle mujse koi baat nahi karta tha ab bhe mujse koi baat nahi karta. 😂	1
if you became a dermatologist apke dukan ache chalege	1
gashti no 1	3
likha hai naam dekh lein 😬	1
kya haal hain maya jaalon ki rundi....? 🖕🖕🖕🖕🖕🖕	3
 yani 4 diwari kra ln😐	1
sunni killing a shia....what's new?  thank god he wasn't a ahmedi muslim otherwise the motive would have been to acquire a passport to migrate to western countries and continue their islamic jihadi work after retirement	2
 ni ap ki sohbat ka asar ni h q k ma apni wifi se kutt ni khati😂	1
o main tv pe arha hoon. 😂 dekh k betao main hoon kahan pe.👇	1
  hhhyyynnn 😦 mjy to nhi pta. ab to ho jani chahya. pakki hai bs main chooti sy 2 km peechay tak nhi hai. wahan ja k agay apko jeep ma jana parta. or jeep walo ny sai loot machai v	1
qk hum wait kr rahye hoty hain ap k msg ka🥺	1
ab q nahe aya ap ka tweet, bhang to nahe lay li jo aaj is jahil ahmaq gadhay chor corrupt insan k behuda byan pe is se sawa nahe kia!!??  bhens	0
chutiye yahi hu gand teng kar apni randi ki nasal	3
jala k dil bujha dia tu ye bta thi kesi ye deewangi 💔🎶	1
kitna paisa hai logon k pass bhenchod. sirf 24 ghanttay main 38 billion dollars ki shopping ker li logon ne. sirf ali express se.	4
oooo bhai maroo mujhy maroo... nhi koi mazak chal rha hy yahan py bc  🔫🔫🔫🔫🔫 #psl2020	4
ye dekho bhadwe ki nasal😂😂	0
guys yaha kuch logon ko boora lag raha kisi ko boora ni bol rahe jo dikh raha hai wahi bol rahe hai sab ghar walon k connection unka game strong karte dikh rahe hai efforts dikh rahe hain or ek connection ye hai jo i me my self that's it #kingasim	1
ooo babby allah sa dor choro k sath dana chor do jo gult ha usa gult kaho or jo sai ha usa sahi kro lakeer k fakeer ni bano	1
kamran be like mein bc pehlay he team mein nahin aa raha ye kya panauti betha diya mere saath. imam thinking about shadab scandal	4
hahahaha. 😂😂 phr bhe akmal ka nam nhai lene ka us beghairt ko jitne chance mile kisi aur ko milte world record banta	0
#mediastayunbiased mujhe achi trhan se yad hai wo din jab hamid mir ke sar par jeo news ka tajj pahenya gya tha. us waqt nawaz ki hakomat ti..r aj ye rishwat khor ban gya hai. q k ye hamry captan ke khelaf hai. 	1
menuu bandr bana ditta 😒😒	1
jui inahahallah pakistan say qadyani yahoodi agent ki hukmat awr ap jesy qadyani yahoodi ki supporter ki secret program planning awam ki samny rakty rehngy	2
      tum tumor ho..😒	0
aur ha hoshiyar most of the falling accident kidher hota hai malum hai kya 😂😂. metro se kuch nahe hoga internal transportation ke liye hai. most of th falling cases down side hote hai vasai virar kalyan dombivli and all. baap ko mat sikha	0
 ma to sirf itna kah rha k aisi tweets kro jin ka jwb ap ko bura na lgy	1
oye shirin kaise o g aap?	1
matlab pakistani yahoodi jaisay hein aur owaisi aur uss ka perukaar tauheed parasat hein,   sadkay jaoun tumhari soch k :)	1
in beghairto israel yahodi khanzeer kai bacho nai kia kuch nahen kia hain lekhin alhamdulillah islam wahid deen jo mohabbat sikhati hain nakai nafrat aur ye sab sai tezi sai phelta huwa deen hain is liye inko jalan ho rahi hain aur har koshish kar bhe chukai hain aur kar bhe	2
farman bhai ap hi kar dain q kay is harami nay jo aj bajwa sir kay baray main bakwas ki hai is harami ki sahi kar kay leni hay	2
or kya syria,iraq,libya,yemen,south sudan,afghanistan me hindu hi toh ladh rha hai🤨🤨. 9/11 hindu ne hi kiya tha, balochis, kurds,shia,ahmedi ko hindu hi toh maar rhe hai.	1
neend randi plis ajao	4
rt : karachi culture is enjoying a nice walk outside and hearing bharwe phone nikaal from behind.	1
rt : ask me for whatsapp and i'm gonna block you. bc baat nahi krni hoti to number lety hi q ho??	4
fawad tere ko apni maa chudwana itna maan hai kya indian se randi ke beta	0
 soap bhi bna do bs yehi reh gya tha	1
😂😂😂😂😂😂😂😂😂 ahahahaha bhenchod firdous awan bhi mutmain beghairat hai	0
madarchod muslaman ki kaum madarchod saalo ka imaan nahi hai bheno ko chod te hai bhen ke lode harmazaade uskiye apni  maa ki chut bhi chodta hoga aur chuswata hoga logo se saare musalamaan raand ki olad islam ki maa ki chut	2
 mujhy pata hota toh main ny yeah tweet nhi karni thi..	1
 per mery pas abhi pesy nai hain 👻👻	1
😂😂 han naaw acha hona achy wqt kam aye ga bura hona bury wqt😂	1
indian bhenchod jhootay hi rahe ge	0
 maths jaisa e subject hota h problms solve krni hotin banking busines ki.	1
dear bestie,  if life is rain,  you are my raincoat  aey maa chuda na bhenchod	4
sun bhenchod salman say jyada koi charities or logo ki madadd nhii krta jakrr khi check kr lay gandu...bass bhokna hay	0
ahmdi is a non muslim biggest cheap religion ahmdi.	2
uhhhh..... ooooooo acha acha acha loora choop bc	0
"motorbike is a dangerous vehicle ""jeri gadi apni 2 latan tey nai kharo sakdi o kisi hor nu ki chukkay gi""."	1
   main ny tumhain gussa toh nhi kiya..main ny kaha k main ab tumhain kiya kahun jab meri apni dost ny esay kiya..😭😭	1
    ary asy sab k samny ni smjhaty smjh jaty hen khd hi	1
wo larkia kha sy milti hn jo apny bf ko iphone or dusry mehngy gifts deti hn...???	1
  kaafi costly hoga na?	1
abhi thori der mai apni behn ko b meri randi e kahoge	0
no no ye koi army ka headquarter nahi ye hamari parliament hai 😂 shame on  laanat tumhari qayadat per  tum log to wse he choopa master ho  ap ka qaoor nahi roh zanana hai #armyact	0
udr teri bhen zda zrurat h chl aa jldi idr tko chod ke au	0
 to tu bataegi nai to pata kaise chalega?  😒😒😒	1
khud ko barbaad ker liye ni mile active followers 🥺🥺 	1
none of you kashmiris have ever done anything about fellow muslims like ahmadiya, shia, balochis in pakistan. yet have all the abuses ready for indians.	1
"agirl at the breakfast table says ""tumhari zindagi mein sab theek hai na tum aaj kal bohut udaas lagti ho"" yaar bhenchod khuda ka wasta hai ye harkat na kiya karo u think ure helping but ure makin it worse it's a rough day im not a comedian i cannot be fucking laughing allthetime"	4
 2%waly kon beghart hain	0
ek bat bataun, reply karne se moat nahi ati kardia karo bhenchod.(2)	0
physics department name was changed only because he was not a muslim. problem is not that he was an ahmedi. problem is why take away his achievements from the reach of kids, or not give him the deserved recognition, since he belonged to minority?	1
https://t.co/npmxa4wmoo just a reminder, 22.8 million children out of school. second most in the world and second to only nigeria. hope v focus on this &amp; don't dismiss it as a 'yahodi sazish' or something else     	1
   maa behen ke baare me abhi tk baat nhi kiya jab shuru krunga to bol nahi payega tu samjha kya	0
ye begerat hai hi yahodi	2
tmkb mc tum toh bahubali ko bahut bakwaas bataya tha bsdk.duniya ka sabse bakwaas lathkhor aur sabse ganda gali soch le apne aap pe  .thoo hai bc	0
pani zindagi hai.... pani hai to zindagi hai aao sub mil kar pani ko save karen	1
  dafa karo yaar koi faida ni hona awai mujhy bhi khapao gi sath	1
baap lagty hain tmhary.	0
  tune abhi kaha k nh h	1
beghairat sirf apne ko 'peaceful' dikhany ki koshish krta hai	0
 abb kyahi bol sakte hai apne apne pasand hai..!!!  wo uska personal hai apan kuch nai bol sakte badh me sahi galat pata chal jata hai..!!!	1
 ni hona chahy...nd i m hoping this time she will nt react..may be	1
bc kon sa dhoom macha di sab ke sab charsi hi h kya congress me 😄😄	0
chhor bhen chod hrami hindu chhor esko😠😠😠	2
  waah... phir to lazmi kisi hoor sy chakar chl rha hoga😜koi tips ee bta do😕	1
cheater saala, jhoota ... masters kabi asi chutiyaa game nai khelty or na e sportsmanship par kalank lagaty hain!! 🙂 sorry   u are no more favourite 🙏	0
i watched a few documentaries on third gender before...a group of hijra in india, thai’s trans, brit’s trans and a group of waria/banci in indonesia...how they struggle to survive...😔	1
bhai jis ka jism uski merzi now can we please move on	1
gand mara bc	0
nihayat beghairt shaks hai yh lanti... hmyn sharm aati hai ky esy loog b hmary upper hukmarani krty rhy hain	0
wtf sapnu bharwe	0
jamat e islami and jamiat ulama e islam opposed the bill.munafik akhir pakray to jaate hain phir kabhi na kabhi #armyact	2
 pehlay nhi pata tha kiya??😳	1
 nahi pat rahi, na free ma na paise se	1
din mei 20-30 time call karke harras karte hai..	1
rt : bhenchodo jb bachay smbhal nahi sktay toh paida q krtay ho 😤 hawas k pujariyon 😥	4
how patwaries defend this👉👉...u yahodi agent we don't need lawsuit we know ur agenda..😂😅🤣	2
report hogai ab isko famous krta hun insta me randi or chinal k naam se gashti aurat he	3
rt :   harami hyn b.c	2
 aur apps pay hein na general baat hai yahan to aik tum hi ho🥺❤	1
 😐😐😐main muktan ka hun to meharbani aus ka support ni karna aapny😑😑😑	1
hope you stocked up on akhrot.	1
waise tumhara role pmln main gaon kay mirasi jaisa hai ch ki tareefain kerna aur ch kay bachon k khanay kerna 🤣🤣🤣	0
    chlo maan lia k aisa kch nai tha. mgr ye controversy to phail gai na? hum tasdiq ka naffi to nai kr skty na q k sachai to allah hi bhtr janta hy.	1
zulfo ko koi sawarta ha, kismat ko bhi sawar sakte ha	1
 hindu monkey ko pakistan ka itna khouf khai ja raha he ke kahn ab ke pakistan ke sath jang hoi to pakistan tamam agley pichley hisab brabar karey ga our haqiqt me bhi pakistan endian ke sath hisab brabar krey ga	2
what the hell 😡😠😠 tu bi us ghashti bhenr chod begairat aurat ki baton me a gaya	3
apko ab samajh laggi kyun apko phupho phupho lagai rakhda c mai 🤪. apko dekh k apni phupho yaad ajati 😂🤦🏿‍♂️	1
rt : sab bhenchod r unki bhenein aik hi jagah pr.	4
maturity is when you keep your mouth shut when you want to say something mean to someone. only people at peace with themselves can do this.	1
kya be hijra taking help of congress?? u r rahul gandhi of shivsena shameonyou	3
"rt : boys says "" i'm single "" girls says "" i already have a boyfriend ""  to bhenchod ye larkiyan kahan set horahi hai???"	4
   hahahahahaha mian sb malike kul is party k	1
  haan bilkul she. meri b soch yehi h. aisy list m pata ni kon kon sy log hoty h.	1
haan to chutiye that's what his point is. apke abba nawaz ne kuch banaya he nhi hai. bharwe	0
bharwe ne machaya shor, tak thaiyya thaiyya	0
paisay ganjay nei daine hain aur mout iss beghairat ko pari hai	0
 mei tu mulk he chor jaonga	1
ahmaq means ..... nawaz sharif and zardari .. because they even don't know where to go , against or in favor of governments ...	0
apni gao mata ko chodny waloon ko azadi ks bharwe ne di?	0
rt : ye jo bhenchod ko bhenc*hod likhte hai wo sach mein bhenchod hote hai.	0
 hahahahahahaha aray nahi me sirf ye bata rhi hn farmabardar bv kasy banti😂😂😂😂🤭	1
friend :- bhai meri wali alag h after meeting with his girlfriend  and listening from her :- maa chod dungi ga*nd maar lungi  me :-bhai kuch zyada he alag h	4
lahore qalandr now   * hamto doobey hn sanam, sath tjhe b le dooben ge*  khud to bhr ho gai psl se ab quetta ko b kr dia😂	1
  shanti sabne dekhi thi jab desh main aag lagai ja rahi thi.	1
rt : agar apkay liye 2020 worst year hai..toh ho sakta hai kisi k liye 2020 best year ho ab tak..😐	1
oh bhen chod ye tou apny elaka may hara hai mc is ki tou baat hi na suno..	0
 q kay mera comsats ma b ho gia tha or bhai nay ni anay dyea lkn wo khud b gcuf say phara hai	1
 🤔🤔 chairs ka trucko se kia taluq	1
rt : parents: aagy kya parhna ha? me: nikkah	1
and the worst part is that people don't understand that you can't eat. they think aap dramay kar rahay ho.	1
hijra army to tumhari ha jis ka 65% area pr control hi nhi ha. 😂😂😂  dekho hijra army kesy buzdali se dekh rhi talibano ko district capture krty huay	3
it's not babbling, it's truth.u don't hv any answer for this. na, seriously tell me, america bombed the afghanistan most in19 bt u can't utter a word against them. they killed thousand of afghanis.did cat got ur tongue?hr wqt pakistan ka rona roty ho jb k america ko kuch na kh sky	1
galia do jooty maro mgr apke jan ni choro ga yad rkhna bs block mat krna😉😉	1
"everytime i am leaving for isb abba holds my hands and says ""phir kab aao gi"" and thats makes me think ""bhar mein jaae uni mujhe apke paas hi rehna hai baba""😭😭😭"	1
 kon he akhir wo hasti😃	1
bhenchodo hamare larko k liye ground  choty krwao sab hilane wle lrke hamare💔😭😭	4
 kya pata aesa na ho.	1
such hai news agar koi action na liya gya.. simple baat hai	1
we met for a reason. you are either a blessing, a lesson, or a bhenchod✍️	0
uski maa gayi thi tipu ke pas...isliye ye half breed bhaunk raha hai	0
jis adhi awam ko iska ni pta wo chary lun per. 	4
marwa marwa k suja dia apna phuddhi ab allah se maafi mang rai ho. dubai se nikal k . pakistan beja a tumain. ab qandeel baloch jaisa haal hoga tera beta	3
prh ly bhenchod	0
tatti se yaad aaya teri ammi theek hai halala ki aulaad	2
 ya allah shuru main ana tha bs wob reh gaya tha 😅	1
"bv be like ""abay saalay"""	4
  sahi bola ye bc overacting kr rhi hy naik hone ka	2
 redmi note 8 pro le lein mein wohi use kar rha hun.	1
rt : laanat hain anurag thakur. “goli maro...”	0
hahahahaahha madasrachaap halala ki paidaishðÿ¤£ðÿ¤£ðÿ¤£ðÿ¤£ðÿ¤£	2
main aisy tweet kab kro ga?🤔🧐	1
m firqa wariyat m nahi parhna chahta, muslims mjo ahktlaf hen wo apni jaga , lekin pichly 200 saal sy muslim is liye mar kha rhy hen k sunni shia wahabi dayobandi bla bla ,,yahodi or nasara ny na koi sunni mulk chora ha na koi shia,  wo bs yehi dekhtay ye muslman ha ..bs maro isk	2
mu se beta angoor khane ki tameez naa ho toh gaand se akhrot todne ki baat nhi krte🤣🤣🤣🤣	0
wo ahmaq kitna arsa charha raha tum pe ?  sharam karo jis k nechy itna arsa leti rahi os k bary mein asi batain ?	3
 😂😂 ok na btao hah	1
bilkul,itny lecture milny hain jese christmas or new year pe milty hain ,kya apko pata bhi hai k kaafir janwaro k haqq main dua bhi nahi krni chahye	2
teri maa ki choot , behan ke laude,kanjar di aulad ,randi. ke bachche. teri behan ko kutta chode aur wo pille paida karegi😁😁😁	0
zafar bhai sheron ki foj ka hijra commando	3
  mery pas kuch tweets k ss b thy jin ko dakh kar main bohat hansi thi 🌚🌚🌚😂😂😂😂	1
tm sirf bharwe ho	0
kisko vote karu bhenchod they're taking us for granted...	4
agar officer aise kare ga to hm kia kre ge	1
neend k liye kosish nhi mehnat krni parti ha😃🤣	1
   mashallah aap ki soch 👍	1
yahodi bacha niazi kutta	2
ye november ki her 11 ko apni didi ki choot or upto 70% discount ka banner laga kr ghar se nikal parta hai ksi gareeb randian maa ka poor bhenchod son	0
 achaww ab aap bhi aese kahain gee🙂💔	1
koi larka real life mein bhook hartal kar b ly na phir b usy milna kuch nai kyun k orat ka koi bhrosa nai kia pta wo keh dy k mene kaha tha ap kri bhook hartal	1
kya aap ki twich me keera 😅 (2)	0
celebrates birth anniversary of terrorists like afzal guru, enjoys martyr of our soldiers, hangs portrait of lord rama, support kiss of love campaign. and talks about changing india. mooh se papad todna nahi ata aur dusroko g**d se akhrot todna sikhate he ye log. #jnu	0
mjhe pta mera koo innocent ha 😉	1
 aurat ki mrzi shamilhal na ho mrd hath b nai lgata yaha shadi shuda mrd b bazoqat aurat ki razamandi chabta hota ha  yanni k ye sb aurat pr depend krta	1
teri ma ki choot takle tujhse achchhi hindi bolne aati hai tumlog ne saale pure desh ko barbaad kar rakha hai	0
 hahaha sb smjh rhay hon gy k kisi ko tou aya hoga msg 😂🙊	1
teri randi maa ki choot maron, heera mandi ke bache, tu pmln ko follow karta hai.  tera baap to tere maa ke yaar modi ko ghar bulata hai. teri maa ki choot mein modi ka l, modi tera baap hai aur ghairat ki baat karta hai? harami kuttay, randi ke bache patwari.	0
bhenchodo har waqt negativity ko highlight karo ge news me despite knowing ke kitni saazish mulk ke khilaf ho rahi hai, to yehi sab hoga na.	4
visa dila do is bc ko	0
bc show ka kya hoga??	4
  please itni bri khushi humain na do kahin mar he na jain hum   itne ehsanaat ka badla ye awaam kese dy gi   na kro kum qeemat apne pass rakho shayad tumhari koi zaroorat pori hojae	1
how can i be kaafir in my homeland? do u even read? really please tell me do u even read or whatsapp, sm and tv are your only source of information?	1
  khan sb k jany k bad pata chaly ga in par kitny lagy hay... bara tara bemar dado jasa mo hay...	0
likhy jo khatt tujhy wo  teri yad main hazaron rang k afsany bn gaye.	1
 tm b kr lo yr me kon hota rokny wala 😅	1
mahira to asim : tu chai me mooh doobo ya uupar fenk.. jo marji krr🤣🤣🤣🤣🤣🤣  #biggboss #mahira	1
mery liye b koi kr dy aisi tweet😭😭😭 	1
jo teri maa ki nangi tasweeren banwa kr pakistan me banta karta tha tha voh imran ni  farari shareer loharan qatar wali ka aaba tha ... sale bharwe	0
 kon kya mtlb? 🤔	1
mene dekha hai aur dekh b rha hon kmal ka hai	1
jhoota shaitan jaali p m imran chore zakat khore yahodi agents both are bajwa and imran chore destroyed pakistan and business of pakistan nation	2
ta k or bera gharaq ho jae😂	1
 bhai rw wale troll kar denge rahne de politics😂😂	1
es bhen chod ka kam rundian ko self satisfaction dyna nd dream dekhna	0
khanzeer diesel	0
 jb me bore hota hoon na aisay hi ultay lifz likta hoon.	1
uneducated. agar maa baap ne sikhaya hota ki dusro ki izzat karni chahiye to yeh naubat nhi aati. ya tumhare acc. maa baap bhi paise lete h apne bache ko sanskaar dene k liye.	0
oye youthye kisi awara randi ke thook tomary bachon pay aur tera bapp zakat chore yahodi fund chore apni shkal rakh aur apny harami maa bapp pey lant behjh aur thoo teri maa pey jis ne tujy piyda kiya	0
nh bnde mae koi haya hte😂😂khud ko he marasi khaelwa lya😂😂	0
 pehlay tum bano phir hum banain gay..🤣🤣	1
hakoomat nai 25th january #danish ka yom e wafat qrar diya jis din holiday hoga! #meraypaastumho	1
ise common man ni  mirasi pan kehte haun	0
lanati h ye	0
 ku k tum mjsy bat e ni krty	1
abyy sun lund h mera mota gand h teri choti.  nichhy teri baji ka randi khana.  upr teri ammi ki kothi ✋😂	0
oh teri maa ki choot apne baap ko gaali diyo teri maa ka bhosda dalli chudai k rand k peele samjha	0
muh me inke daant nahi.. aur ****** se akhrot todne ki baat momos wale	0
rt : kitne vaade, kitni baatein baaki hain kitne din aur, kitni raatein baaki hain.	1
rt :  meri naseeb dekh tu meri valentine	1
 mar rahi hun kiya main tumharay follow k liye..😒	1
were things like this back then too? my best friend was an ahmedi. we never even felt it	1
  uss waqt shakh rasheed saqib nasoor k hath ke chr-ee or jayb ke ghree bna howa tha	1
"#pakistan  coas qamar javed bajwa is #ahmadiya a qadiani! anti-ahmadiya ordinance  law of pakistan do not allow ahmadis to call themselves muslim or ""pose as muslims"" which is punishable by 3 yrs in prison.  plea filed against #bajwa for being ahmadi   kya hoga iska?🤔 exile?"	1
yaar mujhe koi goli maarde bhenchod	4
why do all such girls meeting with mufti qavi?   will mufti be in news again or will #hareemshah end up like qandeel baloch? #hareem	1
randi bohot pitegi	3
tu apni ma chudane bhich me hi rahta be bosdk	0
it is cleared now asim use krr rha tha sid koo.agar sid n hota yeh fisrt two weeks mein nikal gya hota.he is a thankless person. tbb to  bdaa bhaunk rhi thi himanshi mujse door rhoo mai engaged hoon. fir abb kyn chaat rhi haj asim ki. #evictasimriaz #staystrongsidshukla	0
  zulam to her jaga horha he. krne walloon main ferq he.	1
 main chanay bech rha hun 800 rupay pao	1
poochna ye ye tha k amir liaqat apni wife ko bhej raha mera jism meri marzi march mein	1
but why pakistan don't want bajwa again ? why lawyers are protesting against #bajwaextention ? they have fear that if bajwa will get more time he will think about ahmadiya only ? or pakistan don't want him ? because he is kafir according to pak ?	1
svl phudi ko bol unblock kare bharwa	0
yogi + modi = harami	2
 bhai tujh rok bhi kon raha hy ja zra jaldi ja na	1
nhi halala ki paidayash k gharo seðÿ˜	2
 insta account kyu jaa rhe hai sabke ? do account ki information aa gayi, ek aapka orr ek orr .	1
it's not pandey but panday. wah bhenchod.	0
 if u don't mind.. ap ka naaam mubarak pata chal sakta hau?	1
    hahahaha acha mazaq ha 😅😅 bhae khud wo krushna ko kbi g ni bolti doosro se ku bulwati? even jb wo khud aya tha tb positivity thi yento negativity phela	1
ussi din apka dimag apke liye life jacket ka kaam karega..!!!	1
 keya hua aap ko 👀	1
         kya kare bacha lakh bura ho par tension toh hoti hi hai  nawaz shariff is missing kahin delhi me toh nahi chupe hai woh  #shaheenbaghprotests me check karwa lete hai 500 rs + free briyani mil rahi wahan	0
  bhai jaan, where did musalmaan came here? i am talking about political parties?? gandhi ji ki killing se kaun se musalman ka sambandh hai maulana sahab? apna agenda ghusaane ki koshish na kijie🙏	1
tab tak road cross nahi karen gi jab app k or unke darmayan faasla sirf maut ka na reh jaye! 	1
 punjab bhara pada hai one side luv say. 😉	1
minus (randi) she might have sold her soul, but body i don't know which allah ki mullah has purchased it.	2
poblem with the 'randi bhadwi' joke format is that one can only be either of the two as the two jobs are on the same spectrum but mutually exclusive. sex workers do not possess autonomy over their own bodies, unfortunately. if only they weren't pimped, trafficking would decrease.	1
fuck this im so goddamn pissed bhenchodo aik insaan ki zindagi tabah karke kia milta hai tum madarchodo ko? chutiye haramzaday. lun pe charhe ye mulk. azaab lao bhenchod bohat bardasht kar liya inhe	0
  main thik hon.. tum sunao 😂	1
haha kya ho rh aj ma ny miss krr diya🙄🙄😐	1
rehna tu hai jesa tu thora sa drd dill thora sukoon	1
ni tery jesay or ganjay jesy tatto ko phr mulk ka wazer azam bna den ? bhenchod bat sai se kr ni sakty kuttay jesi shkall uthaa k sahafi bny huye hen	0
pata chal gaya tum kis darje ke c. ho . arey bewkuf pehle caa ke baare me padh uske baad bhaunk. jo yahan ke citizen hain uneh kuchh nahi dikhana. logon ko bewkuf mat bana .	0
inme se kisi se fb nhi milta medam	1
 han ye scheme sbko bta rhi hu	1
tere pakistan ki to maa ko sare world ne choda.bhenchod india ke bacche chup.	0
 ye b talent h 😂	1
 tery jesi ko to koi dekhy bhi na, sex to buht door ki bat h harami aurat	3
tu asli madarchod hai abhishek singh. pakka halala ki paidaish hai tu	2
 police k ghr ki kheti hai kya ...jo bina kisi order k kisi ko bhi rok le	1
 flu ki tarah hai virus you won't have to do anything.	1
  just fun 😠😠itna serious mat lo	1
  marna he better ha ..pehle kon si awam money se bhare bags rakhti thikhan ne wapis le lie?na shukri awam	1
  ye kya hai	1
yeh pher behtar hain, meri university ke yahoodi class ke 50 logon ko free propaganda trip ke liye israel le ke gaye...aur meri class walay gaye....	1
 woh iss table per nahi tha.. kisi ne bulaya to betha	1
koi shakhs tou youn milay   keh woh milay tou sakoon milay	1
ya deen ka karobar karnewale jinhoon ni khan ki pheli sharikehayat ko baghi kia yahoodi yahoodi kah kar	1
i don't wanna perform tomorrow bec bhenchod 10 bajay paunchna hai but i committed to  already 🥺	4
hatt re maadarchod...👈 ye thik h na 👏😂	0
why give nawaz sharif bond to a biggest lier in the world imran chore zakat khore yahodi destroyed pakistan and business of pakistan nation. ckickout imran from pakistan government and put to jail for the first time real accountability start in pakistan. naibe work only for pti	2
mujy bi cahiye followers koi ju interact karay thora buhat raat ky is pehar jab me shadeed bore hu ra huta hun	1
bhenchod sab mil kay chutiya bna rahe hain	0
 kia mein wohi samjha ho jo aap kah rahe hain 😋	1
teri peen de chooli kisay randi diya bachya ,  nawaz nu kol teno v tattiyaan naal baan k lay ja way	3
allah pak aapko sehat de aur aap rashmi ko khud yeh btaao k aapne uske liye twitter join kiya tha	1
 is ki qurbani sub say berhi hai.... is ko tahpar saari umar yaad rhain gy 🤔 	1
teri maa ki choot daly dabu zulfi bukhari ka naam ecl sy1 ghanty ma nikalwa lia tha us sy to koi guarantee ni li gae thi.bhen chodo awam ko chutiya banaya hua hai.kanjro	0
better being a hijra than an anti national....	3
ab fati tumari madar chod abhi tk to badi shanti wadi bat krrha tha tu bhen chod	0
tera rundi ronnaaa kisi masalli ki aoulad kasbi hy ya phir mochi begherat aourat	3
tum usi ahmaq ki choori hoi ho,lahore	3
abe bhaunk mat. mere bete mere laal. aaja baap ka pyar lele. tu baccha hai aur rahega. manne bera ni duniya tere bare me kya bolti hai par tu rahega mera hi beta. aur yeh rajneeti me tum abhi janme ho. rehne de pange mat le	0
couldn't the same women power abl to frighten halala polygamy addicted muslims  ???	1
okay. for now i’m watching kaafir on zee5	1
 main b mst hun g	1
 😂 pucha nahy kuch phr?	1
bhen ki lodi. bigg boss nahi dekhti toh bakwass bhi mat chod.  betichod. tera baap hai #sidharthshukla #appologizetosidhartshukla	0
"saw bloodywood performance at wacken, it was so good to germans embracing the indian twist and dancing on it, unlike elitist indians who have problem with every fuckin thing and later crying their ass ""scene kharab hogaya"" bhenchod scene nahi tera dimag kharab hai."	0
ngo walio auntio kindly bring your maids to aurat march #auratmarch	1
 wo to me hn hi😌	1
 bilkul guys yeh mat socho mai nhi keron ga to koi aur ker dey ga yeh socho agar mai b ker don ga to margin increase ho jay ga aur thora thora ker k he record bantay hain. #keepshiningsid	1
waisay suna uski beemari theek huey ya abhi tak bc mustanda tarap raha hai	4
 tmne tu aj date pe jana tha na 😂	1
ahahahhahahahha bhenchod he lives on money of crooks like jkt , aleem khan and swati who pays for his grocery to cars . how is he not a haramkhor	0
yha goa ni jane dete h ap bangkok ki bat kr re h...🙄  it's like muh se mungfali tootti ni  g**n se akhrot todne chle h 😬😂😂	0
yahodiyon ka kuta aur yahodi ka damad	2
please explain why there is a lahore ahmadiyya movement for the propagation of islam which is a breakaway faction because of their diverging views from the common ahmedi belief that ghulam ahmed was a prophet	1
yar dusri id sy tag mat keya karo main ye id use karti hu 🤦  say no to  ✖️ say yes to  ✔️  🌚🌚😂😂	1
 wahh🔥🔥	1
sahi main maine to tv mute kr deya jitne bar unke conversation dekhaya	1
 wo to dekh lia no doubt u are well mannered btw acha laga ap sy baat kr k khush rho hmesha	1
aftab mbbs degree show karne ki baat kar raha tha maine kaha ki indian visa show karo agar himmat hai to,  bhag gaya hijra sala😂😂😂😂	3
 kon atnaa text karta hy apko ka ya nobat a gai	1
rt : welcome back khushi jani ya acc tera tha or tera hi rhy ga tens sa damg kam hi nh kr rha 😔	1
sudia yahoodi bhai bhai	1
jahan auratmarch k khilaf buhat sy objections lagy, high court ny faisla diya k aurat march k slogans auratoun k haqooq k lye hein or shariyat k mutabiq hein. #auratmarch2020 #auratazadimarch2020 #auratmarchlahore #auratmarchmultan #feminism #auratazadimarch #toptrending	1
  kaaash main aisa kar pata😢	1
" in a fair world, even the home minister would have faced the consequences for saying ""aisa button dabaana ki shaheen bagh ki janta ko current lag jaaye"".. button.. trigger.."	1
tu apne aap ko dekh pehle baad main dusron ko judge kr jo khud top4 tk main ni rhii wo ku bhaunk rhii divorci 	0
sana aunty ab to bas kardo our kitna liberal hona hai tumko????  apne abba nawaz cha-cha zardari k bare men tumhari zuban band ho jati hai poora pakistan girvi rakwa deya economy ka bera gharaq qarzo men lepti kia kuch nhi keya pakistan k sath tere saigon ne??  ab bas krdo	1
 teri jamaat ko aik haraam hori march b krna chahye..	2
sir aapka kutta bhaunk rha hai, please ghr le jaaiye isko.  	4
abey bewkoof, jis zameen par tu rah kar bhaunk raha hai na, woh bhi hinduon ki hi hai. 😂😂 70 saal pahle hinduon ne hi bheekh mein de diya tha. tere jaise tucchon ki aukaat nahi ki tu kuchh de sake. pahle pakistan ko bhikhari hone se bachaane ka soch.🤔🤔	0
 wsy to quran pak hi kafi hai.aur aik book hai misaali aurat  written by maulana zulfiqar ahmad naqshbandi shab yeh writer hain google sy pdf download krlen	1
tm gashti ki bachi jo marzi krti phiro ab bat apne pe ai to sath e phat gi teri	3
  magic bat from chain khuli ki main khuli.	1
kia bhenchod hai ye	0
aby salay rat kabadi m kesa chaita tmhe😂😂😂😂😂 bc february m e suja k bhjty hn tmhe har bar but tmhen b pitne ka shoq h hmse😂😂😂😂😂 itcha pori hugi har bar thoko enko saly nally	0
tou case kero ns per sarkaar ka paisa aik zani khan ko kion diya jo ball tampering kerta tha.aur apni maa ki name per siyasat.awam ka paisa kisi kabil bandy ko dena tha na ki haram ki aulad paida kerny waly shrabi kababi ko.jwari ny paisa lotaya apni yahoodi saly ki sath.	2
he was born and brought up in uk right? tou woh pakistani kaisey howa rundi ki bachey!!	0
boht bc hai	0
#idrees ik saal purana qissa hai ik larka tha deewana sa ik roz muhabbat ker betha or ab k sal ka qissa hai ab wo mazi ka hissa hai wo pyaar pe jaan ko waar gya or apne aap ko maar gya sare jag se jeet gya bas apne aap se haar gya 😂😂😅😅😅😅😅 	1
exactly & i heard somewhere ik wanted sheikhoo to resign as he didn’t want to fire him but sheikhoo being sheikhoo didn’t resign as he’s a mutmaim beghairat.	0
good question.... we have to ask these questions n also teach our children. verna haal hamari young n modern youth ko dekhna ho to bol tv ka champion show dekh loo jis mn unko islam ka kuch bhe nhe pata. lkn wo sab musalman hain.... 😭😭😭	1
i swearrrrr. matlab banda aram se europe mein rehta, aur yahan bhangiyon ke liye jaan maar raha.	0
ye b halala ki paidayash he hai ..ise apne bap ka pta he nahi hai	2
o bosdk nikal rahul ke	0
hum me bohat ghwrat hy beghairton se hidayat leny ki zarorat ni !  tu bta bhai imam kabah ny social media halal krdia ?😂😂	0
jhut islam mein to haram hae. aur muslman jhut nai bolta. any how ik mazhab mein halal hae taqia k nam sy. jhutun py allah ki laanat ho. aameen	4
rt : muze to apne aap per sharm aa rahi hai  main kon si dunia me rahti hu. #jacsimfever	0
such kehtay ho chor nai ha choron ka sardar ha chor ki to koi okat he nai ha bayghart kanjar kashmir frosh lanti sazishi imran yahodi k samnay apni family ko dekho fardos veena malik afzal chun babar awan jahngir tareen tum kasm day do main youthiya ban jaon ga paka wada	2
exactly wohi kia gya hai jiski planning ki gai hai. baqaida mansooba bandi k sath achi bhali team ka bera gharaq kr k ab malba youngsters pe dala jaye ga. koi banda nhi jisko confidence ho k us ne agla match khelna hai. #thankyoumisbah	1
mae kahani mae aik naya mour bhe la sakta houn..  mae tum say milnay japan bhe a sakta houn	1
 main ny is say ziyada horror dramay or movies dekhi hain..🤣🤣	1
hats-off to the fellow commuters for standing up to anti-semitic abuse.  musalman yahoodi bhai bhai.	1
yahoodis on top and no muslim country in 10 top.  yahoodi sazish sy darny walo ko apni jahalat sy drna chaheyey 😷	1
rundi ka bacha bharwaaa	0
ik ko girany k liye ye sb 100 bar gir chuky hain r 1000 bar mazid b giren gy.	1
tu woh kanjar hai islam ki aarh main yahoodi say bhi batar hai yazeed main tum main bas itna farq hai k tum abbasi ho baqi tu sab ek hai	2
hat bc	0
apni ammi aur bahan ke sath aise hi baat karte hain isiliye tere country mein sab log hijra ha🤣🤣🤣🐐	3
aur 3 kilo akhrot	1
how ahmdi's are muslims ? its a big debate  this offshoot only developed in 18th century?in europe someone claim to be jesus rebirth they roast him 🔥  🇨🇿 courts did it back in 2016. ahmadi's can be anything but not muslims.	1
 asli main red red ho kia?  golay molay pappar ke tolay	0
    mujhe to hassi a gyi je sun kr ke sidnaaz khtm ho gya kya dekh kar gyi hai ghr main.mujhe to lgta hai je sid ko arti ke liye pasand kr rahi hai or rishta krne ayi hai sid or arti ka jo bol rahi hai sidart trend chal raha hai.bakwas lady go back your home sali	0
  aray bhai laxmi bomb ki prediction nhi puchi thi😁😁😁	1
saali , tuje gaali dene ke liye hi follow kar rha hu, otherwise tumko follow karna sharm ki baat hai. tu saali kya karne gayi thi jnu me, marane ki aadat teri gayi nahi abi tak.	3
ji o chodry ustaad lgga en... india di pehn di siri	0
unka batting lineup unka bowling lineup bc no comparisonn	4
myne b shugl myn pocha😝wese bta he dyn ab?	1
iran, a lion 🤣🤣... killing 0 us soldiers while murdering iraqi soldiers. rundi rona kiya bus aur kuch nae.	0
g bhai bilkul ab to   behan be hamry sath hain ham sb mil ky aik group bnaty hain	1
  aisi glamorous ko pashteen pe bht takleef hoi q k ham piyala hain ye	1
bhen chod wao apki behan b chodu sath me	0
i don’t think i have focussed on any other countries either over the past 3 weeks. and yes it’s mass murder on syrian kurds and yezidi, ahmadiya and minorities in pakistan and yemeni’s, your tweets on that?	1
   haha ab ye to  bhai ko pta ho 😜	1
hi rundi dm wapas kyu nahi karti!?	3
 payaar jb b hota h sacha hi hota h😂	1
 nhi yr dekho ab 50-50 hogya h toh kuch kh nhi skte hum ab na baaki intazaar h dekho	1
 ek nhi bhut hai....  bs sochte hai ki goli na chalani pade to acha hai...	1
 wese kamal bat hai k gareeda k baad ab asma ki nazar b ss ki topi pe hai	1
  ab to hum ko bhi pata hai mgr ham nay 2 ghantay pehlay pocha tha	1
ahoo ya tu phir bomb sath lgayaain na phir tu pata chaleeey 😂😂	1
once a beghairt, always a beghairt  -our physics teacher	4
rt : aj danish ki pehli jumm e raat ha	1
 you are wrong  agar sirf gold say bastay hain tu mujhay koi kuin nahi milti	1
is bharwe ko khila kyun rahe hum	0
😂😂han boht tang hoon mein toh lekin keh bhi kya sakti hoon🤦‍♂️😂😂	1
 haaw m to tumhen celeb smjhti thi	1
chel bhenchod saley  pathan pnjabi bhi hain hamesha se	0
      hawwwwwwwn pata hai 😂	1
ab ye ham bol de to sala bolegi sexual harassment abusive ho rahe ha.... but kya kare liberal sali randi ha randi ko randi bolna bhi gunah ha	2
maro bc ko	0
 kis ny kaha 😑	1
bhai us ko heart attack ðÿ˜œ humre society k norms s hoa.  talaq de k maaf kr deta to shadi k lye halala k zarorat hoti h ðÿ˜œ (molvi hazrat) naraz ho jate  aur hania s shadi kr leta tu tu (desi liberal) kete bewafaa mard aurat ko maaf na kr ska.  us n marna behtr smjha ðÿ˜‚	1
wo hota kia ha. kbi nam b nhe suna 😂😂	1
once a rundi always a rundi!	3
 haan chalo koi nhi inshallah we ll meet somewhere some day	1
 yeh bass bura waqat hai jab acha waqat ayega tumhy wo yad bhi nh hoga	1
 kbi ni ho gi bhai ub wo umar guzar gai	1
usman ab se chup rehna ha tmne. okay !!!	1
es chutiya nay phly bakwass ki ab yay bc clarification day raha hi. lanati insan. kce #najaiz baap ki uolad hi. shame on u 😡😡😡😡😡😡	0
 isay kon nhi janta..😒	1
rt :  mai youtube pee bhi apki video ko like krti hu or apke review ek no hote a sir	1
abe chaman chutiye ye bata halala kis ko kahte hain aur halala kab kya jata h ???	0
 uss bicharey kaa bhi tou personal hai 😂😂	1
which islam? the ahmaddiya? the sunnism? shiaism?  where all of you think the other is wrong 😂,united kingdom	1
ek tha charsi, bhatti. jamati got him to drop chars and help in the ways of god. everyday before prayers ameer of jamat would say, ye bhatti hai purana charsi tha ab nahin. tees din baad bhatti kehta, mein charsi tha tu 3 log jante the, jamat mein aa ker poora mohalla janta hai	1
le ab bhaunk le 😂😂	0
 kya bat he teri durani tujhe he sikh he awam ka koi dhang ke bat nai tweet kar sakta	1
yahodi agent k kaam dekhay zara.. quran pak ka nazra aor tafseer lazmi sab schools private aor public sector main aisa agent too ham ko chahiay tha well done pti	1
jan allah ko dani ha per saboot court ko nahi dany is jumly k bad b aap jasy educated log na many to allah he hafiz app logu ka.	1
chal be bhadawe, gadhe bech kar jeevan chal raha hai aur paise denge jameen ka, bhosari ke bakchod	0
  tra dil nhi chahye bhai tu cleb haa ..  choti profiles py na aya kr 🌚	1
sach kabhi chupay ni chupta	1
mein danish hun mein bohot gareeb hun to mehwish bun k meri zindagi mein na ana bhenchod.	4
 check kar lo kahin block to nahi ho 😂	1
abe randi jaisa kuch hota hai kya	4
what about ahmadiya.. they r also citizens without rights	1
lakh di dur di beghairt. 🙄	0
resign kar kyun nahi dete? ??😛😛 	1
rt : samajh mein nahi aata social media par har koi itna real, understanding aur cool hai toh   duniya itni bc kyu hai?	4
abe bharwe main sindhi hun aur ye sindhi nhi bol rhe. kus kadhri k	0
chl chl apne baap ko mt sikha.... teri aukad h bhenchod block krne ki jaa krde	0
  pakistani police k nakay lgwanay parnay takay jagah jagah rokah jay apko yah aik e dfa pakr k kisi k dil ki jail main dal diya jay😂😬	1
🤮 hijra 👹 mfucker 👎 💀🔥💀👎	3
    retweet tu kar deya hai imran khan se koi umeed nahi adalat kay zarye maam should try	1
but tum nee joht kha tha us din dil toots 😤😪	1
kisi charsi ki najaez olad ho tum	0
kya chutiya lag raha hai ye jaahil...bc kanhaiya kumar jaise lodu ko bhi pasand karne wale log hain. kya majak chal raha hai desh me bc 🤣🤣	0
rt : 1/n pak seems to b in a quagmire as sc of pak and gen bajwa hv crossed swords. interestingly, retired pak army offcrs 	1
abey love day use better photo shop image next time - begairt hijra paki 🤣	3
badi taraqi kr li hai bhenchodo amazon py b mil rha	4
isi say opration karwaya tha na nawz sharif nay ab isi k khandan walon nay sari n league ko hijra banadiya.altaf bhi nay samjaya bhi tha mian sb ko magar nahi manay.ab sari n league hijra bangai.	3
want to debate upon!!khair left it !! 🤐	1
duniya mein pehle hi bahut kuch ho raha hai ab bas ye #coronavirus ki kami reh gayi thi 😌	1
kis kis ko samjhao gi, koi nhi manay ga .. hum certified kaafir or irani agent hi hain so called pakistani musalmano ki nazar mein .. 😕	2
asa nasha krna ha	1
rt : his strength and patience!! kuttay ki maut maro tum sab jis jis ney ek baap say uska beta cheena hai.	0
teri bhosdi or boobs me parda mat kar...logo ko dekne de.dhake hoge to kaise pata chalega ki tu hijra nehi hai.   hijra kahi ki.	3
 ab jis ny socha hoga bn ny ka wo yh parh k plan hi cancel kr dy ga😂	1
sali teri phudi me kyu agg lgi ha	3
han aur wo poochtay bhi hein beta dekhi😂😂😂	1
 bas bata nahi sakta	1
bright sab right kar de ga.	1
ya rundi k buchy set ho jaen gy dont worry . kuch din sabr	3
  fyp me b kuj asa hi scene hota	1
yaar such a jealous soul u r... allah se dua karenge jissey aap pyaar kare wo bhi aapko na mile... jo dusro ke pyaar se khush na ho usey zindagi me pyaar milneka koi hak nhi and when i am typing this msg everyone around me say amen	1
oy hoy #kanoon to apni jaib ki randdi nikli  mr  .....😡😡🌜😡🌜	4
 wo to theek hay par molvi sahb ne ni manna k arman ko b qabar me utareen😀	1
 meethy ka bhen nelay ka kia hota h ya allah😂🤦‍♀️	0
roads pe lab coat b ap ki gender hi pehnti ha 😂	3
isko to mene follow bi nhi kia he phir iske manhoos posts q ati he samny sharam kr lanati aurat sharam haya bi koi cheez hoti he jo tukhme he nhi	0
rt :   true . but is charsi ki aukat 1 rs wali bhi nhi hai 😂😂😂	0
 masoom to nai lgty wese kisi angle se b 😂	1
rt : bahadur baap ka bahadur beta 😆	1
yahodi agento ka qabza ma hy	2
astagfirullah muje yaqeen ha ya tum hee ho sakti ho	1
 tu toh college mein bhi yahi bolta tha	1
khud to tum dono  r  besharam r by haya ho, gandi naali me paida hoi ho dono, r idar oron py b kecharr ochal rahi hon, beghairtoon, kash k qandeel baloch ki jaga koi tum dono ko shoot kar deta, 😡	0
fazlu ko agr hakumat mei koi ministry mil jaye tou usey bhi koi masla nhi hoga, ye bs apni ghatiya syasat k liye mazhab card istimal krty hain beghairt log	0
falasteen ma kya hok raha ha..kashmir ma kya hoo raha ha..barma ma kya hoo raha ha...sb ko pata ha...or hmm musalman allmi adalato k neechay bathay baan...insaaf k lia...allmi adalto ma kn haan...yahodi un sa insaaf k talabgaar ho..	1
road par chalty huwy tere jis baap nay yeh bat boli thi uska content bharwe	0
abe chal teri dp aur teri shakal khud tatti jesi hai tabhi dikhane me phat rahi hogi... aya bada bhaunk ne... chal nikal	3
 aap 51% khawteen ki achi awaz ban sakti thi but mera jisam meri marzi ziada aziz ha apko	1
tere family ko laat paregi tab pata chalega bjp ke bharwe	0
ab ye khabar kon phela raha hai k #maryam nam ki larkiyan chorniyan hotin hain? 🙂	0
isko gaaliyan dilaany k lue phir share kr dya khoty dimag ki aurat ne	3
no we do not want a syria. peoples sects should he stated instead of accusations being fired hes ahmedi. etc . we are a sunni country it should remain that way.	1
 mehrbani krn ap sb log cancer ka mareez hy uss k ly koi madad kr dn pasa ni hy un k pass itna blood cancer hy us ko 03007334159 pr rabta kr ln kisi trha koi bi	1
 woh pata ni kaya beja mujko ajeeb sa 2 fingers	1
 meri likhi bat ko log smjh nahi pattien  me ehsas likhti hu log alfaz prhty he	1
tu bar bar boly yaar yaar  me teri bund cheeru maar k apni talwar teri baji ki phudi me daalu apna hathyar teri maa ka phuda chod chod k chalau tmary khandan ka karobar  ek din tera aba ro ro k boly dekho tmari bhen ki nangi photo ai ha waha jisy kehty hain akhbaar	0
jaakar apni maa behen beti ko china ki rakhail ban ne se rok aur unka loan chuka...zaid hamid ke chutiyape ek taraf rakh.. ye bhaunk bhaunk kar wo to mast jee raha h...tum chutiyo ka chutiya kat gaya h...bhukhe mar rahe ho..par bakchodi gazwa ye gazwa wo ki karni h	0
sara din aram kr kr k thak gai hu ab thora sa aram krlu phirr aram sy aram kru gi..... 😊😂🤣	1
 logon ko bolny do khud wo kro jo khud ko theek lgy #simplerule	1
bhai salary wo laitay han jo haq halal ki khanay k aadi hun.. jo loot khusoot aur dakay k aadi hun un ka salary se kia banta ha..	1
it seems bangladeshi are not muslims. nor, ahmedi, balochi, sindhi, pashtun are muslims.,india	1
aisa to h ni ki bhen ko chocolate ka pta chljae or vo chocolate ko aise chod de	1
 bohat axhi ghazal hai ye❤️❤️❤️	1
sene sy tere sir ko lga k  sunti mn rhn nam apna🥰💕	1
bhai chod do oo dummy home minister hai poora uska hair cm ke paas hai	1
soja bharwe	0
tm wohi student ho randi rona wali or akhir main kona pa bhat ka rona hain  99.99 aya hain, ya bc teacher 0.1 kyn kata hai sara gpa ki bund mar di hai.	4
 baji humari billian to bc kuch samajhti hi nai humain 😢.	4
bhen chod lun ko tou mxakh smjh rakha hai...w.t.f 🤔	4
bharwe apni indian chootoya qom ko mazeed kitna chootiya banayega ye iska jawab de to beta	0
crush barhte ja rhe hain  cgpa down hoti ja rh ha 🤷‍♂👀 #sadtruth	1
waise madarso mein bahut achhi taaleem di jaati hai tum jihadi hijdo ko, asar dikh rha hai yahan, khud toh khud ki bhen chodte hi ho aur dusro ko bhi bhenchod samajhte ho.	2
  tere pas bht hain 🌚💔	1
   oh sorry sorry jaldi jaldi reply kia na to pta nai chala sorrrryyyyy	1
pata nhi saali kiss mulle ki bistar garam karr tii h.. baap eska defence me thii,, arr yeh keise desh ke gaddaron ka sath de rahee h.	3
marna nai ab plzzz abi to boht agy tak jana ha hum ne 🙊🙈😍	1
mry dil pr churita chalti ha jb tm asa krti	1
bhenchod aewee tou bollywood itna mashoor nai hai. talent bc kutt kutt k bhara hua hai is mulk mein.	4
jb ap ne haq ka sath hi nahi dena to phir ap ke sath yahoodi govt theek hikr rahi hai	2
 han ab opp likh nahi sakti thi 😂 kyun kay wo phir trend kay mutabiq na hota na😂😂😅	1
 😂😂😂😂😂  pehle ye decide kar lo acha ho ya achi 😐🙊😂	1
rt : starbucks wale tatti coffee ke 300 lete hain bhenchod aur sabko show off karne mein bada maza aata hai	0
 as it should be. mtlab apni marzi hai. unnecessary pressure na daalna chaiye na aana chaiye. good job ❤️	1
mukar gaya phattu aadmi. 2 kaudi ka pm hai yaaaar kise bana dia pm 😩😩😩😩😩	0
 mere pass tum ho	1
tb e ma apny 3 card use kro ga	1
motherchoood harami ki olad tum gesey guttar key pedawar ki waja sey sare mulk mey gund howa hey!! tumhari or nawaz sharif ki ma ki choot mey imrak ki jaga hota sarey teri or nawaz ki ma chod detha!!	0
 men hbl use kr raha hon or achi services hen us ki.	1
 manzoor nahi hae	1
kabhi  aur  ke jihaad par bhi bhaunk diya kar	2
aishe ghosh ko bol de agar awkat nai hai fees dene ki to dhande pe baith jaye...desh ne theka nai liya hai aisi randiyon ka....	3
teri maa rundi	0
lanat tery shakal per  roomie beghairt ye wakil mafias  ka kia dhra ha bond kia khan apny nam se ly raha tha .security  lena bori baat kahan se hoi	0
lanati khan	0
  bhai bat kutta malik ki nhi aukat ki hai tumne bhi dikhai aur us bandey me bhi dikhai aur ha malik se yad aya kal raul gandhi kuchh bolrha tha tumhara bare me	0
teri maa ki kuss takly	0
raatein dengi bata neendo mein teri hi baat hai bhoolun kaisay tujhe tu toh khayalo mein sath hai💞	1
mai apke liye faroot mai kya laoun	1
 god bless you...i wish aapki maa behan ko koi ese gali na de....lekin karma h vapis to aayega hi....kya kar sakte hein koi aapki maa behan ko bhi de rha hoga ese gali...	1
new  #dgispr kdr ha?	1
nahi uska tu clear hoga wo singer ha. khans khans k bura haal ha	1
rt : yaar bhenchod redistribute your wealth	4
to phir apni 32gb ki soch k sath nikal 	0
good ans 🙊😂 wese aap ko betana bhe nahi chaye tha us ko	1
 accha chalo sahi hai nahi karen ge	1
rt : me na jaon ga kabhi tjh chod k ye jan ly	1
bhai ye halala ki aulad hi	2
  allah psk aap ko jza e khair atts kry aap ke azmt ko slaam gud thought yhi h i slauted  u	1
can you please stop pinning a fan everytime bro  what you need attention  ki log aakar gaali de  usne tera naam likha ho post me  usne tere idol sid ko kuch bola ho   ajeeb chutiya ho yaar poke krna h 24ghante tum chutiyo ko  show ko show ki tarah dekho bc	0
film makers ko marasi kehna band karo😜	1
tere ma ko choodne ke laye... aise jaise hindustani kutttu dogs ko hum pesab palate ha...	2
 bachy pehle tera dimag tail lene gya tha.....ye sb us ghleez aurat ko defend krne se pehle sochna chahye tha naaa. aur tum ny jo khaleel ur reham ko bkwas ki thi uska hisab kon dy ga ?	0
bhai na bnana jo log dekh kr roy hen unhen dukh hoga 😁	1
yeh harrami pti main hain saray chore zakat khore yahodi agents	2
  haaan mene b dekha thaa ye matermind nai dhokebaz hy	0
 yr tumhare tweets se to pta lgta h show dekhna h ya ni.	1
laanat ho altaf or pore mqm pe  ab mqm ke nam per pabande laga de jai	0
and your mum doesn't even know who's your real father.. pta kitno se halala krwaya hoga	2
 wow!!!! what a crowd......i am impressed....really!!!! . . abay chutiay tery endian media nay tum sb logo ko cn dikha dikha k tum ko cartoon he bna dia hay.	0
rt : black friday is yahoodi name..  so we are celebrating white/big friday 😝format yahoodi ho name yahoodi nahe hona chaye 😂	1
lol.. check bhi le lo or shikha bhi :d	1
 o bharway apni beti ko bhi bhej aurat march aur slogan lagwa us mera jism meri marzi lund ka sira	0
haha literally those dumb supporters are trained to only bark 1⃣ thing shukla is great.. shukla is winner... are bhai baat kya ho rahi hai aur bhaunk kya rahe hai 😂 😂	0
is haftay bht hi ajeeb ajeeb cheezain samny ayee kuch din phly pta chla paras ki b army hh aj pta chla mahira k b faans hai #shehbaazonfire	1
 kal baat karu? aaj toda nind aarahi hai. 😢	1
  bhai wohi to bol raha hai.. bete humein sirf aam khane se matlab hai har kaam me ungalwaji humein thodi pasand hai.. isliye to har kisika alag alag role hai :d tu kaise samjhega bhikari ;)	1
aik taraf yahudi ho aur aik taraf panjabi to pehle punjabi ko marna chaye yahudi phir bhi insaniyat dikha sakta hai ..	2
jo teeka tujhe lgata tha wo wala isko bhi lgnaa chahye..	1
naya lei kar a joke purana hou gaya hai akhrott..😁	0
 koi ni seek jao gi mujy bi ni ati thi bas khl khl k seek gia	1
dono delhi policee ke bahdur jawan hai..ek taraf ataychar..dusri taraf jeb me hath dal ke dekh rhe ki age kya hota hai 	1
tere baap ki bhi aukat h waha ka exam clear krne ki... jo kuttte ki tarah bhaunk rha	0
 abey bossri k madarchod ab tu kon hai nhenchod	0
q teri bhen ko chuda hy dewbandion ny ..harami ki nasal	2
apnay ghar ka gaand   tu khud saaf karo k wo b khan nay karna hai a k	0
  and do remember..usay woh sub nhi pata jo mujhy pata hai..🌝	1
trump be like bsdk tu maar k dikha maa chod denge	4
waah chutiye waah bc  ye caa h nrc nhi	0
akhrot ... much better than chilghozay.	1
hayee ye mere janu k tweet ha 🤷‍♂	1
sterling bhenchod traitor	0
hijra kisi ka respect nhi kr skta note it tera b nhi mauka milega to tujhe b use krega....chal nikal	3
is bhen l ka namr kya hai ...is ki maa ki ankh	0
bhai ke lie nye akhrot chahiye 😝😝😝	0
 me pehle bola k maryam ny apni power se kia jo b kia mujhe koi tension ni hy 😂	1
abe bosdk  gn - 17.5 cr kya tere ghr pe holiday tha???  aur 3800 screens me 16cr opening di hai vo bhi magnum opus ke sath vo bhi bahubali level reviews ke sath ..sharam nhi aati????  rustom ne 2016 me 14cr kie the 2300 screens me clash me😂😂	0
koi nai sab apnay. mafaad aur uper sy ishara milnay par sath bethay hain naya ishara mila tu ithaaaddi phurrrrrrrr sy udddr jain ghy	1
gazwa e hind pe trend krne waly khusray yad agaye , thaa ki awaz pe e marne walay yeh ... ✌😐	3
chal na randi !  isko phansi hoi thi !	3
charsi khan se to achi hi he 👊	0
apki feeling samajh saktay hain 😥 is liye hum apke haq ma dua kartay hain k allah apko b danish jasa huzband da ameen	1
tujhe tab nahin dikhta jab tere baap arab countries mein jaa ke wahan ke logon ko chipak chipak ke gale lagte hain. woh bhi toh secular pane ka dhong hi hai.	0
ye insaniyat hai tum mai chato akhrot moodi-shah k. divider in chief of india  kisi ko to zinda rehna do other then rss terrorist.	0
 sab apko hiii thoookar mar rhy😂	1
ammi: i'm coming to doha to make sure you eat healthy and exercise. me: uhhh also ammi : arrives with degh ki biryani, akhrot ka halwa, bihari kebab, malai boti, sheermal	1
haan bc pari thi pari hi abhishek bol k jo topic divert kiya na maa kasam sidha ghar hi aagya 😥😭😹	4
 oh matlab abhe aap bhool geye hien usy keya	1
 islam ma aurat ko.izzat ki.nigah se daikha jata hai.  pakistan islami mulk hai.  hum aurat march ko reject kerte hain	1
"is it called ""charsi tikka"" ? 😂🤣😆"	1
yes. keep the qadiani as gernail please. he has the perfect partnership with the yahoodi wazir.	2
fuck yaar bhenchod. internet ne gaand mar di lekin mera pyaar sachcha hai	4
saalay tum log ho b to aisay he.	0
boht hi lanati hoo tm wase miss hareem ki jaga tmhara name haramzadi hona cahiya tha or lagta tmhen pada karne ka lia tmhare baap na pig khaya tha	2
lahore final mein pahonchay ga..rana fawad ko heart attack hojai ga😉	1
after listening to psl anthem...  ye sunny k lia itna intazar kia tha   #psl2020 #tayyarhain 	1
 itny like or comments mujy melty to main khushi sy fot ho jata🤣🤣	1
bosdk yeh tumhare ghar me hota hai. saari k blouse me mote mote doodh dikhati firti hain tumhare dharam ki orate or hindu orat ko musalman ka l#nd aachaa lagta hai. yeh baat puri dunia janti hai	2
   khud per kis bat ka shak?🤔	1
o jaaa tur jaa ti di phudi wich lul leni dya	3
aap kaisi hain ?	1
jo qismat mein hoga wo khud chal kar aayega aur jo nahi hoga wo aake bhi chala jayega.	1
rt : upar ahmaddiya muslim niche simple hindu. chakkar kya hai guru ?🤔	2
nevermind bhenchod	0
english hum shrminda hain tere qatil abhi zinda hain😕😂 	1
aj bht jaldi thi dono teams ko match khtm krne ki #lqvsqg	1
 jiska elaaj nhi koi o rabba humein tharkk wo lagi🤦🏻‍♂️🤣🙏	1
aj he laya  hun 3800 ky half kg aa jao  with kajo  and akhrot  maziydar	1
are o randi tu teri behen chudwaayegi kya mandir me,	3
is mc ki maa jaruri aati he apne pass...kon he ye chaman hutiya.... muhh se kishmish toot ni rahe ..gaand se akhrot todengd chakke.. tum sab gayab mat hona christmas gaande gu ho toh ...yaha hawabazi karo bas 🤭🤭🤭🤭🤭	0
khoya hota houn jab teri yadoun mein  mein bhi aksar mein nahi hota ... 	1
rt : 'tera baap bhi de ga azadi'  kiun maa mar gai hai kia?  #overheardatthemarch	1
 sab nalaik log yehi kehty han😀	1
ye insan ik chaaal haaa dostoo .........zra smj k chliye gaa...sb jaanty hn qadyaani kaafir hn ......ye sb k sentiments gain kr rhaa haa......bad me ye apna chehra dikhiye gaaa fasad kii shkal me.....in chaaalo sy hosyar rhy baseerat paida kry sb apny andr.. shukria...	2
do u feel they care for humiliation? beghairat log humiliated feel nahi karte, secondly he will go submitting after submitting bonds and will never come back, govt gets money n he gets released simple deal n no public feels bad, its my opinion i may be wrong	4
lanati slected government murdabad	0
"ma chahta hu k aap ""grammy awards"" k liye nominate hon agly saal 🤣😂"	1
   yes definitely tum log rape main busy ho na wohi kaafi hai 🤷‍♀️ wah re hindustani teri ajab kahani	0
  bhai twitter per bhi shear krna chahiye .....	1
muh me dant nahi aur ga#nd se akhrot todne ki bat kr rahe ho	0
tujhy apnay gashti pan ki qasam   zartaj ki video leak kar....,	3
15 tak tu main bhi theek thaa  yeh aa gay kyun calculation hain ?	1
sahii bat h yarrr akhrot kajo bhut behterr.	1
beshaq laken fazlu rahman jesa hamaen nahi chahi yae. jo jisko chahe kafir jisko chahae muslaman banadae jisko chahae qadyani jisko ko chahae yahodi ejent bana de	1
rt :   andhi hai saali charsi khan	0
 bad main q nahi lagai.	1
ye konsay ahmaq log hain....,2018-05-14 15:52:49,islamabad, pakistan	0
chup bkl, saley halala ki aulaad	2
ye sanha ab bht over kr rhi ha bhen tu jitna mrji krle mahira itna ni krri jitna tu krri ha bus kr chod de bhen usko #championsidshukla  	1
hindoo wo qom ha jinper koi nabi koi kitaab nazil nahi hoi. ye to yahoodi se bhi bad tar hen	2
 mai kya tareef karu?  ulta to tu patli ho gayi hai😂😂😂  hast pust thi pehle abb dekh khudko..!!!	1
 harr jaga apni rundi roona ly kr ajaya kr koonii aonna zoye balochistan	0
tum randi	3
 yehhhhh konnnn hyyyyyyy ya allahhhh mujhe itna kon janta hy???? i love u tooo main bhi😂❤😍	1
nalit randay kiy bachay	0
~larkian nya suit pehanany k baad itny hi suroor me hoti han jitna k ik charsi cigarette k do sutay lgany k baad	1
rt : fight back sana toh thik h fir bhi lekin ye people's choice rashmi kon trend kra rha h bc😂😂😂😂	4
chutiye halala ki upaz tu hai mein nahin isaliye tujhe zyada pata hoga	2
teri maa ki chuth bhenchod	0
shona baby nh aye ga so jao 🤣	1
        nhi g churail se copy cat 😠😂	0
here a war began you need to strong and donot be foolish like 😂	1
waise is wajah se aap lanat k haqdar bante hai	0
akhbt nrw hota to ye phudi kaas zaror date k sath lgta ye n leg k dor ka hai or date kat k ptwariyion ko he cbutiya bna baki awam smjhdar hai gashti k.	0
shadeed qisam ka inferiority complex hu raha hi aj pheli bar twitter pe kisi ki tl dekh k.  😟😟😞😞😞😖😖😖 bhut shadeed complex.  like i want to deactivate and never come back.  why so savage and cool yaar?	1
akhrot rakhe hain khane hain?	0
😂😂😂 dekh bhen k lode   teri maa chod rahe bhakt	0
niazi bajwa bhai bhai qadiyani yahodi ne ghdari say hakumat bani	2
khan sb en jesi haaz ke najaiz padawaro ke bhen chod k mithi dalain	0
sab dua kr lo 	1
"in a world full of ""dost dost na raha"" be someone's ""tere jaisa yaar kahan"" ♥"	1
 any answer on tts with fake identities of mian sab ??? pls share something about money trail of london properties of mian sab	1
jo jo bhosdiwale biased host bol rahe he na agar unko host karne boldoge na toh bhenchod gaand fatke haath me aajayegi. isliye jo 10 saal se kar raha he usko karne do apne soch aur apne hisaab se. apni awaaz ke aukaat me rehke bhoka karo... madarchodo	0
 itna achy likhty likhty last word ny kam kharab kar dya 🤦🤦  is leye kahty hai bandy ko at least matric pass hona chaheye 🙆🙆🌚🌚😂😂	0
tu meri ha ye bat ab teri maa ko batani parygi	1
rt :     harami pta nhi kya jhooth bjonka hai	2
larkay apni insecurities mai hi marr rhy. pehlay kuttay wali krtay larkiyon k sth jb vo tang ho k emotionally abuse ho ho k thak jati or phir chor k jati to kehtay saali bewafa thi 🌚 naya mil gya tha etc etc and all that shit. so much hateeee 🌚	4
himat kr k dekh len bosss	1
halala and its implications are debatable sir	1
 pata hi nhi tha mujhy..😒	1
ask the shias why the sunni muslims are killing them?  ask the ahmedi, kurd, turki and sufi muslims why their fellow sunni muslims kill them when they belong to the same religion  they kill in the name of allah, terrorism has a religion and its islam.	1
bhenchod parallel ka matlab samajh ata h?  hadd hogayi bhai. mujhe bhi sharam aa rahi h ab to.	0
  aaj ke liye itni attention kaafi hai tum logon ke liye 😂 bye bye 🤣	1
 main mazaq kar rahi thi..konsa main ny lay lena tha tumhara account..keh detay k han lay lo..😒	1
 wo tu maine read kar liya ha mera jism meri marzi wala message lakin phir bhi asa karna nhi chahye tha kisi ko koi haq nhi banta k koi kisi ko mary jo jasy han bss wasy rahy her insan apna hisab khud de ga allah ko bhi	1
bro yeh jo mere pass tum ho drama tha jitna awam nay is pay tamsha aur rola machaya hai rona dhona it didn't deserve 	1
 bhai tu ali zafar b isi liye aj kal kafi active han twitter par 😂😂	1
 agar mai larki hota aap ka dm bhara hota mairai messages sai 🌚🙈 too good bro. ♥️😩	1
imran chore zakat khore yahodi is also jahaz.	2
ha...sahi hai gutter ke keede....5 baap ki aulaad...randi ki paidaish... failaad hai tu  chutiye.... or bhaunk.....🗣️🗣️🗣️🗣️🗣️🗣️🗣️🗣️	0
bhenchod ye lareingay iran se.	4
rt : modi be like: dekh jani itnay itnay bacchay bhi gahliyan detay hain mujhy aaj doob hi jata hoon	4
bss phir sara khana aik e din lgy ga daikh lyna😂	1
"liking recent massages during convo. is new way of saying ... . ""jaa na bhenchod memes dekhne de""😒 . #instagram"	4
 apna mehmaan hee samj lan fr wesy b rehmat hota mere jesa mehman	1
i am against this aurat march. sirf is chu**ye insan ko gali nikalnay say roka hay. mazeed izat afzai kay liye dm main ao, aisay chitar maron ga yad rakho gay.	0
mam  g aap b u trun boht l lti h	1
bhenchod pyar dil se hi q hota hai liver se q nahi ho sakta.	4
 attention ni mil rhi	1
muh se moongfali nahi toot thi aur gaand se akhrot todenge #porkistan 😂😂😂	0
teri mai na genes change kar lia apni hijra ban gae	3
 mazaq bhi nhi samajte log or insafians khud khan sb ko kuch bhi bol de us waqt khan sb ki sakh ko koi khatra nhi hota acc to them.	1
  good job brother.. we r punjabi pyar naal pyar milega... ungly karoge to hum say haath milega...	1
marr bhenchod 😂	0
abey saali	0
 aapne dekha hi aj h main to roj hi jaha hoti hun	1
haan wapas teri maa ka mujra dekhne aya tha bharwe	0
to uss sahar se nikal naa lovedi pehli fursat me  daat se biscuits toot nhi rhi gand se akhrot todne chle hai	0
dekh to sai phaly har time bachiun k sath laga howa hai 😠😂😂😂	1
bc sala 👨🏿💀🖐🏿🖐🏿	0
 bs lagti nae main tu aisay keh diya tha	1
14 fab ko  tujhe pata  masroof hota tu aj hi mil liya .... 	1
 i agree with you....  i want... law bnain jain aur harassment pr sakht saza di jaye, phansi do rape krny waly ko, beti ko jaidad main hissa do, beti ko taleem do, jobs opportunity ho etc etc  ye ni k kaisy bethna hy, apna khana khud garam kro etc	1
quran say phelay ki sub kitaboon main prophet muhammad kay anay ki khaber  hay .....detail kay sath ...yahodi isi waja say madina  main abad howay.....	1
ajeeb bhenchod zindagi hogai hai hina	4
ghar ka dudh mera favorite he. jab dil krta he wife, saali, bhabhi kq dudh pileta hu. takat ka khazana he 	4
akhrot gaye ab vicky donor hi madad kar sakega....	1
  burger bruh😂	1
#ڈpak army celebrates india's dream with dust on february 27 !!!   imran khan also unveiled india's terror in the un on september 27 and on october 27, indian yahodi agent maulan diesalhumiliated.	2
rt : ho gaya bhaunk liya ab phooto yaha se 😌😬🙃	0
 ye ap ka number hai	1
ye bc mere ilawa sabse tameez se bolta hai 😤	4
kuch din kay liye agar twitter band kar doun tu bhoolo gay tu nai mujhay???	1
try okat nahi h modi ji se sabal karne ki....jitni okat hai utna bol bus....tu bc bus bhok skta hai or tweet kar skta hai agar himmat hai to #caa ko rok k dikhana.....bahut mar paregi agar samne aaya to	0
ja na be k*tte... kahin aur ja ke bhaunk le	0
 chwlan na maro	1
amir liaqat aik baap ki aulad nae hai	0
zahir hai jb kuch nhi aayega toh yehi kreingy. telolers maa bhen krnay walay khusray	3
papa: putr oth ja  me: abhi nahi bahir thand.bohat hai	1
   tu modi ke gand hi chaat saale 😂	0
fasla islie rakha mn ny  wo qareeb tha har kisi k	1
 f😂😂😂 pta tha mjy	1
shaid aap ulta likh gaye hain	1
arey aesa kuch ni ha kesi batein kr rhein ap	1
.strange friend.aise halat mein kaam?nab ne kia kuch nahi kia?hamein gore karna ho ga.amendment pe bhi gore karein...... ..	1
gussa kr gya h bhenchod 😂😅🤪 teri ama ko qabar se nikal k uske bund marni ha ma ne. . tjhe abe mera pta nae 😎	0
fasla rkhy phr kehti hai k garh walo ko dokha nhe dy skti :)  #trending	1
ya allah ham tamam musalmano ko yahoodi ejant banny sy bacha ya allah hamien seedah rasta dikah ya allah ham tamam musalmano ko hedayt dy ameen sum ameen	1
islam sa agay kuch nahi ha rat muhammad saw kul kahinat ka ma likee hain	1
yes, i am a hijra.	1
wesy ya bhala baat ha krne wali apne jessi apne jitni dhonde, jesy mene shaadi krni ho	1
see this bollywood's randdi #sham on u the bloody doggy	3
 but hamara koi lena dena nahi uss sy😂😂	1
 okk snapchat pe ah jana 😂	1
 chalo phr kya tension tmko mere tu followers kaam hu rhy 😥	1
ex muslims!!! there sunni muslims kill siah, ahmadiya muslims. can't imagine condition of other religions hindus, christians... and we r talking about non religious person.	1
angreez bazorgon ki bilkul izzt nhi krty.. newton aur ainstyn hmry haa hoty to un ka bhi salana ors hota	1
kabhi kashmir frosh lanti sazishi bayghart kanjar imran yahodi ko yad karwai ha ye bat ya munafikat k keray nay cata ha	2
ye hey vo #auratmarch aur ye hey #merajismmerimarzi 🇵🇰👍🏼❤  main is #auratmarch ko support karta houn aur apni behno ko salam pesh karta houn	1
 sir ap ny hmain aj tk fb ni diya bht afsos hai 😒😒🥺 	1
 lalchi aurat paisa dekhti hai aur khandani aurat sirf sehrat dekhti hai	3
bhenchod chal kya raja hai #maharashtrapolitics	4
a for akhrot	1
teri maa ka yaar paisa de kar ja raha aesay hi nai ja raha barri takleef ho rahi he tujhay kutya	0
"and yeh alone maharshtra's gdp is bigger then porkistan's gdp aisa hai munna ""muh se moongfali na tut rahi ho to gaand se akhrot nai todene chahiye "" 😂  maharashtra akela kafi hai tum bhikari o palne ke liye😂,2019-09-13 11:48:06"	0
 sab mila hova ha	1
when is ahmedi getting you guys to abu dhabi	1
" hope she will hold a banner. "" mera jism, meri merzi """	1
you can threaten him with stoning, call him apostate, accuse him of blasphemy, label him yahoodi agent, incite violence against him, abuse his dead mother - our media smiles indulgently.   imran mimics bilawal. our media: haye haye vey main luti gye, haye haye vey main maari gyi.	1
girls keep calling me nice?? and sweet??? toh date kar na	1
beghairat ye bakwas sikhai hao tujhe tere aba aman ne ???	0
kaafir tujhe kuch nai malum	2
 sara bb kia aap qadiyani hain ?	1
gashti ka bacha begrat madrchod harami kutta kanjri nasal ka kuti nasal ka lakhon sperms ka namoona teri padiash py lanat sala son of pig...	2
sahab yeah yahodi lobby ka agent bht bhonk gaya ajj 😡 khair ho?	2
rt : the whole nation sees the but  doesn't. you know why? bc goons were hired and allowed by govt n police themselves	1
itni restrictions mujh pe mere parents ne nhi lagayi jitni twitter laga chuka hai. wtf	1
"qadyani conspiracy and ""yahoodi agent"" was the rallying cry for their own cadre. justification given at roadblocks is ""namoos e risalat"".  civilian supremacy and maulana fazl's presses are window dressings for the consumption of the ""woke"" crowd."	1
imran khan :sakoon sirf qabr main milta hai   oye bandr abhi sakoon nahi chahiye .....	0
lord farquad too. bhenchod yaar, brendan roger's leicester outplayed arsenal, radnare me	4
abe bharwe chor dana muh jab kholta hai tu gandh hi nikalta hai	0
    inhen promote hony ki zarurat e nahi ..badshah bandy hn yh😍😘	1
muje khud pe shak ho raha kahi main yahoodi agent toh nahi	4
jab se ye bacha lahore ki zindagi mein aya hai lahore 2 match jeet gayi hai.	1
intihai koi ghtyaaa or randi ka bacha hai tu zaidi mere samny hota to tjhy wo marna tha tere naslain yad rakhtii	0
ye pagliya gyi h saali... kuttiya ye ab bhul gyi h jisne #halala or #teentlaaq se aazadi dilwayi usko bhul gyi h ye mullli....	2
hahahahahahahahaha hahahahahahahahaha pagal jahill jaliii dalal kanjar baysharam baigairat yahodi lobby k agent haramkhor badzat  niazi khottay k puttar	2
sai ho ga dr. sb😂😂	1
ye maine tiktok pe dekha tha	1
"uffff is she psycho or what? apparently so... yeh aurat hai jis ke liye kaha jata hai ""parhi likhe jahil"" 🙄 chapair lgayi ho is ke mun pe. english ka rob jhaar rahi hai 🙄"	0
 tum sunao..🌝	1
 tary tu waraay neiyaray ho gaye 😂	1
 koi bat nhi ap uni ni ayi wapis phir? convention centre sy hi wapis ghr?	1
 ma nai ap ny roona 🙄	1
tidday aur choty log side pe ho jay hmhera jazz zaindabad..!!! abhi a rha hai ho ga hmko bachny??	1
pakistan ki awam ab utho jahan bhi pakistanion tumko ye chor ghaddar bilawal zardari hijra, fazul rehman pmnl ppp ke koi chor ghaddar milien inko pakar kar maar do kun k pakistan ke judges kud corrupt hain inko relief diegaye phir ye pakistan ko lootne aien gaye, inko awam mar de	3
you people just used shehnaz in whole season fck off bc #realwinnershehnaaz	0
iske baad yehi log modi ji ko galiyan denge sarkar ki burai  karenge	1
"bhenchod saale sab ye gore aadmi log kya samajhte hai apne aap ko bada 'feminism"" bolte hai and then dekh li inki feminism,,, i might have my own problems with bp but they deserve better fans"	0
to wo song writer par depend karta ha ok na k fahad bhai py🙄	1
 hn tou aesa kch likha hoga... es ka mtlb yeh tou na hua k h koi r es tweet ka mtlb b yeh ni h ab chor diya m ne ya us ne jo k h b ni	1
 lol sana zabardast thi. maine season dekha hi uski wajah se tha.. baki sid bhi achha nahi lagta mujhe	1
 kronologi di ptik tum  	1
tum ek chaval hijra ho.!! jab bearish hoti hai tou paani aata hai..! rip science..	3
ab to aesa scene hota hai kay agr kuch hoa ho tab bhi doston ko yehi kehti hoon sab sahi hai .. :)🥺	1
  to tum ny b kitabon se hi hai.. tum konsa hazoor k pas bethy sun rahy thy tb...	1
high class randi	3
meri ex k ab itny ex ho gy hain k us ki shadi waly din 'channa merya' py ek group performance ho jaey ga 😂	1
chupp bhen chod, chup..	0
banchod bdk rundi ki bachoo dharam k naam p rape ki bhi dekhte ho suar ki aulaaado tm jese log hi rape krte ho uneducated	0
sir, do you think pak poz, core commander will support bajwa for coup? afterall he is a ahmedi, the talks will surface soon.,	1
thk kia mafi mang kar dekh liya na ma kia cheese hn fahad bhai ki craziest fan in k khelaf koi bat nhi sunti ok😏😏😏	1
amma mjhse boht tang a gyi hain 😑	1
ha maine bhi to yahi kaha h	1
randi bharwi marr ja	0
is beghairt ko koi 10  12  achi si galiyan dy kar jana tha usman sb	0
 hahahha ye meri nae sharukh khan ki amii kahti thi 🤦😂😂  movies nae na dakhty ap 🙆😂😂	1
ashaw dekh rehi hon	1
i don’t prefer ice-cream in winter. i crave all those exquisite meethas (at least for me) like eth’s bread-pudding, purani anarkali ki jalebi, sulaiman’s akhrot ka halwa (from gujranwala), sheeray walay gulab jamun, sweet affairs’ cookie skillet, amma’s gajar ka halwa...	1
 hahahah rameen api pata nahi kahin parha tha id remember. khet ap keh rhi hyn thik hi hoga 🙊😂	1
 pakistan jesa bhe theak ha..tere mashwro ki zarorat nahi...... tu ja apne mulk india... daffa hu ja	0
   bss bss etne v logic mat lgayo  etna tez hai to kl jhooth bola sana ko ki use bchaane vala tha  and sana ko kyun distract kiya	1
bc dil kr raha	4
rundi k bache tum jese hi hote h rapist	0
yehi to baat hai. wo haq pe khara rha tum munafiq mufadaat kelie bik gaye beghairt. wo kal bhi tumhari band baja rha tha aaj bhi baja rha hai aur in shaa allah agle 10 15 saal tak bajayega.	2
rt : tu hai kaun be ?? maine invite kiya tha kya tuze jo mere tl pe aake bhaunk rahi 🙄🙄	0
 sab kuch china hai ghar ka adha saman sara phenk detay hein😂😂😅	1
tumhari gaand m jitna dum h lga lo bosdiwalo ...ye mt bhulna ki tere star ki pahli hit aj ne gift ki h ...randi rone mt suru krna fir..rashma shetty  k paw pkdo ki pese de de ke review leti h or marketing krti h...randi wale sale kutte	3
mooli ke parathay bananay ke liye gas ki zarurat hai. you see it’s complicated here 	1
please mat jao...wrna bura wakat a jae ga😀	1
 q market km ho gai thi	1
nice akhrot	1
are bhenchod itni bheed thi ki nokia 3310 se vedio bna li. hahahahahahahahahahaahaha chutiye tum jahil ho to pkde jana lazim hai	0
or kuch bharwe reply likh k apnay pages par laga dete hain or reply yahan se delte krdete hain	0
   jo bi hai uska maqsad to sai hai na haqq ki baat kar raha hai chahe jo bi account use kar raha hai tera to khana kharab ho ghatia aurat	0
wo kal apka 1 wazir keh raha hai keh army chief qoum-e-youth ka baap hai, wo kya seen hai? 😂 hum to samjh rahy thy sirf nashai he hai lkn ab ye b, or phir har 4 saal bad change 😜	0
maa bahan kar do saali ki	0
   ye underground thy😜	1
apke shadi be isi company ky owner sy ho gi🤣🤣	1
bala sahab nein aapko hijra bola hai	3
kahe pichware se akhrot todne ki kosis kar rahe ho chacha ..gaan chhil jayega,	1
mujy ab ghanta farak nai parta bus baki k 23 ghanty parta hai.	1
 agar abhi aap ke top order mein malik aur hafeez jaise nallay hon to jagah banani chahye	1
same with ahmaddiya. they segregate male and raaje there and rich and poor.	1
 us ki mt tension liya kro	1
me : bhai tu abhi tk single ha 👨 friend : bhai sher 🦁akela hi rhta ha yh sub bachon k kaam hn (inside of my friend) : ab isy kasy bataon bc 🤬 koi ghass hi ni dalti 😢😭 #foreversingle #looser #broken😭	4
 pyare larki ko koi ignore nahi karta	1
yahoodi daboo imran chore zakat khore yahodi agents both are bajwa and imran destroy pakistan ajenda.	2
  wo wapis nhi jayegi kyuki wo uss team ko pasand nhi krti agar app ne clearly dekha ho	1
drama main kisi ko pareshan dekh k haqiqat smjhna or haqiqat main kisi ko pareshan dekh k drama smjhna hmari qoam ka qoami khail bn gya hai.	1
 shayad kisi ki yaad ma	1
sale halala molvi se tum karvao apni oorto ka or apni ma bahan ka bol heme rhe ho molvi kamre m apni bahan ko bej kar sina choda hota hoga tumhara	2
rt : bs yhi hai sacchai inki... jnu ki randiyan 😂😂🤣🤣	3
  aap bhi patri se uttar gae	1
   bina kch hue hi pent geeli ho gai thi niazi ki😂😂  kaisa 2 kaudi ka mulk h  koi bhi ghr me ghus k bombing kr skta h  ye bas twitter p jung krenge🥳🥳🥳🥳	0
akhrot ni kha skty poore november main	1
chl phudi dya nikl pnchd mery tatty k bal jitni okat teri nikl mdchd k bchy	0
 is confusion ko choren is trha bass koi se 2 sekect kren ...dil ko.mazboot kr k fasla kren...😍🙈	1
yaani aap ko husband sabzi lanay k liay chahiay	1
ye bc kya predestination bana diya hai isko, khud hi beta aur khud hi papa? kuch to maryada rakhiye.	4
 naaa.. naught thora negative hota shararti hona talent ha😂😂	1
 ni ma fair & lovely use krti hun🙈	1
hum pani ka aik aik qatra bacha kr agriculture ko frog de rahay hn	1
kuch log rishto ko apnate km aur azmate ziada hein...	1
bcz liberals are exactly khooni scum here.  first they cheer for drone strikes & anti-militant ops then they cry for human rights for the same ppl against whom they have celebrated attacks and then expext us to give them hr activist status . bhenchod hain sb yahan ?	0
  tareekh tum b parh lo.. jin k bary me tum bkwas kr rahy ho un ko hazoor ny jannat ki bsharat di hui hai unko jannat ka brry logon ka sardar kaha hun gai un k bary me farmaya hai k umar or abu bakar zameen pr mere 2 wazir hn.. unko siddique or farooq ka laqab diya hai	0
  aj tak tera crush kissi aik per nahi tikka, tujhe khaobboun main koi aik nahi dikha, tera dil her bar anay kay daam per bikka, kiya lagta hai wo tujhe mil jayegi? ab yeh to kissi kitaab main nahi likha.	1
uff, tum apni rooh capitalism ko beich chuki ho. yeh kya yahoodi propaganda phela rahi ho?	1
bhenchod, cs khelta tu?❤️	0
abey chodi ke fakeer ..baap ki aulaad hai na apne... jogeshwari me trauma care ke yaha aake msg kar....fir pata chalega kaun kiske jhande gaadta hai	0
logon ki lifeline hoti hai aur yahan tw meri life hi line per nhi hai 🥺	1
 hum kon sa rishta lanay a rahy han🤣😂🤣😂🤣😂🤣🤣😏😁😁	1
 schi bt ki.. is m ilzaam kaha sy agya🙄	1
ab kya bola jaye ma'am sab halala ki paidais hai	2
bhenchodo bandy k putar ban jaya karo ajeeb. kyun agly ko embarassed kar rahy ho mtlb k agr us ny nai bhi karni hui tw tunhari bakchodian parh parh k kar le.	0
 oho mujhe kiya zarorat hai aap k what’s up number mangny ki madem mery pass kya kami ha mery pass meri apni prinses ha pari	1
imran niazi beghairat insan he	0
bund garden and bhosari are places🤪	4
jani na shor na sharaba or randi ka shoq bhe pura hojaye ga	4
    hoty hon gy ap raye nhi dy rahy balky fahad bhai ko blame kar rhy ho🤨	1
charsi aunty student	0
wohi pucha hai akhrot	0
ek pagal kutte or tuj me koi fark nhi hai caa ko pad pehle fir bhaunk. caa me koi bhi valid documents dikhane hai...vese  k documents mile ya tere khud k mile tujhe k nhi?	0
  ye bat bhi theek hy🤪👍	1
inki lighting py sara paisa lag gya awam ka bc 😂	4
naam ki zrorat ha ya wasy kaam ho jaaye ga 🌚	1
"  thank god mantasha tmhari ankhon say pati utri   tmy ""aj"" pta chala but der aye drust aye"	1
maa chudaaye deepika randi	3
jitega tera baap #sidarthshukla hi ....abe #krk lukhe	0
i think they are awake.. but job aur ghar chalane k chalte.. jo vo nhi karna chahte vo bhi kar rahe hai.. its sad but true	1
 tu asal haramda hai kottiya k beche pasisa le kar apni maa ko sale kar deta hai apni shakal de harami likha hai mulak k gerdaro ko mout milni cheye thi	2
kiya pakistan main asa tv show bhi ho sakta hai kabhi || smart facts 	1
 sharam ani tujhe . khan se nahin dar tu na dar par allah ki pakar se dar. bughz e khan mein itne onche bol mat bol. aj tu teri maa b pareshan hogi jisne tujh jaise beta peda kia	0
ok phir thk ha maine 2013 main ki matric federal board se	1
#ali kia abhi tak asif ghafoor dg ispr hain?	1
 camp office kiya hota hai?	1
you’re the harami person i’ve ever seen! 🤣	2
ye bat bharwe nawaz ki batata na tu gandooo	0
main ap k hath ni doon ga naaw😂😂	1
tere me kis cheez ka attitude hy bai? looks can only get u this far. personality tatti hy.	0
kro bhen kro kes ki himmat k shairni k munh mein hath daly😬	1
tere yaha teri ammi ka halala jayaj ja lekar ja apni ammi ko molvi ke pass	2
bht khubsurat keh gy aap	1
 that's the point...  insaan jab jinta mile usse ziada lena chahta hai to hamesha line se hatt jata hai.  it's human nature	1
 personal experience he.. ap ko hoga kuch ni but sir dard apne wqt pr e jata.. agar depression ya overthinking se he to jb sochna khtm krta sir drd v nas jata.. agar nend poori na hone se ho to neend poori kr lene se nas jata.. etc	1
tu bhenchod badmaash hai?	0
hum itne saalo se dukhi the tab inko hindu ki chinta nhi hui . hume humara haq kya milna chalu hua inhone toh randi rona chalu kr diya	0
 is not good*	1
randi ko attention chahiye pelo re isako......isaki maa behen ko pelo.......isako uper se neeche tak attention do......	3
halala ki oladoo	2
kutiya bhaunk bhaunk ke bhadkane ki koshish kar rahi hai aur riots ho gaye to is baar yogiji ki atrocities against minorities par book likhegi-u.p files🤣🤣🤣🤣	0
apni gandi zaban se jinnah ka nam na ly bharwe	0
 ab pure pakistan ki avam telenor ke director ke liye fund ekattha karen jo inhone logon ke bakaya jaat wapas karne hain 1-79511047261	1
is baap par kya guzeri hogi ? allah inko jannat mai jaga day ameen.	1
yahoodi agent imran  only this behavier can help him obtain yahoodi qadiani targets	2
apke bt kr rha hn main lahore walo💔	1
 yes offcourse meine kuch b nahi kiya	1
chutiye ja pta krle pahle fir bhaunk.	0
hum bhi madina jaien gy ik din inshaallah💕	1
   uske pas air gun thi	1
main yahan kisi ki bhai nahi hon ya😭😭😭😭ar 😂😂😂 mera handle name dekho 😂😂😂🙄🙄	1
  already 5 offer a chuki hn but many kga lugi to sirf abbas say 😂😂	1
sharifon ki kisi bhi zamanat ka jo aitbaar krayga ahmaq hoga.	4
well said.lanati hain ye qadyani kafir	2
tu bhi mare gi saali	0
mien ne jo place ap ne mention kiya hai us k baray mien baat nahi ki wo temple mount k pas hai aur graveyard hai aur yaha yahoodi aik murday ko dafan kernay ka million of dollars letay hien aur booking pehlay hoti hai jaga ki	1
  cynthia tum bhi veena malik aur amir liaquat ka mixture nikli🙄	0
randi h yr	3
ayse jhoothay ghadaar aur beghairt logon say allah bachaye	2
so secular that a financial minister had to leave as he was an ahmadiya	1
bc yeh nii tha kaha ke mere sath bhi badal jaa🙂🙂	4
 bilkul sai kha aap nay	1
    baby thoda time nikalke achhe se dekh	1
imran chore zakat khore yahodi destroyed pakistan and business of pakistan nation. master of barking do nothing like this imran pagal khan. mental case imran chore zakat khore	0
hmare han sticker bnane ka kaam tasali baksh kia jta h 😂 bnwane k ly aj e rabta kren ..	1
man krta h tv screen m ghus k us akhrot jaisi shakal k lukkhe or uski sasti sadak chap grlfrn k 2-2 lagau.	0
ha to mat dekho na , apni mahira ki tarah yaha pe bhaunk kyu rahe ho ghatiya show karke ? vaise bhi mahira ka ladt week hai ghar me	3
i don't understand what's causing you to retaliate so much? there's no denying that zab rallied the anti-ahmadiya stance. zia wasn't any better either is all i am saying. also, that's not even the point of this tweet.	1
tum jaise bharwe jo hote hai na apne ap ko hero banane ke chkkar mai yaha bhokte hai..  ajr sala real life mai dekho tum log hi hote ho aise ladke jo ladkio ko gande nazar se dekhte hai..  chal nikal..  bhosdika	0
 real aurat march 😍😍	1
chera ni tha ,m us ko dekh k bhagi or wo b bhag pra mere peeche 😂	1
tu or tere jese log jo halala ki paidaish h vhi jimmedar h . #kallua	2
 ap to brry brry log 🙊🙊	0
kiss me it’s my hijra birthday🤪🤪💛	1
putari bund kur dien democracy ki. pakistan ka nizam quran hoh jaise israel ka qanoon unki muzhabi kitab hai.....aqal ya toh le keah paida hota hai ya kisi aqal mund se seekha jata hai. yahodi se aqalmund koi nhi hai, please follow them.	1
   hum ny tang keya 😲😲	1
 ni 🙄 but u also have attitude	1
tum larty thora ho bhenchodo	0
 aye teri abay nawazz shareeef nay bana way saliya	0
opening record bhi toh chahiye bc bachchan pandey solo xmas pe 45 kr legi but udhr clash hai	4
 shuttle cokc burky mein nojwan aurat ko bhi bhurria samjh kr murd tawju nahi karty jabk modern dress mein bhurria ko bhi ghorney see baaz nahin aate	1
dekh kitna khush ho rha h bc	4
hira ji aap ka charecter bahut jaandar thha geo walon ke tou osaan hi khataa ho gaye hain	1
g ye tu pta ha....abu bakar r.a tu bht e kmal insan thy...allah un per apni croron rehmten nazil frmaey.....	1
asa koi ek aur drama buna chaye	1
" nahi. govt should announce ""tamgha-e-imtiaz"" for them . 😉😉😉😉  what a non-sense !!!"	1
 pata nhi....tumahary to bohat sary friend shongyebunsy kar lena. 😂😂	1
 sad na ho yaar.	1
 cheen to ni sktay par jo gham day jataya hai na wo khush ni rehnay detay🌝	1
phir uska koi kaam bhi nhi karti.. phir woh mujhy laa k deta hai..😂😂	1
 jazz is really shit network i say.  mn ne raat 3 bjy movie download ki jo 2.5 gb se bhi shayad zayada thi speed itni axhi 60 mbps de rha tha. 7 se 8 min mb download ho gai. isi network pe din ko 2 mb ki video download krne mn 3 min lga diye ab aese to nii hotaa	1
vasay tha tu gatya admi sabit be kar dyea kay yahoodi agent ha kamena	2
bhen bhe chod donga baad main😂🤣	0
  ja bibi maaf kar..🤣🤣	1
peanuts are the tastiest and cheapest dryfruits thank the lord for it. salted pistachios and badam the second. then akhrot. kaju sucks. maybe i've never had 'real chalghozay' but from my experience they are kinda avg in taste.	1
imran 5 jaga sa lara aur 5 ki 5 jeet gaya aur ye pathano ki sweetdish kehta/kahti hai k imran ki pehchan oye ghatiya gandi nasal imran teri maa ka yaar raha hai.😋	0
1995 mein dr sb ne bta dia khan yahoodi agent hai	2
"rt : woh ""hi"" b bolegi,woh ""bye"" b bolegi, woh larki hai janaab, dimaagh kharaab hua toh ""bhai"" bhi bolegi 😂"	1
apne behnoi ko aisa nahi kehtey. teri maa da yaa niazi moodi k jeetney ki dua maang raha tha bharwe !!! 😅😅😅😅	0
what the heck! koi kuch corona 	1
 weldone khawaja sab	1
awais bhai please aaj promote kr dijye ga. main 100% followbacke deta hon.	1
jo bi jata ha un ka viza lagta ha 15 day 28 day 45 day ya 30 jb jb time end ho ga wps to ay gy na	1
or ek ya akhri kam hi hum se..insan se nhi ho pata	1
kesa chutiya wazier e azam ha apni he hakumat may apny he bendon say phudu ben gaya ye ehliyat ha bayghart kanjar kashmir frosh lanti sazishi imran yahodi ki	2
jalse mie nai tha, taqreeb mie tha. ar udher selected bharwe ne apni bakwas control mie rakhi.	0
  😁😁tu ronaa mat han	1
         spelling tu theek kr lo ya phir seedha seedha #bhalu ko declare kar do king ye overacting ki kia zrorat hy 😏😏	1
someone with #leadership skills, a believer of #diversity should be pm  #byebyebibi #gobibigo #crimeminister #israelex19v3  #jews #israeli #israeliarabjews #africanjews #netanyahu #christians #arabchristians #bahai #druze #ahmaddiya #unitedisrael #nomorebloodshedontheholyland	1
 kafi achi buttering thi 🌚🌚  still koe faida nae szaa k tor par no clr for u today 😤😏😝	1
aby gashti aurat khabees ki bachi randi aurat chinal kanjri randi kuttiya teri gaand me khud chala.jaonga andr haramzadi tu samjhti kia he khudko randi aurat gashti chinaal shetaan ki aulad ainda teri aisi fzol post dekha to teri maa ka or tera bhosda phaar dunga 😡😡😡😡😡😡😡😡	3
kyon tumhare baap dadaon ne to pakistan me sadke le li thi, yahan kya apni ammi ka halala karwaoge sadkon pe.	2
  😂😂hhaa tera bachha hai kya ye	1
mian ten years iss jumat ke sath rha hoon  na kam na kaj ke ...... 	1
haan re madar chod .. tum bulao to wo na aaen bhosdike.. chutiye ho na to chutiye hi aayenge .. maadarchod..	0
or be bat sun be ooo choot ke muu wale agar tumse darr kar use chora hota to abhi tak us indian bandar kubhoshan ko q nai choro gand tak to marwali puri dunya me india ne lekin hum ne na chora bharwe to aoo na charo tarf se .charo taraf se choodenge pakistani foji .indian dalle	0
aise kutton ko goli maar dene me hi samajhdaari h...aaj bhaunk raha h..kal kaat v skta h😏😏	0
niazi yahoodi khud ghadar hay kashmir hy bech dala 😂😂😂😂😂😂	2
 oo bhosdike   galat afwahe mat faila mujhe pata hai tu it cell se hai	0
   han lekin in ko yeh baat smjh nahi na aati ke agar koi in ke ganday level tak gir ke in ko degrade nahi kar raha tau wo kamzoor nahi blke aqalmand hai. but anyways	1
bhaunk le beta bhaunk le tera bhi time aayega. jab amit shah pichhware me danda dalega.	0
 tu wapis aa pakistan😂	1
sochna hota hai na apko pura din.. har group main jaa kar 🤔🤔🤔 kar kar k thak jaty hongy na ap 😂😂😂	1
 bs na poocho 😢😢	1
rt : officer hoke ye hottness upload krna burri bat ha😂	1
q aap ki nhi aai kya ? 😂😂😂	1
hahahah saalay ko dhakka de dya tha achay say. dont you worry. 😛	0
ab ye mat bol dena is wale bhi yahoodi h. ar unke jhande pr lalla h akbar nhu likha.	2
 to hum kon sa bury hein😕	1
phr jhute hn ye😌 	1
yahi hijra teri maa per charha to tu peda hua	3
hawww😱😱when i smell i feel like dying dil krta hy public place pe thehr k usy gali dun 😡 	1
mje smj nh ati. mhngai ka rona roty ho ap sb lkn jin beghairton ki wja se mhngai ue h unk vote ko izat do k naaray marty nh thakty.	0
   usy mat bulaoo 🥺🥺😂	1
oomf followed me n we became friends pretty quick bc we live in the same country so it made perfect sense then she found out that she’s moving to my neighborhood n school n now we’re irls n shit n we’ve been besties since 2018 😗✌🏻	1
main tairi maan ka yaar. kafi hay introduction mera saudi gashti kay liay	3
imran khan nay ikhlaaq nahee seekha aur tera hijra bilawal parliament mai kharay hoo kar imran ko begherat bolta hai wo ikhlaaq hai.. chutiye dallay..	3
 hye ye zindagi 💔😕	1
kisi b group mein add kr dety ho q bhenchodo tmlog k baap ka acc h?	4
yeah to pehly hi bhugat k aya ha qandeel baloch wala mamla🤣	1
followers dekho bhenchod	4
this chutya is behaving ahmedi/atheist but when someone mock them he will start crying.  mock someone else religion is fun for him.	2
rt : khuda maut de tjhe bharwe! lash bhi na milay teri chotiay	2
gand phatt kr hanth main agayi is bharwe ki	0
 to aapke hisaab se police ko goli khud khani chahiye thi	1
bhenchod popcorn leke apne mje lo dono side se 😍😄	4
 tu to rhene de bas	1
    polls mein mahira ka naam mat rakhna 😅	1
tujje chod k sidra ko koi psnd ni krta when they don’t want to live together bhn toh apna khoon kyu jla rhi ho	1
 zabardasti muu to nai marty tum logon ki consent k bagair nai marty chand begairat log hoty hain jo asi harkatain karty hain har mard acid ki bottle hath main nai utha k phirta har mard zainab ka qatil nai hota. tum log doctor ho, lawyers ho, pilot ho, police main ho etc or kya ho?	1
nope i’m not!  i’m so massom that mjhe kisi ne realise karaya 😂 	1
  o larky zaida hassi ni aa rhe tujhy ? teri maa ko na de dun ?or sath is k or bhi kuch de sun to wo zaida khush ho jaegi	0
aliatards se bachao re koi 🤦🏻‍♂️ inka alag randi rona hai 😭	0
     sir ajj to portal bade achhe se kam kar raha hai	1
🤦🏻🤦🏻 feeta kato—aap sy kuch ho nhi skta.	1
akhrot maghz	0
mere shehar me meri behno ne bata dya k rab ka jism or rab ki marzi	1
 haha kia hwa tha? you must have heard stories about it	1
apna maal bechnay kay kabhi kabar mirasi bhi banna parta hai. 😂😂😂	0
 pata chaly wo mazak men galy par jaey 😂😂	1
hahaha dhoka kon dega! mujhe agr such ma kisi fake id se approach kiya usko ma such ma orat ya hijra banake chorunga😂😂😂😂	3
haraam khoro phely apnay leaderon ko dekho sab randdi khanay ki pedawaar hen	0
bus hamara her masla he yahoodi saazish hai	1
bola bola hijra bola 😂🖕🖕🖕🖕	3
 hmmm ab legta hai k kuch to hua hai	1
chutiya he b tuu. bhen chod.	0
where are you    ?? sharam nhi ati ya guts hi nhi hain ?? phattu saale. #jnuvioence  #jnuattacks	0
beech mein teri maa ka pahla yaar.😂😂😂	0
 yah haramzadi kanjari kon hai..????	2
   oho actually rat ho gai na to my wapes apney ghar hi a gai rasta bhool gai thi 😂🙁	1
mtlb fazoll tareen anthum ha but your meme is lit man	1
  bata ab aurat ke naam ke kalakh	3
chal dil mare, ye duniya jhooti, log hain bharwe.	4
ap ko aise logic dy kr apni maa bahn ak krany ka zeyda shoq hii ya chasky lyta ho rundi waly	0
khair hai mujhe copy na kiya karo tum😏😤 	1
 pata ni shehnaz kese brdasht krti he ise.....bahir aa k use kitna dukh hoga...	1
ajeeb city hai ye b... hr jaga se pringles ka pta krwa lea nai mil ray💔	1
  werna mujhy kya pri thi itni gndi team ko support krny ki sb sy best quetta or islamabad thi	1
ye charsi hai 😂😂	0
ye mohabbat aur cheez hai abby bc ye ashqi aur cheez hai. phly in mein dono ka difference dekh le bc	0
ap bhool rhay han k jinko apne tag kia ha vo sab singles han	1
dono pde pde soch rhe honge ,bc ye kya kr diya😂	4
kal hoe na hoe	1
rt : kabira bhenchod maan ja pls 🎶	3
kis ka bc	4
rt : 2 din randi rona krna hai ab	0
apke behn muj sy zyada apsy payr krti ha us ny btaya ha mujy😌	1
 itna khatarnaak s/o koi ni beta apna time aayea 😏😅😅	1
 i am a citizen of pakistani voted for you. please dont make me feel ashamed to call myself pakistani..  apko pakistan ki izat ka wasta please wuhan and near city xiachan mn phase pakistani students ko jld az jald wahan se nikalen.they are begging you.please	1
jo loug cheekh cheekh kar kehte hain ke qandeel baloch jesi aurte'n mulk ko badnaam karti hain woh iss waqiye pe chup rahe'n gy.	1
  bhai main hindu hu janm se bhi aur karm se bhi...😊	1
ha apko nahi tha bura na mane 💕	1
 wo kya hota h	1
mje to apke ghr k ye lwn acha lgta 😬😬	1
" is mard-e-mujahid k bat bilkul theek hai. yahi alfaz salahudin ayyubi kay thay "" me europe me larna chahta hu or mery muslim bhai mujhy egypt say bahir nahi nikalny day rahy."	1
yeh guzaar jain gi mgr inka january nahi guzray ga   kuch kro bhaeee. 	1
4200 directly 5k through agent	1
"rt : selected azam, qadyani and yahoodi labi ka mustarka mohra "" imran khan """	2
 tu kr skta h??	1
level ha boss😎	1
 9 minutes + ka promo hai voot app pe dekho	1
ye tu unk apne chromosome ka result ha 😂	1
 keh do ke ye sach hai😂😂😂🤫	1
lol aap to phir teacher ban sakty hain  😂	1
bhenchod pakis over hype everything  century kya lagadi aus a ke against they act like they never seen such anything like that same goes for their t20 ranking too	0
😂😂😂kam roya karain kaheen kuch time bad randiyon wali feelings he na anay lag jain shadi sa phla he	4
baldia town me 300 jal k mar jane walon ka case in sab cases se bara hai lekin us case me chief justice se le kr civil judge tak poora nizam hijra ban gaya , insaf ki bat karo, bugz na nikalo	3
esko mottt qreeeb h qandeel wala hal hoga	3
bharwe k aulad .... tum saray indian ko duniya deikh rahi hai tumhare zulam ko aur atankwad ko. soon it will end and u will be destroyed	0
tu ek number ka hijra hai aftab tera baap terrorist hai aur tu security guard ka naukari karta hai isiliye do rupaye ke liye twitter per aaya hai yah sach accept karle kyon jhooth bolata hai ki tere pass indian visa hai so kar jahid jihadi tourist	3
  bhai is badhwe ka video mat dalo	0
 puchhne ke liye guts nhi	1
ye bhenchod crush ki story dekhne ke time mera net slow kyun ho jata heiiiii	4
afghans ko hi train kia tha ya jo kuch hmdard thy afghans k pakistan mai uko ko. bt ab pakistanis ko b aql a gae hai k afghans kisi k sgy nae, in k sath achai kro to ye phr b dhoka hi dty hn. jo nataij aye wo kisi ko nae pta tha k aesy ho ga. ghaib ka ilm srf allah pak ko hota ha	1
kunal kamra ki maa ki chut me hand grenade...........or teri bhen k bhosde m chris gayle ka lawdaa ......teri maa randi h kunal 100 rupe m chudti h gb road p bhen k lode mia khalifa k bacche apne baap ki photo delet kr nhi to maa chod duga tere ghar m ghus k teri	0
aurat barri pyari cheez h... . . . khud hi ghalti kr k khud hi naraaz hoo jati h...❤️🌚	1
 or kia kar sakti mi when people ignore me without reason... i felt like that i did something wrong so i asked sorry 😢	1
well no offense 😂😂 marasi😊	0
good .sir ab sabt krna lazm ho giya ha k yeh munafiq log kaissy kaisy hum awam ko pagl bnaty rahy ..	2
tum apni behn b de do na  lanati insan	0
kyun k muje isb bure team lgte ha ao ne wo select ki ..🙈🙈🙈🙈🙈😔🙃🙃🙃😜😜..	1
 main personally bhot serious  banda hoon 😂😂😂🙌	1
 meri jaan k toty❤	1
 waise ye azadi march hai kya aurat to azad hai islam mai aurat k bohut zyada haq hai aur agar baat os aurat k hai jo acid victim hai ya zulm ka shikar hai to tik hai laiken ap k aurat march mai to sirf jism wale baate hai apne mardo see azadi chahte hai ye porn agenda hai	1
 aap khaein hum abhi aaye	1
 tujh jesi ghatiya aurat ko hum bhot he ghatiya nazer say dekhty hy	0
 😂nahi pata nahi kya hai mein khana deti hoon wo khaa leti hai lekin pyar nahi karnay deti bhag jati hai😅🥺😂😅💔	1
  abey haramkhor samal brahman nahi hote hain.. haramkhor tujhe agar kuch pata nahi to yahan gand marwane mat aaya kar.. pehle bastard tu likhna padhna sikhle.. sachai yah tu hamesha gulam hai aur gulam rahega.. tere liye e twitter samaj nahi hai	2
( a big question for all the pakistanis ) puri duniya mey israel ki army badnaam hey, my first question to all the pakistanis, q. no 1, how many ( jewish ) yahoodi have killed by israel army , answer, no one, ( koi bhe nahi ), because israeli military is pure patriotic army	1
aur yeh baat sarfraz nay teri baji ko bataye ya biwi ko ya ammi ko??? kanjeri daya	0
rt : not gonna exaggerate or anything but i can play better than fred atm. no jokes. he's fkn useless. rundi ka bacha!	0
 yesss😂😂....dukh hota hai jab aise batyien poochta hai ❤️	1
 mujy to follow mila ha in ki tarf sy or kisi ka pata ni	1
  hawwwwwwwn sorry yar time he nahi hota hai 😪	1
 aisha....but milna mujay koini iknow	1
phir in yahodi khanzeer logo ko pata chalaiga kai kia ta aur kia nahen ye sirf dajjal kai liye aisa kar rahai hain kyunkai ye yahodi log khazeer log dajjal ko apna leader samjhtai hain aur tumhara pura bollywood bollyminati ban chuka hain tumharai dimagh ko programming ki ja rah	2
abi to aap ne kbi nhi manga thaa😱	1
 q ab january ko badnaam kr rhi hen dec to pehle hi badnam tha	1
zawaal ka ye alam hai k inko pta e nahi k pull short front foot py khelni ya back foot py..  shayd yahi wajah hmary players bouncy tracks py khel nahi sakty.  i hope  inki technique me bahtre layn gy. dear anchors need comments please.   	1
shamo a rae ha mujy 🙈🙈 koi meri maa ko bi dikha de ye tweet plzzz	1
okara ga q nahi zahid aap?	1
 khuch ni befkr rhy	1
hahahahah..bhadwa tommy shareef ban raha hai hahahah....gand me jab aag lagti hai aesa hi hota hai..aaja teri amma ki choot maroo chodne ke baad use jute maroo mu me apna lawda deke moot maroo choda hoga. aja chuswa apni ammase mera lawda chuswa meri balls apni amma se . bhadwe.	0
you think women need men to feel worthy? think again bhenchod 😘😘😘😘😘	0
woh masjid bana bhi daiga tow they will say its built by a yahoodi agent, wahan namaz qabool nai hogi🤪	1
ya allah.. yeh tu din ba din qandeel bloach ban rehi	3
 gobar ka dher hai tu i bri jism fitymun te lakh di lanat tere te te tere bghrt moty bhady jism te khair jism to ni hai gobar zror hai	0
arre aahiste bol.... baap log sun lenge	0
bhai mein aap ko batameez, bad ikhlaq , jahil , ganwaar ,ahmaq , be hooda insan bol sakta hoon magar bolna nhe chahta.	0
 ami jan kahti thi koe reply chota ya bara nae hota 🌚🌚  hahahha rakh leya apka reply hussnain bhai 🌚😉😎	1
teri ma ki choot bsdk nikal laude  kutte jaisi sakal hai teri  ma chuda bsdk madarchod landoor	0
   pagal ho tum	0
haey ! kitne paese milay hain tujhay mohsin dawar se bara zor se choda hai aur satisfy kiya hai usne tujhay saali.	3
 o bas bas ab tareef na kri mri🙈😂	1
bhenchod sb din tu rndi rona krta rh jayega beta....tere jaise..bhrbe bhut aye bgut gye beta...koi.shi.likha h..jinka.tu.burai ya.apna...achai krte unke house ka look ..looks..like..suprb..jo.baith.hr.bat pe.nuska.beta.apna.ghr.dekh.dena..mc...kbhi.fact pe.bhi.bola.kro	0
bhenchod.....kutta pakistan ......kutti saali kom.......	0
for as long as the recorded memory goes, the yahoodi have been the predators, the exploiters and the instigators of violence. wherever they turned up, they exploited the native population, sucked the ordinary people dry and tricked the nations into conflicts that descended them	1
  aur bhi bahut jahil hai unhe bhi yaad kar liya karo. itna selective hone se hume problem hoti hai.	4
 right pakistan nay jang ka kaha tu hogi q kay muslman jo ak dafa kah daay kar kay dekhatay han pichay ni hattay	1
 jao menay baat ni karni🥺	1
 baad main phir thora sa ro lia tha jb terminal pe dost alg ho thy thy	1
 q apko bhi kisi ny sister kaha hai??😂😂	1
bhenchod ye ff walo se pareshaan ho gaya  hu tl puri bhar dete h sale	0
 pls islami taleemat ko mat target karo. allah karim aour humerey pyaary nabi saw. ke har baat main hikmat aour insan ke kamyabi hai. ager mard ke achi sehat ho tou aik biwi usko pora time nai deh saktei. phir sabar aour bardasht he hai.	1
tum ek randi ho or randi raho gy. like sunny leone	3
wo wala chakar nahi socha tha dost real hoon gy but wo bohat bary bc hain😂😂	0
chulu bhr pani ma doob mr beghairat... ye ppp walo k mutabik beghairat koi bura word nai ha.its mean shameless .. 😁😁😁	0
q kasa diya .#coronarvirus bhai please bachoo is virus se #help karo bus ki.#godsaveus 	1
allah aapki mushkilain aasan kry. aap pr rehmtain aur barktain nazil fermay. 💐🙏💕🌹	1
tum chutiya saali actress kaise ho gayi ... hadh chutiya ho ... matlb bc kuch pata nii rule k bare mai ... publicity k liye kuch bhi bakk do ... publicity k liye nude ho kar ghum leti accha advertisement ho jata tera ... #nonsense_swara	3
ni bhai abhi parhta hoon or shop ha apni udr hota😬	1
hahah itnay gheratmand nahi unko bhi pata hai pm sada charsi hai	0
 madam na kry.. jis ny ap k kapry utar k jis ny video bnai apki us k lye b bad dawa mang lay.. phly ap ny yeh kam kia us k bad leak hoi.. na ap krti na leak hoti... or ub jo kar rhi hy galat kr rhy hy... tobaa ki hy tu usi par focus rkhy..	1
bhenchod hidden hi rehna chahye tha. tb dil khol k jo dil mai ata tha atleast likh to sakti thi. ab likhun apna dil halka krny k lye to socha jaega i am seeking attention by writing stuff 😂	4
yeh hamara bharat hai tere baap ka nahi...	0
abay saalay malboro nahi pee rahe light double o hai ye 🙄	0
 no mai leti nahi medicine. 😒 but yeah i am taking care of myself.  ❤	1
 upset logon ko thek krne ka talent mre pas hai	1
inke maa ka sale chutiye hai kya ye dekho bhenchod #nidhiagarwalchutmariki	0
 tujhe zillat hi milni bs kamini aurat	0
 jb kuch krny ko tha tb ki mehnat ka nateeja h	1
 kisi dost sy bt kr rhy hongy m	1
 12 am ma bas 15 mint reh gy hain pgl or abi sab soy hain suba uty gy to faida uta sake gy sab offer ka kisi k dil ma armaan na reh jay kahin rat jaldi sony ka🤣🤣	1
#zeenahindarega dallali se	1
unhain to horain nazar aa jati hain injection lagne se, awam ko jinnon k siwa kuch nazar nahi aa raha	1
 bs social media se off ho rhi kuch time k liye need a break 😊	1
han na 500 mein bc kya kya ho jata ha😂	4
%% koi b lrki mujh sy dosti krna chahti hy whtsap msg kry ...hu real girl.. num ye hai mera  03150855632	1
yeh reach na aany ka neteeja hai bas yaar😭😂😂	1
han wahi bhenchod mene puchna hai bc ek din pehly itna rr aur aj chill xd	4
you don't need to tell me anything about the laws of pakistan neither do i need to know from you that wether he's a ahmdiya muslim or not.👎	1
hahaha ye aap ne khud ko dm kia naa 😂	1
boorha phir b acha h tu to hijra aur chutiya h aur jahil baroch zardari ka gandaa khoon h tu. apne naam k sath bhutto mat lagaa zardari ki gandi nasal tu kch b kar le ab teri ye jaali chooran nh bikkne wali.tu bhutto ka waris nh wrong no. h 🖐🏿🖐🏿	3
rt : main kaun kesi shahzade ke dil se khelon main tu khud ek shahzade ki behen ho 🙊🙂😌	1
rt : look who's talking? the one who is infamous of commiting genocide in #pakistan against its ethnic minority with an intent	1
this is not true at all. subhan allah. ibn arabi and ertugurl gazi never even crossed paths. none of ibn arabi's writings mention ertugrul at all. the first mention of ertugrul is from over 100 years after he died, in ahmedi's chronicle, w/ no info on his personal life.	1
hahahaha rundi baaz aa	0
 hm dhond k de na koi	1
rt : can a nice and kind yahoodi agent fund me? ya girl's broke af but illzam muft main lagta hai.	1
tu apni maa chudai se baaz ajao bhen k lory warna .. tera youtube nhi rhy gaaa??? firqawareyat phaila rha hy haramzady	2
sab say pehlay mei traffic violation public place violation pe fines lagaonga like fines in uae.   rs. 20000 for signal violation rs. 25000 for over speeding  etc etc 	1
wo phr bhi badal jai ga😐	1
 apa wapis kuwait jaeyn ghi tu shoru karti hon inn sha allah	1
ka jri ur rundi ka bacha tuje paida jerne waali ka phudaaa	0
rt : did we punish the people involved in destroying the place of worship of ahmedi?	1
mera bhot dil ha me is force k hisa bano lakin larki hn nh kr sakti bhai k bar bar kh rhi tm ban jao😢 i wish me larka hoti	1
one & only harami khan	2
 shazaib apni baji ko b bejna han aurat march ma agr itne he zruri hai to	3
 mam have u watched mere paas tum ho?	1
 allah ki qasam aj ap ki khud ki respect khtam ho gai meri nazar mn warna me ap ko acha politician samjhta tha.	1
  koi proof nahi sir	1
like u mourn someone its bidah u celebrate someone its bidah har cheez bidah bhenchod mar jaein kya??? how boring	4
meri ami kehti hain main kamzoor ho gya	1
 aaa bus kar na yr 😂😂😂😂😂too good man	1
chutiya hai bhenchod ye. zindagi mein yain machaya hua hai.	0
aise kapde mat pehen,waha mat ja,usse baat mat kar...kyu ladkiyo ke maa baap dare hue rehte hai humesha... kyu humare hi desh me aazad hoke bhi hum aazad nahi... kyu sunsan sadak par insan ko dekh kr sukun ki jagah dar lagta hai... #nirbhaya #wewantjustice #rippriyanka	1
kuch kameeny he nhi beghairt bhi hoty hain 😀	4
 ye mera jism meri marzi wali khawateen chahhti hain shadi na kro just zina just zina shadi 1 jail hai zimadari hai ....ye chahti hain hum chklay chalaye	0
 cigrette vale pe b blush kiye thee	1
#article6forptmleadership  sab ptm walo ko sar e aam goli meri jai	0
pindu pagal ho gya hai hum nai sary records ford diay pher bhi apny mai hi hai charsi 😂😂	0
 wo b theek tha	1
rt :  interview lene wala b gashti ka bacha hai or dene wala b	0
teri bahu main mili aisii raahaat c mujhe  #fansdemandsidnaazshow 	1
 😂 nhi pata lgta apko? new rules aye jaisy specific time ky bad security nhi milti edr b yhi hissab slip expire ho jaye gi	1
marny say pehly banda aise he sochta ha sakoon ma reh bayta abhe kisi din tumhari dorm ma a jana ha zombie na 😂😂	1
 yesh 😌 kon si mehnat ki thi mje bhi btao mje bhi karni hai😿😿	1
mujhe wo beghairt yad araha hai	0
1000 send krr dyna wo sth sth ma room banta rho ga😂😂😂	1
another qandeel baloch on list.	3
😂😂😂 tu hi iska official baap hai isiliye dar raha hai tere se baat krne se dusre baap se mil.le   😂😂	1
tujhe bada akhrot aur bada lod pasand hai isliye	0
tum apni bhen ki bari humy bula lena	1
lagta feb me lahore ka ek chakkar lagne wala hai..	1
arrange marriage k bad pta chla k larka fb per larki ki friend list me add tha.  or wo usy reply bhi nhi krti thi... 😂😂😂	1
... want or change their religion.   #pakistan’s constitution does not give its citizens right to choose any religion or even change it, in fact it criminalizes and persecutes its own ahmaddiya muslim community (who are criminalized to not even call themselves muslims)	1
ho gaye hy aur han aj jo ye sekhon k liye kar raha hy ye whoi sekh hy jub pakistan azad howa tha aur muslmano ne jub india sa hijrat ki tub sub zada qatal muslim ko in sekhon ne kiya tha par afsos ap jesy log is yahodi e agent ko ek islami leader mante ho phir kasm khao k allah	2
nhi nhi 😂i'm not that nashai or kinda charsi chic	1
 tmhary hony yah na hony sy fark nhe parhta 🤪🌚	1
ab itna bh bura nahi mein 🙄	1
abey waha toh tjhe bhi nhi lenge.  mjhse better toh tjhe pta hona chahiye ki central asia k arabs hume kya tmhe bhi kaafir smjhte h 😅😂	1
ye ha he aisa start he is ka ak lafz say hota ghar waly bhe is k marty hein is ko is waja say 😂😂	1
sakoon sy sonay b ni deta ye farooqa .. khwabon me b drata hai...	1
 jahil insan ye sharab nahy🤣🤣🤣🤣🤣🤣🤣🙄🤣	0
where are signatures?  ye bhen chod kbhi wapis nahi aye ga ab im 100% sure	0
 pari tumhara dil q rota hay?	1
nahi.... lekin menu ptaa teri kudi kol main so jawan ty tu nhi bolna .... gashti maan da ktoori da bacha #general nu naaw tu baji dy tere wargy hor ee bht ny wesy main mar gyan vella ? dally	0
sale kam se kaam smart to hu na teri taara randi ki aaulad thodi saleee tatttii😂😂chiii beee kitni gandi shakal h teri isee achi to meri tatti hoti h	0
imrani gandu tera asli abba koi patwari he ha baki imran yahodi bayghart kashmir frosh say to teri ami jan nay taste change kia ha yakeen nai ha to khud apni ami jan say puch lay	2
 young kon hai yaha py	1
apny ko follow kro fb mily ga😂	1
unki aulaad b sweet ha bht 😌😌	1
we are silent and enjoying the drama.... bhaunk to tum log rahe ho 😂😂 achha kaisa lagta hai jab tumhe ye yaad aata hai ke itna chilla to rahe par ye caa wapas nahin hoga kabhi... 🤣🤣🤣 bahut bura feel hota hoga na 😜😜	0
ary koi hamin bhe muuh dhoo kr muh laga lo🙄 ;-; hr jaga larkiyon ki tweets pr zalzaly aye hoy hm larky kdr jain marjain hm? 🙄	1
hamarey liye bhi dua kiya karain. humain bhi bulawa ho	1
rt : messsiiii you bhenchod	0
that's for foolish act and the ahmedi you highlighted they were equal to jews for us so alhmdurallah we save quran ! . and about hindus and christians its was a false news !  and if it is real then show me !  if you don't have anything then shut up and run !	2
mei ny jana k umeed agr allah sy ho...to wo zaror pori hti hai	1
sana - tu task ni karega shehnaaz shehnaaz - mai toh karunga  typical indian siblings ❤️😂  #bb13 #biggboss13 #shehnaazgill	1
 yh jugat tu nhi thi 😒	1
 🤣🤣😂😂😂.mahi yeh tu hai na 😜	1
ali wazir khanzeer,,tu khud pti k vote se jeeta he	2
kyu randi tu roz yahi baans dalti hai kya	3
saale madarchodi karta hai ....randi ka aulad ...mera din kharab karke khud apni behen ke choot marta hai	0
 hahah. wo mujy b nhe pata.	1
tere jaise randiyo ki chudai ke liye to ham mard hain yaha pe	3
youthyon kay judiciary kay khilaf posts daikh kar yaqeen ata ha jahalat ka education say koi taluq nahi :p :p maza tub aye ga jub ye khud imran ko ghadar yahodi agent aur modi ka yar kahay gay aur ye atal faisla ha ye kahay gay :p	1
nakhre maan baap hi uthatey hain baki sub dhokha dete hain	1
chal hram ki olaad pakistan ki jan choro tm logon theka liya howa h pakistan ki hakomat sirf tmny he krni..sala hijra	3
i want to say that give to moulana any kind of gali or bad words this is like directly target islam don,t go on any kind of  yahhodi sazish i am not saying imrankhan is yahoodi   ,look our army should not take the responsiblity in goverment they should do thier work god bless you	1
akhrot, badam, coffee 🔥	1
now that you are unemployed and will remain so for a long period of time. you can utilise your time to regain your vital nutrients. akhrot khao , kesar wala doodh pio	1
chl rundi k bachay khadray😂😂😂😂	0
aby kbhi b ni ayi pr jis trha tu story suna ra h lgta teri amma zrur gyi hongi 😂😂😂 or phr tu huwa isi liye pic mn b mun chupa k rkha koi bap phchan na ly ye to apun ki lgayi hui satt h jo aik randi ko lgayi thi💖😂😂😂😂😂😂😂	3
 🙄🙄🙄aista aista pata chal raha hai🙄😂😂😂	1
teri soch or teri harkat dhek lagra h k tere abu k jaanay k baad tere ghar me hindu yahoodi christian buddhist aate the or un ke jane k baad urdu baloch sindhi phthan punjabi meman bhi aate te abhi tak tere abu shak me h ye mera nahi ho sakta	2
 afsos hai apki soch pr or kuch nhi keh skti. allah hadyat dy ameen	1
 qsm se me kehna in chah rha tha lkin jse actress k asistant ni hty yes mam wo wale lg rhy😐😐😂	1
, main heran hota hun ki duniya mein itne badsoorat randiyan bhe hoti hain	3
koi b ni q k jb chor kr jaty bht dukh hota💔	1
sahab aap ik  par tanqeed kerty kerty ik sey nafrat wali stage par pohcnh gaay  hoo. ab bas kr doo kab tak itni gandee galian bardasht krty rahoo gaay.	1
hnss bad me lna pehly khilao ab😌 tera via fr jaldi ho jye ga😂😂	1
"well if supporting 's vision makes 'em call me a ""yahoodi"", i'd proudly accept dat. bec a ""yahoodi"" lyk #pmimrankhan (true follower of holly prophet) is way better dan dese stupid clowns who claim 2 b ""muslims"" & do everything da ""clerics"" used 2 do in da #darkages."	1
sharam to share karny walon ko aani chahiye kisi ki izzat uchalna bhut acha kaam ha.... allah garat karain aisay logon ko jo larkiyon ki pics share kar k badnaam karty hain	1
  you are so right 🙏	1
exactly it was moulana’s plan s he has got money for that by using those poor uneducated people who were thinking they came get rid of yahoodi and qadiani hukumat	1
ya mirasi hain ya molvi hain. drmyan mai kuch bhi nhe. ajeeb maashra ban gaya hai	0
aye yahudiyo jitna zulm karna hai kar lo in sha allah woh din bhi zaroor aayega ke tumhe chun chun ke maara jayega yahan tak ke tum darakht ya pattharoñ ke piche chhup jaoge to bejan chizen bhi kahengi yahan yahoodi chhupa hai.hadees ka farman hai ho kar rahega #israeliterrorism	2
ek baar egypt me galti se shirt le liya female ki.  bc- button hi ulte the, dimag ghoom gaya.	4
  tobah kary haider bhai 🤦😂😂  main ny apko achy khasy insan ka fan bnaya badly main ye silaaa mila mgy 😭😭	1
"  aray aray aray😂😂 mjhe english pe taunt marnay wale ki khud ki english tau dekho zara🤣 ""starts to teach us to improve"" 😂 yeh kaun si nayi english aijaad ki hai tum ne bhai😂 bas rehne do tum, tna kaafi hai tumharay liye aaj ka🤣 bye bye bhaiyya"	1
 kiya apki beti b yahi kahi gi baba g mera jism meri mrzi	1
   ay hut mera khud ka bari mushkil sy pura hota 😂😂😂	1
finally bajwa is caught with his pants down...bajwa is an ahmadiya.	2
rt : hello guys ! hm kuch dost sunday ko aurat march k khilaf aur haya aur hijab k haq mey ek trend karen gay insha allah	1
lol happy bday bc everyday is the day to celebrate the legend that you are	1
 is wqt konsa drama repeat hota h	1
 hn na dilasy  nhi deny chahye na..... 💔	1
is se acha to bc amir liaquat se hosting krwa lety🤭🤭🤭😂	4
 🖐ho funded media and journalists pe👞👞	0
probably a block is what they really wanted so that they could do randee roana 🙄	0
    mery liye sbhi special 💕	1
ye chappak wale kisi b din aake 50 cr + kar lete bc yahan lane ki kya jarurat thi...screens b achhe milte inko kisi aur movies k against	4
 r mazy k bat mra jism wo auratn krti hn jin pr thokta bh koi nae.	3
bharwe ki halat dekhe.	0
delhi police k pass sabka jawab hain tera bhi charsi or is launde ka bhi.	0
bhenchod ye har insaan instagram pe ayushman khurana ka kuch toh kyu daal raha hai	4
sary chor daku pti ka hisa or imran yahodi k sahulat kar han phir bhe khan kisi chor daku ko nai chorey ga	1
teri ammi ko bola nikal sale halala ki paidaish	2
apne baap ko hijra nahi bolte	0
*hzaron zakham asy thy k silty to achaa tha  bss tmhi ko hmny chaha tmhi milty to achaa tha *        😥😥😥😥😥😥😥😥😥	1
sher nhe kuttay ki moat kara gaya khanzeer ky hathon 😁😁	0
raabi u r my favrit aur aap ko bht bht mubarak naye zindage shuru krny prr	1
ya apnay baap say 2 saal budi hai !!!! see that's a comedy gem right there for u know why cuz i was born with it	1
bhen k lund ye vahi hai jisne tere jso ki ammi chod rkhi hai...sale itna marunga gharwale lene se bhi inkar krdege..sale halala ki paidais...yogi ki baat kaha kri mne...sale ghar me baith k jyada hosiyari dikhara hai..bahar nikal teri ammi na chod di..gandu	0
mian shahbaz sharif k documents k mutabiq 1970 main un k bap k pas kuch bhi nai tha baht gareeb thy. sir dono mian sahib k nab k satatement parh lain farq samjh a jay ga. mari london to kya pakistan main bhi koi jaidad nai. q k jaidad to sari qatri badshah ki the.😂	1
 mat suno apnae kaano pr rehm khaoo larki🙊	1
ajaa mere pass tere hawash thanda kar do shali randi	3
army say phatti tu ik ko bola bhen chod mulla	0
main gifts dm kr dun ga ...😊	1
ary cheema meray ek dost han😀	1
nahi garmiyan itni jaldi na aain please 😭	1
bharwe aa gye hai sarkar me	0
kitna bhaunk rahe ho, nas fat jayega.	0
akhrot kha ke aao phir😛😛	1
ab ye cut lulli waale bhi kitna mza denge humko to chod nhi paate aur khwaab dekh rhe hain gaand se akhrott todne ka	0
  fasad hi tum sy bana 😉	0
  hoti hai kuch bt sab nae still there exist few loyals 🌚🌚♥️♥️♥️	1
 so sad 😕 waqaye bhott ghalt keya us nee aap ky sath	1
aap 11 se pehle daal lia krien us me jo kch dalna ho	1
mene notice hi ni kia wese itna feel ni ho rha😂 	1
boobs to mast h sali ki	3
kiska akhrott hmmmm	1
ni may janta hu isreal k chupay kon lagata hay bar bar jake.. zrurat ni. kon talway chatta hay sab janty hay.. chuttuqom hu .. khabar lun ki ni batain pakistan ki.. baap hay pakistan tumhara auqat ni tumhare esi bat karny	0
eri post ko koi like nhi karta kiya mai apko acha nhi lagta ya meri post apko sab ko achi nhi lagti	1
rat ko milo bc	4
 ag sara ja kahn rhy hain subha sa 3 bnda hy jo twitter chor rha 😐	1
teekaa to lga doon sahab per hoorai'n nazar ayengi aapko😜 	1
 ye e rehne do	1
bahoot gatya insan ho beghairt	0
or tum log halala ki paidaish ke shikarðÿ¤£ðÿ¤£ðÿ¤£	2
dear islam, please do not label humans as sunni, shia , ahmadiya , ibadi, kaafir .. please	1
ye teri maa ka yar ha.. bhenchod imran k kutay.. ye pti ko nanga krta ha.. pinky gashti	3
tum firqa wariat main guse rehna,jis ki wajah se yahoodi hum musalmanoun par hanste hain.. and i am sunni and i am pakistani lol...	1
g bilkul laanat ho aesi kartuton par..!! this is clear violation of military sops. budhhay ko sharam karni chahiye thori si..!	0
yeh major gurav aur modi endia main toilet na hone ki wajah se hi to paida hoay hain werna jo naik maa aur aur aik baap ka ho woh na zalim hota hay na beghairat	0
gujjar bc sharaaam kar ab tweet dell kar day bc pata tumn apna b nahi aur tanqeed kay liye aa jaty hain ghuttia	0
 men ne waja to ye e likhi ti na😁	1
rt :  1942 azaadi ki ladai main log mare 20,000 aur 2019 main ek bhi nahi.. ye bc kaisi farzi azaadi hai 😂😂	4
unse acha bnda akhrot kha le	1
 ary nh hotaa wo to bs thrkiyon se bchny k liye thora bht dikha deti hongi attitude once they get comfortable tb to attitude nh dikhati i guess..	1
  apni behn ko bhejo gay na aurat march me??	3
bharway gando kartarpur pakistan mai hai agar imran khan is ko nahi kholta tau tera baap teri maa ka yaar modi kaisay khol skta tha iss ko. bharway tere ami k ander modi ka sperm hai isi liay tuje nazar nahi a raha k kartarpur is in pakistan.	0
ek heater hi ki to warmth hai zindagi me bhenchodusme bhi gas chali jaati hai someone nuke this country bombs mfs where are the bombs	4
be ye handsome h akhrot si shakal ka 😂😂	0
israel yahoodi sabse bade atankwaadi hai	2
  chahe point pe kiya....pr is dost ko bna to kamina diya na😂😂😒😒😂😂	1
aap phrr wohi hukmaran hnge jinke baap dada ne siyasat ki phrr unhi k potey par potey,  this is not a system jb aap ek ko galat keh rhe ho or us jaga k liye aap capable ho tw aap ko whn tk zror jana chahiye	1
videos porn videos leak karegi hareem shah jaldi	3
bharwe hai saale do taake ke	0
pereira shoot you fucking piece of shit ffs bhosdike baraat aane ka wait kar raha hai kya bhenchod	0
 abhi bhi lag raha ab to monchain b chupai thi main nay🙊	1
rt : sher akela chalta hai..aur hijra chakka hakla vimal kalua namard sab ek sath namard salman khan	3
    ap se kisi ne pocha??	1
rt : *me in market with my mom* bestfriend: hor bhenchod kidda	4
  teri koi b video dekh k tm pay tars ata ha. drama baaz	1
🙄oo bhaiii maroo mujhee!! nhi ye mazak hai 	1
 actually..i had a cut on my finger..i was trying to cut tape. jo lips py lag gai thee..he misunderstood it..	1
 demands aur slogans etc change ho jain to aurat march ko pura pakistan support kry ga	1
not surprised comment came from ahmedi. tbh, i won't be surprised when some christians will argue that they r included in muslim category too. just bcoz they believe there is only one god.	2
i can confirm k ye indians kanjari k bachon ko koi aur kaam nahi hai. bhain k chud	0
allah pak buhat jaldi yahoodi khan ko dozakh me aalaa muqaam atta farmaye.  ameen sum ameen	2
1 number ki randdi	3
 yahan hum thand se maray ja rahain hai	1
  apna dm activate karain twitter per	1
yar usko log khate peete bhi nhi dekh sakte  #stoptargetingasim	1
abe abhi to india ki burai kar rahi randi haha	3
chudwa liya maiya.. paar le jo paarna hai charsi.. madarchod	0
🤣😂mere desh ke bikari dushman mulk se beekh nahi mang rahe 🤣😂<s>tum matherchod to humse beekh mang rahe ho🤣😂ek or suar jese muh wali bikhari 🤣😂dekha isko matherchod randi ko chudne bhi humare pass aana hai🤣😂	3
 pehly teri traf peeth thi ghoomny k bad front kaisa laga 😂😂	1
wo beghairt montshr minded aada paghal bazum khud danshwr actually hramkhor hramkar zameer frosh tc expert black mailer money maker joker🤡💰👺	0
 aur yeh k jiss ka haath hai uss ki 1 shaadi toe confirm hai..😁😁😁😁😁😁😁😁😁	1
 mujhy kiya pata ab..🤣🤣	1
pakistani awam bewakoof hei lekin india ki awam to aala darjay keh ahmaq hein woh yaqeen bhi kar lete hein in baaton ka	0
dhoka khane k baad oska aitbar uth jata haa sbsee or dosre mard mai b interest ni rehta...ku k aurat jism k ley ni chahti jbk mard jism k ley chahta😌🙂	3
 husan ki tab tu le aye ab teri ankhe na mar dale ab	1
rt : mera jism merey allah ki marzi ❤️ #stopauratbarbadimarch	1
muh mei daant nahi gand se akhrot todega be?	1
randi tere khene se koch nahi hoga kanjar nasal ki payedawar	3
  prime minister na bno	1
 ya allah pak hum sab ko naseeb farma.aameen	1
pehly jo tary baap na diya ha extension wo saly ab jothy ho gye... tary baap nawaz shareef na b di thi ab tmhari ami nikal rahi ha	0
 koi shak ni is baat mn	1
saali yeh nind haram ki hai mil toh roz jaati hai lekin sukoon k saath nhi!🖤	4
rt : ye baap- beti ki jodi hain( 18+ vale baap- beti)  #bb13 #biggboss13  #weareproudofyouasim	0
    wessy mention to aap ko krna chahiye tha 😂😂	1
 phupho  saba k khilaf ab kuch kia apnay, tou you’ll hear from my lawyer.	1
fasla rakain bad mein ap kehty hn mein apny ghar walon ki marzi say shadi krni ha	1
achaa sb points valid hain. is ka solution kya kya jaa skta ?	1
tujhe yaad dilaana padega ki kis kis tweet pe maine teri gaand maari thi ? 😂 saala jhaantu khud hi bhaunk ke khud hi khush ho leta hai	0
 aap sahi bukhari uttha k parh lein. kya us main ulam e soo ka roll nahin bataya hamary nabi saww ne. sahasat ulma ka kaam tha jo inho ne choron per chor diya	0
 han ye b hy mashallah waqai bht pyari hy	1
  ni q k agar ap n suni ho te ye na bolo k awaz achi h hahahha	1
transgander   madarchood   hijra tu aik bara khoota ha  haram zada	3
apne to ahmaq ko apne sath sone ka moqa diga tha apko to dub mrna chahye	3
abe half briyani bejamin ne chodh diya to kuch bhi bakega bhen ke lund unblock kar apne baap logo ko teri maa u.s tak aake chod denge .. jaake koi nigga doodhle ache se shaant kardega tujhe yahan daily daily hum logo ka lene aajata hai	0
 😕😕😕  tum bs na kia karo khilany pilany wali baatein 😑	1
bal k is tasveer ka taluq ghatia aur yahodi ghulam qadyai darbari se hai ,,, baji ki chori pakrri gai ,,,	2
 aapka peaceful protest mere gharwalo ko office jaane m dikkat deta. mere gharwalo k right right nhi..	1
you guys must be drinking halala cow urine with isi mark ðÿ˜‚	2
jab sa ya kuta aya ha mulak  men kisi adary men aman ni keyon ka ya yahoodi anant  kisi door men hamari awam na army ka khalaf aik alfaz  tak ni nikala ab  israel or american ka khawab poray ho ray hen pori dunya men pak ki jag hansai ho rahi hen keyon pak maddena ki reysat bana	2
 hum kisi se km nhi	1
  ab stage pe nachne wali or jism ki numaish krne wali islam ka sabq den gi	2
everybody is busy in babu shona but i am busy in l.h.s=r.h.s ka randi rona 😂😂	4
 ufff keya fazol libas he .tum seyasat. dan ho ya model	1
 bta do na😂😂	1
is that a bad thing? what if the person wearing the sari is a hijra?	3
chudai ho jati saali ki....	3
ooooh bc deepika randi ki ma chodunga thode din ruko main btata hoon inko	3
tmhara bhae bara bhenchod hai	0
🤣🤣🤣🤣🤣 charsi kab se freedom fighter ban gaye	0
logoon k visay lag rahy hain, idhr sirf loray lag rahy hain 😅	4
nahi main us ki aap ki drafted tweets karne pr hansa hoon	1
acha ha g bohat acha ha	1
jao apne yahoodi susral k pass, khawar manika ki amant lota do	2
sharm aati hai bhenchod? sharm aati hai?	0
 lgta h community medicine waly apki research en emojis per krwa rhy🙄	1
#hareemshahscandal  sir please do something. halat tu kharab the hi ikhlaq ka bhi bera gharaq ho gaya. kis kisam ke gande log hum per musallat ker diye hain establishment ne. establishment is real political group.	1
 merey sath na hona meinay naraz hojana hai. 😂	1
bhenchod u cant even cry onto ur pillow cause it’s so wet and cold	4
 sab k sab mutual friends	1
 try to forget what happened... nhi hoga tow na sahi	1
akhrot ki barfi	1
kya ho rha h bc ye	4
 kar liya..😂	1
sarfaraz ko bitha k is rizwan kuttay k bachay ko khilaya strike tk rotate ho nhi rhi is bharwe s	0
nahi g sari rat nahi ki khbi hahaha din me hi ho jati	1
for all stranger boys jo hmare kuch nhi lgty wo just hmare bhai lgty hain😂😢😜😝	1
  2008 se 3013 tk kis ki govt thee. us time kon c doodh ki nehrain the sindh ma.. feel. shame bilo rani	3
 gusay main ho medu appaaa?	1
  is editing sy acha tha fiverr par account bna lyty 4 paisy hath a jaty 🌚🌚🤦🤦😂😂	1
    sir app kuch kehna chaoge shehnaaz ke brother ke liye	1
unke liye reservation ka kidda nhi tha na  randi k pille waise v tere jaise halala k paidaish ko fake duniya bnnane shok jo chada h. jitni fake duniya bnnani h bna lo nature to apne hisab se chlega  reservation se nhi	2
teri kya maa chod di indians ne bhadwi quom ki gandi nasal	0
 😕😕mobile kahan sa aagya bech main😕	1
aur sabse jaada dukh ki baat ye ha ki isne is bar sheila dixit ko haraya tha. ek sharam to delhi waalon ko bhi aani chahiye.	1
tamam pti walo par yahodi khan par lakh di lannat	2
gashti ko or jo logon ka dil behlati hon un ko shabashi nh di jati meri jaan mind it	0
bus ya aur tafseel bataao  ahmdi aurtain beach pe bikini b pehnti hain  jalse aur ijlaas pe burqa b boht hai 🤫	2
"isi lye yahhodi hakumat kr rhy han dunya min.. ham islam k leader banna chahty han lekn pehly ""yahoodi"" he ban jain.. plz no fatwa"	2
 zor zor se sub ko scheme bata do	1
kya samjh nhi aaya mochi..saf or seedhi baat he k indian bharwe hen or ap unke agent.e.khaas.	0
prayer hay ye akhrot 😅	1
  jab net nahi hoga tab kia karo ge ?😂	1
 ab inka haal uss mazloom bacchay jaisa hai jisko qari sahab nay mazzay lenay kay baad paisay nahi diay na bata sakty hain na dikha sakty hain kay kya hua	1
rt : failed charges so far against imran khan by opposition yahoodi agent selected qadiyanni u-turn master taliban khan etc et…	2
jb peeli taxi waloun ko land cruiser mil jayegi to yehi krenge wo log.. laanat ho is nasli ghulami pe...	0
bharwe , modi aur iske yaroon ke tattey utha kar rakhne wala tumhara ns begair passport aur visa ke unko bulata tha	0
"apnay tou pura chara tha ""ahmaq"" ko!!!!"	3
"when you are taking a catch and your friend says "" bhai wo chatt pr se tujhy hi dekh rahi hai""😂"	1
ye lode teri maa or bahan ke shohar hai or jyada bolega to de denge teri maa or bahan ko hum denge talaq or fir halala wow kya baat hai mullo wow lund chuss lo ðÿ˜œðÿ˜œðÿ˜œðÿ˜œ	2
mny tu kia hwa kb ka	1
pasand ki shai krne pe mujhe zinda darghoz kr diya us waqt mera jism aur trei marzi thi~aimma	1
oh teri, who is talking, humanity, peace, 😂 makkar, munafik, jaahilo ka sardar 	2
#khuda ki qasam agar mey hota tu zinda nahe bach sakta ta muj sey ye beghairat kafir yahoodi.	2
 pata hai mujhy..😌	1
ye kuttey ki nasal or retweet kar raha hai kanjer merasio ki tarha delete kar randi ki nasal	0
 aisa nahi ho paye ga.	1
  hamza ab teri bari 😂😂	1
yai konsa gaon ha😂	1
effective b ho jaye gi😂 wqt lgy ga😂	1
sanum apni. ajaiz maa ki tasveer kun lgaia hou hai apni asli maa ki lagao  bhen chod ki buchi	0
 part 3 hareem shah or qandel bloch k bad ye chaany wlai hai	3
honestly i am liking shehbaz 😂 laga raha hai blind mind ki!  tu flip matt marna ! zuban se mukarna matt!	1
rt : ant: i'm slow snail: no i'm slow tortoise: i'm slowest  ptcl: rishte main tou hm tumhare baap lagte hain.	1
motherfker aur kitna choso gay? eik taraf mukalifat kar rahy ho bhen chod or dusri taraf credit ley rahy ho madar chod	0
 ary mishal api ap logon sth hi yahan zyda bnti meri... mujhy acha lga at least nxt ky liye bhi smjh a gya..  usky liye again thanks...	1
repair khusray ko koi bataye ka is ka bap mian saanp b ek boot walay ki paidawar ha or jiski tareef kar rahe ha wo kanjar jis party sa ha wo b boot wali sarkar ki paidawar ha..madarchodo pahle tarekh parh lea karo phir bhonka karo...ja bibi fridge ki dukan ha wo chala	3
bc ka mtlb kuch bh lia ja sakta tumhra ulta zehan kyn chalta hain	4
   ye apka khayal hai bushra peerni ke tasaveer hain ye bhi google per theen 	1
you can call him a apostate slander his wife his past call him a yahoodi  agent it is all freedom of expression but imran mimicking  billo and the whole media is up in arms.	1
he obviously knows nothing how ahmaddiya community has been systematically marginalised over the last 40 years. mosques destroyed, 96 shaheed in lahore mosque not long ago. check with fazal rehman before they take you away. check why salman taseer was murdered.	1
ja halala bnd krwa bahan jakr phle..gyan mat chod	0
nahi aap sa koi ho hi nahi sakta	1
 dil bar bar kehta pyar na kr💔	1
ye teri ama ne chodwaya tha phudi ki	0
y sala pakka halala ki paidais hai	2
  meny fix krwai thi ab ye bhagny wala ha ghr se bhai is py nazar rakhein mera farz tha inform krna meny kr dia	1
jab naayi apkay baalon main kanchee phairta hai aik alag hi satisfaction hoti hai	1
i feel that the sikhs should b allowed accesses 2 their relgious places but the way imran beghairt zani kunjar & bajwa the shameless dictator is playing the religion card &timing of it simply shows that these both psycopaths don't give a rat's ass about how the pakistanis feel😡	0
some random whatsapp chat and you are so sure 😂😂   sab he doctors yahan...	1
to bc tu ne unhain hi dikhani jo krh rahi woh ker	0
is ki apni beti yahoodi esai k sath shadi kr k bagi itna beshrm khud sar pe hath rakha	2
ari bhenchod, mera reply tere liye hai chaman chutiye... wo londa ho ya londia, dekh le dp aur hila ke soja.. nehru gandwe kar bhi kya sakta hai tu.. tharki	0
is bharwe hamid mir ko bhe apne sath lejao dharne me sala pora din twitter pr bhokta rehta hai	0
why you write bc if you can write bhenchod ??? why you write mc if you can write madarchood? ??? why ???i repeat why???	4
mooj masti ky din#rizwanchohan	1
  kp me 3 wazir q change huwe. uno ne to dil o zuban dono due pakhtoono ko	1
 akelaa rehta hu	1
   bhai gave respect agar koi problem hai toh video mat dekho as simple	1
teri maa ki choodra hn rundi ke buchay, tu apne mulk ki halat dekh, bloody rapist nation	0
 jis ny bhi kia haal khrab kia	1
 😂 😂 😂 😂 google hi ni sath de raha...... bismillallah tu kr li huwi	1
yehi tu bas pata ha	1
"    sir  baat kisi bhi cheez ki ho apki timing hi itni ""thori"" si ha 😂🤣"	1
his strength and patience!! kuttay ki maut maro tum sab jis jis ney ek baap say uska beta cheena hai.	0
rt :  1362 familes app ki trf dekh rehain hain.plz regular krain jnaab. #npiwwelcomesjktareen	1
am i the only one?  jisne ajj tk tik tok app install ni krea phone ch 😐 video ta ki bnauni 😅	1
darbar ne 60 lakh kiya h bc 🤣🤣.. ab b shows khake baithe h	4
deepika padukone ka to pata nahi lekin tu to ek number ki randi ki tarah behave kar rahi h aajakl	3
kuttiya saali🐕🐕🐕🐕	0
phr tu bs thk ha thk krti 😜😜😜😜	1
bharwe apni baji ko bacha phle woh kitnon sy chudwa rhi h dekh jaa k randi k bache hahahahah😂😂😆😆 teri maa ki chooth randi kay bachy.	0
hahaha... q ye sirf khatoon ko he kehna q be izati ha?? jab mard ko kaha jaye k wo army ki waja se bana ha tab izat ka khayal nahi ata khusray tujhe???  aur haan tu pese k nahi.. kisi aur zor pe bani ha... ahukar kar usne wo nahi kaha....	3
ja oay ghasti maa ki bachi likha name ka sth syed hai or kr es kuttya ko promte jo gustakh hai	3
 lol.. tharki tu me hun.  yeh bat kabhi chupai nahi .😎	1
  nae jan mazak kar rae thi un k sat.. or unko pta chal gya that i'm mazaking 🥺🥺🥺	1
kafir yahodi kafir hindo same thinking	2
recently pakistan? did they repeal anti ahmedi laws? blasphemy laws? lol	1
  mickey mouse dakho chup kar k 😤	0
btaya bhi nhi bc 😑	0
 4:45 py bnai thi pic 🙄	1
jo jo dil huwa kha lejeye ga...don't worry me apka bhai kanjos ni...😂	1
ye bata ganje to boht sare hain tera wala ganja baap konsa hai nikaal ke de ta ke isko ghaseetun	0
chhoti se chhoti cheez ke liye bhi badi badi jung ladni padti hai! zindagi kisi jung ke maidaan se kam nahi usse 100 times zyaada hai theek hai na  😒😒😒😒😒😒😒😒😒	1
 tumhein bhi lagany ko dil kar rha vese mera 😕😂😂	0
he is not an atheist he is an ahmedi or a pro ahmedi atheist	1
isss beghairat sy koye poocheh kitna maaal recover kiya .ulta govt ky paisy per dunya ky chakar laga raha hy. london embassador hotel mai stay karta hy.iskee shakal iss qabil thee.	0
  sahi. me ne kisi k tweet ko rt kia tha...	1
apni trah charsi samjha hua hai 🙄	0
apki bhi dimag akhrot se hi wapis aya tha 😀😀	1
in chore tomri bajiyan yahodi quan ke bachy	2
   ye lo beta saboot b le lo! mujrim khud iqrar krty howy!  hawala:  tareek e tibri 	1
bc fincher ko goli maardeta mere saamne hota toh aisa end kon karta hai 😭😭 3 ghante chitiya kaata bas	0
 na bs happy rha kro aj messi 2 goals kry ga	1
randi hai to randi	3
ye sutiya to esa baat kar raha hey jese ki papad tod ne ki aukat nehin hey aur pichwade me akhrot todne ki baat kar raha ahey. afim, ganja, drugs ek sath milakar khata hoga. bc	0
randi is you and your gadha ka land jasi soch	3
sikh yahoodi qadianio ka yaar imran niazi no more	2
abay chor na randi.... paisay ke liyay tu kisi ko muh kya, kuss aur gaand bhi deti hai hai aur lagaati bhi hai!!!	3
abe halala ki paidaish laude ab 10 -50 baap banayega to yhi hoga ganwar.... kaise pta chalega ki asli  baap kon hai to  phir baap ka naam electoral roll(s) me nhi milega.	2
insha allah defeat modi ki qismat main ha	1
 ok... main teri trah yaad nai krta gaany	1
 khud kah k tareef krwa rhi hen🤔 i think ap dekhne me aisi hen k bgair boly hi tareef kr den gy log... wese mu py tareef krna groor ka sabab ban sakta he ap k liye	1
haan tera hijra jesay oxford say noble prize lay kar nikla thaa... ab imran khan ki nafrat mai indian media k talway bhee chaato gay😂😂	3
wo 313 thy to larzta tha zamana. aaj ham arabon me hain to karty hain ghulami. #pakistan	1
dekh le be bhadwe #paraschhabra tere baap ki aukat !!! #asimraiz #asimriazforthewin #asimwinninghearts #nationwithasimriaz	0
  hahaha very funny🙄 hasna tha kia? when will you guys improve your sense of humor by the way? just curious🤷‍♀️ same kind of lame senseless  &  (thandi chuss) every single day🤦‍♀️	1
shehnaaz gill to shukla :- tu apni team ko kahan tak leke jayega finale tak 😂  seriously dude abhi do week reh gye hai tab bhi team team chalu hai.   shehnaaz is right shefali can't be trusted.  #bb13 #shehbaazonfire	1
rt :  bc sara maza kharab kardiya	0
 kdr ap ao na	1
apne maa khe gand maarrandi khe pile ....* bhenchod	0
 nahi nahi mil gai hai attention ap aa gay hen na yahan	1
   don't be rude bro sid zarur jeeta ga vo srf itni bt kr rahe hain ke makers ko agar doosera fandom ne biased ka pressure daala to makers shenaz ko win krein ge ise liye humein itni tagri voting krni he ke doosron ko jab sid jewta ye na kehna parw bigg boss biaswd #keepshiningsid	1
haq per honey wali ko he janabey fatima sa kehtey haen	1
tm sb ki maa ka bhosra bhenchod trump sahe tmhay yehta hai	0
zindagi nhi milegi dobara, are bhenchod nahi chahiyee!!!!	4
chup kar bharwe	0
 friendship sai darr nahi labtaa sahab fraaaaaaandshippppp sai lgta hai. 😊	1
randi kiya jane   izat	3
tery jesy haramiyon ko bathroom mei mout ati ha. haram ki nasal. randi k bachy. bhenchod madarchod k bachy  bhen k loddyy	2
bhosadiwala aur hijra tha jnnehru madarchod ne khud ko hi bharat ratna de diya tha  #jawaharlalnehru	3
pyar ho to phle bc 😐	4
  ye baat purani ha koi nai baat btao♥♥♥	1
 mehboob jab bar bar samnay aye tou dil me dard sa hota hai us se bachne ky liye log pehle migration krte thay ab block kr dete hain.	1
akhrot*	0
hi mery gunaahon ki sza😑😑 	1
dur dur begaitatonnn..... bc apnay paida honay walay afsos naak waqiyay par bhe fooj ko mulzim thehra	0
 sach karwa hota	1
lekin ye ahmaddiya hai	2
    pata ni kes bat ka bdla leya hai ap ny mere se es ko mention kr k	1
o ha main to madarchod plus bahanchod hoon tu nikal le ab...	0
   haan yr they are using herr every1 vo kehte hain na jab kisi ko zada apna smjhne lage toh vo apka fayda uthate hain so ab shukla yehi kr rhe hain sana ke sth feeling really bad for her 😑	1
tere maa bhn kahahe  kissi mulle se  chudwata hoga dekhle bazari randi ke oulad  tera bhn kitne mulle ki bishtar  garam kiya hoga  naxali  ke paidaish	3
bhai hindu terrorism kuch kl tak toh religion terrorism ka koi naamo nishaan nhi tha fir ab hindu terrorist kaha se#hinduterrorist	1
then  persecution is a strong word. you can use that for ahmaddiya community in pak, but using it for christians isn't suitable. yes it will catch eyeballs but will be far from truth.	1
guys i found utterly idiot.   lol   muh se akhrot todne ke liye  muh mein dant ki jarurat hoti hai  🤣  muh mein le le for time been. 😉	0
rundi blocked.	3
allah pak ne makkah or madina ki hifaazat khod apne zime li hai... baaki arab momalik ab khokhly hochokay hain.	1
 app k liye fr b time nikaal liya krna mene jaan ni chutne wali ab	1
rt : haramzaady hain zong waly😤😤😤	2
ye khud begerat our yahodi he	2
  is mulk main islam aurat k libas se start ho kr isi pe q khatam hta h?	1
bibi aap ne b kch pyia hua hai srf figure likh k pic laga di kese pata chaley ga k ye insoliene ki amount likhi hai	0
    kuraan phadne ko bol rhaa hai  tu hi phad or phd kar us par ache se	1
tere baap hoga hijra !	3
 tum he hoe	1
main dar gae the msg dekh kay 😒😒	1
 hira agr aurat khud thek ho to meri behn kisi mard ki jurat nh us ki tarf attract ho.	1
dil sambhal ja zara bhenchod!	0
so u know why ahmedi bajwa is desparately wants extension ? bdw tumlog ki country mei doctor nehi hai ?	2
mast randi vali mal	3
uth jao bhena subha ho gyi ha 😂😂	1
"ishq je saukhaa hundaa bahu sab aashiq ban baihnde hoo.  ""love is not child’s play o bahu! if it were everyone would have become a lover of god.""  ~ bahu.❤"	1
rt : pls put your arm around me randi pls love me bharwe	3
kuti randi	3
yeh sun'ny sy pehly mjy qabaz thi.. now feeling better.. ✌🏻😪 #tayyarhain 	1
 ap ko to lagaya ta khan ny pir kiya nazar aya ta us waqat	1
 hahaha kissi ko dikhaane k kiye😂😂	1
charsi hotel sa😂	1
you know nothing about ahmaddiya community except what you have been fed. hating another human being is the worst of crimes according to islamic teachings. if you have common sense then do some research.	1
 uber book krwai thi.  driver ny ride b nai li. or cancel b ni karta tha. 😡😡😡	1
 jo hm sb dekh rhe h mgr ap pata nhi kon saa dekh rhe ho	1
brave girl.... carry on.. baqi neechey jo kuttey bhaunk rahe hain, in ki parwah mat kijiey...	0
 itna me chaho tujhe koi ksii ko na chahe 😂	1
allaha pak tumko amli zindgi may eska bhe tajurba day ameen sum ameen  wesay tera najaiz abba kashmir frosh imran yahodi bhe jhota ha?  eska matlb skmt hospital may bhe cruption pohnch gai ha niazi k mubarik dor e hakumat may?	2
is ka shakal kharab ha delet karo is ko lanat is picture par	0
bc har roaz usko yahoodi agent bolo, puppet bolo, taliban khan bolo, imran niazi bolo, cocaine khan bolo tab akhlaqi paimanay peh naap tol nahi ki jati.  jab woh kuch karain to besharam ban jata haim  disgrace to his seat ban jata hai.	1
ahmadia muslim nhi. kaafir hain or kafir ko musalman nahi kehty. 	1
bhen chod ki aulad 15 lakh gin   randi maaa ki bharway aulad lol  tujh ko aur teri pori qom ko mulana ki gaand main ghusssa dain ge   randi ka bahca gin   aur peshab main doob mar lol  mulana aur tuh dono pe lanat	0
chup kar phattu insaan	0
hmm yar aur upar se hamara dumala garmi niklne nahi deta na	1
molana ki aakhirat ki fikar daikho ksko hy ? yahodi agent saaly tujhe to shayad hee qabar bhi naseeb ho	2
hn akhrot	0
is k baap ki uni mr resaearch hui hai isse keh chawle marna bnd kr de bhenchod	0
arey teko ya se lavda fek ke maruga ki tera khandan chud jayega teri nani se le kar beti ko chod duga lavde ke baal saala hijra	3
subha subha ik post dekh k yaad a gya.. my mamus & khala, and mamies and parents will leave one day  and it hurts so badly.   subha subha rula dia.  😭😭😭😟😟😟	1
 no matter its the old pic but ab un landy ki liberal feminist ko aqal chye k wo kis ko follow kr thi hain... jin k mazhab me to talaq ka concept b ni hai...!!!	0
 ar agr ye time tmhra social media pe guzrta ha tu tm a single hu 😂	1
 main multi talented hoin 😂 .  sb ata hai mujy....	1
benchod randi  islam	2
 aur han tumhari jaan ni chori i am dead busy for past couple of days	1
 or dil krta h bnda sary kam chor kr un ka mehboob dhundh dy unko😏	1
ye mahira sharma.. manisha sharma ke risthedaar hai kyaa.. mra ghr hai.. mre illaiche hai.. 🤔🤔🤔.. #asimriaz #ourheroasim	1
uske baap ko bola woh suna uski toh maa hai par iska baap toh nahi hai ish duniya main toh kitana bura lagna chahiye isko	1
we are done bro kuch nhi bn skta apna hairat hai mujhe ek randi ny puray mulk ko nacha diya hai😶 #hareemshah	3
dekh logo ko cheat b krre h ... or ek bhenchod hmara to koi katne ko b tyaar nhi 🥺	4
hum kisi ko ungali ni karty or agar koi kary to ungali toor k uski gand ko gift krdetty hain 😂 if u dnt beleive me ask from abhinandan and general bakshi randi 😂😂	0
bajwa and imran chore zakat khore yahodi agents both are destroy pakistan ajenda and near to go jail for the first time real accountability start in pakistan and kashmir issue resolved by pmln zindabad	2
waoo waitng kb available ho ga??	1
haahhahha saqib bhai ki halat toh apne s zyada tight hogyi th😂 abay pait khulne tk kharay rahay thay sab bc itne kanjar hain	0
tu photoshop or tera baap ask mein badsoorat ai 😂😂😂😂 bhosrike ka movie mein hona na hona barabar fatima and bauna	0
aur too usi kothhe ki randee hai	3
naahi us ki bhen ka yaar naahi magar itna pata hai kai teri bhen ka yaar ho...apni bhen sai jaah kar pouch turrab aya tha kaisa chod kar gaya tha...chekein nikli thi virgin sai non virgin kardiya	0
 do you someone name shahid afridi okk ashwin to yaad hoga na	1
 udass na ho  aur jab bhi mood karab ho bat karliaa karo mjhsy aur yadd rakho yeh waqat bhi guzar jayega	1
un k bary me bkwas kr rahy ho jinho ny apni sari zindgi islam pr waqf kr di.. pehly khud ko daikho k tum kia ho.. tareekh tum bhul chuky ho hme yad hai	0
ab bta phr lanat to banti hy tery py 😂	0
lofer aurat hai ye.	0
itna force kr rahee hain aap or koi choice he nhi hai😂😂😂	1
 tum to celeb ho	1
mein muddaton ka charsi aur wo gold leaf si larki ~ type feelz.	1
aur jaane de tharay se na ho paae ga. aur haan aasman ki taraf moonh kr k nahi thookna chahiye😝 baqi khud smajh ja	1
rt : ullu ka patha bhenchod potty	0
 likes k leay kuch bhe krain gy 😂	1
mai koi bahut bda nhi hua hu, avi chhota hi hu..	1
 ohhh molvi sab ap great ho👌😉	1
  aap ek particular religion ko target karte hai. aap bjp ke tarah desh ke ek khass religion ko badnam kar rahe . logo ko hindustani se hindu muslim bana rahe.  aap apne taqat ka ghalat use kar rahe	1
  bs ya kam hi na karo tu hi sahi h	1
hahahahaha ... halala and triple ts are desired by muslims as per pe #sharia or saria ! big confusions	1
   shukar h ye judge ni bna😂	1
 axha hai qrona virus say bach a chahy 😂😂	1
a very good reply from khan to a hijra  old lady 👵 tu hay kaon ????  aik tv 📺 inker nothin else. tuharey honey na honey se kuch farq nahi parta.   clearly bilawal ki side le rahi hay. sab chor hain	3
abe bosdk dlal unhone to apna vada nibhaya he	0
awara randi k najaiz bachy tri maa behan to 2014 k dhrny main bhi ai thi rent py chupy bhi fit lgti or threesome bhi	0
tu kyu apni maa chudwane aa jati hai... apne mulle ki apne ghar mein rakh ke chudwa le... randi	3
aby 😂😂😂😂 broken manhoos aurat thk rhy ga ! 😂😂😂	0
 nafarat failaana waalo me se hai bhai iske sath bahut log hai comments me dekhna lekin  kb tak ye aisa hi rahega sharam aayegi ek din ise	1
be deen hukmaran or begerat meddia k muh band yahodi tukroh pe palne waleh kab muh kohl sakte hai	2
dekha hai kabhi kashmir chutiya saali tumhaari wjaah sey hi saa desh barabad ho rha , beti bacho beti padhao arey tum jaisi ladkiyo ney saari ladkiyo ki aisi taisi kar rhi ho maa chuda ab. bhkk bc😡😡😡😡😡😡😡😡😡	0
 apna tu puri life kharab ho gya 🙄	1
  ary han 🤦🤦 forver ka option b tha 🤦🤦😂😂	1
koi bhi sab jhoote hn koi islam k naam p vote le rha hai to koi ksi dsron k naam p...sab munafik hn	2
or tujhe kothe ki randi bna diya jaye	3
gham jung ka nahi hai gham yeh hai issy bhi parhna parhega bhenchod social studies me	4
puri dunya ne kaha k jhoot hai. koi 1 b proof ni hai ... dijye agar hai aap k pas to!	1
 sab topi drama ha koi love shove nhi. #keepshiningsid	1
 fer mzak urau ga to ap ne age se drame shru krdene he 😂😂	1
  wo e jin k tum logo ne bhoot ko izt di thi 😂😂😂	1
randwa gashti	3
abyyy chutiyeee nawaz sharif ny maa k zever baich kyy road bnai thee???	0
haan obviously. yahoodi ki oppression se pehle musalmaan ko khud ki musalmaano pe oppression dekhni chahiye.	1
mufti vicki jaisay ulama is mulk ki bunyaden khokhli karna chahtay hain or khud yahoodi perokaar hain. allah in se hamen mahfooz rakhey	2
plz trend chnge krain not only haq per thien wo haq py hain	1
mc ye kaya ha ? iska b tu kuch bol bhenchod	0
 acha ub me ye sunti hun tb tk ap ye serch kro utube pe k twiter k notification kese clear hoty	1
bharwe ye barish ki waja se hua hai jhoot mat bolo gadhay	0
i asked about abdominal pain and he said haan hai and pointed towards left iliac fossa 😳  din mein taaray nazar agae thy 2 mint to k ye kya case h jigar mein resha or dard left iliac fossa mein hai. 😂  phir ho guzra to usny btaya liver cyst hai 😂	1
my dear mr bharwe every dalal journalist say no 1 then who is no 2	0
  ma mazaq krr rh tha😐😐😐	1
shariat to yeh bhi kehti hai k buhtan tarashi mat karo, lekin log munh khol kisi ko yahoodi agent, kisi ko qadyani, kisi ko kafir aur kia kia bana dete hain	1
mil kar btau ga	1
 dob ky mar jana chaheey awam ky sath is mazaq per 	0
    bass iski kami thi wo bhi poori hi gae hai 😏🤨	1
respected khalil sb! agr ap “haya march” ki bjaye ‘haya o tahafuz march’ krei to ye kisi 1 frd, jins ya tabqay wali soch se bala-tr hoga k isme na sirf mrd-o-aurat ko haya k liye pegham hai. balky aurton ko ye yakin dihani b krwi jaye k hm mard unki hifazat ko b apna freeza janei	1
 is masoom aurat ki london to kya pakistan mai b koi jaidad nahe thee. lanat hai alay sareef per.	0
shame on you and your lies about youth ,idiot ,yahoodi ....	2
kaif tu  tharki ha bc  ladki ka post dhakta rahata hai	0
 ye facebook waly b mily howy hn daikho facebook location main kartarpur ko endia main show kr rahy hn main ny report ki hy ap sab bhi report karain 	1
medical rep ka profession khtam ker dena chahya is country me phir hi dr thek ho saktay hain aur ya pharma companies bhi... croro ka target achieve kereatay ha medical rep 2 number medicine bech bech ker medical rape ko phansi honi chaya is mulk ka bera gharaq kr dia inho na	0
abey haramkhor pehle yah to bata de.. mein ek analyst hoon mera kya matlab hai iske pichhe konsi script kaam kar raha hai? tere jaise chutiya samajh rakha hai kya mujhe ki har baat pe ungli marunga par koi kaam dhang se nahi karunga.. last me wohi reservation	0
your leader  is hijra that's why he is not living with his wife.	3
 qatri karwa apnay sar pe karwaya ap ko kia tension hy apni pinki ki khair khabar rakho baki allah malik	1
add on usne kuch din halala karwa k wo aulad paida ki thi wo bhi pakistani buisness man se	2
main kaun kesi shahzade ke dil se khelon main tu khud ek shahzade ki behen ho 🙊🙂😌	1
me as a mother son:mama bhok lgi hai  me:mjhy bhi,ja beta 2 packet  noodles bna dono maa beta mil kr khaein gy🤭	1
jhot na bol gando teri maa ki phudi	0
hum yahan chaar saal se ghiss rahe hain abhi tak 3k nahi hue or yeh bhenchod eik saal mai 11k followers lekar bethay hue hain bkl	4
 dono bhai mil k lain gay afford ni na  hum dono akailay akailay kar sktay😬😬	1
acha ab aesi shakal mat bnao.. 😂	1
no doubt you have never seen a mirror. chamche me he dekh le jo naye waley nikal k diye the tere karyakarta ne!	0
randi stop smiling and focus on the lecture	1
hahahahah winner ko votes to dekh lo kitne % ai ha	1
 wese he kha hai q ke mujhe nahi karni hai	1
 aap ki to quetta team thi ab karachi kahan se ho gayi	1
rt : thook chat zakat chore yahodi labi kaa muhara lant	2
edi pehn di siri..	0
 ab bhanaa jo mil gya hn or sath nibhana sikho or kisi or ka sath aisay mat karna 🙏💔	1
 kutta kahnaaaa... kutto ki touhin haii...  kutte at least police cover letter kar attack nahi karte..😠😠😠😠😠😠	0
 aap ke jwabo se pta chl rha he ke hum dono e vely he😂😂😂🥺	1
 jes trna ya chaned urteny be hayae pihla rhe han use tran chand begert mard b han as ka matlab ya ni ha jo urat march per bop rhen han wo thk ha yan galat kabe achey chezun ko b follow karo	1
hahaahhahahaaahahhahaah ye fatwe laga chukay hain mujhe pr tery jaisy ahmaq tlp k hain kuch	0
aay haay aap jesa gareeb main b hona chahta hon  handfree kharab kar loon.?😂	1
tum modi ke randi ho call girl b ho mara pass proof hn teray	3
hor kitnaa....! mujhe 2years se zyada hogay apke fb ka wait krtay. but koi ni hm waiting list mn lg jatay hn pher b😊	1
sali randi	3
allah apke har khwahish puri kry ameen😇	1
 😂😂😂😂 or to meri gadhi khooti chawal sab hy 😂	1
modi , shah . patel , sarey harami bhenchod	0
laanat aap py.. n league bht pehle surrender kr gyi thi kis khayal mai ho bibi... lifafa band ho jaye tou bhonkna banta hi hai	0
   teri bat nai ho rhi	1
i have analysed sufism - at the level of fundamentals, history and behaviour: 1. sufism is tariq'a, is always subordinate to shari'a; 2. a sufi peer is prohibited to give anything to a kaafir, except the gift of deen. foolish to go to a dargah 3. sufis carried out great massacres	1
official anthem kisi bhi event ka 1 hi bar bunta ha aur hamesha woe rehta ha . bc har 2 din bad naya bana dete hain tu yahi hu ga na . champions league anthem har saal naya bunta ha kya 🤔 bc khanay ko paisay nae hain 2 3 chutiye pakar ke har saal naya gana nikalna zarori ha kya	0
apki khuwahish baja lekin insan khailny ki cheez nahi huty.... :)	1
pta nhi logo ko kutya, kuta ban'ny ka q shoq huta ha 🙄🙄	4
g likha hai.. ab aap ko itna tajasus hai to tarjume se parho.. quran or aahadees mai yah baat mojud hai 	1
 sir hm aap k sath hain.	1
 meri to abi night he ni huye to morning khn say ho ge	1
 has ly has ly jab aap ko ho ga tab main pocho ge 😹	1
 yr ye har larki ka yehi q masla hota wardrobe kholo tou tm logun k kapry gir rhy hoty🙄	1
khan ka tareqah bhi butto wala lag raha he  bahir zaidah time deta he  pakistan per kam interior ministry bhi apney pas rahki he ahmaq aur mutasib log minister hein	0
r randi chodwati rahi ge ,,,koti tum ho	3
rt : feminists: mera jism meri marzi	1
love you sir... mgr kia itna dard bhara end krna zarori tha ? 3 din bukhar e ni utra.....	1
  jab mia sab jail thy tu london beth k un k kadyo jasy 2 betoo k khelaf awaz ku nhi uthai k wo pakistan jaa k mill aye..	1
 hahaha ap dil pe le gyi. me toh khalil ur rehman sb ki acting kr rha tha. 😂	1
  ye london plan ka mara huwa  abhi bhi buk buk se baaz nai ayea	0
aby chal jahil hijra kahi ka	3
apke wrong number lge hone ha	1
if a girl texts first, according to boys ' fake hogi saali. -__- if they don't text first, ' attitude bht hai saali mein'  saali kry tw kya kry ://	4
yeh wesy koi bht e zyda ounchi nasal ki randi niqli h wesy , mtlb i can't even imagine koi bughaz or paisy k pechay itna b girr skta h, nehayat e nichly darjay ki baighairat aurat ho, aurat zaat ko b badnaam kea h isny apny wajood sy !! akhh thooo iski zaat pay	3
waiter: sir ye raha bill me: ye lo paise waiter: sir tip? me: bhai kabhi ladki ke chakkar mein mat padiyo.	1
charsi, high hai abhi!!! 😂😅	0
hinduon me halala aur triple talaq jaisi koi cheez nai hoti.	1
bhenchod hain ye😂	0
is ka ajar aik din zaror mily ga😁	1
 mzak kia tha 😎😎😂😂	1
aur teri maa ka yaar lagta hai....kash k wo condom pehen leta to tumaray jaisi chawal na wajti.	0
bc tujhe pakistan ya bangladesh hi courier karna padega	0
 ha meeting achi rhi meri  apky lie envelope bheja hain waha k pm ny😂😂😂😂😂	1
yes now the culprit is a muslim then don't bring religion n what happens when the culprit is a hindu, than communal ho jaata hai. please stop all this nonsense everyone knows about you. first practice what u preach n we are not fools. tumhare baap hain so don't b smart samghe	0
ma*arch*d bina langot ka akhrot 😤	0
your tweet shows that qadianis are really kaafir	1
yarrr kis kism ka beghairt hai ye😂😂😂	0
 jis trha mene chaha  koi chahe tu bhul jana mjhe	1
teri bahan nu lun wadya majra kutya 🇮🇳🖕🐗	0
   say allah maalek hai. and it is our usual conversational refrain.	1
 bas yh dialogue hi hit hoga baaqi kiya tha is me? 😂	1
ho skta hai pr mera baap hi meri maa ko chod ta hai shyd teri mummy ko itte log chodte h	0
 kuch bhi nhi..😂	1
   pagal hogi ho koi bat b na ho hasny wali hans rhi	0
all i can think of this unnie what is this behaviour and baap per nahi janay ka	0
   abi tk to koi khabr nhi aysisubha se koi 5...6 news paper parh liye hn	1
masha allah  sadda khush rahein  main bhi theek hoon  aap ki dua shukriya	1
 suddenly hua ya pehle hi problem thi	1
kiaaa parsal mil skta ha? bht bhook lag gai daikh kr	1
  rhc khairpur sadaat  aur thq alipur main bhi ab parchi ki fees khatam kr di hy	1
  fasaad machaye ni abhi to😌	1
mar he jay gy ak din!! tery bol sehty sehty💔	1
rt :   mard sath na de to kr legi peda?	1
ab dil itna b bacha nh hai k gadhi pe b ajyee	0
parr lia, yah kafi hay teri maa ko chodnay kay liay, ab teri behn ki gand maroo ga	0
danish bhai kia aap sakoon me ho? #askdanish	1
rundi fuckoff	3
ye  halala ki paidaish h	2
 tu kaisa neech hai.. aamjh nhi aata tu aaine mai khud ko dkh kaise leta hoga 	1
 g han main esay hi karti hun..😂	1
funny wifi network names found only in #pakistan  rishta do password lo 🙊 apna lagwa ly bsdk🙈 tere bap ka wifi he 💩 baji do password lo😘 baby i love you 😍 aby chal agay nikal 😄 rabia mujhe chor do 🤗 #girlsdad #loveisiand 	4
 issi liye sad songs sun rahi hun	1
is kanjeri k bachay ko sab k samnay letta k jootay marna chaye ya phir is ki behan k sath b assa hi salook kerna chaye ta k donara kisi ko kisi k behan beti ko black mail kernay ki himet na ho.	0
apny hi hn na😂😂😁 cast b same ha	1
 oh tu bas yunhi thora thora sa kanp rehi thi 😥😔	1
 😂😂😂pkka koi na koi to mili hogi tabhi hua hoga	1
we are shias we donâ€™t follow halala or triple talaq	1
pr bhaunk toh tu rahaa hai	0
    tu bcz tu jisko support krta hai vo khud sana k piche pgl hai 😂😂😂😂	1
bhenchod sudhar ja😂😑🖐	0
kabhi chiniot ke neechay sonay(gold) ka dariya behta tha. phir yahoodi sazish ne us azeem shaks ko jisne is se faida pohonchana ussey tha baray bhai ki rescue mein laga diya.	2
chip khusray.	3
tuj jesa lanati randi baz sacreen k peeche aik makrooh chehre wala insan m ne apni pori zindgi m ni dekha...	0
hm b kia yad karyn gy k hamary area ka cm of punjab laga tha aur hamary area k road aisy hain k patient diseases  ki wajah sy ni jumps ki wajah sy marr jata hai..tibbi taunsa road #usmanbuzdar	1
 aap ke dukh mein barabar ke shareek hain	1
pakis are picasso of labeling people. talking of women right would give you label of feminist for nawaz a patwari for imran a yothia for pashtoons a ghaddar for minority a yahodi agent for your country a ghafoora agent. we don't have vision seeing people as humans. we just label	1
 he is just kidding  sana ka name v liya na  not only asim  so just chill	1
right hand : chhod mere ko bhenchod left hand : ruk jaa bhai plzz.	4
jazz waly itny harami hay yeh pkg ho jai tab bhi ni btaty aur balance khatam hony k baad btaty k ap internet begher bundle k istmal kar rai	2
 theek ho gai.. akr synch meeting py gai thi.. thak gai hu itna. mushkil thy mcqs	1
moulana , mujhe apse munafik ki pehchan malooom karni he	1
 retweet nhi karni na karo.. philosophy mat jharo..😒	1
petrol itna sasta hogaya hai.  i'm planning to invest that money in stocks.  shukriya 	1
o bhootniii keeee ye hindu e aesi tesi krwa rhy hn kashmir mn. hindu e america ke sath afghanistan mn hn hindu e apny hindustan mn sub ki band bja rhy hn or tum logon ki phat rhi hai ab bc	2
abey bhosdiwala sun teri maa ke chut mai tata sky ghusa ke chodunga tu aur tera baap live porn dbhosdiwalaekhna samjha.. apani aukat mai reh..  maa chod ke idhar hi rakhdunga..  behenchod..  dusre li image ko kharab karta hai..  saale bharwe tere khud ka koi image nhi motherchod	0
 ap moqa tu dain	1
i just  said that bcoz muslims declare everybody yahoodi agent and qadiani.	1
aap b to baz ni aty janab had ha pane pm package ka mazaq uraya wo b so called showbiz celebrities k sath mil kr	1
nawaz sharif developed pakistan and imran chore zakat khore yahodi agents both are bajwa and imran chore zakat khore destroyed pakistan	2
i'm not sure how the state of pakistan would perceive/recognise hijra who have sex with each other.  either way your question is like 'does the state of pakistan tolerate gay [insert religion], yes or no?'  sexuality and beliefs are different things (yes, gi is a belief)	1
tere niki bhen to is wqt b mary pas bthe hy bhen chod daly	0
tou sirf m studs ki randi h	3
saaly tu pakistan aaa teri laash phr hum uthaingay ... saalay kuttaray	0
yaha  2 baar ghar ka main door b khula reh gaya  pata nhi chala....... rabwah mein deewarain b phlaang k aaye hain mere ghar ahmdi bastards hospital thi maan k paas betia akaili thien ghar ye hai pakistan, rabwah 😥	2
chup kar kanjeri	3
we're celebrating secret santa at work today 🙄🙄😦 yahoodi saazish	2
 kbhi nahi in my view point i think parent hi wo insan jo apki choti efforts ko b appreciate krte..  shyd  kbhi wo esa pretend krte k hum kuch krte nhi just to motivate us do more	1
 tang kr raha tha pagluuuu ap tu gusa he ho gain 😐	1
oye  ghatiya aurat be haya ghashti bhenr chod begairat aurat sharm kr	3
bhadwe poorey chaar naam daal na...baaqi naam tere baap ke hy kya?	0
rt : teen talaq halala aur polygamy kya sahi kya galat?	1
rt : allah toh qareeb hi hota hai. door toh hum chale jate hain.	1
mam ya bta do k 30 years se fazal ur rehman hr govt ma shamil ha aur 30 years se ppp aur pmln ki govt ha pakistan ma ab soch lain k kon yahodi agent tha	1
randi ka bachay madarchod afghani tere maa ka bhosra agar pakistan ka bray me kuch bakwas ki......bharway afghanistan ja	0
fazlu the ugly should be the first to shout. he is criminally silent. cant see beyond our in house yahoodi ik. hypocrite big time.	2
ye kya marny ka tareeka sekha rha bc😂😂	0
bhenchod ur the one who’s racist and fat phobic u literally lost the argument tf go suck on muhammad pubg tattay or sth idk.	2
bhue khareed kha lo naa bhenchod ajeeb loru awam.	4
oye gandi randi kay bachay! gao mout pee nikal yahan say bsdk	2
 hahaha thi kon jis ny choorna tha tweet hai just😁🤣🤣	1
 techno spark mat lena	1
rt : valentine day haram ha aur usko mnany waly harami 💯😂	4
abe bharwe tum hindu hi duniya k sub se bara atankwaz ho haramiyon bt krte ho hamare age tumhari country me hindu k elawa koi safe nhi he  tumhari country ka name isi liye  lynchistan he  isi king all the world	2
chota admi.... ye benasla besharam yahoodi agent alumnati ka member ma'am  sahiba ne zafar wal jalsa ma selected ko hand k sign se bata diya tha	2
  kb kis bt py py mry ko yaad nhi	1
pti dharna se kuch time qabal rahim yar khan mai he oil tanker mai aag lagne ka waqia how tha jismai 125+ log apni jan se hath dho bethe the yad aya pppp k for mai baldia factory mai zia dor mai ojhri camp ka waqia kya aap in sab ko ahmaq kehna pasand karen ge. plz reply	1
pura pura din intzar krwati ho😣	1
akrot akhrot hi hota hai mota dimag	1
sae abrarulhaq jaga ra qaum ko bhag bhag k aur dj un ka awaz e mute kr rkha bhen ka taka huh	0
 dont distort history. idhar hum udhar tum.  jo assembly mein jaye ga uski tangen toor den ge.  kuch is pe bhi roshni dalen	1
 ruko me apni larki wali id se tumhen rokta hun😀	1
 bhai jan yah pm ban'ny ki rehearsal kar rha h.	1
 hum 3 4 ko teri saari kartootein pata is liye😂	1
bol bosdk ab	0
got it. isis has nothing to do with ahmadiya islam. but i have read the history of early islam, all those wars, punishment for conspiracy against islam, apostasy, beheading due to differences in opinions which were proven true and endorsed by the scholars.	1
i wish a film is made on the plight of forcefully castrated males by wives ,girlfriends and hijra mafia.these men are forced to live lives worse than death.even their own parents disown them.only  a case of grievous injury caused by  weapon is registered against offender #chappak	1
 agr yahi jwab howa tu phr 🤔	4
imran khan a looser destroy economy badly not capable of anything with dictator cabinet mp's &amp; also he is drunk all time break rules of islam he is qadyani ,yahoodi agent	2
 wesay main ny dekhi thi ek asad wali tweet..🙄	1
yeh jhoota or selected wazeer e azam kabhi bhi nahi krwaye ka report jama parliament main randi ka bacha ha yeh selected wazeer e azam	0
jo guzari na jaa saki hum se, hum ne woh zindagi guzari hai.	1
chal chal tu sirf bhonk or apni tareef kar randi orr tu bhi kam ki nahi hai hawai daaz hai maa ko chdwati raho mujhsy shabash	3
apke pas pahuchne bhi gya 😋	1
teri maa ki kuss bharwe yeh kiya bakwas ki hai	0
*mom dad arguing* me - kya hua papa kyaa baat ho gyii  dad - kuch ni yrr ye pagal h kuch bhi bolegi .. me - mummy kya huaa mummy - unhi se puch pagalo vaali baat krte rahenge. me (angry) - bhenchod koi to bta do . . *dono ne gussa utara h🤕*	4
  ap ko sab ulta ju lagta 🤦😂	1
fuck u randi sary jahan say chudai karai ha. kuch sharam karo...	3
 😒😒😒😒itni bhi thandi nhi thi ab😪😂😛	1
ah khuda is yahoodi agent se hmari jan chura	2
lund fark nhi parhta sasti takkay maar larki hai tu teri maa chod di hai mainy ab jo kar sakti hai kar open challenge bhonknay k ilawa	3
ye lodhi beghairton ka sardar hai	0
 acha han wo kbhi kbhi ajata ghussa 😂 real life me mjh sy zyada polite koi ni me famous hn politeness ki wjah sy lkn idr kch ghtiya log fuzool me ghussa dila dety	1
asa haal marasi ki bajaye patwari ka hota hai... jis ko baar baar samjao tu b nahi samajta aur vote phir noon league ko dy kr kahta hai k khataa hai tu lagata b hai...	1
 or kesi ho?  sab fit hai?	1
sali is bar mil teri chudai to mi karunga last se bhi wild	3
shariyat nai piyar krny se nahi hadd par krny se roka hai🌷	1
you mean india is kafir ,pakistan is munafik & kashmir is momin😡😯??agar pakistan ma asey munafik hai to kashmir ma bhi to ap jesay munafik hai ma..	2
rt : skin randi clear ho ja bharwi please	0
maryam bhi maidan mei hy jaldi mulk se farar hone ki line mei baap, bhaio or dosre haram khor rishtaydaro ki terha	0
phir b financial independence bht zaruri hai aurat k lea bhe! ma baap, shohar ke kamai ap le sktay hain par us pa depend nae kr sktay.	1
 js ny bat hi na ki ho wo kia likhy #lrki	1
  khud kon c doodh ki dhuli hai logo ko sab pta hai kashmeera k bare mein	1
#ahmaddiya muslim youth of  chapter organised a jalsa seerat un nabi for the remembrance of the holy prophet of #islam. from children to adults, everyone was eager to learn about and promote the peaceful, noble character of #muhammad (peace be upon him). https://t.co/kltx9tqxpa	1
he isnt worthy of a man. he is hijra	3
pehly bingi mari k niazi bhag raha ha jab agly ne poch liya k kab bhag raha ha to apni judgment pesh kar di... jawab nhi ha patwario k... wohi typical kahanian sikh ha, qadyani ha yahoodi agent blah blah blah...	1
koi nai teesri baar khan ki wajah se haar jaye ga	1
tm panda male ya female lkin agr 1 dffa ar gaali nikli na to tmhare maa  baap b sochne lg jayega k kaash us raat jldi so jaty....samjh ayi na...	0
olana was right all along. kudos to molana for bringing this issue to light and exposing the qadiyanis among the army ranks and also the yahoodi agent mangu niazi.	2
kahan hai #modijii jinka slogen tha #betibachaobetipadhao  aur aaj phir ek maa baap ki beti aur ek bhai ki behan ke sath aisa zulm hua hai or #modiji aur unki #sarkar khamoos🤐 hai....#whatanewindia 😢      justice for priyanka di😢	1
 happy birthday allah pak aap ko seht tandrusti wali lambi zindgi ata farmae aur aap ise tarah hansti muskraati rahen aameen 	1
bahanchod gandu bbc din rat bbc ko bharat dikhta hhh baki k desh nhi h kya be salo	0
jo bachay daulat bachane ki khatir maa ke janaza mein na aayein, baap itna beemar ho tab bhi naa aayein woh bachay sirf harami hi ho sakte hain.  waise qatari ne london flats tumhari behn ko gift kiye aur tum wahan reh rahe ho. lagte to khandani beghairat ho	0
mai janana chahta ho teri maa ka yaar kon hai‘ oos randi nay chopay laganay kis say sikhay ‘ oos randi nay tera jasa harami kab paida kiya	0
  kutay ka pata phir khol diya masters nay lanat tery zindagi pay 🤮🤮🤮🤮🤮🤮🤮🤮🤮🤮🤮	0
bhenchod ragging sy bachnay k bahanay thay tu nay mujhay waqai main mareez bana dea tha bad main 😂	4
kha mara ha ajkl 🙄	0
 lol tmhary mind me tmhari recent tweet chal rhi ha. mene purani tweet per reply kea tha btw lol	1
    or kuch galat bach gya ho to vo b likh do shehnaz k barey main	1
 keh rahi hn na rehne den is bat ko is pe no behs	1
rt : tu khuda ka hoja phr dekh! wo sari duniya ko  tera bana dega.❤️	1
 yr kr rhi hon gi no doubt... par na m ne kbhi koi kiya r na e aesi kisi ko dekha ya janti so m tou yehi kahun gi r hn abu se. ab tou unho ne b chorr di hui h r wo typical abba type ni hain m ne srf try krni thi that's why krne di mjhy tb  & it's abu not my baba abbu is bare aba	1
. tmhra kya pata.. lesbian gashti bi ho skti tum,	3
 safi ki maa ne haram ki aulad jani thi.	2
na mne aurat k nange pann ki support kiya hai or na mard k khule aam sandh ki trah ghoomne ko! dono chezein galat hain ainda bina sari bat sune mou kholne se pehle 2 bar sochiyega. shukriya.	1
 bhai kya aap aurat march say agree hain??	1
😂😂😂😂acha bharwe sahe hogya	0
ye to batwo kis ko keh rahy ho bhai, sary yahoodi dar gaye hain apki vidoe daikh or kehty hain hum ny to aisa nhy kaha, so name bata do uska, baqi bechary to saans ly saky	1
i mean you're all the same yaar hum ache dost hai par uss nazar se tumko dekha nahin woh sab to teek hai par uss barein mein maine socha nahin	1
thook chat zakat chore yahodi labi kaa muhara lant	2
phr akhroat hi kha chlgoze ko bhul ja. 😂	1
kutto ki tarah america maar raha hai tumhari kaum ko...aasmani kitab walo...israel roj filistin may maa chod raha hai tumhari.... pahle unse nipto....dare hue log😂😂	2
toh phir apni maa ki phudi usky agy phela rehe ho	0
raat ka bacha hua khana lunch may khaon gi, wbu?	1
bc kali kutiya..	3
 😂😂😂😂😂 ya kuch zyada fun ho gia 😂😂	1
is ka matlab hai is bc ko bewi bhi nahi pasand karti hai	0
tum kyun bol ri fr batao zara aur aps ki baat ha bol kisko rahi ho	1
sahi kehtey hain.. kuttey ko kheer, aur aurat ko zaroorat se zeyada mohabbat hazam nahi hoti.🤔🤔🤔	0
  tu cycle pe ja...whi teri aukat hai🤣🤣	0
tweet ni dlt hogi bhenchod.	4
jab tumhare favourite contestant ke khilaaf kuch nhi bolte toh bhenchod #besthostsalmankhan trend karoge... aur agar tumhare fab ke khilaaf boldiye toh biased. chutiyo sachai ka stand lo... favourites ka nahi bhosdiwalo !!!	0
jitni deer chaly ga utni deer toh khush ho lany do .....nikya nikya khushiya🤭	1
 tum be ke ham to karti thi waqat ke sath	1
iski maa ko dramy bazo ne mil k choda tha  randi maa ka bahrwa beta hy ye kuty ki nasal ka kabse bhonk raha hy jata ni hy  ye ni jawga is randi nasal k bachy ko attwntion chaye thi jo iski gand m bhar dia logo ne chashmish gashti maa ka gandu bacha	0
  galti se mistake hgai😂	1
aby sasti randi bol 😂	3
ye bhi koi puchnay ki baat hai, itni corruption karnay walay pe koi ahmaq hi andha aitbar karay ga.	4
 hy main qurban jaoo apki aqalmandi k 🤩🤩  sab samgty hai na ap phir manty kyu nae bhae 🙄🙄🧐🧐🧐😯😯	0
ye bc peeke kuch b likhta hai charsi hai ek number.	0
heera mandi ke randi german kutia bagharat	3
 haha meri gm late howi na 😂😂😂	1
isme kahne ki kya baat hai ki ye rundi ka bacha nai hai ye to maha madarkhod hai 😆😅😂🤣#antinational_owaisi	0
woh tere baap aur behen hai... lekin tu to hijra paida hua hai	3
 ap b yahi sochte ho sabko yahi lagta hai to fir ye kya drama kar rahi hai	1
doob maro police waalo, jiska skull faad diya gaya bhenchodo usi ladki k khilaaf f.i.r kr di, ye tumhare baap itne khule statement de rhe h to gaand fat rhi h action lene me, abvp walo ko sympathy de rhe the aram se rehne ko or bharat mata ki hai,thu hai aise bharat maa kehne pr	0
 tou phir tou aap pe ye theory apply nahi hota na you simply didn't invest time in these characters then. and that's ok too. that's your choice of lifestyle and it's not a bad one either. however i do like investing time and emotions in people and it's always rewarding 🤷🏻‍♀️	1
mujhe koi goli maat dy ...plz🙏🙏🙏 	1
  hamin pta hy k ye  jo batin or rahe hy wo aik musalman aurat nahi kr skti, aik certified ghatya or zalil aurat hy or, sb ap sy bhe hm naraz hain k itni ghatya orat ki itni km kutty wali ki	2
 sukar karo..3.5k ny tumhain follow kiya hua hai..shakal toh tumhari 350 ki bhi nhi hay..🤣🤣	0
rt : hum he ahmaq thay jo tere mazhab ka na socha  tujhe chorna tha, firqe ka bahana ban gya	1
 g ni 😑😑 bongiyan e marna tum bss	1
tum bhi seede ho nahi to hareem shah jaisi randi se video na banwate	3
rt : itni choti boundry bc cover drive pe six lag jana hai.  #qgviu	4
  azeem humesha meray se 4 qadam aagay	1
or lanat hai tum jesy lundy k liberal pr khud ko musalman kehty ho mgr toheen e risalat k qanoon ko kala qanoon kehny waly ki himayat krty or shaheed ka drja dety ho us lanati ki har bat on record h k kya bakwas ki us ny mgr tum sirf is liye k wo ppp ka numainda h usy defend krty	0
ha toin danish koi harami ki olad ha	2
oe kanjar oraat bar bar bhagnay ki bat na kar mujhy pata hai tu jana chahta hai randi k bachy magar mai aj tera zor dikhta hai kinti gand mmai tao hai tera jispe tu dazzy maf ra hai bhanay tu na bana or shabash mujhsy chudwata reh apni maa	3
are baggey tujhe dekh ke to kutya bhi na ah ah kare....itna ganda hai tu....thooooooo	0
dafan ho gaye watan se gaddari karne wale.. ab chahy barsi manao ya matam.. yahi anjaam hoga watan se gaddari karne walo ka  #article6forptmleadership 	0
dekhi dekho kon gya youthion ki maan ka yaar aur behnon ka thoku gya  gali gali main shor hai niazi najaiz aulaad kafir yahoodi sikh marzai bhenchod hai	2
   haaaaay, kia kehny aap k.	1
hafto bhar kharcha kiya na lawda day lassan day mana k apni gaand marvao na hotels me jaake..!!!  nahi to jaake apne maa baap ko bolo shaadi karwa dene.   ye public place me r*ndi khana kholega to bakaida pele jaoge..!!!  aur haa teri bkc tu kya pincture wale ki paidaish hai?	0
hum to jo ticket krwaey cancel ho jati. moin ny badua de hoi. moin mara ga tu hi phele yd rkhen😂😂😂	0
hat bey sasti randi baad mai dm aye gi muafi mangny	3
aaja apki web series halala dekhi, kya act kiya hai aapne, superb ðÿ™ðÿ™	1
 🤣jany dou ye bas follow back k chakar mein aty jaty rehty hein	1
aap keh rhi hai toh kuch soch kr hi keh rhi hongi mujhe sboot nhi chaiye ki aap randi ho 😁	3
bhtt hi koi akheer level ka beghairt h ye	0
kisi randi maa ki olad ap ki hindu aurtain jab pooja karti hn tab wo bagwan ka lund mounh me b leti hn?	2
khusray bhutto jo army k talway chaat kr aya uski nawasa. ik ko bol ra selected tu ha e hijra madarchod	3
 i wish bas karanchi se jeet jaye❣	1
fasad level mein ny dekhna yahodi bachiyo ka takay koi reason ho enke tangein uthane ka😂😉	2
