production_candidate_id,batch_number,sample_index,class_id,target_label,generation_seed,demonstration_seed,prompt_version,prompting_strategy,demonstration_source,demonstration_pool_size,demo_1,demo_2,demo_3,demo_4,generated_text,source_batch_file,word_count,is_empty,has_urdu_script,has_latin_content,is_non_linguistic,is_too_short,is_too_long,is_exact_duplicate,stage0_rejection_reason,stage0_pass,xlmr_predicted_class_id,xlmr_predicted_class,stage1_pass,stage1_rejection_reason,stage2_max_similarity,stage2_mean_top10_similarity,stage2_nearest_real_text,stage2_nearest_real_similarity,stage2_pass,stage2_rejection_reason,stage3_pass,stage3_rejection_reason,stage3_duplicate_of,stage3_duplicate_similarity,stage3_duplicate_source
class4_batch004_sample030604,4,30604,4,Profane,431604,435604,v3_original_demo_boundary_prompt,4-shot random authentic same-class,Shortlisted authentic RUHSOLD Profane examples,40,i hate ors bhenchod,my entire neighborhood is making weird sounds bhenchod shaddi hai kya,rona araha hai bhenchod why am i such a clown why am i so unimportant,bc bb khatm ho gya but i cant move on,yeh tu mjhy jitna nahi pata bhenchod,profane_batch_004.csv,7,False,False,True,False,False,False,False,,True,4,Profane,True,,0.9515659809112548,0.9355974197387696,yaar mujhe koi goli maarde bhenchod,0.9515659809112548,True,,True,,,,
class4_batch004_sample030605,4,30605,4,Profane,431605,435605,v3_original_demo_boundary_prompt,4-shot random authentic same-class,Shortlisted authentic RUHSOLD Profane examples,40,bhenchod syllabus kuch aur..aur padhke kuch aur gaya.,"tm jao ma ni ja rha, pehly he adhi zindagi saffr mein guzr gai bc meri.",mere pas tum ho ny to puray saal ka rula dia bhenchod,bhenchod what a goal!,tm logo ko dikhta hai ab bhenchod apni tarah ke logon ki choti si nangi jagah se akela rakhty hain,profane_batch_004.csv,20,False,False,True,False,False,False,False,,True,4,Profane,True,,0.9343640208244324,0.9199031591415404,bhenchod tum logo ke pas kam dhanda nai he har wqt aashiqi mashooqi ka rona lagaya hwa hota he.,0.9343640208244324,True,,True,,,,
class4_batch004_sample030606,4,30606,4,Profane,431606,435606,v3_original_demo_boundary_prompt,4-shot random authentic same-class,Shortlisted authentic RUHSOLD Profane examples,40,slept for only 4 hours last night bc match daikhty daikhty girny wala hua wa hun,i hate ors bhenchod,bhenchod syllabus kuch aur..aur padhke kuch aur gaya.,ajeeeeb bc 😒😂,bhenchod chal kya raha hai,profane_batch_004.csv,5,False,False,True,False,False,False,False,,True,4,Profane,True,,0.9658769369125366,0.948914349079132,bhenchod ye kya hai,0.9658769369125366,True,,True,,,,
class4_batch004_sample030610,4,30610,4,Profane,431610,435610,v3_original_demo_boundary_prompt,4-shot random authentic same-class,Shortlisted authentic RUHSOLD Profane examples,40,my entire neighborhood is making weird sounds bhenchod shaddi hai kya,slept for only 4 hours last night bc match daikhty daikhty girny wala hua wa hun,bauhat sardi hai bc,rt : birthday wali feel hi nai arahi bhenchod,bc sab ny galiyan dekha ha,profane_batch_004.csv,6,False,False,True,False,False,False,False,,True,4,Profane,True,,0.9242725372314452,0.917788863182068,zinda ha bc abhi tk tu b,0.9242725372314452,True,,True,,,,
class4_batch004_sample030615,4,30615,4,Profane,431615,435615,v3_original_demo_boundary_prompt,4-shot random authentic same-class,Shortlisted authentic RUHSOLD Profane examples,40,bc bb khatm ho gya but i cant move on,bhenchod kya hai ye sb,bhenchod syllabus kuch aur..aur padhke kuch aur gaya.,"rt : koi physics samjha de bhenchod,,,,",rt : 😒🤪 bhenchod khush rahna mera jism meri marzi karne ki baatein karte hain,profane_batch_004.csv,15,False,False,True,False,False,False,False,,True,4,Profane,True,,0.9318175315856934,0.9206388592720032,rt : ye ab nend nai ari mjy bhenchod subha uth kr prhna b ha kiya yr ajeeb jhand life,0.9318175315856934,True,,True,,,,
class4_batch004_sample030616,4,30616,4,Profane,431616,435616,v3_original_demo_boundary_prompt,4-shot random authentic same-class,Shortlisted authentic RUHSOLD Profane examples,40,pubg lover hath toota howa hai phir b pubg nhai chorni bc😂😂😂,inn coaching vaalou ko kaise pta chal jaata hai mera result bhenchod.,naak bandd ho gya bc.,bhenchod what a goal!,bhenchod kabhi apna name hi bulao,profane_batch_004.csv,6,False,False,True,False,False,False,False,,True,4,Profane,True,,0.931731343269348,0.9254886507987976,bhenchod kahan phass gaya hoon,0.931731343269348,True,,True,,,,
class4_batch004_sample030619,4,30619,4,Profane,431619,435619,v3_original_demo_boundary_prompt,4-shot random authentic same-class,Shortlisted authentic RUHSOLD Profane examples,40,bhenchod kahan phass gaya hoon,bhenchod bht kutti haaalat huwe we he bhai,code bhee saaf karna hai abheeee bc,why can’t i multitask???? i’m 22 fucking years old and i still dont know how to multitask bhenchod,bhenchod bhi ni pata kiun kya ho raha hai,profane_batch_004.csv,9,False,False,True,False,False,False,False,,True,4,Profane,True,,0.9428281188011168,0.9365386962890624,bhenchod ye kya hai,0.9428281188011168,True,,True,,,,
class4_batch004_sample030621,4,30621,4,Profane,431621,435621,v3_original_demo_boundary_prompt,4-shot random authentic same-class,Shortlisted authentic RUHSOLD Profane examples,40,ajeeeeb bc 😒😂,main 5'8 ke sath bh chota lgta hn bc😶😑😑😑,bhenchod parhna hai. par dimaagh ijazat nahi deta. ajeeb chutiyapa hai ye.,"tm jao ma ni ja rha, pehly he adhi zindagi saffr mein guzr gai bc meri.",kuch nae kahin bc,profane_batch_004.csv,4,False,False,True,False,False,False,False,,True,4,Profane,True,,0.9038302302360536,0.8908905982971191,kya ho rha h bc ye,0.9038302302360536,True,,True,,,,
class4_batch004_sample030622,4,30622,4,Profane,431622,435622,v3_original_demo_boundary_prompt,4-shot random authentic same-class,Shortlisted authentic RUHSOLD Profane examples,40,my entire neighborhood is making weird sounds bhenchod shaddi hai kya,bhenchod kya hai ye sb,bhenchod kahan phass gaya hoon,mere pas tum ho ny to puray saal ka rula dia bhenchod,bhenchod itna zyada na hona chahye,profane_batch_004.csv,6,False,False,True,False,False,False,False,,True,4,Profane,True,,0.961004376411438,0.9492623209953308,bhenchod bht kutti haaalat huwe we he bhai,0.961004376411438,True,,True,,,,
class4_batch004_sample030623,4,30623,4,Profane,431623,435623,v3_original_demo_boundary_prompt,4-shot random authentic same-class,Shortlisted authentic RUHSOLD Profane examples,40,bhenchod aaj sirf roneka mann kar raha hai,code bhee saaf karna hai abheeee bc,"tm jao ma ni ja rha, pehly he adhi zindagi saffr mein guzr gai bc meri.",fuck man. the pain is traveling. bhenchod ye naya e corridor khul gya hai.,bhenchod tu paida kia tha,profane_batch_004.csv,5,False,False,True,False,False,False,False,,True,4,Profane,True,,0.9434300661087036,0.9355852007865906,bhenchod ho tum😁😁,0.9434300661087036,True,,True,,,,
class4_batch004_sample030624,4,30624,4,Profane,431624,435624,v3_original_demo_boundary_prompt,4-shot random authentic same-class,Shortlisted authentic RUHSOLD Profane examples,40,bhenchod kahan phass gaya hoon,rt : fariha without fa is riha and  riha kerdo koi bhenchod is zindagi se,rt : bhenchod graph paper pe eraser use karo toh graph paper hi gayab ho jaata hai,mere pas tum ho ny to puray saal ka rula dia bhenchod,ye sabse bara mc is kehny ki bat hai bhenchod,profane_batch_004.csv,10,False,False,True,False,False,False,False,,True,4,Profane,True,,0.9211061596870422,0.912667453289032,sahi bilkul bhenchod yahi sb chal raha hai,0.9211061596870422,True,,True,,,,
class4_batch004_sample030626,4,30626,4,Profane,431626,435626,v3_original_demo_boundary_prompt,4-shot random authentic same-class,Shortlisted authentic RUHSOLD Profane examples,40,inn coaching vaalou ko kaise pta chal jaata hai mera result bhenchod.,bhenchod bht kutti haaalat huwe we he bhai,ajeeeeb bc 😒😂,bhenchod what a goal!,🤦‍♂️😭😭 bhenchod tere jaisay kuch bhi nahi tha,profane_batch_004.csv,8,False,False,True,False,False,False,False,,True,4,Profane,True,,0.9484759569168092,0.9353941082954408,kuch bhenchod phr bhi baz nhi aaty😐,0.9484759569168092,True,,True,,,,
class4_batch004_sample030628,4,30628,4,Profane,431628,435628,v3_original_demo_boundary_prompt,4-shot random authentic same-class,Shortlisted authentic RUHSOLD Profane examples,40,neend aa rhi h bc main sone jaa rhi hu 😂,bhenchod bht kutti haaalat huwe we he bhai,bc 40 rupees karaya kar diya hai is se acha to banda uber ya cream karwa laye 😏😏😏,code bhee saaf karna hai abheeee bc,ye nhi pata bc,profane_batch_004.csv,4,False,False,True,False,False,False,False,,True,4,Profane,True,,0.9522550106048584,0.9244564771652222,kya ho rha h bc ye,0.9522550106048584,True,,True,,,,
class4_batch004_sample030629,4,30629,4,Profane,431629,435629,v3_original_demo_boundary_prompt,4-shot random authentic same-class,Shortlisted authentic RUHSOLD Profane examples,40,bhenchod syllabus kuch aur..aur padhke kuch aur gaya.,rt : bhenchod graph paper pe eraser use karo toh graph paper hi gayab ho jaata hai,my entire neighborhood is making weird sounds bhenchod shaddi hai kya,"tm jao ma ni ja rha, pehly he adhi zindagi saffr mein guzr gai bc meri.",ye paisa bahut hota hai bhenchod,profane_batch_004.csv,6,False,False,True,False,False,False,False,,True,4,Profane,True,,0.9582939743995668,0.9454926252365112,bhenchod kitna bara wallet hai yeh,0.9582939743995668,True,,True,,,,
class4_batch004_sample030633,4,30633,4,Profane,431633,435633,v3_original_demo_boundary_prompt,4-shot random authentic same-class,Shortlisted authentic RUHSOLD Profane examples,40,rt : birthday wali feel hi nai arahi bhenchod,bhenchod syllabus kuch aur..aur padhke kuch aur gaya.,bhenchod parhna hai. par dimaagh ijazat nahi deta. ajeeb chutiyapa hai ye.,bc bb khatm ho gya but i cant move on,bc yar meri biwi ka pata ha ap ko kia krwa rha hn,profane_batch_004.csv,13,False,False,True,False,False,False,False,,True,4,Profane,True,,0.9467568397521972,0.9383414387702942,kyaaaa musibbaattt ha yr sara mood khraab kr diya ha bc,0.9467568397521972,True,,True,,,,
class4_batch004_sample030634,4,30634,4,Profane,431634,435634,v3_original_demo_boundary_prompt,4-shot random authentic same-class,Shortlisted authentic RUHSOLD Profane examples,40,pubg lover hath toota howa hai phir b pubg nhai chorni bc😂😂😂,bhenchod syllabus kuch aur..aur padhke kuch aur gaya.,rt : bhenchod graph paper pe eraser use karo toh graph paper hi gayab ho jaata hai,rt : asa kon ludo khelta hi bc ....😇,rt : ye jo jinme ekdum mohabbat ho rhi hain uski shakal dekhni zrurat nahi hai... bc,profane_batch_004.csv,17,False,False,True,False,False,False,False,,True,4,Profane,True,,0.9161455631256104,0.9020397067070008,rt : logon ke relationship ka randi rona dekh dekh ke single hone pe proud feel hota hai.😂,0.9161455631256104,True,,True,,,,
class4_batch004_sample030637,4,30637,4,Profane,431637,435637,v3_original_demo_boundary_prompt,4-shot random authentic same-class,Shortlisted authentic RUHSOLD Profane examples,40,dil sumbhal ja zra bhenchod,bhenchod aaj sirf roneka mann kar raha hai,bhenchod kya hai ye sb,i should've a bhenchod counter which will count the amount of times i've sad bhenchod,rt : bc abhi tak ek tweet hi hai😂,profane_batch_004.csv,9,False,False,True,False,False,False,False,,True,4,Profane,True,,0.9294053316116332,0.911504566669464,rt : twitter par randi rona ka time hwa chata hi🤒,0.9294053316116332,True,,True,,,,
class4_batch004_sample030638,4,30638,4,Profane,431638,435638,v3_original_demo_boundary_prompt,4-shot random authentic same-class,Shortlisted authentic RUHSOLD Profane examples,40,bhenchod kya hai ye sb,bhenchod what a goal!,mere pas tum ho ny to puray saal ka rula dia bhenchod,why can’t i multitask???? i’m 22 fucking years old and i still dont know how to multitask bhenchod,mere pas tu ho na bhenchod,profane_batch_004.csv,6,False,False,True,False,False,False,False,,True,4,Profane,True,,0.9135797023773192,0.9073451161384584,bhenchod kahan phass gaya hoon,0.9135797023773192,True,,True,,,,
class4_batch004_sample030642,4,30642,4,Profane,431642,435642,v3_original_demo_boundary_prompt,4-shot random authentic same-class,Shortlisted authentic RUHSOLD Profane examples,40,code bhee saaf karna hai abheeee bc,rt : bhenchod graph paper pe eraser use karo toh graph paper hi gayab ho jaata hai,i hate ors bhenchod,fuck man. the pain is traveling. bhenchod ye naya e corridor khul gya hai.,bhenchod 10 saal mein sirf ek movie dekh lia hai???,profane_batch_004.csv,10,False,False,True,False,False,False,False,,True,4,Profane,True,,0.8871317505836487,0.8811764717102051,bc puri koshish kr rhe ki bukhe nange communist film ko jarur dekhe va banchod,0.8871317505836487,True,,True,,,,
class4_batch004_sample030643,4,30643,4,Profane,431643,435643,v3_original_demo_boundary_prompt,4-shot random authentic same-class,Shortlisted authentic RUHSOLD Profane examples,40,code bhee saaf karna hai abheeee bc,bhenchod what a goal!,2 years ago i asked my father for my own car. so he said “hbl car loan se lelo” bc itni khajal khawari keh tang akar i bought used honda civic. and mine is way better than new honda city. or sashky apny,neend aa rhi h bc main sone jaa rhi hu 😂,bc ye bat chahiye thi bethne se pehle.,profane_batch_004.csv,8,False,False,True,False,False,False,False,,True,4,Profane,True,,0.941942811012268,0.930394172668457,bhenchod bht kutti haaalat huwe we he bhai,0.941942811012268,True,,True,,,,
class4_batch004_sample030645,4,30645,4,Profane,431645,435645,v3_original_demo_boundary_prompt,4-shot random authentic same-class,Shortlisted authentic RUHSOLD Profane examples,40,bhenchod kya hai ye sb,"rt : yaar magar wifi bandh na karna, missile vissile daal do koi dikkat nahi, magar internet chahiye bc",code bhee saaf karna hai abheeee bc,bhenchod kahan phass gaya hoon,rt : abhi tk afsos nhi kiya. bc,profane_batch_004.csv,8,False,False,True,False,False,False,False,,True,4,Profane,True,,0.9111204743385316,0.9052897691726683,rt : bhenchodo jb bachay smbhal nahi sktay toh paida q krtay ho 😤 hawas k pujariyon 😥,0.9111204743385316,True,,True,,,,
class4_batch004_sample030650,4,30650,4,Profane,431650,435650,v3_original_demo_boundary_prompt,4-shot random authentic same-class,Shortlisted authentic RUHSOLD Profane examples,40,why can’t i multitask???? i’m 22 fucking years old and i still dont know how to multitask bhenchod,naak bandd ho gya bc.,mera bhi yaar bhai...jindgi jhand ho gya hai bhenchodv 3 t20 me 300 rupya haar gye....,rt : kisi ko bhulnay k liye ussay yaad karna parta hai. aur idhr bhenchod yaad hi ati rehti hai bus,bhenchod apni zindagi ka woh hai jo hamari jaati hai,profane_batch_004.csv,10,False,False,True,False,False,False,False,,True,4,Profane,True,,0.9612084627151488,0.9473382234573364,ajeeb bhenchod zindagi hogai hai hina,0.9612084627151488,True,,True,,,,
class4_batch004_sample030652,4,30652,4,Profane,431652,435652,v3_original_demo_boundary_prompt,4-shot random authentic same-class,Shortlisted authentic RUHSOLD Profane examples,40,code bhee saaf karna hai abheeee bc,bauhat sardi hai bc,rt : bhenchod graph paper pe eraser use karo toh graph paper hi gayab ho jaata hai,dil sumbhal ja zra bhenchod,acha toh bhi nahi hota bc ye mazaak hai,profane_batch_004.csv,9,False,False,True,False,False,False,False,,True,4,Profane,True,,0.9338399767875672,0.927251636981964,bc yeh nii tha kaha ke mere sath bhi badal jaa🙂🙂,0.9338399767875672,True,,True,,,,
class4_batch004_sample030654,4,30654,4,Profane,431654,435654,v3_original_demo_boundary_prompt,4-shot random authentic same-class,Shortlisted authentic RUHSOLD Profane examples,40,rt : kisi ko bhulnay k liye ussay yaad karna parta hai. aur idhr bhenchod yaad hi ati rehti hai bus,kyaaaa musibbaattt ha yr sara mood khraab kr diya ha bc,why can’t i multitask???? i’m 22 fucking years old and i still dont know how to multitask bhenchod,bhenchod kahan phass gaya hoon,mera jism meri marzi bhenchod,profane_batch_004.csv,5,False,False,True,False,False,False,False,,True,4,Profane,True,,0.9475703239440918,0.937081217765808,yaar mujhe koi goli maarde bhenchod,0.9475703239440918,True,,False,Synthetic near-duplicate,class4_batch003_sample030525,0.9839723706245422,Round 1 accepted synthetic bank
class4_batch004_sample030655,4,30655,4,Profane,431655,435655,v3_original_demo_boundary_prompt,4-shot random authentic same-class,Shortlisted authentic RUHSOLD Profane examples,40,"rt : koi physics samjha de bhenchod,,,,",naak bandd ho gya bc.,nazar lag gayi bhenchod fuck this i knew it would never last,rt : bhenchod graph paper pe eraser use karo toh graph paper hi gayab ho jaata hai,bhenchod 70%,profane_batch_004.csv,2,False,False,True,False,False,False,False,,True,4,Profane,True,,0.9066504240036012,0.8919044733047485,bhenchod ye kya hai,0.9066504240036012,True,,True,,,,
class4_batch004_sample030656,4,30656,4,Profane,431656,435656,v3_original_demo_boundary_prompt,4-shot random authentic same-class,Shortlisted authentic RUHSOLD Profane examples,40,inn coaching vaalou ko kaise pta chal jaata hai mera result bhenchod.,dil sumbhal ja zra bhenchod,bhenchod bht kutti haaalat huwe we he bhai,bhenchod kya hai ye sb,rt : mera result bhenchod,profane_batch_004.csv,5,False,False,True,False,False,False,False,,True,4,Profane,True,,0.9297121167182922,0.9157085418701172,"rt : bhenchod im done,untargeted",0.9297121167182922,True,,True,,,,
class4_batch004_sample030657,4,30657,4,Profane,431657,435657,v3_original_demo_boundary_prompt,4-shot random authentic same-class,Shortlisted authentic RUHSOLD Profane examples,40,rt : bhenchod graph paper pe eraser use karo toh graph paper hi gayab ho jaata hai,fuck man. the pain is traveling. bhenchod ye naya e corridor khul gya hai.,bhenchod kya hai ye sb,rt : birthday wali feel hi nai arahi bhenchod,bhenchod jb tm ko pta chl ga ki tu ek bara thora hi sara time tera baap ka yaar hoga tab tu apni maa ke pass dikha denge.,profane_batch_004.csv,28,False,False,True,False,False,False,False,,True,4,Profane,True,,0.9149499535560608,0.911466419696808,   bhai tw phr tum manty ho k cheeni thi  wapis jis ne b ki cheen'ny wala tw laanti hogya na,0.9149499535560608,True,,True,,,,
class4_batch004_sample030658,4,30658,4,Profane,431658,435658,v3_original_demo_boundary_prompt,4-shot random authentic same-class,Shortlisted authentic RUHSOLD Profane examples,40,rt : kisi ko bhulnay k liye ussay yaad karna parta hai. aur idhr bhenchod yaad hi ati rehti hai bus,inn coaching vaalou ko kaise pta chal jaata hai mera result bhenchod.,bhenchod kya hai ye sb,2 years ago i asked my father for my own car. so he said “hbl car loan se lelo” bc itni khajal khawari keh tang akar i bought used honda civic. and mine is way better than new honda city. or sashky apny,bhenchod tu sahi bola,profane_batch_004.csv,4,False,False,True,False,False,False,False,,True,4,Profane,True,,0.9423995018005372,0.9307584762573242,bhenchod ye kya hai,0.9423995018005372,True,,True,,,,
class4_batch004_sample030659,4,30659,4,Profane,431659,435659,v3_original_demo_boundary_prompt,4-shot random authentic same-class,Shortlisted authentic RUHSOLD Profane examples,40,bauhat sardi hai bc,"tm jao ma ni ja rha, pehly he adhi zindagi saffr mein guzr gai bc meri.",bhenchod exams uff,2 years ago i asked my father for my own car. so he said “hbl car loan se lelo” bc itni khajal khawari keh tang akar i bought used honda civic. and mine is way better than new honda city. or sashky apny,rt : mera papa ne mujhy bola k agar tu shadi krty ho tab hum tu bhe dekh lenge. bc yeh 3000 rupees ki gandi khabees hai,profane_batch_004.csv,27,False,False,True,False,False,False,False,,True,4,Profane,True,,0.8909504413604736,0.8777373433113098,mera bhi yaar bhai...jindgi jhand ho gya hai bhenchodv 3 t20 me 300 rupya haar gye....,0.8909504413604736,True,,True,,,,
class4_batch004_sample030662,4,30662,4,Profane,431662,435662,v3_original_demo_boundary_prompt,4-shot random authentic same-class,Shortlisted authentic RUHSOLD Profane examples,40,"tm jao ma ni ja rha, pehly he adhi zindagi saffr mein guzr gai bc meri.",bhenchod mairi thand se phatt rahi hai,rt : bhenchod graph paper pe eraser use karo toh graph paper hi gayab ho jaata hai,bhenchod kya hai ye sb,bhenchod apni life ka plan nikala hy wo?,profane_batch_004.csv,8,False,False,True,False,False,False,False,,True,4,Profane,True,,0.9206171035766602,0.9100688695907592,ajeeb bhenchod zindagi hogai hai hina,0.9206171035766602,True,,True,,,,
class4_batch004_sample030664,4,30664,4,Profane,431664,435664,v3_original_demo_boundary_prompt,4-shot random authentic same-class,Shortlisted authentic RUHSOLD Profane examples,40,bhenchod parhna hai. par dimaagh ijazat nahi deta. ajeeb chutiyapa hai ye.,bc 40 rupees karaya kar diya hai is se acha to banda uber ya cream karwa laye 😏😏😏,"rt : yaar magar wifi bandh na karna, missile vissile daal do koi dikkat nahi, magar internet chahiye bc",naak bandd ho gya bc.,bc mtlb pehle hi matlab banana chahiye,profane_batch_004.csv,7,False,False,True,False,False,False,False,,True,4,Profane,True,,0.9199339151382446,0.9064594507217408,bc ka mtlb kuch bh lia ja sakta tumhra ulta zehan kyn chalta hain,0.9199339151382446,True,,True,,,,
class4_batch004_sample030665,4,30665,4,Profane,431665,435665,v3_original_demo_boundary_prompt,4-shot random authentic same-class,Shortlisted authentic RUHSOLD Profane examples,40,bhenchod parhna hai. par dimaagh ijazat nahi deta. ajeeb chutiyapa hai ye.,nazar lag gayi bhenchod fuck this i knew it would never last,why can’t i multitask???? i’m 22 fucking years old and i still dont know how to multitask bhenchod,rona araha hai bhenchod why am i such a clown why am i so unimportant,wtf bro i was just typing bc bc,profane_batch_004.csv,8,False,False,True,False,False,False,False,,True,4,Profane,True,,0.87034010887146,0.854691207408905,i thought bcv was when fobs tryna type bhenchod,0.87034010887146,True,,True,,,,
class4_batch004_sample030669,4,30669,4,Profane,431669,435669,v3_original_demo_boundary_prompt,4-shot random authentic same-class,Shortlisted authentic RUHSOLD Profane examples,40,neend aa rhi h bc main sone jaa rhi hu 😂,main 5'8 ke sath bh chota lgta hn bc😶😑😑😑,bc bb khatm ho gya but i cant move on,"rt : yaar magar wifi bandh na karna, missile vissile daal do koi dikkat nahi, magar internet chahiye bc",ye phir bhenchod,profane_batch_004.csv,3,False,False,True,False,False,False,False,,True,4,Profane,True,,0.9425477981567384,0.9268527030944824,bhenchod ye kya hai,0.9425477981567384,True,,True,,,,
class4_batch004_sample030671,4,30671,4,Profane,431671,435671,v3_original_demo_boundary_prompt,4-shot random authentic same-class,Shortlisted authentic RUHSOLD Profane examples,40,why can’t i multitask???? i’m 22 fucking years old and i still dont know how to multitask bhenchod,inn coaching vaalou ko kaise pta chal jaata hai mera result bhenchod.,rona araha hai bhenchod why am i such a clown why am i so unimportant,ajeeeeb bc 😒😂,bc tu yahan hai kya aag lagti ha,profane_batch_004.csv,8,False,False,True,False,False,False,False,,True,4,Profane,True,,0.9518600702285768,0.9393436312675476,bc 😂 😂 pagal ho gaya tu 😂 😂,0.9518600702285768,True,,True,,,,
class4_batch004_sample030676,4,30676,4,Profane,431676,435676,v3_original_demo_boundary_prompt,4-shot random authentic same-class,Shortlisted authentic RUHSOLD Profane examples,40,bhenchod what a goal!,main 5'8 ke sath bh chota lgta hn bc😶😑😑😑,my entire neighborhood is making weird sounds bhenchod shaddi hai kya,nazar lag gayi bhenchod fuck this i knew it would never last,pata ni haa mjy bc,profane_batch_004.csv,5,False,False,True,False,False,False,False,,True,4,Profane,True,,0.9409264922142028,0.9173092842102052,har jagah dhamkaa ke le liye bc,0.9409264922142028,True,,True,,,,
class4_batch004_sample030683,4,30683,4,Profane,431683,435683,v3_original_demo_boundary_prompt,4-shot random authentic same-class,Shortlisted authentic RUHSOLD Profane examples,40,bhenchod what a goal!,bhenchod aaj sirf roneka mann kar raha hai,bauhat sardi hai bc,naak bandd ho gya bc.,bhenchod wo khud bhi paisa nahi chah rha tha,profane_batch_004.csv,9,False,False,True,False,False,False,False,,True,4,Profane,True,,0.9227409362792968,0.9189311861991882,kuch bhenchod phr bhi baz nhi aaty😐,0.9227409362792968,True,,True,,,,
class4_batch004_sample030684,4,30684,4,Profane,431684,435684,v3_original_demo_boundary_prompt,4-shot random authentic same-class,Shortlisted authentic RUHSOLD Profane examples,40,bhenchod bht kutti haaalat huwe we he bhai,inn coaching vaalou ko kaise pta chal jaata hai mera result bhenchod.,bhenchod aaj sirf roneka mann kar raha hai,rona araha hai bhenchod why am i such a clown why am i so unimportant,rt :   bhenchod tere ghar mein gaand marunga,profane_batch_004.csv,8,False,False,True,False,False,False,False,,True,4,Profane,True,,0.9261806011199952,0.9164559245109558,rt : in machro ki maa ka bhenchodo ny azaab kardiya,0.9261806011199952,True,,True,,,,
class4_batch004_sample030685,4,30685,4,Profane,431685,435685,v3_original_demo_boundary_prompt,4-shot random authentic same-class,Shortlisted authentic RUHSOLD Profane examples,40,bhenchod exams uff,fuck man. the pain is traveling. bhenchod ye naya e corridor khul gya hai.,bhenchod syllabus kuch aur..aur padhke kuch aur gaya.,mera bhi yaar bhai...jindgi jhand ho gya hai bhenchodv 3 t20 me 300 rupya haar gye....,bc maine apne khilaf nahi bolta..😂,profane_batch_004.csv,6,False,False,True,False,False,False,False,,True,4,Profane,True,,0.953347146511078,0.924537479877472,bc aisa kya bol dia maine 😂,0.953347146511078,True,,True,,,,
class4_batch004_sample030686,4,30686,4,Profane,431686,435686,v3_original_demo_boundary_prompt,4-shot random authentic same-class,Shortlisted authentic RUHSOLD Profane examples,40,my entire neighborhood is making weird sounds bhenchod shaddi hai kya,rt : fariha without fa is riha and  riha kerdo koi bhenchod is zindagi se,code bhee saaf karna hai abheeee bc,bhenchod what a goal!,rt :  khud kabhi gaya tera haqarat ke liye kuch nahi krna tha bhenchod,profane_batch_004.csv,14,False,False,True,False,False,False,False,,True,4,Profane,True,,0.9229623079299928,0.9134599566459656,rt : in machro ki maa ka bhenchodo ny azaab kardiya,0.9229623079299928,True,,True,,,,
class4_batch004_sample030687,4,30687,4,Profane,431687,435687,v3_original_demo_boundary_prompt,4-shot random authentic same-class,Shortlisted authentic RUHSOLD Profane examples,40,inn coaching vaalou ko kaise pta chal jaata hai mera result bhenchod.,mera bhi yaar bhai...jindgi jhand ho gya hai bhenchodv 3 t20 me 300 rupya haar gye....,pubg lover hath toota howa hai phir b pubg nhai chorni bc😂😂😂,why can’t i multitask???? i’m 22 fucking years old and i still dont know how to multitask bhenchod,bhenchod ye thakle ki bat krne ka time aa gaya hai,profane_batch_004.csv,11,False,False,True,False,False,False,False,,True,4,Profane,True,,0.9313496351242064,0.9201498031616212,bhenchod is time mood ki maa chod deta hai ye banda,0.9313496351242064,True,,True,,,,
class4_batch004_sample030689,4,30689,4,Profane,431689,435689,v3_original_demo_boundary_prompt,4-shot random authentic same-class,Shortlisted authentic RUHSOLD Profane examples,40,inn coaching vaalou ko kaise pta chal jaata hai mera result bhenchod.,nazar lag gayi bhenchod fuck this i knew it would never last,kyaaaa musibbaattt ha yr sara mood khraab kr diya ha bc,bhenchod kahan phass gaya hoon,abey bhenchod nikah karne se pehle to apni maa ki wajah se shaadi ka plan banana chahte ho?,profane_batch_004.csv,18,False,False,True,False,False,False,False,,True,4,Profane,True,,0.8959691524505615,0.8850526809692383,"ye bc kya predestination bana diya hai isko, khud hi beta aur khud hi papa? kuch to maryada rakhiye.",0.8959691524505615,True,,True,,,,
class4_batch004_sample030690,4,30690,4,Profane,431690,435690,v3_original_demo_boundary_prompt,4-shot random authentic same-class,Shortlisted authentic RUHSOLD Profane examples,40,rt : kisi ko bhulnay k liye ussay yaad karna parta hai. aur idhr bhenchod yaad hi ati rehti hai bus,inn coaching vaalou ko kaise pta chal jaata hai mera result bhenchod.,ajeeeeb bc 😒😂,why can’t i multitask???? i’m 22 fucking years old and i still dont know how to multitask bhenchod,😑😑😂😂 bc itna jyada bachpan kya hoga?,profane_batch_004.csv,7,False,False,True,False,False,False,False,,True,4,Profane,True,,0.925226867198944,0.9120219945907592,bc 😂 😂 pagal ho gaya tu 😂 😂,0.925226867198944,True,,True,,,,
class4_batch004_sample030691,4,30691,4,Profane,431691,435691,v3_original_demo_boundary_prompt,4-shot random authentic same-class,Shortlisted authentic RUHSOLD Profane examples,40,inn coaching vaalou ko kaise pta chal jaata hai mera result bhenchod.,i hate ors bhenchod,why can’t i multitask???? i’m 22 fucking years old and i still dont know how to multitask bhenchod,bhenchod bht kutti haaalat huwe we he bhai,bc humein jaldi se nhi ptaa thaa,profane_batch_004.csv,7,False,False,True,False,False,False,False,,True,4,Profane,True,,0.9242122173309326,0.9176980257034302,zinda ha bc abhi tk tu b,0.9242122173309326,True,,True,,,,
class4_batch004_sample030693,4,30693,4,Profane,431693,435693,v3_original_demo_boundary_prompt,4-shot random authentic same-class,Shortlisted authentic RUHSOLD Profane examples,40,mere pas tum ho ny to puray saal ka rula dia bhenchod,i hate ors bhenchod,why can’t i multitask???? i’m 22 fucking years old and i still dont know how to multitask bhenchod,bc bb khatm ho gya but i cant move on,i'll never understand this logic bhenchod,profane_batch_004.csv,6,False,False,True,False,False,False,False,,True,4,Profane,True,,0.9087406396865844,0.900368869304657,wtf is thisssss lineup bhenchod,0.9087406396865844,True,,True,,,,
class4_batch004_sample030695,4,30695,4,Profane,431695,435695,v3_original_demo_boundary_prompt,4-shot random authentic same-class,Shortlisted authentic RUHSOLD Profane examples,40,bhenchod what a goal!,bhenchod bht kutti haaalat huwe we he bhai,rt : bhenchod graph paper pe eraser use karo toh graph paper hi gayab ho jaata hai,"rt : koi physics samjha de bhenchod,,,,",rt : bhenchod kya yar,profane_batch_004.csv,5,False,False,True,False,False,False,False,,True,4,Profane,True,,0.9408695697784424,0.9293454885482788,rt : dil sambhal ja zara bhenchod!v,0.9408695697784424,True,,True,,,,
class4_batch004_sample030697,4,30697,4,Profane,431697,435697,v3_original_demo_boundary_prompt,4-shot random authentic same-class,Shortlisted authentic RUHSOLD Profane examples,40,i should've a bhenchod counter which will count the amount of times i've sad bhenchod,"tm jao ma ni ja rha, pehly he adhi zindagi saffr mein guzr gai bc meri.",2 years ago i asked my father for my own car. so he said “hbl car loan se lelo” bc itni khajal khawari keh tang akar i bought used honda civic. and mine is way better than new honda city. or sashky apny,rt : kisi ko bhulnay k liye ussay yaad karna parta hai. aur idhr bhenchod yaad hi ati rehti hai bus,wah ye na ho bhenchod,profane_batch_004.csv,5,False,False,True,False,False,False,False,,True,4,Profane,True,,0.9589143395423888,0.9440796971321106,bhenchod ye kya hai,0.9589143395423888,True,,True,,,,
class4_batch004_sample030698,4,30698,4,Profane,431698,435698,v3_original_demo_boundary_prompt,4-shot random authentic same-class,Shortlisted authentic RUHSOLD Profane examples,40,my entire neighborhood is making weird sounds bhenchod shaddi hai kya,why can’t i multitask???? i’m 22 fucking years old and i still dont know how to multitask bhenchod,bhenchod kahan phass gaya hoon,2 years ago i asked my father for my own car. so he said “hbl car loan se lelo” bc itni khajal khawari keh tang akar i bought used honda civic. and mine is way better than new honda city. or sashky apny,bhenchod chakkar pehn raha ha,profane_batch_004.csv,5,False,False,True,False,False,False,False,,True,4,Profane,True,,0.9447662830352784,0.9388494491577148,bhenchod ye kya hai,0.9447662830352784,True,,True,,,,
class4_batch004_sample030699,4,30699,4,Profane,431699,435699,v3_original_demo_boundary_prompt,4-shot random authentic same-class,Shortlisted authentic RUHSOLD Profane examples,40,mera bhi yaar bhai...jindgi jhand ho gya hai bhenchodv 3 t20 me 300 rupya haar gye....,i should've a bhenchod counter which will count the amount of times i've sad bhenchod,ajeeeeb bc 😒😂,rt : birthday wali feel hi nai arahi bhenchod,nahi mana ke tum ne bhenchod,profane_batch_004.csv,6,False,False,True,False,False,False,False,,True,4,Profane,True,,0.954171895980835,0.9393876194953918,yaar mujhe koi goli maarde bhenchod,0.954171895980835,True,,True,,,,
class4_batch004_sample030703,4,30703,4,Profane,431703,435703,v3_original_demo_boundary_prompt,4-shot random authentic same-class,Shortlisted authentic RUHSOLD Profane examples,40,"rt : yaar magar wifi bandh na karna, missile vissile daal do koi dikkat nahi, magar internet chahiye bc",kyaaaa musibbaattt ha yr sara mood khraab kr diya ha bc,bhenchod syllabus kuch aur..aur padhke kuch aur gaya.,fuck man. the pain is traveling. bhenchod ye naya e corridor khul gya hai.,ye toh dekh lo bhenchod,profane_batch_004.csv,5,False,False,True,False,False,False,False,,True,4,Profane,True,,0.9555286765098572,0.9438749551773072,dhood se b mehnga bhenchod,0.9555286765098572,True,,True,,,,
class4_batch004_sample030704,4,30704,4,Profane,431704,435704,v3_original_demo_boundary_prompt,4-shot random authentic same-class,Shortlisted authentic RUHSOLD Profane examples,40,naak bandd ho gya bc.,ajeeeeb bc 😒😂,"rt : yaar magar wifi bandh na karna, missile vissile daal do koi dikkat nahi, magar internet chahiye bc",rt : kisi ko bhulnay k liye ussay yaad karna parta hai. aur idhr bhenchod yaad hi ati rehti hai bus,rt : abhi tak twitter pr bhenchod kabhi ni mjhy,profane_batch_004.csv,10,False,False,True,False,False,False,False,,True,4,Profane,True,,0.9374089241027832,0.9248164892196656,rt : twitter par randi rona ka time hwa chata hi🤒,0.9374089241027832,True,,True,,,,
class4_batch004_sample030706,4,30706,4,Profane,431706,435706,v3_original_demo_boundary_prompt,4-shot random authentic same-class,Shortlisted authentic RUHSOLD Profane examples,40,rona araha hai bhenchod why am i such a clown why am i so unimportant,bhenchod exams uff,bhenchod parhna hai. par dimaagh ijazat nahi deta. ajeeb chutiyapa hai ye.,rt : fariha without fa is riha and  riha kerdo koi bhenchod is zindagi se,rt : abe bc tujhe janta nhi hai kya,profane_batch_004.csv,9,False,False,True,False,False,False,False,,True,4,Profane,True,,0.9181413054466248,0.9151220321655272,rt : ye ab nend nai ari mjy bhenchod subha uth kr prhna b ha kiya yr ajeeb jhand life,0.9181413054466248,True,,True,,,,
class4_batch004_sample030709,4,30709,4,Profane,431709,435709,v3_original_demo_boundary_prompt,4-shot random authentic same-class,Shortlisted authentic RUHSOLD Profane examples,40,bc bb khatm ho gya but i cant move on,2 years ago i asked my father for my own car. so he said “hbl car loan se lelo” bc itni khajal khawari keh tang akar i bought used honda civic. and mine is way better than new honda city. or sashky apny,i hate ors bhenchod,rt : birthday wali feel hi nai arahi bhenchod,rt : ye bhenchod pata chal raha hai jo uski bat kr rahey hain,profane_batch_004.csv,14,False,False,True,False,False,False,False,,True,4,Profane,True,,0.9307926893234252,0.9233619570732116,rt : sab bhenchod r unki bhenein aik hi jagah pr.,0.9307926893234252,True,,True,,,,
class4_batch004_sample030712,4,30712,4,Profane,431712,435712,v3_original_demo_boundary_prompt,4-shot random authentic same-class,Shortlisted authentic RUHSOLD Profane examples,40,pubg lover hath toota howa hai phir b pubg nhai chorni bc😂😂😂,bhenchod aaj sirf roneka mann kar raha hai,bhenchod what a goal!,bc bb khatm ho gya but i cant move on,aby ghar mein bhenchodo kehte hain aur tu pichwara se akela hi jata hai,profane_batch_004.csv,14,False,False,True,False,False,False,False,,True,4,Profane,True,,0.9272849559783936,0.9145401120185852,bhenchod hum lums gaye to woh bhi lumsu ho gaya hai,0.9272849559783936,True,,True,,,,
class4_batch004_sample030714,4,30714,4,Profane,431714,435714,v3_original_demo_boundary_prompt,4-shot random authentic same-class,Shortlisted authentic RUHSOLD Profane examples,40,i should've a bhenchod counter which will count the amount of times i've sad bhenchod,slept for only 4 hours last night bc match daikhty daikhty girny wala hua wa hun,bhenchod kya hai ye sb,main 5'8 ke sath bh chota lgta hn bc😶😑😑😑,rt :   kabhi bhi bhenchod kaha tha,profane_batch_004.csv,7,False,False,True,False,False,False,False,,True,4,Profane,True,,0.941681742668152,0.9322859048843384,rt : dil sambhal ja zara bhenchod!v,0.941681742668152,True,,True,,,,
class4_batch004_sample030716,4,30716,4,Profane,431716,435716,v3_original_demo_boundary_prompt,4-shot random authentic same-class,Shortlisted authentic RUHSOLD Profane examples,40,why can’t i multitask???? i’m 22 fucking years old and i still dont know how to multitask bhenchod,rt : bhenchod graph paper pe eraser use karo toh graph paper hi gayab ho jaata hai,i should've a bhenchod counter which will count the amount of times i've sad bhenchod,nazar lag gayi bhenchod fuck this i knew it would never last,oye ye nhi tha maine likha tha ab bhenchod,profane_batch_004.csv,9,False,False,True,False,False,False,False,,True,4,Profane,True,,0.948509693145752,0.9393548965454102,yaar mujhe koi goli maarde bhenchod,0.948509693145752,True,,True,,,,
class4_batch004_sample030721,4,30721,4,Profane,431721,435721,v3_original_demo_boundary_prompt,4-shot random authentic same-class,Shortlisted authentic RUHSOLD Profane examples,40,mere pas tum ho ny to puray saal ka rula dia bhenchod,rt : bhenchod graph paper pe eraser use karo toh graph paper hi gayab ho jaata hai,bhenchod kya hai ye sb,i should've a bhenchod counter which will count the amount of times i've sad bhenchod,oye bhenchod shadi karwao mujhe,profane_batch_004.csv,5,False,False,True,False,False,False,False,,True,4,Profane,True,,0.9540655612945556,0.9422968029975892,yaar mujhe koi goli maarde bhenchod,0.9540655612945556,True,,True,,,,
class4_batch004_sample030724,4,30724,4,Profane,431724,435724,v3_original_demo_boundary_prompt,4-shot random authentic same-class,Shortlisted authentic RUHSOLD Profane examples,40,dil sumbhal ja zra bhenchod,ajeeeeb bc 😒😂,mere pas tum ho ny to puray saal ka rula dia bhenchod,rona araha hai bhenchod why am i such a clown why am i so unimportant,kuch toh nhi bolte bhenchod,profane_batch_004.csv,5,False,False,True,False,False,False,False,,True,4,Profane,True,,0.9531937837600708,0.939096748828888,kuch bhenchod phr bhi baz nhi aaty😐,0.9531937837600708,True,,True,,,,
class4_batch004_sample030725,4,30725,4,Profane,431725,435725,v3_original_demo_boundary_prompt,4-shot random authentic same-class,Shortlisted authentic RUHSOLD Profane examples,40,bhenchod exams uff,rt : asa kon ludo khelta hi bc ....😇,bhenchod kya hai ye sb,i hate ors bhenchod,bhenchod jb socho na ye bnda,profane_batch_004.csv,6,False,False,True,False,False,False,False,,True,4,Profane,True,,0.9535850286483764,0.9405285120010376,bhenchod kya hai ye sb,0.9535850286483764,True,,True,,,,
class4_batch004_sample030727,4,30727,4,Profane,431727,435727,v3_original_demo_boundary_prompt,4-shot random authentic same-class,Shortlisted authentic RUHSOLD Profane examples,40,bhenchod bht kutti haaalat huwe we he bhai,bc bb khatm ho gya but i cant move on,ajeeeeb bc 😒😂,bhenchod aaj sirf roneka mann kar raha hai,bhenchod ye nhi kahi apne mc ki tarah hi samjhao,profane_batch_004.csv,10,False,False,True,False,False,False,False,,True,4,Profane,True,,0.937347650527954,0.9289106130599976,sahi bilkul bhenchod yahi sb chal raha hai,0.937347650527954,True,,True,,,,
class4_batch004_sample030732,4,30732,4,Profane,431732,435732,v3_original_demo_boundary_prompt,4-shot random authentic same-class,Shortlisted authentic RUHSOLD Profane examples,40,nazar lag gayi bhenchod fuck this i knew it would never last,slept for only 4 hours last night bc match daikhty daikhty girny wala hua wa hun,fuck man. the pain is traveling. bhenchod ye naya e corridor khul gya hai.,"rt : yaar magar wifi bandh na karna, missile vissile daal do koi dikkat nahi, magar internet chahiye bc",bhenchodo tum logon ne abhi tak unko mazeeda kaha diya,profane_batch_004.csv,10,False,False,True,False,False,False,False,,True,4,Profane,True,,0.9460278153419496,0.9333255887031556,bhenchod diwali chali gayi thand aa gayi par ye bhen ke lode machar abhi tak nahi mare,0.9460278153419496,True,,True,,,,
class4_batch004_sample030733,4,30733,4,Profane,431733,435733,v3_original_demo_boundary_prompt,4-shot random authentic same-class,Shortlisted authentic RUHSOLD Profane examples,40,i should've a bhenchod counter which will count the amount of times i've sad bhenchod,2 years ago i asked my father for my own car. so he said “hbl car loan se lelo” bc itni khajal khawari keh tang akar i bought used honda civic. and mine is way better than new honda city. or sashky apny,bhenchod bht kutti haaalat huwe we he bhai,code bhee saaf karna hai abheeee bc,mera account hi jaldi b niklaa thaaa bhenchod,profane_batch_004.csv,8,False,False,True,False,False,False,False,,True,4,Profane,True,,0.9289478063583374,0.9166845083236694,dhood se b mehnga bhenchod,0.9289478063583374,True,,True,,,,
class4_batch004_sample030734,4,30734,4,Profane,431734,435734,v3_original_demo_boundary_prompt,4-shot random authentic same-class,Shortlisted authentic RUHSOLD Profane examples,40,bc bb khatm ho gya but i cant move on,mera bhi yaar bhai...jindgi jhand ho gya hai bhenchodv 3 t20 me 300 rupya haar gye....,bhenchod parhna hai. par dimaagh ijazat nahi deta. ajeeb chutiyapa hai ye.,bhenchod exams uff,bhenchod kuch hi nae hota,profane_batch_004.csv,5,False,False,True,False,False,False,False,,True,4,Profane,True,,0.9642608761787416,0.9564810991287231,bhenchod ye kya hai,0.9642608761787416,True,,True,,,,
class4_batch004_sample030737,4,30737,4,Profane,431737,435737,v3_original_demo_boundary_prompt,4-shot random authentic same-class,Shortlisted authentic RUHSOLD Profane examples,40,why can’t i multitask???? i’m 22 fucking years old and i still dont know how to multitask bhenchod,kyaaaa musibbaattt ha yr sara mood khraab kr diya ha bc,bhenchod mairi thand se phatt rahi hai,"rt : yaar magar wifi bandh na karna, missile vissile daal do koi dikkat nahi, magar internet chahiye bc",rt : shadi k liay tou kia bhenchod khelate ho,profane_batch_004.csv,10,False,False,True,False,False,False,False,,True,4,Profane,True,,0.9305859208106996,0.922020137310028,rt : in machro ki maa ka bhenchodo ny azaab kardiya,0.9305859208106996,True,,True,,,,
class4_batch004_sample030738,4,30738,4,Profane,431738,435738,v3_original_demo_boundary_prompt,4-shot random authentic same-class,Shortlisted authentic RUHSOLD Profane examples,40,bc 40 rupees karaya kar diya hai is se acha to banda uber ya cream karwa laye 😏😏😏,slept for only 4 hours last night bc match daikhty daikhty girny wala hua wa hun,inn coaching vaalou ko kaise pta chal jaata hai mera result bhenchod.,bhenchod kahan phass gaya hoon,bc main jaldi dikhayu tha ye match,profane_batch_004.csv,7,False,False,True,False,False,False,False,,True,4,Profane,True,,0.9217702150344848,0.9116140604019164,masjid main elaan krwa dy na bc 😑,0.9217702150344848,True,,True,,,,
class4_batch004_sample030740,4,30740,4,Profane,431740,435740,v3_original_demo_boundary_prompt,4-shot random authentic same-class,Shortlisted authentic RUHSOLD Profane examples,40,i should've a bhenchod counter which will count the amount of times i've sad bhenchod,rt : fariha without fa is riha and  riha kerdo koi bhenchod is zindagi se,bhenchod bht kutti haaalat huwe we he bhai,2 years ago i asked my father for my own car. so he said “hbl car loan se lelo” bc itni khajal khawari keh tang akar i bought used honda civic. and mine is way better than new honda city. or sashky apny,mera bhenchod dost hi kabhi na mil jaye ga.,profane_batch_004.csv,9,False,False,True,False,False,False,False,,True,4,Profane,True,,0.9486543536186218,0.9245295524597168,bhenchod ye raat kabhi dhalti hi nahi.,0.9486543536186218,True,,True,,,,
class4_batch004_sample030741,4,30741,4,Profane,431741,435741,v3_original_demo_boundary_prompt,4-shot random authentic same-class,Shortlisted authentic RUHSOLD Profane examples,40,main 5'8 ke sath bh chota lgta hn bc😶😑😑😑,"rt : yaar magar wifi bandh na karna, missile vissile daal do koi dikkat nahi, magar internet chahiye bc",bc 40 rupees karaya kar diya hai is se acha to banda uber ya cream karwa laye 😏😏😏,bhenchod kya hai ye sb,bc nhi ho rha ab ye logon ki koi shakal dekho,profane_batch_004.csv,11,False,False,True,False,False,False,False,,True,4,Profane,True,,0.9319193959236144,0.9247334599494934,bc yeh nii tha kaha ke mere sath bhi badal jaa🙂🙂,0.9319193959236144,True,,True,,,,
class4_batch004_sample030744,4,30744,4,Profane,431744,435744,v3_original_demo_boundary_prompt,4-shot random authentic same-class,Shortlisted authentic RUHSOLD Profane examples,40,bc bb khatm ho gya but i cant move on,neend aa rhi h bc main sone jaa rhi hu 😂,why can’t i multitask???? i’m 22 fucking years old and i still dont know how to multitask bhenchod,2 years ago i asked my father for my own car. so he said “hbl car loan se lelo” bc itni khajal khawari keh tang akar i bought used honda civic. and mine is way better than new honda city. or sashky apny,abe bc mera dusry chor krta hai kya,profane_batch_004.csv,8,False,False,True,False,False,False,False,,True,4,Profane,True,,0.920124888420105,0.9139755964279176,dekh kitna khush ho rha h bc,0.920124888420105,True,,True,,,,
class4_batch004_sample030748,4,30748,4,Profane,431748,435748,v3_original_demo_boundary_prompt,4-shot random authentic same-class,Shortlisted authentic RUHSOLD Profane examples,40,main 5'8 ke sath bh chota lgta hn bc😶😑😑😑,"tm jao ma ni ja rha, pehly he adhi zindagi saffr mein guzr gai bc meri.",inn coaching vaalou ko kaise pta chal jaata hai mera result bhenchod.,bhenchod exams uff,bhenchod apne shakal ka yaar,profane_batch_004.csv,5,False,False,True,False,False,False,False,,True,4,Profane,True,,0.9510018229484558,0.9462148547172546,bhenchod kahan phass gaya hoon,0.9510018229484558,True,,True,,,,
class4_batch004_sample030752,4,30752,4,Profane,431752,435752,v3_original_demo_boundary_prompt,4-shot random authentic same-class,Shortlisted authentic RUHSOLD Profane examples,40,mera bhi yaar bhai...jindgi jhand ho gya hai bhenchodv 3 t20 me 300 rupya haar gye....,fuck man. the pain is traveling. bhenchod ye naya e corridor khul gya hai.,bhenchod kya hai ye sb,dil sumbhal ja zra bhenchod,wtf? bhenchod sach ka koi pata nahi,profane_batch_004.csv,7,False,False,True,False,False,False,False,,True,4,Profane,True,,0.9517651200294496,0.9405052065849304,kuch bhenchod phr bhi baz nhi aaty😐,0.9517651200294496,True,,True,,,,
class4_batch004_sample030755,4,30755,4,Profane,431755,435755,v3_original_demo_boundary_prompt,4-shot random authentic same-class,Shortlisted authentic RUHSOLD Profane examples,40,bc bb khatm ho gya but i cant move on,fuck man. the pain is traveling. bhenchod ye naya e corridor khul gya hai.,bhenchod aaj sirf roneka mann kar raha hai,rt : asa kon ludo khelta hi bc ....😇,jisne koi paisa nahi lekin kuch chahye tab se bc,profane_batch_004.csv,10,False,False,True,False,False,False,False,,True,4,Profane,True,,0.9298652410507202,0.918867290019989,bc yeh nii tha kaha ke mere sath bhi badal jaa🙂🙂,0.9298652410507202,True,,True,,,,
class4_batch004_sample030759,4,30759,4,Profane,431759,435759,v3_original_demo_boundary_prompt,4-shot random authentic same-class,Shortlisted authentic RUHSOLD Profane examples,40,fuck man. the pain is traveling. bhenchod ye naya e corridor khul gya hai.,2 years ago i asked my father for my own car. so he said “hbl car loan se lelo” bc itni khajal khawari keh tang akar i bought used honda civic. and mine is way better than new honda city. or sashky apny,bhenchod what a goal!,slept for only 4 hours last night bc match daikhty daikhty girny wala hua wa hun,bhenchod yaar aise tweets krne ki zaroorat nahi hoti.. 😑,profane_batch_004.csv,10,False,False,True,False,False,False,False,,True,4,Profane,True,,0.928945779800415,0.9177650213241576,rt : bhenchodo cricket ki tweets mat kro,0.928945779800415,True,,True,,,,
class4_batch004_sample030760,4,30760,4,Profane,431760,435760,v3_original_demo_boundary_prompt,4-shot random authentic same-class,Shortlisted authentic RUHSOLD Profane examples,40,slept for only 4 hours last night bc match daikhty daikhty girny wala hua wa hun,rona araha hai bhenchod why am i such a clown why am i so unimportant,inn coaching vaalou ko kaise pta chal jaata hai mera result bhenchod.,bhenchod kahan phass gaya hoon,yaar naa aapko mat poochhna bhenchod,profane_batch_004.csv,6,False,False,True,False,False,False,False,,True,4,Profane,True,,0.9583497047424316,0.936266541481018,yaar mujhe koi goli maarde bhenchod,0.9583497047424316,True,,True,,,,
class4_batch004_sample030763,4,30763,4,Profane,431763,435763,v3_original_demo_boundary_prompt,4-shot random authentic same-class,Shortlisted authentic RUHSOLD Profane examples,40,"tm jao ma ni ja rha, pehly he adhi zindagi saffr mein guzr gai bc meri.",my entire neighborhood is making weird sounds bhenchod shaddi hai kya,bhenchod parhna hai. par dimaagh ijazat nahi deta. ajeeb chutiyapa hai ye.,dil sumbhal ja zra bhenchod,rt : mera pata nhi ki woh bhenchod hai na,profane_batch_004.csv,10,False,False,True,False,False,False,False,,True,4,Profane,True,,0.9347695112228394,0.9225919842720032,rt : birthday wali feel hi nai arahi bhenchod,0.9347695112228394,True,,True,,,,
class4_batch004_sample030764,4,30764,4,Profane,431764,435764,v3_original_demo_boundary_prompt,4-shot random authentic same-class,Shortlisted authentic RUHSOLD Profane examples,40,"rt : yaar magar wifi bandh na karna, missile vissile daal do koi dikkat nahi, magar internet chahiye bc",rt : fariha without fa is riha and  riha kerdo koi bhenchod is zindagi se,code bhee saaf karna hai abheeee bc,bhenchod kya hai ye sb,bhenchod i was just joking,profane_batch_004.csv,5,False,False,True,False,False,False,False,,True,4,Profane,True,,0.9044275283813475,0.8916699290275574,"bhenchod funny aadmi hai tu, aur kya chahiye 🥺",0.9044275283813475,True,,True,,,,
class4_batch004_sample030768,4,30768,4,Profane,431768,435768,v3_original_demo_boundary_prompt,4-shot random authentic same-class,Shortlisted authentic RUHSOLD Profane examples,40,bhenchod parhna hai. par dimaagh ijazat nahi deta. ajeeb chutiyapa hai ye.,kyaaaa musibbaattt ha yr sara mood khraab kr diya ha bc,mere pas tum ho ny to puray saal ka rula dia bhenchod,ajeeeeb bc 😒😂,wtf haaar maine to bhi bhenchod bhej diye,profane_batch_004.csv,8,False,False,True,False,False,False,False,,True,4,Profane,True,,0.952115535736084,0.9436964988708496,yaar mujhe koi goli maarde bhenchod,0.952115535736084,True,,True,,,,
class4_batch004_sample030769,4,30769,4,Profane,431769,435769,v3_original_demo_boundary_prompt,4-shot random authentic same-class,Shortlisted authentic RUHSOLD Profane examples,40,bhenchod bht kutti haaalat huwe we he bhai,dil sumbhal ja zra bhenchod,bhenchod syllabus kuch aur..aur padhke kuch aur gaya.,"tm jao ma ni ja rha, pehly he adhi zindagi saffr mein guzr gai bc meri.",rt : dm krna tha na tum nikl jao bc,profane_batch_004.csv,10,False,False,True,False,False,False,False,,True,4,Profane,True,,0.9202101826667786,0.9147781133651732,rt : sab bhenchod r unki bhenein aik hi jagah pr.,0.9202101826667786,True,,True,,,,
class4_batch004_sample030770,4,30770,4,Profane,431770,435770,v3_original_demo_boundary_prompt,4-shot random authentic same-class,Shortlisted authentic RUHSOLD Profane examples,40,bhenchod syllabus kuch aur..aur padhke kuch aur gaya.,bc 40 rupees karaya kar diya hai is se acha to banda uber ya cream karwa laye 😏😏😏,"rt : koi physics samjha de bhenchod,,,,",fuck man. the pain is traveling. bhenchod ye naya e corridor khul gya hai.,rt : yar apne baap ka naam kia ha? bc,profane_batch_004.csv,10,False,False,True,False,False,False,False,,True,4,Profane,True,,0.90967857837677,0.9061727523803712,bc 😂 😂 pagal ho gaya tu 😂 😂,0.90967857837677,True,,True,,,,
class4_batch004_sample030771,4,30771,4,Profane,431771,435771,v3_original_demo_boundary_prompt,4-shot random authentic same-class,Shortlisted authentic RUHSOLD Profane examples,40,bhenchod kya hai ye sb,neend aa rhi h bc main sone jaa rhi hu 😂,"rt : yaar magar wifi bandh na karna, missile vissile daal do koi dikkat nahi, magar internet chahiye bc",bc 40 rupees karaya kar diya hai is se acha to banda uber ya cream karwa laye 😏😏😏,bc ye kaunsi kaha hai 😭,profane_batch_004.csv,6,False,False,True,False,False,False,False,,True,4,Profane,True,,0.9528276324272156,0.9415063858032228,bc 😂 😂 pagal ho gaya tu 😂 😂,0.9528276324272156,True,,True,,,,
class4_batch004_sample030772,4,30772,4,Profane,431772,435772,v3_original_demo_boundary_prompt,4-shot random authentic same-class,Shortlisted authentic RUHSOLD Profane examples,40,"rt : koi physics samjha de bhenchod,,,,",ajeeeeb bc 😒😂,rt : fariha without fa is riha and  riha kerdo koi bhenchod is zindagi se,mera bhi yaar bhai...jindgi jhand ho gya hai bhenchodv 3 t20 me 300 rupya haar gye....,ooooohh ye bhag bhenchod,profane_batch_004.csv,4,False,False,True,False,False,False,False,,True,4,Profane,True,,0.9446492195129396,0.926944613456726,bhenchod ho tum😁😁,0.9446492195129396,True,,True,,,,
class4_batch004_sample030774,4,30774,4,Profane,431774,435774,v3_original_demo_boundary_prompt,4-shot random authentic same-class,Shortlisted authentic RUHSOLD Profane examples,40,bc bb khatm ho gya but i cant move on,bhenchod mairi thand se phatt rahi hai,neend aa rhi h bc main sone jaa rhi hu 😂,bhenchod parhna hai. par dimaagh ijazat nahi deta. ajeeb chutiyapa hai ye.,bhenchod 80% of my followers are fake accounts,profane_batch_004.csv,8,False,False,True,False,False,False,False,,True,4,Profane,True,,0.898789644241333,0.874445915222168,1 min me 8 retweets bhenchod,0.898789644241333,True,,True,,,,
class4_batch004_sample030775,4,30775,4,Profane,431775,435775,v3_original_demo_boundary_prompt,4-shot random authentic same-class,Shortlisted authentic RUHSOLD Profane examples,40,bhenchod mairi thand se phatt rahi hai,bhenchod kya hai ye sb,bhenchod kahan phass gaya hoon,mera bhi yaar bhai...jindgi jhand ho gya hai bhenchodv 3 t20 me 300 rupya haar gye....,pata nahi mujhy bhaunkna chahta hu..bhenchod..,profane_batch_004.csv,6,False,False,True,False,False,False,False,,True,4,Profane,True,,0.9331681132316588,0.9174367785453796,bhenchod ye raat kabhi dhalti hi nahi.,0.9331681132316588,True,,True,,,,
class4_batch004_sample030779,4,30779,4,Profane,431779,435779,v3_original_demo_boundary_prompt,4-shot random authentic same-class,Shortlisted authentic RUHSOLD Profane examples,40,pubg lover hath toota howa hai phir b pubg nhai chorni bc😂😂😂,rt : bhenchod graph paper pe eraser use karo toh graph paper hi gayab ho jaata hai,main 5'8 ke sath bh chota lgta hn bc😶😑😑😑,"rt : yaar magar wifi bandh na karna, missile vissile daal do koi dikkat nahi, magar internet chahiye bc",i am so dumb bc,profane_batch_004.csv,5,False,False,True,False,False,False,False,,True,4,Profane,True,,0.8698102235794067,0.8526577949523926,ajeeeeb bc 😒😂,0.8698102235794067,True,,True,,,,
class4_batch004_sample030780,4,30780,4,Profane,431780,435780,v3_original_demo_boundary_prompt,4-shot random authentic same-class,Shortlisted authentic RUHSOLD Profane examples,40,why can’t i multitask???? i’m 22 fucking years old and i still dont know how to multitask bhenchod,bhenchod mairi thand se phatt rahi hai,bhenchod what a goal!,bhenchod exams uff,rt : mein apni mami ko kaha rhi hun ke apne chacha ne maa ka yaar kiya? bc ye sathi hai na😂,profane_batch_004.csv,22,False,False,True,False,False,False,False,,True,4,Profane,True,,0.9162406325340272,0.9086509943008424,yky ambjsajdk bhenchod main apni mummy ko bolti hu baal kaat dene ke liye,0.9162406325340272,True,,True,,,,
class4_batch004_sample030781,4,30781,4,Profane,431781,435781,v3_original_demo_boundary_prompt,4-shot random authentic same-class,Shortlisted authentic RUHSOLD Profane examples,40,i should've a bhenchod counter which will count the amount of times i've sad bhenchod,pubg lover hath toota howa hai phir b pubg nhai chorni bc😂😂😂,bhenchod syllabus kuch aur..aur padhke kuch aur gaya.,neend aa rhi h bc main sone jaa rhi hu 😂,abhi tk usko follow kar lo bc,profane_batch_004.csv,7,False,False,True,False,False,False,False,,True,4,Profane,True,,0.9217610359191896,0.90687495470047,zinda ha bc abhi tk tu b,0.9217610359191896,True,,True,,,,
class4_batch004_sample030783,4,30783,4,Profane,431783,435783,v3_original_demo_boundary_prompt,4-shot random authentic same-class,Shortlisted authentic RUHSOLD Profane examples,40,"tm jao ma ni ja rha, pehly he adhi zindagi saffr mein guzr gai bc meri.",bhenchod bht kutti haaalat huwe we he bhai,fuck man. the pain is traveling. bhenchod ye naya e corridor khul gya hai.,bc bb khatm ho gya but i cant move on,rt : bc mery liye koi tere liye nahi,profane_batch_004.csv,9,False,False,True,False,False,False,False,,True,4,Profane,True,,0.9222723245620728,0.9136764407157898,rt : in machro ki maa ka bhenchodo ny azaab kardiya,0.9222723245620728,True,,True,,,,
class4_batch004_sample030784,4,30784,4,Profane,431784,435784,v3_original_demo_boundary_prompt,4-shot random authentic same-class,Shortlisted authentic RUHSOLD Profane examples,40,code bhee saaf karna hai abheeee bc,bhenchod what a goal!,dil sumbhal ja zra bhenchod,bhenchod kya hai ye sb,rt : yaar mein nhi rha pata bhenchod,profane_batch_004.csv,8,False,False,True,False,False,False,False,,True,4,Profane,True,,0.9428436756134032,0.930010199546814,rt : birthday wali feel hi nai arahi bhenchod,0.9428436756134032,True,,True,,,,
class4_batch004_sample030785,4,30785,4,Profane,431785,435785,v3_original_demo_boundary_prompt,4-shot random authentic same-class,Shortlisted authentic RUHSOLD Profane examples,40,fuck man. the pain is traveling. bhenchod ye naya e corridor khul gya hai.,bc bb khatm ho gya but i cant move on,"rt : yaar magar wifi bandh na karna, missile vissile daal do koi dikkat nahi, magar internet chahiye bc",rt : asa kon ludo khelta hi bc ....😇,bhenchod sahi hai mein yaha pehle hota tha,profane_batch_004.csv,8,False,False,True,False,False,False,False,,True,4,Profane,True,,0.932977020740509,0.9282472729682922,bhenchod ye raat kabhi dhalti hi nahi.,0.932977020740509,True,,True,,,,
class4_batch004_sample030786,4,30786,4,Profane,431786,435786,v3_original_demo_boundary_prompt,4-shot random authentic same-class,Shortlisted authentic RUHSOLD Profane examples,40,neend aa rhi h bc main sone jaa rhi hu 😂,rona araha hai bhenchod why am i such a clown why am i so unimportant,ajeeeeb bc 😒😂,why can’t i multitask???? i’m 22 fucking years old and i still dont know how to multitask bhenchod,abe bhenchod kya samjha rahe ho,profane_batch_004.csv,6,False,False,True,False,False,False,False,,True,4,Profane,True,,0.9562355875968932,0.9498462677001952,bhenchod kya hai ye sb,0.9562355875968932,True,,True,,,,
class4_batch004_sample030787,4,30787,4,Profane,431787,435787,v3_original_demo_boundary_prompt,4-shot random authentic same-class,Shortlisted authentic RUHSOLD Profane examples,40,bhenchod mairi thand se phatt rahi hai,dil sumbhal ja zra bhenchod,why can’t i multitask???? i’m 22 fucking years old and i still dont know how to multitask bhenchod,kyaaaa musibbaattt ha yr sara mood khraab kr diya ha bc,bhenchod i've lost my phone again. this time it was with me when i was asleep.,profane_batch_004.csv,16,False,False,True,False,False,False,False,,True,4,Profane,True,,0.8597214818000793,0.8395843505859375,i should've a bhenchod counter which will count the amount of times i've sad bhenchod,0.8597214818000793,True,,True,,,,
class4_batch004_sample030788,4,30788,4,Profane,431788,435788,v3_original_demo_boundary_prompt,4-shot random authentic same-class,Shortlisted authentic RUHSOLD Profane examples,40,rt : fariha without fa is riha and  riha kerdo koi bhenchod is zindagi se,bhenchod mairi thand se phatt rahi hai,bhenchod parhna hai. par dimaagh ijazat nahi deta. ajeeb chutiyapa hai ye.,neend aa rhi h bc main sone jaa rhi hu 😂,abe bhenchod kya pata sabhi,profane_batch_004.csv,5,False,False,True,False,False,False,False,,True,4,Profane,True,,0.9608127474784852,0.9494333267211914,bhenchod kya hai ye sb,0.9608127474784852,True,,True,,,,
class4_batch004_sample030789,4,30789,4,Profane,431789,435789,v3_original_demo_boundary_prompt,4-shot random authentic same-class,Shortlisted authentic RUHSOLD Profane examples,40,kyaaaa musibbaattt ha yr sara mood khraab kr diya ha bc,my entire neighborhood is making weird sounds bhenchod shaddi hai kya,slept for only 4 hours last night bc match daikhty daikhty girny wala hua wa hun,bhenchod what a goal!,rt : ye mazaak jb hi khatm ho gaya to us mein bhi zindagi baqi nahi hogi bc,profane_batch_004.csv,18,False,False,True,False,False,False,False,,True,4,Profane,True,,0.9143311381340028,0.9003753662109375,rt : bhenchodo jb bachay smbhal nahi sktay toh paida q krtay ho 😤 hawas k pujariyon 😥,0.9143311381340028,True,,True,,,,
class4_batch004_sample030791,4,30791,4,Profane,431791,435791,v3_original_demo_boundary_prompt,4-shot random authentic same-class,Shortlisted authentic RUHSOLD Profane examples,40,2 years ago i asked my father for my own car. so he said “hbl car loan se lelo” bc itni khajal khawari keh tang akar i bought used honda civic. and mine is way better than new honda city. or sashky apny,code bhee saaf karna hai abheeee bc,"tm jao ma ni ja rha, pehly he adhi zindagi saffr mein guzr gai bc meri.",kyaaaa musibbaattt ha yr sara mood khraab kr diya ha bc,rt : ye bc bht bura hoa hai,profane_batch_004.csv,8,False,False,True,False,False,False,False,,True,4,Profane,True,,0.932912528514862,0.9251582026481628,kya ho rha h bc ye,0.932912528514862,True,,True,,,,
class4_batch004_sample030792,4,30792,4,Profane,431792,435792,v3_original_demo_boundary_prompt,4-shot random authentic same-class,Shortlisted authentic RUHSOLD Profane examples,40,bauhat sardi hai bc,bhenchod exams uff,dil sumbhal ja zra bhenchod,rt : bhenchod graph paper pe eraser use karo toh graph paper hi gayab ho jaata hai,bhenchod jaisey waley mazaq chal rahey hain,profane_batch_004.csv,7,False,False,True,False,False,False,False,,True,4,Profane,True,,0.9384322166442872,0.9315067529678344,sahi bilkul bhenchod yahi sb chal raha hai,0.9384322166442872,True,,True,,,,
class4_batch004_sample030793,4,30793,4,Profane,431793,435793,v3_original_demo_boundary_prompt,4-shot random authentic same-class,Shortlisted authentic RUHSOLD Profane examples,40,bhenchod what a goal!,rt : asa kon ludo khelta hi bc ....😇,my entire neighborhood is making weird sounds bhenchod shaddi hai kya,rt : fariha without fa is riha and  riha kerdo koi bhenchod is zindagi se,chup kr bhenchod,profane_batch_004.csv,3,False,False,True,False,False,False,False,,True,4,Profane,True,,0.9458379745483398,0.9327081441879272,bhenchod ho tum😁😁,0.9458379745483398,True,,True,,,,
class4_batch004_sample030797,4,30797,4,Profane,431797,435797,v3_original_demo_boundary_prompt,4-shot random authentic same-class,Shortlisted authentic RUHSOLD Profane examples,40,"rt : yaar magar wifi bandh na karna, missile vissile daal do koi dikkat nahi, magar internet chahiye bc",bhenchod what a goal!,rt : kisi ko bhulnay k liye ussay yaad karna parta hai. aur idhr bhenchod yaad hi ati rehti hai bus,naak bandd ho gya bc.,i don't know why people are saying that she doesn't deserve to win when she has given her best and deserves it.  koi bhenchod sabse bada fan ka tweet likha tha ki mounika mein tumhari favourite actress hai.,profane_batch_004.csv,38,False,False,True,False,False,False,False,,True,4,Profane,True,,0.8758331537246704,0.8554041981697083,ek banda meri tatti tweets bhi rt krta hai bc itna die hard fan hai mera 😥,0.8758331537246704,True,,True,,,,
class4_batch004_sample030798,4,30798,4,Profane,431798,435798,v3_original_demo_boundary_prompt,4-shot random authentic same-class,Shortlisted authentic RUHSOLD Profane examples,40,rt : fariha without fa is riha and  riha kerdo koi bhenchod is zindagi se,rona araha hai bhenchod why am i such a clown why am i so unimportant,inn coaching vaalou ko kaise pta chal jaata hai mera result bhenchod.,kyaaaa musibbaattt ha yr sara mood khraab kr diya ha bc,bhenchod sahi nai tha kia apne jis ki bat hi nahi karte,profane_batch_004.csv,12,False,False,True,False,False,False,False,,True,4,Profane,True,,0.9437983632087708,0.932680606842041,bhenchod ye raat kabhi dhalti hi nahi.,0.9437983632087708,True,,True,,,,
class4_batch005_sample030802,5,30802,4,Profane,431802,435802,v3_original_demo_boundary_prompt,4-shot random authentic same-class,Shortlisted authentic RUHSOLD Profane examples,40,bhenchod what a goal!,inn coaching vaalou ko kaise pta chal jaata hai mera result bhenchod.,"tm jao ma ni ja rha, pehly he adhi zindagi saffr mein guzr gai bc meri.",bhenchod kahan phass gaya hoon,🤣🤣😂😂 i was like wtf why did u call me bhenchod,profane_batch_005.csv,11,False,False,True,False,False,False,False,,True,4,Profane,True,,0.9062619805336,0.8914523124694824,that bhenchod one would be so true 😭,0.9062619805336,True,,True,,,,
class4_batch005_sample030804,5,30804,4,Profane,431804,435804,v3_original_demo_boundary_prompt,4-shot random authentic same-class,Shortlisted authentic RUHSOLD Profane examples,40,rt : bhenchod graph paper pe eraser use karo toh graph paper hi gayab ho jaata hai,bhenchod kahan phass gaya hoon,bhenchod aaj sirf roneka mann kar raha hai,i hate ors bhenchod,rt : randi rona 😂,profane_batch_005.csv,5,False,False,True,False,False,False,False,,True,4,Profane,True,,0.959980845451355,0.9151277542114258,rt :  sakht randi rona,0.959980845451355,True,,True,,,,
class4_batch005_sample030805,5,30805,4,Profane,431805,435805,v3_original_demo_boundary_prompt,4-shot random authentic same-class,Shortlisted authentic RUHSOLD Profane examples,40,ajeeeeb bc 😒😂,kyaaaa musibbaattt ha yr sara mood khraab kr diya ha bc,pubg lover hath toota howa hai phir b pubg nhai chorni bc😂😂😂,rt : birthday wali feel hi nai arahi bhenchod,shakl mein mazaq karna chahte hain bc,profane_batch_005.csv,7,False,False,True,False,False,False,False,,True,4,Profane,True,,0.9294277429580688,0.9199167490005492,abay bc mujhe bhi mehngi mil rahi chezain😂,0.9294277429580688,True,,True,,,,
class4_batch005_sample030806,5,30806,4,Profane,431806,435806,v3_original_demo_boundary_prompt,4-shot random authentic same-class,Shortlisted authentic RUHSOLD Profane examples,40,neend aa rhi h bc main sone jaa rhi hu 😂,why can’t i multitask???? i’m 22 fucking years old and i still dont know how to multitask bhenchod,bc 40 rupees karaya kar diya hai is se acha to banda uber ya cream karwa laye 😏😏😏,bhenchod kya hai ye sb,bc sahi dhoka dekho ghar mein,profane_batch_005.csv,6,False,False,True,False,False,False,False,,True,4,Profane,True,,0.9279797077178956,0.9235672950744628,dekh kitna khush ho rha h bc,0.9279797077178956,True,,True,,,,
class4_batch005_sample030807,5,30807,4,Profane,431807,435807,v3_original_demo_boundary_prompt,4-shot random authentic same-class,Shortlisted authentic RUHSOLD Profane examples,40,2 years ago i asked my father for my own car. so he said “hbl car loan se lelo” bc itni khajal khawari keh tang akar i bought used honda civic. and mine is way better than new honda city. or sashky apny,bhenchod syllabus kuch aur..aur padhke kuch aur gaya.,bhenchod bht kutti haaalat huwe we he bhai,pubg lover hath toota howa hai phir b pubg nhai chorni bc😂😂😂,bhenchod mazaq krna pata nahi,profane_batch_005.csv,5,False,False,True,False,False,False,False,,True,4,Profane,True,,0.9520128965377808,0.94242525100708,bhenchod kahan phass gaya hoon,0.9520128965377808,True,,True,,,,
class4_batch005_sample030810,5,30810,4,Profane,431810,435810,v3_original_demo_boundary_prompt,4-shot random authentic same-class,Shortlisted authentic RUHSOLD Profane examples,40,rt : bhenchod graph paper pe eraser use karo toh graph paper hi gayab ho jaata hai,bhenchod aaj sirf roneka mann kar raha hai,kyaaaa musibbaattt ha yr sara mood khraab kr diya ha bc,slept for only 4 hours last night bc match daikhty daikhty girny wala hua wa hun,bc jis din mera number call hoga us din main phone nahi samjh sakta😂,profane_batch_005.csv,14,False,False,True,False,False,False,False,,True,4,Profane,True,,0.8859491348266602,0.8807462453842163,maine hilane k baat kar rha hu thand m itna kha.... a kaise hota hi pata nhi bc 🙈🙈🙊,0.8859491348266602,True,,True,,,,
class4_batch005_sample030813,5,30813,4,Profane,431813,435813,v3_original_demo_boundary_prompt,4-shot random authentic same-class,Shortlisted authentic RUHSOLD Profane examples,40,bhenchod parhna hai. par dimaagh ijazat nahi deta. ajeeb chutiyapa hai ye.,code bhee saaf karna hai abheeee bc,neend aa rhi h bc main sone jaa rhi hu 😂,kyaaaa musibbaattt ha yr sara mood khraab kr diya ha bc,rt : bhenchod tu bakwaas hi kar rahe ho,profane_batch_005.csv,9,False,False,True,False,False,False,False,,True,4,Profane,True,,0.9429268836975098,0.9307289123535156,rt : sab bhenchod r unki bhenein aik hi jagah pr.,0.9429268836975098,True,,True,,,,
class4_batch005_sample030818,5,30818,4,Profane,431818,435818,v3_original_demo_boundary_prompt,4-shot random authentic same-class,Shortlisted authentic RUHSOLD Profane examples,40,bhenchod mairi thand se phatt rahi hai,kyaaaa musibbaattt ha yr sara mood khraab kr diya ha bc,why can’t i multitask???? i’m 22 fucking years old and i still dont know how to multitask bhenchod,bhenchod what a goal!,ye bhenchod,profane_batch_005.csv,2,False,False,True,False,False,False,False,,True,4,Profane,True,,0.9457008838653564,0.925972580909729,bhenchod ye kya hai,0.9457008838653564,True,,True,,,,
class4_batch005_sample030823,5,30823,4,Profane,431823,435823,v3_original_demo_boundary_prompt,4-shot random authentic same-class,Shortlisted authentic RUHSOLD Profane examples,40,neend aa rhi h bc main sone jaa rhi hu 😂,dil sumbhal ja zra bhenchod,fuck man. the pain is traveling. bhenchod ye naya e corridor khul gya hai.,inn coaching vaalou ko kaise pta chal jaata hai mera result bhenchod.,tere se dosti karke marna chahte ho bhenchod,profane_batch_005.csv,8,False,False,True,False,False,False,False,,True,4,Profane,True,,0.9449810981750488,0.9317671060562134,yaar mujhe koi goli maarde bhenchod,0.9449810981750488,True,,True,,,,
class4_batch005_sample030824,5,30824,4,Profane,431824,435824,v3_original_demo_boundary_prompt,4-shot random authentic same-class,Shortlisted authentic RUHSOLD Profane examples,40,bhenchod kahan phass gaya hoon,2 years ago i asked my father for my own car. so he said “hbl car loan se lelo” bc itni khajal khawari keh tang akar i bought used honda civic. and mine is way better than new honda city. or sashky apny,rt : bhenchod graph paper pe eraser use karo toh graph paper hi gayab ho jaata hai,bhenchod kya hai ye sb,rt : randi rona kar raha tha ab janta nahin kiun.,profane_batch_005.csv,11,False,False,True,False,False,False,False,,True,4,Profane,True,,0.9329533576965332,0.924408793449402,rt :  sakht randi rona,0.9329533576965332,True,,True,,,,
class4_batch005_sample030825,5,30825,4,Profane,431825,435825,v3_original_demo_boundary_prompt,4-shot random authentic same-class,Shortlisted authentic RUHSOLD Profane examples,40,bhenchod parhna hai. par dimaagh ijazat nahi deta. ajeeb chutiyapa hai ye.,bhenchod aaj sirf roneka mann kar raha hai,mere pas tum ho ny to puray saal ka rula dia bhenchod,why can’t i multitask???? i’m 22 fucking years old and i still dont know how to multitask bhenchod,acha bhenchod abhi tak kya soch k pucha tha,profane_batch_005.csv,9,False,False,True,False,False,False,False,,True,4,Profane,True,,0.9463783502578736,0.9410618543624878,bhenchod bht kutti haaalat huwe we he bhai,0.9463783502578736,True,,True,,,,
class4_batch005_sample030827,5,30827,4,Profane,431827,435827,v3_original_demo_boundary_prompt,4-shot random authentic same-class,Shortlisted authentic RUHSOLD Profane examples,40,rona araha hai bhenchod why am i such a clown why am i so unimportant,bhenchod syllabus kuch aur..aur padhke kuch aur gaya.,nazar lag gayi bhenchod fuck this i knew it would never last,rt : kisi ko bhulnay k liye ussay yaad karna parta hai. aur idhr bhenchod yaad hi ati rehti hai bus,chal bhenchod teri jaliyat se pata nahin abhi tak,profane_batch_005.csv,9,False,False,True,False,False,False,False,,True,4,Profane,True,,0.9347703456878662,0.9262622594833374,bhenchod bht kutti haaalat huwe we he bhai,0.9347703456878662,True,,True,,,,
class4_batch005_sample030833,5,30833,4,Profane,431833,435833,v3_original_demo_boundary_prompt,4-shot random authentic same-class,Shortlisted authentic RUHSOLD Profane examples,40,bhenchod what a goal!,fuck man. the pain is traveling. bhenchod ye naya e corridor khul gya hai.,neend aa rhi h bc main sone jaa rhi hu 😂,mere pas tum ho ny to puray saal ka rula dia bhenchod,yar ager kuch kiya jata hota tu dekhna chahiye kyun kyunky bhenchod,profane_batch_005.csv,12,False,False,True,False,False,False,False,,True,4,Profane,True,,0.9385977983474731,0.9327948689460754,yaar mujhe koi goli maarde bhenchod,0.9385977983474731,True,,True,,,,
class4_batch005_sample030834,5,30834,4,Profane,431834,435834,v3_original_demo_boundary_prompt,4-shot random authentic same-class,Shortlisted authentic RUHSOLD Profane examples,40,"rt : yaar magar wifi bandh na karna, missile vissile daal do koi dikkat nahi, magar internet chahiye bc",2 years ago i asked my father for my own car. so he said “hbl car loan se lelo” bc itni khajal khawari keh tang akar i bought used honda civic. and mine is way better than new honda city. or sashky apny,"tm jao ma ni ja rha, pehly he adhi zindagi saffr mein guzr gai bc meri.",slept for only 4 hours last night bc match daikhty daikhty girny wala hua wa hun,bhenchod mjhy kuch nhi ptaa tha,profane_batch_005.csv,6,False,False,True,False,False,False,False,,True,4,Profane,True,,0.9622010588645936,0.947395920753479,kuch bhenchod phr bhi baz nhi aaty😐,0.9622010588645936,True,,True,,,,
class4_batch005_sample030835,5,30835,4,Profane,431835,435835,v3_original_demo_boundary_prompt,4-shot random authentic same-class,Shortlisted authentic RUHSOLD Profane examples,40,bhenchod syllabus kuch aur..aur padhke kuch aur gaya.,bhenchod parhna hai. par dimaagh ijazat nahi deta. ajeeb chutiyapa hai ye.,bhenchod exams uff,why can’t i multitask???? i’m 22 fucking years old and i still dont know how to multitask bhenchod,bc maine apko follow kr dya tha😂,profane_batch_005.csv,7,False,False,True,False,False,False,False,,True,4,Profane,True,,0.9247158765792848,0.8993838429450989,bc aisa kya bol dia maine 😂,0.9247158765792848,True,,True,,,,
class4_batch005_sample030837,5,30837,4,Profane,431837,435837,v3_original_demo_boundary_prompt,4-shot random authentic same-class,Shortlisted authentic RUHSOLD Profane examples,40,bhenchod aaj sirf roneka mann kar raha hai,mere pas tum ho ny to puray saal ka rula dia bhenchod,bc bb khatm ho gya but i cant move on,bhenchod kahan phass gaya hoon,rt : bhenchod mujhy pata nahi ye larki ko abhi tak acha time mila hoga,profane_batch_005.csv,15,False,False,True,False,False,False,False,,True,4,Profane,True,,0.9256887435913086,0.9162408709526062,rt : sab bhenchod r unki bhenein aik hi jagah pr.,0.9256887435913086,True,,True,,,,
class4_batch005_sample030839,5,30839,4,Profane,431839,435839,v3_original_demo_boundary_prompt,4-shot random authentic same-class,Shortlisted authentic RUHSOLD Profane examples,40,rt : bhenchod graph paper pe eraser use karo toh graph paper hi gayab ho jaata hai,bhenchod aaj sirf roneka mann kar raha hai,rona araha hai bhenchod why am i such a clown why am i so unimportant,ajeeeeb bc 😒😂,bhenchod itni hi bat hi nhi krna tha,profane_batch_005.csv,8,False,False,True,False,False,False,False,,True,4,Profane,True,,0.9469010829925536,0.9374335408210754,bhenchod bht kutti haaalat huwe we he bhai,0.9469010829925536,True,,True,,,,
class4_batch005_sample030840,5,30840,4,Profane,431840,435840,v3_original_demo_boundary_prompt,4-shot random authentic same-class,Shortlisted authentic RUHSOLD Profane examples,40,mera bhi yaar bhai...jindgi jhand ho gya hai bhenchodv 3 t20 me 300 rupya haar gye....,dil sumbhal ja zra bhenchod,bhenchod kahan phass gaya hoon,main 5'8 ke sath bh chota lgta hn bc😶😑😑😑,bhenchod..kuch bhi nahi kiya😂😂,profane_batch_005.csv,4,False,False,True,False,False,False,False,,True,4,Profane,True,,0.9402839541435242,0.9349762797355652,bhenchod ho tum😁😁,0.9402839541435242,True,,True,,,,
class4_batch005_sample030841,5,30841,4,Profane,431841,435841,v3_original_demo_boundary_prompt,4-shot random authentic same-class,Shortlisted authentic RUHSOLD Profane examples,40,bauhat sardi hai bc,kyaaaa musibbaattt ha yr sara mood khraab kr diya ha bc,bhenchod bht kutti haaalat huwe we he bhai,"rt : yaar magar wifi bandh na karna, missile vissile daal do koi dikkat nahi, magar internet chahiye bc",jiska pata nahi uski kamiyabiiii hai. bhenchod,profane_batch_005.csv,7,False,False,True,False,False,False,False,,True,4,Profane,True,,0.9452557563781738,0.9306908845901488,bhenchod ye raat kabhi dhalti hi nahi.,0.9452557563781738,True,,True,,,,
class4_batch005_sample030842,5,30842,4,Profane,431842,435842,v3_original_demo_boundary_prompt,4-shot random authentic same-class,Shortlisted authentic RUHSOLD Profane examples,40,bhenchod kahan phass gaya hoon,bhenchod bht kutti haaalat huwe we he bhai,neend aa rhi h bc main sone jaa rhi hu 😂,rona araha hai bhenchod why am i such a clown why am i so unimportant,bc mujhe yeh mazaq dekhne ki zarorat nahi thi,profane_batch_005.csv,9,False,False,True,False,False,False,False,,True,4,Profane,True,,0.916606605052948,0.904127299785614,bc yeh nii tha kaha ke mere sath bhi badal jaa🙂🙂,0.916606605052948,True,,True,,,,
class4_batch005_sample030843,5,30843,4,Profane,431843,435843,v3_original_demo_boundary_prompt,4-shot random authentic same-class,Shortlisted authentic RUHSOLD Profane examples,40,mera bhi yaar bhai...jindgi jhand ho gya hai bhenchodv 3 t20 me 300 rupya haar gye....,neend aa rhi h bc main sone jaa rhi hu 😂,"tm jao ma ni ja rha, pehly he adhi zindagi saffr mein guzr gai bc meri.",bc bb khatm ho gya but i cant move on,rt : bc tu apni bat krta tha ke jaldi 750k followers ki hai tujhe pata chlga,profane_batch_005.csv,17,False,False,True,False,False,False,False,,True,4,Profane,True,,0.8955920934677124,0.8881133794784546,ek banda meri tatti tweets bhi rt krta hai bc itna die hard fan hai mera 😥,0.8955920934677124,True,,True,,,,
class4_batch005_sample030845,5,30845,4,Profane,431845,435845,v3_original_demo_boundary_prompt,4-shot random authentic same-class,Shortlisted authentic RUHSOLD Profane examples,40,bc bb khatm ho gya but i cant move on,my entire neighborhood is making weird sounds bhenchod shaddi hai kya,2 years ago i asked my father for my own car. so he said “hbl car loan se lelo” bc itni khajal khawari keh tang akar i bought used honda civic. and mine is way better than new honda city. or sashky apny,rt : bhenchod graph paper pe eraser use karo toh graph paper hi gayab ho jaata hai,rt : kuch nhi naa jaa raha bc,profane_batch_005.csv,8,False,False,True,False,False,False,False,,True,4,Profane,True,,0.9249258041381836,0.9209684133529664,kya ho rha h bc ye,0.9249258041381836,True,,True,,,,
class4_batch005_sample030847,5,30847,4,Profane,431847,435847,v3_original_demo_boundary_prompt,4-shot random authentic same-class,Shortlisted authentic RUHSOLD Profane examples,40,kyaaaa musibbaattt ha yr sara mood khraab kr diya ha bc,inn coaching vaalou ko kaise pta chal jaata hai mera result bhenchod.,ajeeeeb bc 😒😂,bc 40 rupees karaya kar diya hai is se acha to banda uber ya cream karwa laye 😏😏😏,rt : bc maa baap ne goli marayi thi.. 😂,profane_batch_005.csv,10,False,False,True,False,False,False,False,,True,4,Profane,True,,0.9256701469421388,0.9201350212097168,rt : sab bhenchod r unki bhenein aik hi jagah pr.,0.9256701469421388,True,,True,,,,
class4_batch005_sample030852,5,30852,4,Profane,431852,435852,v3_original_demo_boundary_prompt,4-shot random authentic same-class,Shortlisted authentic RUHSOLD Profane examples,40,nazar lag gayi bhenchod fuck this i knew it would never last,rt : asa kon ludo khelta hi bc ....😇,bhenchod what a goal!,dil sumbhal ja zra bhenchod,chup krdo bhenchod,profane_batch_005.csv,3,False,False,True,False,False,False,False,,True,4,Profane,True,,0.9385396242141724,0.9301671981811525,dhood se b mehnga bhenchod,0.9385396242141724,True,,False,Synthetic near-duplicate,class4_batch004_sample030793,0.987440288066864,Earlier accepted Round 2 synthetic
class4_batch005_sample030856,5,30856,4,Profane,431856,435856,v3_original_demo_boundary_prompt,4-shot random authentic same-class,Shortlisted authentic RUHSOLD Profane examples,40,2 years ago i asked my father for my own car. so he said “hbl car loan se lelo” bc itni khajal khawari keh tang akar i bought used honda civic. and mine is way better than new honda city. or sashky apny,dil sumbhal ja zra bhenchod,bhenchod exams uff,why can’t i multitask???? i’m 22 fucking years old and i still dont know how to multitask bhenchod,pata chaly apko sai ho rahi hai na bhenchod,profane_batch_005.csv,9,False,False,True,False,False,False,False,,True,4,Profane,True,,0.9456589221954346,0.9411897659301758,bhenchod kabhi chal bhi jaya karo  ptcl,0.9456589221954346,True,,True,,,,
class4_batch005_sample030857,5,30857,4,Profane,431857,435857,v3_original_demo_boundary_prompt,4-shot random authentic same-class,Shortlisted authentic RUHSOLD Profane examples,40,bhenchod parhna hai. par dimaagh ijazat nahi deta. ajeeb chutiyapa hai ye.,bhenchod what a goal!,rt : fariha without fa is riha and  riha kerdo koi bhenchod is zindagi se,main 5'8 ke sath bh chota lgta hn bc😶😑😑😑,bhenchod apke tweets kis din nikle gaye,profane_batch_005.csv,7,False,False,True,False,False,False,False,,True,4,Profane,True,,0.9127436280250548,0.8944458961486816,tweet ni dlt hogi bhenchod.,0.9127436280250548,True,,True,,,,
class4_batch005_sample030858,5,30858,4,Profane,431858,435858,v3_original_demo_boundary_prompt,4-shot random authentic same-class,Shortlisted authentic RUHSOLD Profane examples,40,bhenchod what a goal!,code bhee saaf karna hai abheeee bc,mera bhi yaar bhai...jindgi jhand ho gya hai bhenchodv 3 t20 me 300 rupya haar gye....,neend aa rhi h bc main sone jaa rhi hu 😂,bc phir tu yeh bat sun le,profane_batch_005.csv,7,False,False,True,False,False,False,False,,True,4,Profane,True,,0.9293670654296876,0.9191614985466005,zinda ha bc abhi tk tu b,0.9293670654296876,True,,True,,,,
class4_batch005_sample030859,5,30859,4,Profane,431859,435859,v3_original_demo_boundary_prompt,4-shot random authentic same-class,Shortlisted authentic RUHSOLD Profane examples,40,mere pas tum ho ny to puray saal ka rula dia bhenchod,nazar lag gayi bhenchod fuck this i knew it would never last,ajeeeeb bc 😒😂,bhenchod kya hai ye sb,bhenchod khud hi gaya tha,profane_batch_005.csv,5,False,False,True,False,False,False,False,,True,4,Profane,True,,0.9520726203918456,0.9429931640625,bhenchod kahan phass gaya hoon,0.9520726203918456,True,,True,,,,
class4_batch005_sample030861,5,30861,4,Profane,431861,435861,v3_original_demo_boundary_prompt,4-shot random authentic same-class,Shortlisted authentic RUHSOLD Profane examples,40,bhenchod exams uff,rona araha hai bhenchod why am i such a clown why am i so unimportant,naak bandd ho gya bc.,nazar lag gayi bhenchod fuck this i knew it would never last,rt : mujhe chup karne ka fark nhi pata bhenchod,profane_batch_005.csv,10,False,False,True,False,False,False,False,,True,4,Profane,True,,0.9296353459358216,0.9168360829353333,rt : birthday wali feel hi nai arahi bhenchod,0.9296353459358216,True,,True,,,,
class4_batch005_sample030865,5,30865,4,Profane,431865,435865,v3_original_demo_boundary_prompt,4-shot random authentic same-class,Shortlisted authentic RUHSOLD Profane examples,40,"tm jao ma ni ja rha, pehly he adhi zindagi saffr mein guzr gai bc meri.",bhenchod parhna hai. par dimaagh ijazat nahi deta. ajeeb chutiyapa hai ye.,nazar lag gayi bhenchod fuck this i knew it would never last,slept for only 4 hours last night bc match daikhty daikhty girny wala hua wa hun,bc yeh koi bat nai kr rhye,profane_batch_005.csv,7,False,False,True,False,False,False,False,,True,4,Profane,True,,0.9387900829315186,0.9307928085327148,kya ho rha h bc ye,0.9387900829315186,True,,True,,,,
class4_batch005_sample030866,5,30866,4,Profane,431866,435866,v3_original_demo_boundary_prompt,4-shot random authentic same-class,Shortlisted authentic RUHSOLD Profane examples,40,mera bhi yaar bhai...jindgi jhand ho gya hai bhenchodv 3 t20 me 300 rupya haar gye....,bc 40 rupees karaya kar diya hai is se acha to banda uber ya cream karwa laye 😏😏😏,"rt : yaar magar wifi bandh na karna, missile vissile daal do koi dikkat nahi, magar internet chahiye bc",bhenchod aaj sirf roneka mann kar raha hai,bhenchodo nakli,profane_batch_005.csv,2,False,False,True,False,False,False,False,,True,4,Profane,True,,0.927040994167328,0.9129977226257324,bhenchod ye kya hai,0.927040994167328,True,,True,,,,
class4_batch005_sample030867,5,30867,4,Profane,431867,435867,v3_original_demo_boundary_prompt,4-shot random authentic same-class,Shortlisted authentic RUHSOLD Profane examples,40,2 years ago i asked my father for my own car. so he said “hbl car loan se lelo” bc itni khajal khawari keh tang akar i bought used honda civic. and mine is way better than new honda city. or sashky apny,neend aa rhi h bc main sone jaa rhi hu 😂,rt : asa kon ludo khelta hi bc ....😇,bc 40 rupees karaya kar diya hai is se acha to banda uber ya cream karwa laye 😏😏😏,bhenchod zindagi mein maza nahi aata,profane_batch_005.csv,6,False,False,True,False,False,False,False,,True,4,Profane,True,,0.9541808366775512,0.9454053044319152,ajeeb bhenchod zindagi hogai hai hina,0.9541808366775512,True,,True,,,,
class4_batch005_sample030869,5,30869,4,Profane,431869,435869,v3_original_demo_boundary_prompt,4-shot random authentic same-class,Shortlisted authentic RUHSOLD Profane examples,40,bhenchod what a goal!,rt : asa kon ludo khelta hi bc ....😇,code bhee saaf karna hai abheeee bc,rona araha hai bhenchod why am i such a clown why am i so unimportant,bhenchod nhi pata kya kia hai,profane_batch_005.csv,6,False,False,True,False,False,False,False,,True,4,Profane,True,,0.9725475311279296,0.9510094523429872,bhenchod ye kya hai,0.9725475311279296,True,,False,Synthetic near-duplicate,class4_batch002_sample030263,0.9811800122261047,Round 1 accepted synthetic bank
class4_batch005_sample030871,5,30871,4,Profane,431871,435871,v3_original_demo_boundary_prompt,4-shot random authentic same-class,Shortlisted authentic RUHSOLD Profane examples,40,"rt : koi physics samjha de bhenchod,,,,",bhenchod bht kutti haaalat huwe we he bhai,i hate ors bhenchod,ajeeeeb bc 😒😂,bhen chod itna mc,profane_batch_005.csv,4,False,False,True,False,False,False,False,,True,4,Profane,True,,0.9223275184631348,0.9140884280204772,dhood se b mehnga bhenchod,0.9223275184631348,True,,True,,,,
class4_batch005_sample030872,5,30872,4,Profane,431872,435872,v3_original_demo_boundary_prompt,4-shot random authentic same-class,Shortlisted authentic RUHSOLD Profane examples,40,"tm jao ma ni ja rha, pehly he adhi zindagi saffr mein guzr gai bc meri.",naak bandd ho gya bc.,bhenchod kya hai ye sb,rt : kisi ko bhulnay k liye ussay yaad karna parta hai. aur idhr bhenchod yaad hi ati rehti hai bus,rt : bhenchod,profane_batch_005.csv,3,False,False,True,False,False,False,False,,True,4,Profane,True,,0.9311204552650452,0.9160703420639038,rt : dil sambhal ja zara bhenchod!v,0.9311204552650452,True,,True,,,,
class4_batch005_sample030873,5,30873,4,Profane,431873,435873,v3_original_demo_boundary_prompt,4-shot random authentic same-class,Shortlisted authentic RUHSOLD Profane examples,40,rt : bhenchod graph paper pe eraser use karo toh graph paper hi gayab ho jaata hai,naak bandd ho gya bc.,bhenchod bht kutti haaalat huwe we he bhai,ajeeeeb bc 😒😂,bhenchod jinke sath bhi baat kar rha hun unko bhi ye pata chlta hai,profane_batch_005.csv,14,False,False,True,False,False,False,False,,True,4,Profane,True,,0.9416123628616332,0.9319432377815248,bhenchod bht kutti haaalat huwe we he bhai,0.9416123628616332,True,,True,,,,
class4_batch005_sample030874,5,30874,4,Profane,431874,435874,v3_original_demo_boundary_prompt,4-shot random authentic same-class,Shortlisted authentic RUHSOLD Profane examples,40,"rt : koi physics samjha de bhenchod,,,,","tm jao ma ni ja rha, pehly he adhi zindagi saffr mein guzr gai bc meri.",bhenchod what a goal!,bhenchod bht kutti haaalat huwe we he bhai,hahaha yeh bhenchod tu apni life ka plan bana kr le,profane_batch_005.csv,11,False,False,True,False,False,False,False,,True,4,Profane,True,,0.9267337322235109,0.9136150479316713,ajeeb bhenchod zindagi hogai hai hina,0.9267337322235109,True,,True,,,,
class4_batch005_sample030875,5,30875,4,Profane,431875,435875,v3_original_demo_boundary_prompt,4-shot random authentic same-class,Shortlisted authentic RUHSOLD Profane examples,40,rt : fariha without fa is riha and  riha kerdo koi bhenchod is zindagi se,rt : birthday wali feel hi nai arahi bhenchod,code bhee saaf karna hai abheeee bc,bhenchod kahan phass gaya hoon,rt : yahi tau bhen chod,profane_batch_005.csv,6,False,False,True,False,False,False,False,,True,4,Profane,True,,0.9289929866790771,0.9221280813217164,rt :  qsmt chny baichne gayi hui saali,0.9289929866790771,True,,True,,,,
class4_batch005_sample030876,5,30876,4,Profane,431876,435876,v3_original_demo_boundary_prompt,4-shot random authentic same-class,Shortlisted authentic RUHSOLD Profane examples,40,bc 40 rupees karaya kar diya hai is se acha to banda uber ya cream karwa laye 😏😏😏,"rt : koi physics samjha de bhenchod,,,,",i should've a bhenchod counter which will count the amount of times i've sad bhenchod,bc bb khatm ho gya but i cant move on,rt : bc mera jism meri marzi walo ne bheja tha yeh sabhi tweets,profane_batch_005.csv,14,False,False,True,False,False,False,False,,True,4,Profane,True,,0.9181628227233888,0.9004727602005005,rt : twitter par randi rona ka time hwa chata hi🤒,0.9181628227233888,True,,True,,,,
class4_batch005_sample030878,5,30878,4,Profane,431878,435878,v3_original_demo_boundary_prompt,4-shot random authentic same-class,Shortlisted authentic RUHSOLD Profane examples,40,"rt : koi physics samjha de bhenchod,,,,",bc 40 rupees karaya kar diya hai is se acha to banda uber ya cream karwa laye 😏😏😏,pubg lover hath toota howa hai phir b pubg nhai chorni bc😂😂😂,fuck man. the pain is traveling. bhenchod ye naya e corridor khul gya hai.,rt : bc mera phone thora sa batayega kisi ko 🤣,profane_batch_005.csv,11,False,False,True,False,False,False,False,,True,4,Profane,True,,0.913787603378296,0.9095096588134766,rt : in machro ki maa ka bhenchodo ny azaab kardiya,0.913787603378296,True,,True,,,,
class4_batch005_sample030882,5,30882,4,Profane,431882,435882,v3_original_demo_boundary_prompt,4-shot random authentic same-class,Shortlisted authentic RUHSOLD Profane examples,40,bc 40 rupees karaya kar diya hai is se acha to banda uber ya cream karwa laye 😏😏😏,bhenchod bht kutti haaalat huwe we he bhai,bhenchod kahan phass gaya hoon,rt : birthday wali feel hi nai arahi bhenchod,rt : bhenchod chahiye huwe teri maa ki maut dekh raha tha,profane_batch_005.csv,12,False,False,True,False,False,False,False,,True,4,Profane,True,,0.92426735162735,0.9165509343147278,rt : sab bhenchod r unki bhenein aik hi jagah pr.,0.92426735162735,True,,True,,,,
class4_batch005_sample030884,5,30884,4,Profane,431884,435884,v3_original_demo_boundary_prompt,4-shot random authentic same-class,Shortlisted authentic RUHSOLD Profane examples,40,rt : birthday wali feel hi nai arahi bhenchod,code bhee saaf karna hai abheeee bc,why can’t i multitask???? i’m 22 fucking years old and i still dont know how to multitask bhenchod,i should've a bhenchod counter which will count the amount of times i've sad bhenchod,bhenchod itni gandi bat ho rahi thi kuch ni bolti thi,profane_batch_005.csv,11,False,False,True,False,False,False,False,,True,4,Profane,True,,0.9597380757331848,0.942517876625061,bhenchod bht kutti haaalat huwe we he bhai,0.9597380757331848,True,,True,,,,
class4_batch005_sample030885,5,30885,4,Profane,431885,435885,v3_original_demo_boundary_prompt,4-shot random authentic same-class,Shortlisted authentic RUHSOLD Profane examples,40,"rt : koi physics samjha de bhenchod,,,,",rt : birthday wali feel hi nai arahi bhenchod,rt : kisi ko bhulnay k liye ussay yaad karna parta hai. aur idhr bhenchod yaad hi ati rehti hai bus,bhenchod exams uff,bhenchod i just realized it was my birthday yesterday.,profane_batch_005.csv,9,False,False,True,False,False,False,False,,True,4,Profane,True,,0.8790526390075684,0.86113440990448,i should've a bhenchod counter which will count the amount of times i've sad bhenchod,0.8790526390075684,True,,True,,,,
class4_batch005_sample030886,5,30886,4,Profane,431886,435886,v3_original_demo_boundary_prompt,4-shot random authentic same-class,Shortlisted authentic RUHSOLD Profane examples,40,pubg lover hath toota howa hai phir b pubg nhai chorni bc😂😂😂,bc bb khatm ho gya but i cant move on,2 years ago i asked my father for my own car. so he said “hbl car loan se lelo” bc itni khajal khawari keh tang akar i bought used honda civic. and mine is way better than new honda city. or sashky apny,inn coaching vaalou ko kaise pta chal jaata hai mera result bhenchod.,mein ne kaha tha usne bhi pakistan ki army ko dekh lii thi.. jitna time betha hua ha ye bc uske khud ka bacha hai ya koi aur hai,profane_batch_005.csv,29,False,False,True,False,False,False,False,,True,4,Profane,True,,0.8915331363677979,0.8800932765007019,"ye bc kya predestination bana diya hai isko, khud hi beta aur khud hi papa? kuch to maryada rakhiye.",0.8915331363677979,True,,True,,,,
class4_batch005_sample030890,5,30890,4,Profane,431890,435890,v3_original_demo_boundary_prompt,4-shot random authentic same-class,Shortlisted authentic RUHSOLD Profane examples,40,code bhee saaf karna hai abheeee bc,why can’t i multitask???? i’m 22 fucking years old and i still dont know how to multitask bhenchod,bc 40 rupees karaya kar diya hai is se acha to banda uber ya cream karwa laye 😏😏😏,dil sumbhal ja zra bhenchod,rt : bc koi bat nhi kr rhaa,profane_batch_005.csv,8,False,False,True,False,False,False,False,,True,4,Profane,True,,0.9242096543312072,0.917962372303009,rt : sab bhenchod r unki bhenein aik hi jagah pr.,0.9242096543312072,True,,True,,,,
class4_batch005_sample030892,5,30892,4,Profane,431892,435892,v3_original_demo_boundary_prompt,4-shot random authentic same-class,Shortlisted authentic RUHSOLD Profane examples,40,mere pas tum ho ny to puray saal ka rula dia bhenchod,bhenchod bht kutti haaalat huwe we he bhai,"tm jao ma ni ja rha, pehly he adhi zindagi saffr mein guzr gai bc meri.",main 5'8 ke sath bh chota lgta hn bc😶😑😑😑,bhenchod ye mera pass time nhi tha aur yeh tweet karke apne hi jesy logon ko pata na chale,profane_batch_005.csv,19,False,False,True,False,False,False,False,,True,4,Profane,True,,0.9071470499038696,0.9001734852790833,"yar this tweet is for those people who carry hate for me, yar me tum logon se kehna chahta hoon apne opinions ki batti banao bhenchod",0.9071470499038696,True,,True,,,,
class4_batch005_sample030896,5,30896,4,Profane,431896,435896,v3_original_demo_boundary_prompt,4-shot random authentic same-class,Shortlisted authentic RUHSOLD Profane examples,40,i should've a bhenchod counter which will count the amount of times i've sad bhenchod,bc 40 rupees karaya kar diya hai is se acha to banda uber ya cream karwa laye 😏😏😏,bhenchod exams uff,pubg lover hath toota howa hai phir b pubg nhai chorni bc😂😂😂,bc abhi tak ghusni ni karta koi,profane_batch_005.csv,7,False,False,True,False,False,False,False,,True,4,Profane,True,,0.938584566116333,0.9308546185493468,zinda ha bc abhi tk tu b,0.938584566116333,True,,True,,,,
class4_batch005_sample030899,5,30899,4,Profane,431899,435899,v3_original_demo_boundary_prompt,4-shot random authentic same-class,Shortlisted authentic RUHSOLD Profane examples,40,my entire neighborhood is making weird sounds bhenchod shaddi hai kya,rt : fariha without fa is riha and  riha kerdo koi bhenchod is zindagi se,rt : bhenchod graph paper pe eraser use karo toh graph paper hi gayab ho jaata hai,"tm jao ma ni ja rha, pehly he adhi zindagi saffr mein guzr gai bc meri.",rt : bhenchod yeh baat nikliye.. ye larkiyan auratmarch ke liye pta nahi kyun rahe hain?,profane_batch_005.csv,16,False,False,True,False,False,False,False,,True,4,Profane,True,,0.9198087453842164,0.9061437845230104,rt : sab bhenchod r unki bhenein aik hi jagah pr.,0.9198087453842164,True,,True,,,,
class4_batch005_sample030901,5,30901,4,Profane,431901,435901,v3_original_demo_boundary_prompt,4-shot random authentic same-class,Shortlisted authentic RUHSOLD Profane examples,40,my entire neighborhood is making weird sounds bhenchod shaddi hai kya,inn coaching vaalou ko kaise pta chal jaata hai mera result bhenchod.,mera bhi yaar bhai...jindgi jhand ho gya hai bhenchodv 3 t20 me 300 rupya haar gye....,bhenchod what a goal!,nahi bhenchod yeh to sabse bada dard hai,profane_batch_005.csv,8,False,False,True,False,False,False,False,,True,4,Profane,True,,0.92798113822937,0.9241398572921752,sahi bilkul bhenchod yahi sb chal raha hai,0.92798113822937,True,,True,,,,
class4_batch005_sample030903,5,30903,4,Profane,431903,435903,v3_original_demo_boundary_prompt,4-shot random authentic same-class,Shortlisted authentic RUHSOLD Profane examples,40,bhenchod exams uff,slept for only 4 hours last night bc match daikhty daikhty girny wala hua wa hun,fuck man. the pain is traveling. bhenchod ye naya e corridor khul gya hai.,code bhee saaf karna hai abheeee bc,bhenchod wo raat bhi nahi thi na,profane_batch_005.csv,7,False,False,True,False,False,False,False,,True,4,Profane,True,,0.9606039524078368,0.94735848903656,bhenchod bht kutti haaalat huwe we he bhai,0.9606039524078368,True,,True,,,,
class4_batch005_sample030905,5,30905,4,Profane,431905,435905,v3_original_demo_boundary_prompt,4-shot random authentic same-class,Shortlisted authentic RUHSOLD Profane examples,40,neend aa rhi h bc main sone jaa rhi hu 😂,bhenchod aaj sirf roneka mann kar raha hai,kyaaaa musibbaattt ha yr sara mood khraab kr diya ha bc,bauhat sardi hai bc,oooo bhen chod ab ye mera tweet hi mil gaya tha kuch mein kia hai,profane_batch_005.csv,15,False,False,True,False,False,False,False,,True,4,Profane,True,,0.9204905033111572,0.8997732996940613,bc mujhe laga modi be asli main tweet kiya hai 🤣🤣,0.9204905033111572,True,,True,,,,
class4_batch005_sample030907,5,30907,4,Profane,431907,435907,v3_original_demo_boundary_prompt,4-shot random authentic same-class,Shortlisted authentic RUHSOLD Profane examples,40,nazar lag gayi bhenchod fuck this i knew it would never last,bhenchod what a goal!,why can’t i multitask???? i’m 22 fucking years old and i still dont know how to multitask bhenchod,i hate ors bhenchod,bhenchod pata ni ap kis ne kiya,profane_batch_005.csv,7,False,False,True,False,False,False,False,,True,4,Profane,True,,0.9426889419555664,0.9370059967041016,bhenchod bht kutti haaalat huwe we he bhai,0.9426889419555664,True,,False,Synthetic near-duplicate,class4_batch001_sample030083,0.9814046621322632,Round 1 accepted synthetic bank
class4_batch005_sample030909,5,30909,4,Profane,431909,435909,v3_original_demo_boundary_prompt,4-shot random authentic same-class,Shortlisted authentic RUHSOLD Profane examples,40,bhenchod exams uff,main 5'8 ke sath bh chota lgta hn bc😶😑😑😑,inn coaching vaalou ko kaise pta chal jaata hai mera result bhenchod.,"tm jao ma ni ja rha, pehly he adhi zindagi saffr mein guzr gai bc meri.",ooooohhh bhenchod,profane_batch_005.csv,2,False,False,True,False,False,False,False,,True,4,Profane,True,,0.9125943183898926,0.9015960693359376,like its about fucking time bhenchod,0.9125943183898926,True,,True,,,,
class4_batch005_sample030910,5,30910,4,Profane,431910,435910,v3_original_demo_boundary_prompt,4-shot random authentic same-class,Shortlisted authentic RUHSOLD Profane examples,40,rt : fariha without fa is riha and  riha kerdo koi bhenchod is zindagi se,bhenchod kya hai ye sb,bauhat sardi hai bc,bhenchod kahan phass gaya hoon,yar i'm still crying over you 😥❤️ bc jab tak apny mard ki bhi dhondi nai ho ga tab tak tu naa chod do,profane_batch_005.csv,24,False,False,True,False,False,False,False,,True,4,Profane,True,,0.905101716518402,0.892245888710022,ankhain dukh rahin hayn sir mein dard ho raha hay par bc nendh nahin aa rahi😒,0.905101716518402,True,,True,,,,
class4_batch005_sample030911,5,30911,4,Profane,431911,435911,v3_original_demo_boundary_prompt,4-shot random authentic same-class,Shortlisted authentic RUHSOLD Profane examples,40,"tm jao ma ni ja rha, pehly he adhi zindagi saffr mein guzr gai bc meri.",i hate ors bhenchod,bhenchod what a goal!,mere pas tum ho ny to puray saal ka rula dia bhenchod,bhen chod na karo mujhe,profane_batch_005.csv,5,False,False,True,False,False,False,False,,True,4,Profane,True,,0.9477349519729614,0.9370697140693665,yaar mujhe koi goli maarde bhenchod,0.9477349519729614,True,,True,,,,
class4_batch005_sample030922,5,30922,4,Profane,431922,435922,v3_original_demo_boundary_prompt,4-shot random authentic same-class,Shortlisted authentic RUHSOLD Profane examples,40,naak bandd ho gya bc.,bhenchod kya hai ye sb,rt : bhenchod graph paper pe eraser use karo toh graph paper hi gayab ho jaata hai,"tm jao ma ni ja rha, pehly he adhi zindagi saffr mein guzr gai bc meri.",bhenchod yeh sab tera baap kahan se le raha tha,profane_batch_005.csv,10,False,False,True,False,False,False,False,,True,4,Profane,True,,0.933952569961548,0.925383448600769,bhenchod hans raha tha abhi,0.933952569961548,True,,True,,,,
class4_batch005_sample030924,5,30924,4,Profane,431924,435924,v3_original_demo_boundary_prompt,4-shot random authentic same-class,Shortlisted authentic RUHSOLD Profane examples,40,bhenchod aaj sirf roneka mann kar raha hai,rt : bhenchod graph paper pe eraser use karo toh graph paper hi gayab ho jaata hai,2 years ago i asked my father for my own car. so he said “hbl car loan se lelo” bc itni khajal khawari keh tang akar i bought used honda civic. and mine is way better than new honda city. or sashky apny,bc bb khatm ho gya but i cant move on,ye kuch nae mila bhenchod,profane_batch_005.csv,5,False,False,True,False,False,False,False,,True,4,Profane,True,,0.9616684913635254,0.949213206768036,yaar mujhe koi goli maarde bhenchod,0.9616684913635254,True,,True,,,,
class4_batch005_sample030926,5,30926,4,Profane,431926,435926,v3_original_demo_boundary_prompt,4-shot random authentic same-class,Shortlisted authentic RUHSOLD Profane examples,40,rt : birthday wali feel hi nai arahi bhenchod,mera bhi yaar bhai...jindgi jhand ho gya hai bhenchodv 3 t20 me 300 rupya haar gye....,bc 40 rupees karaya kar diya hai is se acha to banda uber ya cream karwa laye 😏😏😏,i should've a bhenchod counter which will count the amount of times i've sad bhenchod,bhenchod 365 days chlta hain,profane_batch_005.csv,5,False,False,True,False,False,False,False,,True,4,Profane,True,,0.8978081941604614,0.8893393278121948,bhenchod kahan phass gaya hoon,0.8978081941604614,True,,True,,,,
class4_batch005_sample030929,5,30929,4,Profane,431929,435929,v3_original_demo_boundary_prompt,4-shot random authentic same-class,Shortlisted authentic RUHSOLD Profane examples,40,code bhee saaf karna hai abheeee bc,ajeeeeb bc 😒😂,main 5'8 ke sath bh chota lgta hn bc😶😑😑😑,bc 40 rupees karaya kar diya hai is se acha to banda uber ya cream karwa laye 😏😏😏,mera jism meri marzi bhenchod ye shakal kahan se aati hai,profane_batch_005.csv,11,False,False,True,False,False,False,False,,True,4,Profane,True,,0.9328663349151612,0.9248002767562866,bhenchod ye raat kabhi dhalti hi nahi.,0.9328663349151612,True,,True,,,,
class4_batch005_sample030930,5,30930,4,Profane,431930,435930,v3_original_demo_boundary_prompt,4-shot random authentic same-class,Shortlisted authentic RUHSOLD Profane examples,40,mera bhi yaar bhai...jindgi jhand ho gya hai bhenchodv 3 t20 me 300 rupya haar gye....,"rt : koi physics samjha de bhenchod,,,,",my entire neighborhood is making weird sounds bhenchod shaddi hai kya,"tm jao ma ni ja rha, pehly he adhi zindagi saffr mein guzr gai bc meri.",bc yeh 25 january ko nikla hai....,profane_batch_005.csv,7,False,False,True,False,False,False,False,,True,4,Profane,True,,0.8926963806152344,0.8856441378593445,bc celebration h ya beijjati.😂,0.8926963806152344,True,,True,,,,
class4_batch005_sample030931,5,30931,4,Profane,431931,435931,v3_original_demo_boundary_prompt,4-shot random authentic same-class,Shortlisted authentic RUHSOLD Profane examples,40,slept for only 4 hours last night bc match daikhty daikhty girny wala hua wa hun,main 5'8 ke sath bh chota lgta hn bc😶😑😑😑,nazar lag gayi bhenchod fuck this i knew it would never last,mera bhi yaar bhai...jindgi jhand ho gya hai bhenchodv 3 t20 me 300 rupya haar gye....,rt : ye to tum khud nahi bolo bhenchod,profane_batch_005.csv,9,False,False,True,False,False,False,False,,True,4,Profane,True,,0.943789005279541,0.9310179948806764,rt : dil sambhal ja zara bhenchod!v,0.943789005279541,True,,True,,,,
class4_batch005_sample030932,5,30932,4,Profane,431932,435932,v3_original_demo_boundary_prompt,4-shot random authentic same-class,Shortlisted authentic RUHSOLD Profane examples,40,main 5'8 ke sath bh chota lgta hn bc😶😑😑😑,i should've a bhenchod counter which will count the amount of times i've sad bhenchod,slept for only 4 hours last night bc match daikhty daikhty girny wala hua wa hun,pubg lover hath toota howa hai phir b pubg nhai chorni bc😂😂😂,bc bhi haqiqat ka ghar hai ab ye bhi shanti krni hi thi🙈,profane_batch_005.csv,13,False,False,True,False,False,False,False,,True,4,Profane,True,,0.941943883895874,0.9314695596694946,bc yeh nii tha kaha ke mere sath bhi badal jaa🙂🙂,0.941943883895874,True,,True,,,,
class4_batch005_sample030938,5,30938,4,Profane,431938,435938,v3_original_demo_boundary_prompt,4-shot random authentic same-class,Shortlisted authentic RUHSOLD Profane examples,40,inn coaching vaalou ko kaise pta chal jaata hai mera result bhenchod.,code bhee saaf karna hai abheeee bc,neend aa rhi h bc main sone jaa rhi hu 😂,bhenchod parhna hai. par dimaagh ijazat nahi deta. ajeeb chutiyapa hai ye.,bhenchod yeh kya hogaya h,profane_batch_005.csv,5,False,False,True,False,False,False,False,,True,4,Profane,True,,0.959813356399536,0.9490755796432496,bhenchod kya hai ye sb,0.959813356399536,True,,True,,,,
class4_batch005_sample030939,5,30939,4,Profane,431939,435939,v3_original_demo_boundary_prompt,4-shot random authentic same-class,Shortlisted authentic RUHSOLD Profane examples,40,kyaaaa musibbaattt ha yr sara mood khraab kr diya ha bc,dil sumbhal ja zra bhenchod,rt : asa kon ludo khelta hi bc ....😇,bhenchod exams uff,ye tu bhi bc kehti hn jesa,profane_batch_005.csv,7,False,False,True,False,False,False,False,,True,4,Profane,True,,0.9435251355171204,0.9309996366500854,kya ho rha h bc ye,0.9435251355171204,True,,True,,,,
class4_batch005_sample030940,5,30940,4,Profane,431940,435940,v3_original_demo_boundary_prompt,4-shot random authentic same-class,Shortlisted authentic RUHSOLD Profane examples,40,mera bhi yaar bhai...jindgi jhand ho gya hai bhenchodv 3 t20 me 300 rupya haar gye....,inn coaching vaalou ko kaise pta chal jaata hai mera result bhenchod.,ajeeeeb bc 😒😂,bhenchod syllabus kuch aur..aur padhke kuch aur gaya.,rt : yeh bhenchod nikalna hi chahte hein 🙄,profane_batch_005.csv,9,False,False,True,False,False,False,False,,True,4,Profane,True,,0.9392901062965392,0.92727392911911,rt : sab bhenchod r unki bhenein aik hi jagah pr.,0.9392901062965392,True,,True,,,,
class4_batch005_sample030941,5,30941,4,Profane,431941,435941,v3_original_demo_boundary_prompt,4-shot random authentic same-class,Shortlisted authentic RUHSOLD Profane examples,40,2 years ago i asked my father for my own car. so he said “hbl car loan se lelo” bc itni khajal khawari keh tang akar i bought used honda civic. and mine is way better than new honda city. or sashky apny,rona araha hai bhenchod why am i such a clown why am i so unimportant,main 5'8 ke sath bh chota lgta hn bc😶😑😑😑,i should've a bhenchod counter which will count the amount of times i've sad bhenchod,ye sai pata hai ya bhenchod nahi,profane_batch_005.csv,7,False,False,True,False,False,False,False,,True,4,Profane,True,,0.9547227621078492,0.9456619024276732,bhenchod ye kya hai,0.9547227621078492,True,,True,,,,
class4_batch005_sample030944,5,30944,4,Profane,431944,435944,v3_original_demo_boundary_prompt,4-shot random authentic same-class,Shortlisted authentic RUHSOLD Profane examples,40,bhenchod kya hai ye sb,ajeeeeb bc 😒😂,fuck man. the pain is traveling. bhenchod ye naya e corridor khul gya hai.,rt : fariha without fa is riha and  riha kerdo koi bhenchod is zindagi se,bhenchod chalo bahar ja,profane_batch_005.csv,4,False,False,True,False,False,False,False,,True,4,Profane,True,,0.9445584416389464,0.9312068819999696,bhenchod ye kya hai,0.9445584416389464,True,,True,,,,
class4_batch005_sample030945,5,30945,4,Profane,431945,435945,v3_original_demo_boundary_prompt,4-shot random authentic same-class,Shortlisted authentic RUHSOLD Profane examples,40,inn coaching vaalou ko kaise pta chal jaata hai mera result bhenchod.,2 years ago i asked my father for my own car. so he said “hbl car loan se lelo” bc itni khajal khawari keh tang akar i bought used honda civic. and mine is way better than new honda city. or sashky apny,bhenchod bht kutti haaalat huwe we he bhai,kyaaaa musibbaattt ha yr sara mood khraab kr diya ha bc,bc nhi mil raha,profane_batch_005.csv,4,False,False,True,False,False,False,False,,True,4,Profane,True,,0.952771008014679,0.9121953845024108,bc dil kr raha,0.952771008014679,True,,True,,,,
class4_batch005_sample030946,5,30946,4,Profane,431946,435946,v3_original_demo_boundary_prompt,4-shot random authentic same-class,Shortlisted authentic RUHSOLD Profane examples,40,bhenchod kya hai ye sb,bhenchod exams uff,code bhee saaf karna hai abheeee bc,rt : kisi ko bhulnay k liye ussay yaad karna parta hai. aur idhr bhenchod yaad hi ati rehti hai bus,bhenchod tujhy pata nahi,profane_batch_005.csv,4,False,False,True,False,False,False,False,,True,4,Profane,True,,0.9511964917182922,0.9381017684936525,bhenchod ho tum😁😁,0.9511964917182922,True,,True,,,,
class4_batch005_sample030947,5,30947,4,Profane,431947,435947,v3_original_demo_boundary_prompt,4-shot random authentic same-class,Shortlisted authentic RUHSOLD Profane examples,40,bhenchod syllabus kuch aur..aur padhke kuch aur gaya.,my entire neighborhood is making weird sounds bhenchod shaddi hai kya,bc bb khatm ho gya but i cant move on,i hate ors bhenchod,bc mera friend ka number kr raha tha kis ko bola maine usko bola maine mujhe pata nahi,profane_batch_005.csv,18,False,False,True,False,False,False,False,,True,4,Profane,True,,0.9111613631248474,0.8983930349349976,maine hilane k baat kar rha hu thand m itna kha.... a kaise hota hi pata nhi bc 🙈🙈🙊,0.9111613631248474,True,,True,,,,
class4_batch005_sample030948,5,30948,4,Profane,431948,435948,v3_original_demo_boundary_prompt,4-shot random authentic same-class,Shortlisted authentic RUHSOLD Profane examples,40,i hate ors bhenchod,bhenchod aaj sirf roneka mann kar raha hai,inn coaching vaalou ko kaise pta chal jaata hai mera result bhenchod.,bhenchod parhna hai. par dimaagh ijazat nahi deta. ajeeb chutiyapa hai ye.,bhenchod kya maan liya tha??,profane_batch_005.csv,5,False,False,True,False,False,False,False,,True,4,Profane,True,,0.9398530721664428,0.931879997253418,bhenchod ye kya hai,0.9398530721664428,True,,True,,,,
class4_batch005_sample030949,5,30949,4,Profane,431949,435949,v3_original_demo_boundary_prompt,4-shot random authentic same-class,Shortlisted authentic RUHSOLD Profane examples,40,ajeeeeb bc 😒😂,bc 40 rupees karaya kar diya hai is se acha to banda uber ya cream karwa laye 😏😏😏,bhenchod mairi thand se phatt rahi hai,kyaaaa musibbaattt ha yr sara mood khraab kr diya ha bc,rt : ye baton ko samajh nahi nhi aata... bc ye tweets mat dekhna,profane_batch_005.csv,14,False,False,True,False,False,False,False,,True,4,Profane,True,,0.9312239289283752,0.9103509783744812,rt : twitter par randi rona ka time hwa chata hi🤒,0.9312239289283752,True,,True,,,,
class4_batch005_sample030950,5,30950,4,Profane,431950,435950,v3_original_demo_boundary_prompt,4-shot random authentic same-class,Shortlisted authentic RUHSOLD Profane examples,40,mere pas tum ho ny to puray saal ka rula dia bhenchod,bhenchod bht kutti haaalat huwe we he bhai,code bhee saaf karna hai abheeee bc,inn coaching vaalou ko kaise pta chal jaata hai mera result bhenchod.,rt : abhi tak humein kisi ne apne tweet pe bhenchod tag kiya hua na ???,profane_batch_005.csv,16,False,False,True,False,False,False,False,,True,4,Profane,True,,0.9129244685173036,0.8904608488082886,rt : bhenchodo cricket ki tweets mat kro,0.9129244685173036,True,,True,,,,
class4_batch005_sample030959,5,30959,4,Profane,431959,435959,v3_original_demo_boundary_prompt,4-shot random authentic same-class,Shortlisted authentic RUHSOLD Profane examples,40,neend aa rhi h bc main sone jaa rhi hu 😂,bhenchod kahan phass gaya hoon,bc bb khatm ho gya but i cant move on,mera bhi yaar bhai...jindgi jhand ho gya hai bhenchodv 3 t20 me 300 rupya haar gye....,rt :  bhen chod mujhe koi dard nahi hai,profane_batch_005.csv,9,False,False,True,False,False,False,False,,True,4,Profane,True,,0.9234426021575928,0.9131451845169068,rt : birthday wali feel hi nai arahi bhenchod,0.9234426021575928,True,,True,,,,
class4_batch005_sample030961,5,30961,4,Profane,431961,435961,v3_original_demo_boundary_prompt,4-shot random authentic same-class,Shortlisted authentic RUHSOLD Profane examples,40,i should've a bhenchod counter which will count the amount of times i've sad bhenchod,rt : fariha without fa is riha and  riha kerdo koi bhenchod is zindagi se,main 5'8 ke sath bh chota lgta hn bc😶😑😑😑,bhenchod bht kutti haaalat huwe we he bhai,hahaah bhenchod ye to nhi pata,profane_batch_005.csv,6,False,False,True,False,False,False,False,,True,4,Profane,True,,0.956538736820221,0.9466554522514344,bhenchod bht kutti haaalat huwe we he bhai,0.956538736820221,True,,True,,,,
class4_batch005_sample030963,5,30963,4,Profane,431963,435963,v3_original_demo_boundary_prompt,4-shot random authentic same-class,Shortlisted authentic RUHSOLD Profane examples,40,pubg lover hath toota howa hai phir b pubg nhai chorni bc😂😂😂,bhenchod kahan phass gaya hoon,bc bb khatm ho gya but i cant move on,rt : birthday wali feel hi nai arahi bhenchod,yeh raat nahin jaani thi bhenchod,profane_batch_005.csv,6,False,False,True,False,False,False,False,,True,4,Profane,True,,0.9553892612457277,0.9464002847671508,yaar mujhe koi goli maarde bhenchod,0.9553892612457277,True,,True,,,,
class4_batch005_sample030965,5,30965,4,Profane,431965,435965,v3_original_demo_boundary_prompt,4-shot random authentic same-class,Shortlisted authentic RUHSOLD Profane examples,40,nazar lag gayi bhenchod fuck this i knew it would never last,"rt : yaar magar wifi bandh na karna, missile vissile daal do koi dikkat nahi, magar internet chahiye bc",bhenchod kahan phass gaya hoon,bhenchod kya hai ye sb,bhenchod hu mera jism meri marzi,profane_batch_005.csv,6,False,False,True,False,False,False,False,,True,4,Profane,True,,0.9423730373382568,0.934933304786682,yaar mujhe koi goli maarde bhenchod,0.9423730373382568,True,,False,Synthetic near-duplicate,class4_batch003_sample030525,0.9857560396194458,Round 1 accepted synthetic bank
class4_batch005_sample030970,5,30970,4,Profane,431970,435970,v3_original_demo_boundary_prompt,4-shot random authentic same-class,Shortlisted authentic RUHSOLD Profane examples,40,bhenchod exams uff,i hate ors bhenchod,bhenchod kya hai ye sb,bhenchod bht kutti haaalat huwe we he bhai,bc bhen chod kya hai?,profane_batch_005.csv,5,False,False,True,False,False,False,False,,True,4,Profane,True,,0.9528197050094604,0.9095395803451538,bhen chod jinda kya hota hai?,0.9528197050094604,True,,True,,,,
class4_batch005_sample030975,5,30975,4,Profane,431975,435975,v3_original_demo_boundary_prompt,4-shot random authentic same-class,Shortlisted authentic RUHSOLD Profane examples,40,bhenchod mairi thand se phatt rahi hai,dil sumbhal ja zra bhenchod,inn coaching vaalou ko kaise pta chal jaata hai mera result bhenchod.,nazar lag gayi bhenchod fuck this i knew it would never last,rt : chl tujhe maaf kiya hai bhenchod,profane_batch_005.csv,8,False,False,True,False,False,False,False,,True,4,Profane,True,,0.9314248561859132,0.9207158088684082,rt : dil sambhal ja zara bhenchod!v,0.9314248561859132,True,,True,,,,
class4_batch005_sample030981,5,30981,4,Profane,431981,435981,v3_original_demo_boundary_prompt,4-shot random authentic same-class,Shortlisted authentic RUHSOLD Profane examples,40,rona araha hai bhenchod why am i such a clown why am i so unimportant,rt : fariha without fa is riha and  riha kerdo koi bhenchod is zindagi se,fuck man. the pain is traveling. bhenchod ye naya e corridor khul gya hai.,inn coaching vaalou ko kaise pta chal jaata hai mera result bhenchod.,rt : bhenchod humein makhan bhi nahi mila rahe,profane_batch_005.csv,9,False,False,True,False,False,False,False,,True,4,Profane,True,,0.9423335194587708,0.9266144037246704,rt : sab bhenchod r unki bhenein aik hi jagah pr.,0.9423335194587708,True,,True,,,,
class4_batch005_sample030983,5,30983,4,Profane,431983,435983,v3_original_demo_boundary_prompt,4-shot random authentic same-class,Shortlisted authentic RUHSOLD Profane examples,40,bhenchod bht kutti haaalat huwe we he bhai,bhenchod parhna hai. par dimaagh ijazat nahi deta. ajeeb chutiyapa hai ye.,main 5'8 ke sath bh chota lgta hn bc😶😑😑😑,bhenchod what a goal!,bhenchod wtf is this?,profane_batch_005.csv,4,False,False,True,False,False,False,False,,True,4,Profane,True,,0.9319181442260742,0.9173790216445924,wtf is thisssss lineup bhenchod,0.9319181442260742,True,,True,,,,
class4_batch005_sample030985,5,30985,4,Profane,431985,435985,v3_original_demo_boundary_prompt,4-shot random authentic same-class,Shortlisted authentic RUHSOLD Profane examples,40,bhenchod kya hai ye sb,main 5'8 ke sath bh chota lgta hn bc😶😑😑😑,mera bhi yaar bhai...jindgi jhand ho gya hai bhenchodv 3 t20 me 300 rupya haar gye....,rt : kisi ko bhulnay k liye ussay yaad karna parta hai. aur idhr bhenchod yaad hi ati rehti hai bus,mjy pata nhi bhenchod apni tweets ko follow krta hun,profane_batch_005.csv,10,False,False,True,False,False,False,False,,True,4,Profane,True,,0.921711802482605,0.9155049324035645,bc mujhe laga modi be asli main tweet kiya hai 🤣🤣,0.921711802482605,True,,True,,,,
class4_batch005_sample030986,5,30986,4,Profane,431986,435986,v3_original_demo_boundary_prompt,4-shot random authentic same-class,Shortlisted authentic RUHSOLD Profane examples,40,"rt : yaar magar wifi bandh na karna, missile vissile daal do koi dikkat nahi, magar internet chahiye bc",bhenchod what a goal!,rt : bhenchod graph paper pe eraser use karo toh graph paper hi gayab ho jaata hai,bhenchod kya hai ye sb,rt : bhenchod this is not my fault,profane_batch_005.csv,8,False,False,True,False,False,False,False,,True,4,Profane,True,,0.920022189617157,0.8853653073310852,"rt : bhenchod im done,untargeted",0.920022189617157,True,,True,,,,
class4_batch005_sample030987,5,30987,4,Profane,431987,435987,v3_original_demo_boundary_prompt,4-shot random authentic same-class,Shortlisted authentic RUHSOLD Profane examples,40,bhenchod kya hai ye sb,my entire neighborhood is making weird sounds bhenchod shaddi hai kya,i hate ors bhenchod,ajeeeeb bc 😒😂,abhi tumhari maa ki chut marunga na bhenchod,profane_batch_005.csv,8,False,False,True,False,False,False,False,,True,4,Profane,True,,0.9546011090278624,0.9411654472351074,yaar mujhe koi goli maarde bhenchod,0.9546011090278624,True,,True,,,,
class4_batch005_sample030989,5,30989,4,Profane,431989,435989,v3_original_demo_boundary_prompt,4-shot random authentic same-class,Shortlisted authentic RUHSOLD Profane examples,40,bhenchod parhna hai. par dimaagh ijazat nahi deta. ajeeb chutiyapa hai ye.,rt : asa kon ludo khelta hi bc ....😇,bhenchod aaj sirf roneka mann kar raha hai,inn coaching vaalou ko kaise pta chal jaata hai mera result bhenchod.,bhenchod mein apne baap se pochta hun ki unke liye yaar tumhara jism tumharay marzi ka gya.,profane_batch_005.csv,17,False,False,True,False,False,False,False,,True,4,Profane,True,,0.9221380949020386,0.9138444066047668,chalo beta ab bht pharwa li apni baaki kal k liye bhi kuch chor do randi ki nasal,0.9221380949020386,True,,True,,,,
class4_batch005_sample030990,5,30990,4,Profane,431990,435990,v3_original_demo_boundary_prompt,4-shot random authentic same-class,Shortlisted authentic RUHSOLD Profane examples,40,rt : birthday wali feel hi nai arahi bhenchod,bc bb khatm ho gya but i cant move on,bc 40 rupees karaya kar diya hai is se acha to banda uber ya cream karwa laye 😏😏😏,slept for only 4 hours last night bc match daikhty daikhty girny wala hua wa hun,rt : bc ye duniya dekho afsos hogi bhai,profane_batch_005.csv,9,False,False,True,False,False,False,False,,True,4,Profane,True,,0.9295766353607178,0.9220160245895386,rt : sab bhenchod r unki bhenein aik hi jagah pr.,0.9295766353607178,True,,True,,,,
class4_batch005_sample030991,5,30991,4,Profane,431991,435991,v3_original_demo_boundary_prompt,4-shot random authentic same-class,Shortlisted authentic RUHSOLD Profane examples,40,bhenchod bht kutti haaalat huwe we he bhai,i should've a bhenchod counter which will count the amount of times i've sad bhenchod,bauhat sardi hai bc,neend aa rhi h bc main sone jaa rhi hu 😂,abe bhenchod ye tweet mera tha na...ye to pata nhi chala gaya ki mujhe twitter pe join karna hoga 😐,profane_batch_005.csv,20,False,False,True,False,False,False,False,,True,4,Profane,True,,0.9150393009185792,0.9017354846000672,bc mujhe laga modi be asli main tweet kiya hai 🤣🤣,0.9150393009185792,True,,True,,,,
class4_batch005_sample030994,5,30994,4,Profane,431994,435994,v3_original_demo_boundary_prompt,4-shot random authentic same-class,Shortlisted authentic RUHSOLD Profane examples,40,bauhat sardi hai bc,rt : birthday wali feel hi nai arahi bhenchod,bc bb khatm ho gya but i cant move on,rt : kisi ko bhulnay k liye ussay yaad karna parta hai. aur idhr bhenchod yaad hi ati rehti hai bus,bhenchod ye chutiya pata nahi,profane_batch_005.csv,5,False,False,True,False,False,False,False,,True,4,Profane,True,,0.9599627256393432,0.9512035250663756,bhenchod bht kutti haaalat huwe we he bhai,0.9599627256393432,True,,True,,,,
class4_batch005_sample030996,5,30996,4,Profane,431996,435996,v3_original_demo_boundary_prompt,4-shot random authentic same-class,Shortlisted authentic RUHSOLD Profane examples,40,"rt : yaar magar wifi bandh na karna, missile vissile daal do koi dikkat nahi, magar internet chahiye bc",bhenchod kya hai ye sb,bauhat sardi hai bc,code bhee saaf karna hai abheeee bc,"i am so happy with my life right now, i don't even know how it got this good, bhenchod",profane_batch_005.csv,19,False,False,True,False,False,False,False,,True,4,Profane,True,,0.873374342918396,0.8580914735794067,my job life is all about bhenchod kitni chutiya organisation hai ye,0.873374342918396,True,,True,,,,
class4_batch005_sample030999,5,30999,4,Profane,431999,435999,v3_original_demo_boundary_prompt,4-shot random authentic same-class,Shortlisted authentic RUHSOLD Profane examples,40,fuck man. the pain is traveling. bhenchod ye naya e corridor khul gya hai.,rt : fariha without fa is riha and  riha kerdo koi bhenchod is zindagi se,my entire neighborhood is making weird sounds bhenchod shaddi hai kya,bhenchod exams uff,acha abhi 6 am k liye mera samaa dekh raha hai..bhenchod yeh hi kia hai...kabhi socho ke..dost ka time lena tha 😪,profane_batch_005.csv,22,False,False,True,False,False,False,False,,True,4,Profane,True,,0.895388662815094,0.8899556994438171,saara din alarm bajta rahay aur uthti bhenchod tab hai jab mera alarm bajta hai ugh i told her off and she was like sorrryyy  but i dont think she gets it gets it,0.895388662815094,True,,True,,,,
class4_batch006_sample031001,6,31001,4,Profane,432001,436001,v3_original_demo_boundary_prompt,4-shot random authentic same-class,Shortlisted authentic RUHSOLD Profane examples,40,my entire neighborhood is making weird sounds bhenchod shaddi hai kya,kyaaaa musibbaattt ha yr sara mood khraab kr diya ha bc,i hate ors bhenchod,bhenchod parhna hai. par dimaagh ijazat nahi deta. ajeeb chutiyapa hai ye.,bhenchod why do we even care about such things?,profane_batch_006.csv,9,False,False,True,False,False,False,False,,True,4,Profane,True,,0.8916119337081909,0.8839237093925476,bhenchod itna drama 😐,0.8916119337081909,True,,True,,,,
class4_batch006_sample031003,6,31003,4,Profane,432003,436003,v3_original_demo_boundary_prompt,4-shot random authentic same-class,Shortlisted authentic RUHSOLD Profane examples,40,dil sumbhal ja zra bhenchod,bhenchod bht kutti haaalat huwe we he bhai,rt : birthday wali feel hi nai arahi bhenchod,bhenchod kya hai ye sb,bc hn mein ne bhi bola tha maine,profane_batch_006.csv,8,False,False,True,False,False,False,False,,True,4,Profane,True,,0.9395968914031982,0.9244002103805542,bc aisa kya bol dia maine 😂,0.9395968914031982,True,,True,,,,
class4_batch006_sample031006,6,31006,4,Profane,432006,436006,v3_original_demo_boundary_prompt,4-shot random authentic same-class,Shortlisted authentic RUHSOLD Profane examples,40,bhenchod bht kutti haaalat huwe we he bhai,bhenchod aaj sirf roneka mann kar raha hai,why can’t i multitask???? i’m 22 fucking years old and i still dont know how to multitask bhenchod,"tm jao ma ni ja rha, pehly he adhi zindagi saffr mein guzr gai bc meri.",kbhi bhi bhenchod nahi bolta kabhi,profane_batch_006.csv,6,False,False,True,False,False,False,False,,True,4,Profane,True,,0.9527162313461304,0.938072681427002,yaar mujhe koi goli maarde bhenchod,0.9527162313461304,True,,True,,,,
class4_batch006_sample031008,6,31008,4,Profane,432008,436008,v3_original_demo_boundary_prompt,4-shot random authentic same-class,Shortlisted authentic RUHSOLD Profane examples,40,dil sumbhal ja zra bhenchod,bhenchod aaj sirf roneka mann kar raha hai,mera bhi yaar bhai...jindgi jhand ho gya hai bhenchodv 3 t20 me 300 rupya haar gye....,bhenchod syllabus kuch aur..aur padhke kuch aur gaya.,rt : itna kia pta chl rha ha tu bhenchod,profane_batch_006.csv,10,False,False,True,False,False,False,False,,True,4,Profane,True,,0.9451836347579956,0.9302526712417604,rt : dil sambhal ja zara bhenchod!v,0.9451836347579956,True,,True,,,,
class4_batch006_sample031009,6,31009,4,Profane,432009,436009,v3_original_demo_boundary_prompt,4-shot random authentic same-class,Shortlisted authentic RUHSOLD Profane examples,40,bhenchod mairi thand se phatt rahi hai,"rt : yaar magar wifi bandh na karna, missile vissile daal do koi dikkat nahi, magar internet chahiye bc",slept for only 4 hours last night bc match daikhty daikhty girny wala hua wa hun,bauhat sardi hai bc,"rt : abhi tk match mein bhi 70% runs change ho rahe hain, bc",profane_batch_006.csv,14,False,False,True,False,False,False,False,,True,4,Profane,True,,0.8878406882286072,0.8762902021408081,"rt : hum ek baar jeete hai,  or ek baar marte hai   toh bhenchod yh nhana baar baar kyo pdhta hai😑",0.8878406882286072,True,,True,,,,
class4_batch006_sample031010,6,31010,4,Profane,432010,436010,v3_original_demo_boundary_prompt,4-shot random authentic same-class,Shortlisted authentic RUHSOLD Profane examples,40,rt : fariha without fa is riha and  riha kerdo koi bhenchod is zindagi se,rt : kisi ko bhulnay k liye ussay yaad karna parta hai. aur idhr bhenchod yaad hi ati rehti hai bus,"rt : koi physics samjha de bhenchod,,,,",inn coaching vaalou ko kaise pta chal jaata hai mera result bhenchod.,kya bhenchod ye kaunsi baat hai,profane_batch_006.csv,6,False,False,True,False,False,False,False,,True,4,Profane,True,,0.9747110605239868,0.9526482820510864,bhenchod ye kya hai,0.9747110605239868,True,,True,,,,
class4_batch006_sample031013,6,31013,4,Profane,432013,436013,v3_original_demo_boundary_prompt,4-shot random authentic same-class,Shortlisted authentic RUHSOLD Profane examples,40,bhenchod what a goal!,inn coaching vaalou ko kaise pta chal jaata hai mera result bhenchod.,"tm jao ma ni ja rha, pehly he adhi zindagi saffr mein guzr gai bc meri.",rt : fariha without fa is riha and  riha kerdo koi bhenchod is zindagi se,bhenchod tum logon ko kya pta tha ke tere baap ne ye kehte the?,profane_batch_006.csv,14,False,False,True,False,False,False,False,,True,4,Profane,True,,0.921738862991333,0.912136733531952,kisi b group mein add kr dety ho q bhenchodo tmlog k baap ka acc h?,0.921738862991333,True,,True,,,,
class4_batch006_sample031016,6,31016,4,Profane,432016,436016,v3_original_demo_boundary_prompt,4-shot random authentic same-class,Shortlisted authentic RUHSOLD Profane examples,40,"rt : yaar magar wifi bandh na karna, missile vissile daal do koi dikkat nahi, magar internet chahiye bc",bc bb khatm ho gya but i cant move on,code bhee saaf karna hai abheeee bc,rona araha hai bhenchod why am i such a clown why am i so unimportant,ye bc sacha ha,profane_batch_006.csv,4,False,False,True,False,False,False,False,,True,4,Profane,True,,0.9478466510772704,0.921406090259552,kya ho rha h bc ye,0.9478466510772704,True,,True,,,,
class4_batch006_sample031017,6,31017,4,Profane,432017,436017,v3_original_demo_boundary_prompt,4-shot random authentic same-class,Shortlisted authentic RUHSOLD Profane examples,40,bhenchod kahan phass gaya hoon,rt : bhenchod graph paper pe eraser use karo toh graph paper hi gayab ho jaata hai,code bhee saaf karna hai abheeee bc,my entire neighborhood is making weird sounds bhenchod shaddi hai kya,bhenchod paisa le rha tha abhi,profane_batch_006.csv,6,False,False,True,False,False,False,False,,True,4,Profane,True,,0.956202745437622,0.9330626726150512,bhenchod hans raha tha abhi,0.956202745437622,True,,True,,,,
class4_batch006_sample031019,6,31019,4,Profane,432019,436019,v3_original_demo_boundary_prompt,4-shot random authentic same-class,Shortlisted authentic RUHSOLD Profane examples,40,bhenchod mairi thand se phatt rahi hai,rt : kisi ko bhulnay k liye ussay yaad karna parta hai. aur idhr bhenchod yaad hi ati rehti hai bus,"rt : koi physics samjha de bhenchod,,,,",bhenchod aaj sirf roneka mann kar raha hai,"rt : bc jb main ne bhi dm kia tha tab me ne bola tha ""mai chup krta hun""",profane_batch_006.csv,19,False,False,True,False,False,False,False,,True,4,Profane,True,,0.9111461639404296,0.9054376482963562,rt : bhenchodo jb bachay smbhal nahi sktay toh paida q krtay ho 😤 hawas k pujariyon 😥,0.9111461639404296,True,,True,,,,
class4_batch006_sample031021,6,31021,4,Profane,432021,436021,v3_original_demo_boundary_prompt,4-shot random authentic same-class,Shortlisted authentic RUHSOLD Profane examples,40,mera bhi yaar bhai...jindgi jhand ho gya hai bhenchodv 3 t20 me 300 rupya haar gye....,"tm jao ma ni ja rha, pehly he adhi zindagi saffr mein guzr gai bc meri.",bhenchod exams uff,"rt : yaar magar wifi bandh na karna, missile vissile daal do koi dikkat nahi, magar internet chahiye bc","bhenchod ye paisa abhi tak hi nahi dekha, aur ekdum baar bar kaha, 😂",profane_batch_006.csv,14,False,False,True,False,False,False,False,,True,4,Profane,True,,0.9187137484550476,0.9086197018623352,bc yeh nii tha kaha ke mere sath bhi badal jaa🙂🙂,0.9187137484550476,True,,True,,,,
class4_batch006_sample031024,6,31024,4,Profane,432024,436024,v3_original_demo_boundary_prompt,4-shot random authentic same-class,Shortlisted authentic RUHSOLD Profane examples,40,rt : birthday wali feel hi nai arahi bhenchod,2 years ago i asked my father for my own car. so he said “hbl car loan se lelo” bc itni khajal khawari keh tang akar i bought used honda civic. and mine is way better than new honda city. or sashky apny,nazar lag gayi bhenchod fuck this i knew it would never last,inn coaching vaalou ko kaise pta chal jaata hai mera result bhenchod.,rt : bhenchod jab tak tu na mila tab tak abhi abhi tere liye yaad rahna hota,profane_batch_006.csv,17,False,False,True,False,False,False,False,,True,4,Profane,True,,0.9472668170928956,0.93025940656662,rt : ye ab nend nai ari mjy bhenchod subha uth kr prhna b ha kiya yr ajeeb jhand life,0.9472668170928956,True,,True,,,,
class4_batch006_sample031025,6,31025,4,Profane,432025,436025,v3_original_demo_boundary_prompt,4-shot random authentic same-class,Shortlisted authentic RUHSOLD Profane examples,40,mera bhi yaar bhai...jindgi jhand ho gya hai bhenchodv 3 t20 me 300 rupya haar gye....,"rt : yaar magar wifi bandh na karna, missile vissile daal do koi dikkat nahi, magar internet chahiye bc",rt : birthday wali feel hi nai arahi bhenchod,bhenchod kahan phass gaya hoon,rt : ye pakistan ki tarha hai bhenchod,profane_batch_006.csv,8,False,False,True,False,False,False,False,,True,4,Profane,True,,0.9206105470657348,0.9139398336410522,rt : dil sambhal ja zara bhenchod!v,0.9206105470657348,True,,True,,,,
class4_batch006_sample031029,6,31029,4,Profane,432029,436029,v3_original_demo_boundary_prompt,4-shot random authentic same-class,Shortlisted authentic RUHSOLD Profane examples,40,mere pas tum ho ny to puray saal ka rula dia bhenchod,my entire neighborhood is making weird sounds bhenchod shaddi hai kya,bhenchod parhna hai. par dimaagh ijazat nahi deta. ajeeb chutiyapa hai ye.,bhenchod exams uff,bhenchod nawaz shareef ko sari pakistan ko maaf kar dein,profane_batch_006.csv,10,False,False,True,False,False,False,False,,True,4,Profane,True,,0.900810182094574,0.8970009088516235,bhenchod aaj sirf roneka mann kar raha hai,0.900810182094574,True,,True,,,,
class4_batch006_sample031030,6,31030,4,Profane,432030,436030,v3_original_demo_boundary_prompt,4-shot random authentic same-class,Shortlisted authentic RUHSOLD Profane examples,40,bhenchod exams uff,pubg lover hath toota howa hai phir b pubg nhai chorni bc😂😂😂,rt : birthday wali feel hi nai arahi bhenchod,main 5'8 ke sath bh chota lgta hn bc😶😑😑😑,abhe bhenchod jab koi kuch nahin kr skta tbh,profane_batch_006.csv,9,False,False,True,False,False,False,False,,True,4,Profane,True,,0.946711540222168,0.9360991716384888,kuch bhenchod phr bhi baz nhi aaty😐,0.946711540222168,True,,True,,,,
class4_batch006_sample031031,6,31031,4,Profane,432031,436031,v3_original_demo_boundary_prompt,4-shot random authentic same-class,Shortlisted authentic RUHSOLD Profane examples,40,i should've a bhenchod counter which will count the amount of times i've sad bhenchod,bauhat sardi hai bc,2 years ago i asked my father for my own car. so he said “hbl car loan se lelo” bc itni khajal khawari keh tang akar i bought used honda civic. and mine is way better than new honda city. or sashky apny,bhenchod mairi thand se phatt rahi hai,bhenchod ye kaunsi cheez hai,profane_batch_006.csv,5,False,False,True,False,False,False,False,,True,4,Profane,True,,0.9650484323501588,0.9493873715400696,bhenchod ye kya hai,0.9650484323501588,True,,True,,,,
class4_batch006_sample031035,6,31035,4,Profane,432035,436035,v3_original_demo_boundary_prompt,4-shot random authentic same-class,Shortlisted authentic RUHSOLD Profane examples,40,inn coaching vaalou ko kaise pta chal jaata hai mera result bhenchod.,kyaaaa musibbaattt ha yr sara mood khraab kr diya ha bc,bhenchod kya hai ye sb,bhenchod syllabus kuch aur..aur padhke kuch aur gaya.,bhenchod bachpan ka memory nhi hota,profane_batch_006.csv,6,False,False,True,False,False,False,False,,True,4,Profane,True,,0.925407648086548,0.9174774885177612,bhenchod kahan phass gaya hoon,0.925407648086548,True,,True,,,,
class4_batch006_sample031037,6,31037,4,Profane,432037,436037,v3_original_demo_boundary_prompt,4-shot random authentic same-class,Shortlisted authentic RUHSOLD Profane examples,40,bhenchod parhna hai. par dimaagh ijazat nahi deta. ajeeb chutiyapa hai ye.,ajeeeeb bc 😒😂,bhenchod aaj sirf roneka mann kar raha hai,bhenchod bht kutti haaalat huwe we he bhai,"rt : ""jaa jaa ke na"" ""bhenchod aise hi bolte rehte hain""",profane_batch_006.csv,12,False,False,True,False,False,False,False,,True,4,Profane,True,,0.9335229396820068,0.9185234308242798,"rt : hum ek baar jeete hai,  or ek baar marte hai   toh bhenchod yh nhana baar baar kyo pdhta hai😑",0.9335229396820068,True,,True,,,,
class4_batch006_sample031039,6,31039,4,Profane,432039,436039,v3_original_demo_boundary_prompt,4-shot random authentic same-class,Shortlisted authentic RUHSOLD Profane examples,40,bauhat sardi hai bc,nazar lag gayi bhenchod fuck this i knew it would never last,bhenchod kahan phass gaya hoon,why can’t i multitask???? i’m 22 fucking years old and i still dont know how to multitask bhenchod,rt : yehi bhenchod tumhari larki ke bare mein bat kar rahe ho,profane_batch_006.csv,13,False,False,True,False,False,False,False,,True,4,Profane,True,,0.9421679377555848,0.9201048612594604,rt : sab bhenchod r unki bhenein aik hi jagah pr.,0.9421679377555848,True,,True,,,,
class4_batch006_sample031040,6,31040,4,Profane,432040,436040,v3_original_demo_boundary_prompt,4-shot random authentic same-class,Shortlisted authentic RUHSOLD Profane examples,40,dil sumbhal ja zra bhenchod,bhenchod bht kutti haaalat huwe we he bhai,rt : bhenchod graph paper pe eraser use karo toh graph paper hi gayab ho jaata hai,bhenchod mairi thand se phatt rahi hai,rt : bhenchod jisko 75000 ka bill dekh liya jati hai woh abhi tak charsi ki paidaish nhi hui,profane_batch_006.csv,19,False,False,True,False,False,False,False,,True,4,Profane,True,,0.8906300067901611,0.8774399757385254,rt : in machro ki maa ka bhenchodo ny azaab kardiya,0.8906300067901611,True,,True,,,,
class4_batch006_sample031041,6,31041,4,Profane,432041,436041,v3_original_demo_boundary_prompt,4-shot random authentic same-class,Shortlisted authentic RUHSOLD Profane examples,40,naak bandd ho gya bc.,bc bb khatm ho gya but i cant move on,rt : birthday wali feel hi nai arahi bhenchod,my entire neighborhood is making weird sounds bhenchod shaddi hai kya,bhai apki dost ko follow kro bhenchod,profane_batch_006.csv,7,False,False,True,False,False,False,False,,True,4,Profane,True,,0.923748254776001,0.9185773730278016,dhood se b mehnga bhenchod,0.923748254776001,True,,True,,,,
class4_batch006_sample031044,6,31044,4,Profane,432044,436044,v3_original_demo_boundary_prompt,4-shot random authentic same-class,Shortlisted authentic RUHSOLD Profane examples,40,bhenchod kahan phass gaya hoon,i hate ors bhenchod,rt : asa kon ludo khelta hi bc ....😇,bhenchod aaj sirf roneka mann kar raha hai,ye baat toh krna tha bc,profane_batch_006.csv,6,False,False,True,False,False,False,False,,True,4,Profane,True,,0.9494898915290833,0.9324795007705688,kya ho rha h bc ye,0.9494898915290833,True,,True,,,,
class4_batch006_sample031045,6,31045,4,Profane,432045,436045,v3_original_demo_boundary_prompt,4-shot random authentic same-class,Shortlisted authentic RUHSOLD Profane examples,40,mera bhi yaar bhai...jindgi jhand ho gya hai bhenchodv 3 t20 me 300 rupya haar gye....,neend aa rhi h bc main sone jaa rhi hu 😂,main 5'8 ke sath bh chota lgta hn bc😶😑😑😑,bhenchod mairi thand se phatt rahi hai,bhenchod ye paisay meri maa k khilaaf hi dekh raha hai,profane_batch_006.csv,11,False,False,True,False,False,False,False,,True,4,Profane,True,,0.9481067657470704,0.923293948173523,bhenchod mairi thand se phatt rahi hai,0.9481067657470704,True,,True,,,,
class4_batch006_sample031046,6,31046,4,Profane,432046,436046,v3_original_demo_boundary_prompt,4-shot random authentic same-class,Shortlisted authentic RUHSOLD Profane examples,40,i hate ors bhenchod,code bhee saaf karna hai abheeee bc,bhenchod syllabus kuch aur..aur padhke kuch aur gaya.,inn coaching vaalou ko kaise pta chal jaata hai mera result bhenchod.,bhenchod. itni jaldi.,profane_batch_006.csv,3,False,False,True,False,False,False,False,,True,4,Profane,True,,0.9263336062431335,0.9174343347549438,bhenchod ye kya hai,0.9263336062431335,True,,True,,,,
class4_batch006_sample031049,6,31049,4,Profane,432049,436049,v3_original_demo_boundary_prompt,4-shot random authentic same-class,Shortlisted authentic RUHSOLD Profane examples,40,bhenchod bht kutti haaalat huwe we he bhai,bc bb khatm ho gya but i cant move on,main 5'8 ke sath bh chota lgta hn bc😶😑😑😑,neend aa rhi h bc main sone jaa rhi hu 😂,bhenchodo kuch nhi hota ab kyuki mera dum hi na hai,profane_batch_006.csv,11,False,False,True,False,False,False,False,,True,4,Profane,True,,0.9290642142295836,0.9225556254386902,ajeeb bhenchod zindagi hogai hai hina,0.9290642142295836,True,,True,,,,
class2_batch006_sample011003,6,11003,2,Religious Hate,212003,216003,v3_original_demo_boundary_prompt,4-shot random authentic same-class,Shortlisted authentic RUHSOLD Religious Hate examples,118,"just the ten thousandth ""isolated"" instance of christian /jewish/hindu/ahmedi places of worship being attacked by crybabies who themselves can't handle some nutcase burning a book full of fiction stories.",lanat abbtknews k khilaf trend bnane walye yazeedion pe r bibi k dushmano p bhi,chhor bhen chod hrami hindu chhor esko😠😠😠,tw kaafir tera peo kaafir tera pura khandaan kaafir ooo churry trump🐱🐱,jahily apni ammi ko maari thi ya apki maa ko marwany ki waja se yahoodi agent koi nawaz shareef nai,religious_hate_batch_006.csv,20,False,False,True,False,False,False,False,,True,2,Religious Hate,True,,0.9330031275749208,0.9266268014907836,ye amriat nahi to or kia hain bajwa harami ko ess ka hisab dana ho ga imran yahodi agent ub tm talba ko rok k dikao ub talba teri kameez utarey gee wait kar,0.9330031275749208,True,,True,,,,
class2_batch006_sample011004,6,11004,2,Religious Hate,212004,216004,v3_original_demo_boundary_prompt,4-shot random authentic same-class,Shortlisted authentic RUHSOLD Religious Hate examples,118,"surprise!  surprise!  majority of the muslims are at just in different levels of ""usman khan"" ranging from mild to extreme (except ahmadiya may be, but they are not ""real muslims"")  that's from a person living in a country with 95% muslim    https://t.co/hq35u2xrrk,2009-05-25 17:25:26,sydney, new south wales",please don't share his obnoxious face to me. below is the image of the book rohani khzain from ahmedi's official website see what your evil messiah has declared god but you had said you have read the books of mirza and accepted him mehdi may god give you hidyath,plz sir hamy in say koi khtra nahi hamy is imran khan yahodi our kadiyanion say bachny pay gor karen pak army tayri azmat ko salam,get lost you kaafir.,rt :  ye imran yahodi hai  ye dushman hai  qadiyani,religious_hate_batch_006.csv,10,False,False,True,False,False,False,False,,True,2,Religious Hate,True,,0.9213545322418212,0.906314492225647,rt :  kaafir ho jaayenge aaj se janaab,0.9213545322418212,True,,True,,,,
class2_batch006_sample011007,6,11007,2,Religious Hate,212007,216007,v3_original_demo_boundary_prompt,4-shot random authentic same-class,Shortlisted authentic RUHSOLD Religious Hate examples,118,ahmedi mirziee qadiyani hargiz kuleedi uhdu pe nhee janay chahien warna hmari agencies pe swalia nishan hey,imran qadyani yahoodi agent hy pti ki 18 bank account hy jis may qadyani yahoodi hondo ny funding ki hy . gold smith jimaima aneel musrst . atif miaan sub qadyani yahoodi hy,shia kaafir hai aur hum naam k musalmaan.,lant hy teri aagli pecchli tweet pe or tum pe or qadyanion pe or kuch ?,ye bhi tareen hy yahodi jesy,religious_hate_batch_006.csv,6,False,False,True,False,False,False,False,,True,2,Religious Hate,True,,0.9283372759819032,0.92042076587677,ye begerat hai hi yahodi,0.9283372759819032,True,,True,,,,
class2_batch006_sample011010,6,11010,2,Religious Hate,212010,216010,v3_original_demo_boundary_prompt,4-shot random authentic same-class,Shortlisted authentic RUHSOLD Religious Hate examples,118,israel yahoodi sabse bade atankwaadi hai,apne profile mein whats app me fb twitter mein is bahadur nojawaan ki pic lga kr islam se or nabi ke din se mhbt ka izhaar kren or itna share kren ek yahoodi apne na pak iradoon se baaz ajaye is shakhs ne quraan pak ki hifazahat mein ek bhtareen mhbt ka jita jagta sabot dia hai,wow halala's product on fire as usual porkistaniðÿ˜‚ðÿ˜‚ðÿ˜‚,haha jaat dikha di bsdk antankbadi halala ki aulaad teri ammi ka halala hua tha phir to randi ke bacheðÿ¤£ðÿ¤£ðÿ˜…,halala k paidaish yehi hota hai,religious_hate_batch_006.csv,6,False,False,True,False,False,False,False,,True,2,Religious Hate,True,,0.9634867906570436,0.951223373413086,halala ki paidaish ðÿ¤£ðÿ¤£ðÿ¤£,0.9634867906570436,True,,True,,,,
class2_batch006_sample011012,6,11012,2,Religious Hate,212012,216012,v3_original_demo_boundary_prompt,4-shot random authentic same-class,Shortlisted authentic RUHSOLD Religious Hate examples,118,lant hy teri aagli pecchli tweet pe or tum pe or qadyanion pe or kuch ?,sali muslims randi. jihadi sali,tm jeso ki jb g**nd mari jaye na fir tm log thek rehty ho bc k bachy jb wo yahoodi lanti marty hn na wo muslim dekhty hn air kuch ni dekhty baki tm na toh apni pesh krni hoti ha unhy.,ahmedi mirziee qadiyani hargiz kuleedi uhdu pe nhee janay chahien warna hmari agencies pe swalia nishan hey,mohammad abbasi sahab ne jab kia tha usmein tm logon ko munafiqat ka term lagaya tha,religious_hate_batch_006.csv,16,False,False,True,False,False,False,False,,True,2,Religious Hate,True,,0.912703275680542,0.90412175655365,isay khalis tezaab main dabo dabo k phle nehlaya jaye ga  us k baad isay phir tezaab say nehlaya jaye ga yahoodi ko,0.912703275680542,True,,True,,,,
class2_batch006_sample011016,6,11016,2,Religious Hate,212016,216016,v3_original_demo_boundary_prompt,4-shot random authentic same-class,Shortlisted authentic RUHSOLD Religious Hate examples,118,aor hamary hkmran in k sath mily huy en ....yahudi aor hindun hmary sb sy bry dushman en,uff pakiza muslim randi 😉😍,"m firqa wariyat m nahi parhna chahta, muslims mjo ahktlaf hen wo apni jaga , lekin pichly 200 saal sy muslim is liye mar kha rhy hen k sunni shia wahabi dayobandi bla bla ,,yahodi or nasara ny na koi sunni mulk chora ha na koi shia,  wo bs yehi dekhtay ye muslman ha ..bs maro isk",benchod randi  islam,tu lanti yahoodi ki pedawar hay,religious_hate_batch_006.csv,6,False,False,True,False,False,False,False,,True,2,Religious Hate,True,,0.9246050715446472,0.9187437295913696,ye begerat hai hi yahodi,0.9246050715446472,True,,True,,,,
class2_batch006_sample011017,6,11017,2,Religious Hate,212017,216017,v3_original_demo_boundary_prompt,4-shot random authentic same-class,Shortlisted authentic RUHSOLD Religious Hate examples,118,imran qadyani yahoodi agent hy pti ki 18 bank account hy jis may qadyani yahoodi hondo ny funding ki hy . gold smith jimaima aneel musrst . atif miaan sub qadyani yahoodi hy,sirf momin aya to yahoodi kum nasal marny laggaye agr sawa crore momin agaye to sochen kya hoga?hamen jagna hoga,jisko bhi hindu ki chudai par shak hai to ek baar mujh se chudwa kar dekho sab bhram dur ho jayega,wise halala ki paidaish tumse yhi ummid ki ja sakti hai madarsa chhhap suarðÿ˜‚ðÿ¤£ðÿ¤£ðÿ¤£ðÿ¤£,abhe yahoodi saazish ha tera baap hy,religious_hate_batch_006.csv,7,False,False,True,False,False,False,False,,True,2,Religious Hate,True,,0.93959379196167,0.9347326159477234,aby gandoo aqal ni ha kia yahoodi khi ky .. bharwaay,0.93959379196167,True,,True,,,,
class2_batch006_sample011022,6,11022,2,Religious Hate,212022,216022,v3_original_demo_boundary_prompt,4-shot random authentic same-class,Shortlisted authentic RUHSOLD Religious Hate examples,118,get lost you kaafir.,jisko bhi hindu ki chudai par shak hai to ek baar mujh se chudwa kar dekho sab bhram dur ho jayega,sale halala molvi se tum karvao apni oorto ka or apni ma bahan ka bol heme rhe ho molvi kamre m apni bahan ko bej kar sina choda hota hoga tumhara,"hogai izzat? mera jism meri marzi jc ghaleez or ghatiya terminologies hamare muslim muashrey me dene ki koshish me aapki so-called,vahiyat or ikhlaq se giri support ko khud ne hi reject kardiya.  apne yahoodi gods ko khush krne k liey kuch or karien",nawaz sharif's wife was hindu. she had converted to islam. imran khan's mother was christian. imran khan himself is ahmedi.,religious_hate_batch_006.csv,20,False,False,True,False,False,False,False,,True,2,Religious Hate,True,,0.8604662418365479,0.8511070013046265,why nawaz sharif khandani ameer give you imran chore zakat khore yahodi any one rupee bond. shamed you are doing nothing for pakistan but do every thing for trump and moodi,0.8604662418365479,True,,True,,,,
class2_batch006_sample011033,6,11033,2,Religious Hate,212033,216033,v3_original_demo_boundary_prompt,4-shot random authentic same-class,Shortlisted authentic RUHSOLD Religious Hate examples,118,is cult  mein kisi boht hi pyare ko kho dene k baad uski qaber pe phool rakhna b jurm hai west mein qaberisat se phool chura k un ko sale kr k ahmdi chanda dia karte hain takey ragister se naam na kut jaye,teri maa ka halala kra rha tha koi problem madarjat bhosdike mulle,"not surprised comment came from ahmedi. tbh, i won't be surprised when some christians will argue that they r included in muslim category too. just bcoz they believe there is only one god.","pta nhi kon si uni se graduate hote ho aap log jnha aesi wahiyat education di jati hðÿ˜‚ðÿ˜‚ðÿ˜‚ halala, gazwa-e-hind, camel urine or pta nhi kya kyaðÿ˜‚ðÿ˜‚ðÿ˜‚ðÿ¤£ðÿ¤£ðÿ¤£ðÿ¤£ðÿ‘ðÿ»",agr apny dost say halala kiya hota tou un per bhi itna garam lag jayega ke apne jaise sath hai.,religious_hate_batch_006.csv,20,False,False,True,False,False,False,False,,True,2,Religious Hate,True,,0.9292120337486268,0.9128074645996094,lagata hai teri maa gayi thi bjp walo ke pass jab uska halala kiya unhone jab kahi tu paida hu.,0.9292120337486268,True,,True,,,,
class2_batch006_sample011036,6,11036,2,Religious Hate,212036,216036,v3_original_demo_boundary_prompt,4-shot random authentic same-class,Shortlisted authentic RUHSOLD Religious Hate examples,118,yahodi agent qadyani chamcha,dekh le madarch*d islam ka nanga naach..babri par fate hue bawaseer ki tarah bhaunk raha tha na..us par bhi ab apne manhoos muh se kuch hag de..blood cousins ke incest ki paidaish,"afghanio ne tme hindu se bachaya,randi k aulaad tareekh paro tm wo ganda khoon ho,jo siko aour hindu ki rape se paida woe ho,tme kalima tho sikaya afghano ne,magar tmari gandi dna wai ranjeet sing wali a,randi k aulaad tm ne kah pana di,am pashtono ne di,apnay bio ko hera mandi",sale halala molvi se tum karvao apni oorto ka or apni ma bahan ka bol heme rhe ho molvi kamre m apni bahan ko bej kar sina choda hota hoga tumhara,"tere jaisi shakl ki sahi bat krte hain...jab tak tu apni ammi beti ko mara kutta haramzadi, randi ke aulad aurat ko aqal nahin dekha...toh usko",religious_hate_batch_006.csv,26,False,False,True,False,False,False,False,,True,2,Religious Hate,True,,0.9360118508338928,0.9256585240364076,khoti ki buchi bhonkny sy pehly khabar ki tasdeeq kar lia kar haram zadi.... koi teri maa ka yar mob ni gaya wahan.... aur na hi koi aisa waqya hua hai... apni choti beti k najaiz khusam modi ko khush karny k liye bhonkna shuru kar deti hu... lanati aurat...,0.9360118508338928,True,,True,,,,
class2_batch006_sample011039,6,11039,2,Religious Hate,212039,216039,v3_original_demo_boundary_prompt,4-shot random authentic same-class,Shortlisted authentic RUHSOLD Religious Hate examples,118,"insaniyat ko bache rahne do, jis mazhab me janwar ka gala ret ke khushi banti hai, jis mazhab me soorma logo ko 72 virgin ladkiya baati jaati, jo duniya pe kabze ke sapne dekhta ho us mazhab se duuri banane me hi insaniyat ki bhalayi hai.",#khuda ki qasam agar mey hota tu zinda nahe bach sakta ta muj sey ye beghairat kafir yahoodi.,"pta nhi kon si uni se graduate hote ho aap log jnha aesi wahiyat education di jati hðÿ˜‚ðÿ˜‚ðÿ˜‚ halala, gazwa-e-hind, camel urine or pta nhi kya kyaðÿ˜‚ðÿ˜‚ðÿ˜‚ðÿ¤£ðÿ¤£ðÿ¤£ðÿ¤£ðÿ‘ðÿ»",ye pagliya gyi h saali... kuttiya ye ab bhul gyi h jisne #halala or #teentlaaq se aazadi dilwayi usko bhul gyi h ye mullli....,kashmir frosh ko yeh bola hai na tere paas halala nahin hai.. 😂,religious_hate_batch_006.csv,13,False,False,True,False,False,False,False,,True,2,Religious Hate,True,,0.9406795501708984,0.9178012609481812,niazi yahoodi khud ghadar hay kashmir hy bech dala 😂😂😂😂😂😂,0.9406795501708984,True,,True,,,,
class2_batch006_sample011044,6,11044,2,Religious Hate,212044,216044,v3_original_demo_boundary_prompt,4-shot random authentic same-class,Shortlisted authentic RUHSOLD Religious Hate examples,118,please don't share his obnoxious face to me. below is the image of the book rohani khzain from ahmedi's official website see what your evil messiah has declared god but you had said you have read the books of mirza and accepted him mehdi may god give you hidyath,wise halala ki paidaish tumse yhi ummid ki ja sakti hai madarsa chhhap suarðÿ˜‚ðÿ¤£ðÿ¤£ðÿ¤£ðÿ¤£,lant hy teri aagli pecchli tweet pe or tum pe or qadyanion pe or kuch ?,tumri ma buhat hanzir hy jis ne tum jaise  yahodi kafir rhandi hanzir aurat ko paida kiya,bhosadik munafiq yahoodi shaitan,religious_hate_batch_006.csv,4,False,False,True,False,False,False,False,,True,2,Religious Hate,True,,0.9282764196395874,0.918121337890625,yahoodi saazish😣,0.9282764196395874,True,,True,,,,
class2_batch006_sample011047,6,11047,2,Religious Hate,212047,216047,v3_original_demo_boundary_prompt,4-shot random authentic same-class,Shortlisted authentic RUHSOLD Religious Hate examples,118,tmri taraj animals ki potty n khate... tm jaake  bomb fodo jaake.......halala ke masala.  niklo.. yaha tm atankiyo k liy jagah ni h bhai. yaha atank n failaooo,halala ki padayish ho aap aur kya expect karenge hum aapse,"afghanio ne tme hindu se bachaya,randi k aulaad tareekh paro tm wo ganda khoon ho,jo siko aour hindu ki rape se paida woe ho,tme kalima tho sikaya afghano ne,magar tmari gandi dna wai ranjeet sing wali a,randi k aulaad tm ne kah pana di,am pashtono ne di,apnay bio ko hera mandi",another endian hijra coward hindu terrorist army soldier dispatched to shamshangarh by pakistan army i want more endian hindu terrorist dead so keep it up pakistan,randi k aulad tmne muslims ko zinda rkha hein,religious_hate_batch_006.csv,9,False,False,True,False,False,False,False,,True,2,Religious Hate,True,,0.9183225631713868,0.9077974557876588,wehshi darandy easai yahodi hindo islam amanka ka mazhab,0.9183225631713868,True,,True,,,,
class2_batch006_sample011049,6,11049,2,Religious Hate,212049,216049,v3_original_demo_boundary_prompt,4-shot random authentic same-class,Shortlisted authentic RUHSOLD Religious Hate examples,118,abe bharwe tum hindu hi duniya k sub se bara atankwaz ho haramiyon bt krte ho hamare age tumhari country me hindu k elawa koi safe nhi he  tumhari country ka name isi liye  lynchistan he  isi king all the world,imran qadyani yahoodi agent hy pti ki 18 bank account hy jis may qadyani yahoodi hondo ny funding ki hy . gold smith jimaima aneel musrst . atif miaan sub qadyani yahoodi hy,tw kaafir tera peo kaafir tera pura khandaan kaafir ooo churry trump🐱🐱,is cult  mein kisi boht hi pyare ko kho dene k baad uski qaber pe phool rakhna b jurm hai west mein qaberisat se phool chura k un ko sale kr k ahmdi chanda dia karte hain takey ragister se naam na kut jaye,ahmadiya khan kaha hai,religious_hate_batch_006.csv,4,False,False,True,False,False,False,False,,True,2,Religious Hate,True,,0.9116382002830504,0.8626931309700012,lekin ye ahmaddiya hai,0.9116382002830504,True,,True,,,,
class2_batch006_sample011052,6,11052,2,Religious Hate,212052,216052,v3_original_demo_boundary_prompt,4-shot random authentic same-class,Shortlisted authentic RUHSOLD Religious Hate examples,118,"ye manhoos hinduon ki diwali k chakkar mai har jaga ki aur quality kharab hogai, bharwe",#khuda ki qasam agar mey hota tu zinda nahe bach sakta ta muj sey ye beghairat kafir yahoodi.,"how did an ahmadiya get to the top in the army of sunnis, in the first place?",phir kehty hum bhot badry #muslim hn aur #ashaq_e_rasool sawm hain lanat hai un sab #haramio py jinho ny bibi fatima zahra ko shahheed kia aur #haq khaya 🖐🏻😡🐕 aur lanat un sab py jo un #haramio ky hamdard hain,o yahodi,religious_hate_batch_006.csv,2,False,False,True,False,False,False,False,,True,2,Religious Hate,True,,0.8913425803184509,0.8696163296699524,go niazi go yahodi,0.8913425803184509,True,,True,,,,
class2_batch006_sample011055,6,11055,2,Religious Hate,212055,216055,v3_original_demo_boundary_prompt,4-shot random authentic same-class,Shortlisted authentic RUHSOLD Religious Hate examples,118,pehle america jaiga ue begairaat musliman kehlwane kai laiq nh pehle he logh kehty h eske bary me ye yahoodi hai,"m firqa wariyat m nahi parhna chahta, muslims mjo ahktlaf hen wo apni jaga , lekin pichly 200 saal sy muslim is liye mar kha rhy hen k sunni shia wahabi dayobandi bla bla ,,yahodi or nasara ny na koi sunni mulk chora ha na koi shia,  wo bs yehi dekhtay ye muslman ha ..bs maro isk",teri maa ka halala kra rha tha koi problem madarjat bhosdike mulle,kafir yahodi kafir hindo same thinking,tera baap hai aur tu bhi yahodi ho 😂😂,religious_hate_batch_006.csv,9,False,False,True,False,False,False,False,,True,2,Religious Hate,True,,0.9287264347076416,0.9249366521835328,yahodiyon ka kuta aur yahodi ka damad,0.9287264347076416,True,,True,,,,
class2_batch006_sample011061,6,11061,2,Religious Hate,212061,216061,v3_original_demo_boundary_prompt,4-shot random authentic same-class,Shortlisted authentic RUHSOLD Religious Hate examples,118,ye bat tum yahoodi ko bolo atankwadi tum ho jo musalman se nafrat ki aag me insaniyat ke sabse bade dushman yahoodi ko support karte ho ye log to face to face mara hai unlog chote bache ka upar bom feka kisi aurat ya admi bacha ko goli mar diya wi bhi waha ke civilian hi hai,jahil k bachy kahan likha h k gair mazhb sy nikaah jaiz ha... tmari gand me jo keera ha wo nhi merna... khoty khany waly... yahoodi kahan sy hogaey ahle kitaab ....tm.b yahoodi to nhi,pislam me media ka estemal kerna haram hai  halala ki paidais,aor hamary hkmran in k sath mily huy en ....yahudi aor hindun hmary sb sy bry dushman en,rt : tum yahoodi ho,religious_hate_batch_006.csv,5,False,False,True,False,False,False,False,,True,2,Religious Hate,True,,0.907357931137085,0.9011481404304504,rt :  kaafir ho jaayenge aaj se janaab,0.907357931137085,True,,True,,,,
class2_batch006_sample011067,6,11067,2,Religious Hate,212067,216067,v3_original_demo_boundary_prompt,4-shot random authentic same-class,Shortlisted authentic RUHSOLD Religious Hate examples,118,"ye manhoos hinduon ki diwali k chakkar mai har jaga ki aur quality kharab hogai, bharwe","hogai izzat? mera jism meri marzi jc ghaleez or ghatiya terminologies hamare muslim muashrey me dene ki koshish me aapki so-called,vahiyat or ikhlaq se giri support ko khud ne hi reject kardiya.  apne yahoodi gods ko khush krne k liey kuch or karien",is cult  mein kisi boht hi pyare ko kho dene k baad uski qaber pe phool rakhna b jurm hai west mein qaberisat se phool chura k un ko sale kr k ahmdi chanda dia karte hain takey ragister se naam na kut jaye,imran qadyani yahoodi agent hy pti ki 18 bank account hy jis may qadyani yahoodi hondo ny funding ki hy . gold smith jimaima aneel musrst . atif miaan sub qadyani yahoodi hy,ye harami halala wale logon ka sath hein,religious_hate_batch_006.csv,8,False,False,True,False,False,False,False,,True,2,Religious Hate,True,,0.9424909353256226,0.9341373443603516,hume tum logon jaise sr azadi chahiye halala ki aulad,0.9424909353256226,True,,True,,,,
class2_batch006_sample011070,6,11070,2,Religious Hate,212070,216070,v3_original_demo_boundary_prompt,4-shot random authentic same-class,Shortlisted authentic RUHSOLD Religious Hate examples,118,yahodi agent qadyani chamcha,"rt : q. woh kaun si qome he,jis ne such bhi bola phr bhi jahnum mein jayegi? ans: yahoodi or nasara qome. shahid sindh",in beghairto israel yahodi khanzeer kai bacho nai kia kuch nahen kia hain lekhin alhamdulillah islam wahid deen jo mohabbat sikhati hain nakai nafrat aur ye sab sai tezi sai phelta huwa deen hain is liye inko jalan ho rahi hain aur har koshish kar bhe chukai hain aur kar bhe,1 balatkari muslim 3 balatkari tera baap hindu h uske bare m kuch bol  be,ahmaddiya muslman hai tum logon ko aap ke pass paida ker k kahan se ay ga,religious_hate_batch_006.csv,16,False,False,True,False,False,False,False,,True,2,Religious Hate,True,,0.9349310994148254,0.9215816259384156,tere yaha teri ammi ka halala jayaj ja lekar ja apni ammi ko molvi ke pass,0.9349310994148254,True,,True,,,,
class2_batch006_sample011084,6,11084,2,Religious Hate,212084,216084,v3_original_demo_boundary_prompt,4-shot random authentic same-class,Shortlisted authentic RUHSOLD Religious Hate examples,118,"huh wut you say u imbecile, i shat on you...toh toh toh kaafir","afghanio ne tme hindu se bachaya,randi k aulaad tareekh paro tm wo ganda khoon ho,jo siko aour hindu ki rape se paida woe ho,tme kalima tho sikaya afghano ne,magar tmari gandi dna wai ranjeet sing wali a,randi k aulaad tm ne kah pana di,am pashtono ne di,apnay bio ko hera mandi",sali muslims randi. jihadi sali,pislam me media ka estemal kerna haram hai  halala ki paidais,khan yahodi agent,religious_hate_batch_006.csv,3,False,False,True,False,False,False,False,,True,2,Religious Hate,True,,0.9016411900520324,0.8740679025650024,niazi yahoodi agent he,0.9016411900520324,True,,True,,,,
class2_batch006_sample011086,6,11086,2,Religious Hate,212086,216086,v3_original_demo_boundary_prompt,4-shot random authentic same-class,Shortlisted authentic RUHSOLD Religious Hate examples,118,oeyy randdii k bachay ganddu hindu.. kyun jhoott baq raha hai gashti maa k ganndduu bachay. peshaab p k palnay wali qoum.,that nigga was yahoodi he probably lied to all the employees,sirf momin aya to yahoodi kum nasal marny laggaye agr sawa crore momin agaye to sochen kya hoga?hamen jagna hoga,ahmedi mirziee qadiyani hargiz kuleedi uhdu pe nhee janay chahien warna hmari agencies pe swalia nishan hey,koi muslim nahi hoga jo yahodi kuch na kare...,religious_hate_batch_006.csv,9,False,False,True,False,False,False,False,,True,2,Religious Hate,True,,0.9375333786010742,0.9220139384269714,ap ki ama nay batya hai kay wo yahodi hai ya bhen nay...,0.9375333786010742,True,,True,,,,
class2_batch006_sample011091,6,11091,2,Religious Hate,212091,216091,v3_original_demo_boundary_prompt,4-shot random authentic same-class,Shortlisted authentic RUHSOLD Religious Hate examples,118,aye yahudiyo jitna zulm karna hai kar lo in sha allah woh din bhi zaroor aayega ke tumhe chun chun ke maara jayega yahan tak ke tum darakht ya pattharoñ ke piche chhup jaoge to bejan chizen bhi kahengi yahan yahoodi chhupa hai.hadees ka farman hai ho kar rahega #israeliterrorism,abe mc mein bheju teri maa cow ka photo kat te hue bc. chod teri tarah andhbhakt nhi hu aur nhi illiterate.. go and drink cow piss.,pehle america jaiga ue begairaat musliman kehlwane kai laiq nh pehle he logh kehty h eske bary me ye yahoodi hai,plz sir hamy in say koi khtra nahi hamy is imran khan yahodi our kadiyanion say bachny pay gor karen pak army tayri azmat ko salam,qadiyani yahodi agent,religious_hate_batch_006.csv,3,False,False,True,False,False,False,False,,True,2,Religious Hate,True,,0.975521981716156,0.9191780090332032,yahodi agent qadyani chamcha,0.975521981716156,True,,True,,,,
class2_batch006_sample011092,6,11092,2,Religious Hate,212092,216092,v3_original_demo_boundary_prompt,4-shot random authentic same-class,Shortlisted authentic RUHSOLD Religious Hate examples,118,tumhri maa kk chodu sale apni maa ko chod ke paida hone wale randi ki aulad sale apni behan ko biwi bana ke rkhne wale muhammad ki nazayaj aulad,get lost you kaafir.,imran qadyani yahoodi agent hy pti ki 18 bank account hy jis may qadyani yahoodi hondo ny funding ki hy . gold smith jimaima aneel musrst . atif miaan sub qadyani yahoodi hy,kabi bi nai jo sakta ya shia log pora ka pora yahodi hn,gandu gandu halala karo kuttay,religious_hate_batch_006.csv,5,False,False,True,False,False,False,False,,True,2,Religious Hate,True,,0.9245072603225708,0.9133710861206056,ye kutta halala ki aulad hai,0.9245072603225708,True,,True,,,,
class2_batch006_sample011097,6,11097,2,Religious Hate,212097,216097,v3_original_demo_boundary_prompt,4-shot random authentic same-class,Shortlisted authentic RUHSOLD Religious Hate examples,118,another endian hijra coward hindu terrorist army soldier dispatched to shamshangarh by pakistan army i want more endian hindu terrorist dead so keep it up pakistan,uff pakiza muslim randi 😉😍,in beghairto israel yahodi khanzeer kai bacho nai kia kuch nahen kia hain lekhin alhamdulillah islam wahid deen jo mohabbat sikhati hain nakai nafrat aur ye sab sai tezi sai phelta huwa deen hain is liye inko jalan ho rahi hain aur har koshish kar bhe chukai hain aur kar bhe,"surprise!  surprise!  majority of the muslims are at just in different levels of ""usman khan"" ranging from mild to extreme (except ahmadiya may be, but they are not ""real muslims"")  that's from a person living in a country with 95% muslim    https://t.co/hq35u2xrrk,2009-05-25 17:25:26,sydney, new south wales",rt : imran zaidi ka baap tha yahoodi,religious_hate_batch_006.csv,8,False,False,True,False,False,False,False,,True,2,Religious Hate,True,,0.904415726661682,0.8911447525024414,"rt : selected azam, qadyani and yahoodi labi ka mustarka mohra "" imran khan """,0.904415726661682,True,,True,,,,
class2_batch006_sample011098,6,11098,2,Religious Hate,212098,216098,v3_original_demo_boundary_prompt,4-shot random authentic same-class,Shortlisted authentic RUHSOLD Religious Hate examples,118,hey are fighting amongst each other. #bajwa is compromise candidate. thats only reason why he a ahmadiya is a coas.,another endian hijra coward hindu terrorist army soldier dispatched to shamshangarh by pakistan army i want more endian hindu terrorist dead so keep it up pakistan,imran qadyani yahoodi agent hy pti ki 18 bank account hy jis may qadyani yahoodi hondo ny funding ki hy . gold smith jimaima aneel musrst . atif miaan sub qadyani yahoodi hy,is cult  mein kisi boht hi pyare ko kho dene k baad uski qaber pe phool rakhna b jurm hai west mein qaberisat se phool chura k un ko sale kr k ahmdi chanda dia karte hain takey ragister se naam na kut jaye,ahmaddiya yahoodi jihadi,religious_hate_batch_006.csv,3,False,False,True,False,False,False,False,,True,2,Religious Hate,True,,0.9418985843658448,0.9313928484916688,yahoodi saazish😣,0.9418985843658448,True,,True,,,,
class2_batch006_sample011099,6,11099,2,Religious Hate,212099,216099,v3_original_demo_boundary_prompt,4-shot random authentic same-class,Shortlisted authentic RUHSOLD Religious Hate examples,118,madarchod muslaman ki kaum madarchod saalo ka imaan nahi hai bheno ko chod te hai bhen ke lode harmazaade uskiye apni  maa ki chut bhi chodta hoga aur chuswata hoga logo se saare musalamaan raand ki olad islam ki maa ki chut,ye pagliya gyi h saali... kuttiya ye ab bhul gyi h jisne #halala or #teentlaaq se aazadi dilwayi usko bhul gyi h ye mullli....,get lost you kaafir.,qadiyani pe lanat mirza khinzeer harami pe lanat.,yahodi tere papa ne tere maa ka yaar ghar mein chod dia tha,religious_hate_batch_006.csv,13,False,False,True,False,False,False,False,,True,2,Religious Hate,True,,0.9361220598220824,0.9276911616325378,tere yaha teri ammi ka halala jayaj ja lekar ja apni ammi ko molvi ke pass,0.9361220598220824,True,,True,,,,
class2_batch006_sample011102,6,11102,2,Religious Hate,212102,216102,v3_original_demo_boundary_prompt,4-shot random authentic same-class,Shortlisted authentic RUHSOLD Religious Hate examples,118,"obviously we muslims hate ahmedi's . 😡 we don't care whatever happens to them ! we just hate them. if their is oppression over other minorities in pakistan which is not usual alhamdolillah, then i condemn that.",madarchod muslaman ki kaum madarchod saalo ka imaan nahi hai bheno ko chod te hai bhen ke lode harmazaade uskiye apni  maa ki chut bhi chodta hoga aur chuswata hoga logo se saare musalamaan raand ki olad islam ki maa ki chut,jaa bhen k lory tum harrami ki nasal ho.. dewband maslak pe kutty ki tareh bhoonkty ho..,"bilkul,itny lecture milny hain jese christmas or new year pe milty hain ,kya apko pata bhi hai k kaafir janwaro k haqq main dua bhi nahi krni chahye",tum logon ko pasand nai kyun ye harami mazhab ka sachay naikalty huwe kia hein?,religious_hate_batch_006.csv,15,False,False,True,False,False,False,False,,True,2,Religious Hate,True,,0.931651532649994,0.9135470390319824,ye kya chutiyaap dekh liya meine subah subah??? haraamkhoron ki bateesiyaan nahin band ho rahi. lanati kuttay saaley.,0.931651532649994,True,,True,,,,
class2_batch006_sample011106,6,11106,2,Religious Hate,212106,216106,v3_original_demo_boundary_prompt,4-shot random authentic same-class,Shortlisted authentic RUHSOLD Religious Hate examples,118,"bilkul,itny lecture milny hain jese christmas or new year pe milty hain ,kya apko pata bhi hai k kaafir janwaro k haqq main dua bhi nahi krni chahye",jahil k bachy kahan likha h k gair mazhb sy nikaah jaiz ha... tmari gand me jo keera ha wo nhi merna... khoty khany waly... yahoodi kahan sy hogaey ahle kitaab ....tm.b yahoodi to nhi,pehle apni aurto ko halala se bachao ye bhi modi kar raha hai. agar sahi tum logo ka dna kiya jaye to pata nhi baap kon niklega,"ye manhoos hinduon ki diwali k chakkar mai har jaga ki aur quality kharab hogai, bharwe",abi to tm logon ny munafiqat nikalny ka zrurat nhi kia?,religious_hate_batch_006.csv,11,False,False,True,False,False,False,False,,True,2,Religious Hate,True,,0.9079033732414246,0.9016388058662416,ye kya chutiyaap dekh liya meine subah subah??? haraamkhoron ki bateesiyaan nahin band ho rahi. lanati kuttay saaley.,0.9079033732414246,True,,True,,,,
class2_batch006_sample011107,6,11107,2,Religious Hate,212107,216107,v3_original_demo_boundary_prompt,4-shot random authentic same-class,Shortlisted authentic RUHSOLD Religious Hate examples,118,kaafir tujhe kuch nai malum,wehshi darandy easai yahodi hindo islam amanka ka mazhab,ahmedi mirziee qadiyani hargiz kuleedi uhdu pe nhee janay chahien warna hmari agencies pe swalia nishan hey,lanat abbtknews k khilaf trend bnane walye yazeedion pe r bibi k dushmano p bhi,haqiqat se halala ki paidaish hoti hai aur woh koi nahi samjha sakta jo ye halala ne kehty hain k wo muslimon ko koi fasla na karwae,religious_hate_batch_006.csv,27,False,False,True,False,False,False,False,,True,2,Religious Hate,True,,0.9509682655334472,0.9357984662055968,tumri ma buhat hanzir hy jis ne tum jaise  yahodi kafir rhandi hanzir aurat ko paida kiya,0.9509682655334472,True,,True,,,,
class2_batch006_sample011109,6,11109,2,Religious Hate,212109,216109,v3_original_demo_boundary_prompt,4-shot random authentic same-class,Shortlisted authentic RUHSOLD Religious Hate examples,118,"bilkul,itny lecture milny hain jese christmas or new year pe milty hain ,kya apko pata bhi hai k kaafir janwaro k haqq main dua bhi nahi krni chahye",1 balatkari muslim 3 balatkari tera baap hindu h uske bare m kuch bol  be,"abbey halala ki paidaish, 5 baap ki aulaad. patthar baazi ke alawa kuchh kaam kara kabhi teri kaum ne ?",#stopisraeliterror   yahoodi mulk jisey israel ka naam diya gaya najaiz hai yahoodi sabse bada dahshatgard,ye halala aur triple talak se hi baat karte hain,religious_hate_batch_006.csv,10,False,False,True,False,False,False,False,,True,2,Religious Hate,True,,0.9175539016723632,0.9088516235351562,beta triple talaq jo tere chut pe hamla tha uske baare mai batao#halala ki aulad,0.9175539016723632,True,,True,,,,
class2_batch006_sample011115,6,11115,2,Religious Hate,212115,216115,v3_original_demo_boundary_prompt,4-shot random authentic same-class,Shortlisted authentic RUHSOLD Religious Hate examples,118,halala ki padayish ho aap aur kya expect karenge hum aapse,that's for foolish act and the ahmedi you highlighted they were equal to jews for us so alhmdurallah we save quran ! . and about hindus and christians its was a false news !  and if it is real then show me !  if you don't have anything then shut up and run !,chhor bhen chod hrami hindu chhor esko😠😠😠,ye lode teri maa or bahan ke shohar hai or jyada bolega to de denge teri maa or bahan ko hum denge talaq or fir halala wow kya baat hai mullo wow lund chuss lo ðÿ˜œðÿ˜œðÿ˜œðÿ˜œ,sahi he pakistan mein yahodi agent hain sab,religious_hate_batch_006.csv,8,False,False,True,False,False,False,False,,True,2,Religious Hate,True,,0.9257323741912842,0.912339985370636,ik ne tabah kar dia ha pakistan ko.  yahoodi lobby ha is k peechey,0.9257323741912842,True,,True,,,,
class2_batch006_sample011117,6,11117,2,Religious Hate,212117,216117,v3_original_demo_boundary_prompt,4-shot random authentic same-class,Shortlisted authentic RUHSOLD Religious Hate examples,118,ye bat tum yahoodi ko bolo atankwadi tum ho jo musalman se nafrat ki aag me insaniyat ke sabse bade dushman yahoodi ko support karte ho ye log to face to face mara hai unlog chote bache ka upar bom feka kisi aurat ya admi bacha ko goli mar diya wi bhi waha ke civilian hi hai,1 balatkari muslim 3 balatkari tera baap hindu h uske bare m kuch bol  be,qadiani ahmedi mirziee kaafir jo hen,"surprise!  surprise!  majority of the muslims are at just in different levels of ""usman khan"" ranging from mild to extreme (except ahmadiya may be, but they are not ""real muslims"")  that's from a person living in a country with 95% muslim    https://t.co/hq35u2xrrk,2009-05-25 17:25:26,sydney, new south wales",haan 😂😂😂😂 tu yahodi kashmir frosh,religious_hate_batch_006.csv,6,False,False,True,False,False,False,False,,True,2,Religious Hate,True,,0.9296077489852904,0.9034790992736816,niazi yahoodi khud ghadar hay kashmir hy bech dala 😂😂😂😂😂😂,0.9296077489852904,True,,True,,,,
class2_batch006_sample011125,6,11125,2,Religious Hate,212125,216125,v3_original_demo_boundary_prompt,4-shot random authentic same-class,Shortlisted authentic RUHSOLD Religious Hate examples,118,but we have a firm belief now that qadiyani and ahmedi neither want muslims nor pakistanis to live in a harmony,get lost you kaafir.,1 balatkari muslim 3 balatkari tera baap hindu h uske bare m kuch bol  be,wehshi darandy easai yahodi hindo islam amanka ka mazhab,hamid mir kisi ka ghar bhej raha ha woh jab tak apny sath ay ga wo aik khanzeer yahodi h,religious_hate_batch_006.csv,20,False,False,True,False,False,False,False,,True,2,Religious Hate,True,,0.9297430515289308,0.9237213134765624,tw imran yahoodi ki biwi khatoon e awwal hai kya tm logo ko matlb bhe pata hai khatoon e awwal ka,0.9297430515289308,True,,True,,,,
class2_batch006_sample011127,6,11127,2,Religious Hate,212127,216127,v3_original_demo_boundary_prompt,4-shot random authentic same-class,Shortlisted authentic RUHSOLD Religious Hate examples,118,abe mc mein bheju teri maa cow ka photo kat te hue bc. chod teri tarah andhbhakt nhi hu aur nhi illiterate.. go and drink cow piss.,jahil k bachy kahan likha h k gair mazhb sy nikaah jaiz ha... tmari gand me jo keera ha wo nhi merna... khoty khany waly... yahoodi kahan sy hogaey ahle kitaab ....tm.b yahoodi to nhi,get lost you kaafir.,kaafir tujhe kuch nai malum,apni ammi ko saare hindus ka pata ho or tum logo ki paidaish,religious_hate_batch_006.csv,13,False,False,True,False,False,False,False,,True,2,Religious Hate,True,,0.9305782318115234,0.9207711219787598,"tum vahi karo jo aata hai ,namaz or bakri chudai",0.9305782318115234,True,,True,,,,
class2_batch006_sample011129,6,11129,2,Religious Hate,212129,216129,v3_original_demo_boundary_prompt,4-shot random authentic same-class,Shortlisted authentic RUHSOLD Religious Hate examples,118,tum log yahoodi ho kisi ko shuck nahi hona chaheye bus kafi hogae musalmanon ko aur dhoka na dou👹,tmri taraj animals ki potty n khate... tm jaake  bomb fodo jaake.......halala ke masala.  niklo.. yaha tm atankiyo k liy jagah ni h bhai. yaha atank n failaooo,"how did an ahmadiya get to the top in the army of sunnis, in the first place?",oy ahmdi kuty. tum log smjhty ho k is trah kr k hm awam ko pagl bnao gy?? beta bajwa ne tere jeso ko nanga nachana he sbr kr. kahi ni ja rha hmara army chief. tum logo ne agly 3 sal me ye duniya hi chor jani bajwa k dar se. ye army chief nahi pakistan ka muhafiz he.,wahan yahodi agent hain tu,religious_hate_batch_006.csv,5,False,False,True,False,False,False,False,,True,2,Religious Hate,True,,0.9494165182113647,0.9182564616203308,yahodi agento ka qabza ma hy,0.9494165182113647,True,,True,,,,
class2_batch006_sample011133,6,11133,2,Religious Hate,212133,216133,v3_original_demo_boundary_prompt,4-shot random authentic same-class,Shortlisted authentic RUHSOLD Religious Hate examples,118,"insaniyat ko bache rahne do, jis mazhab me janwar ka gala ret ke khushi banti hai, jis mazhab me soorma logo ko 72 virgin ladkiya baati jaati, jo duniya pe kabze ke sapne dekhta ho us mazhab se duuri banane me hi insaniyat ki bhalayi hai.",sali muslims randi. jihadi sali,get lost you kaafir.,hindu dharm ka matlab samajh pehle puppet khali bhaunk aur bhaunk iam enjoying ur bark 😂😂😂😂,islamo se bachao yahan harami bhi hote hain,religious_hate_batch_006.csv,8,False,False,True,False,False,False,False,,True,2,Religious Hate,True,,0.9356220960617064,0.9222165942192078,wehshi darandy easai yahodi hindo islam amanka ka mazhab,0.9356220960617064,True,,True,,,,
class2_batch006_sample011137,6,11137,2,Religious Hate,212137,216137,v3_original_demo_boundary_prompt,4-shot random authentic same-class,Shortlisted authentic RUHSOLD Religious Hate examples,118,"pta nhi kon si uni se graduate hote ho aap log jnha aesi wahiyat education di jati hðÿ˜‚ðÿ˜‚ðÿ˜‚ halala, gazwa-e-hind, camel urine or pta nhi kya kyaðÿ˜‚ðÿ˜‚ðÿ˜‚ðÿ¤£ðÿ¤£ðÿ¤£ðÿ¤£ðÿ‘ðÿ»",teri maa ka halala kra rha tha koi problem madarjat bhosdike mulle,phir in yahodi khanzeer logo ko pata chalaiga kai kia ta aur kia nahen ye sirf dajjal kai liye aisa kar rahai hain kyunkai ye yahodi log khazeer log dajjal ko apna leader samjhtai hain aur tumhara pura bollywood bollyminati ban chuka hain tumharai dimagh ko programming ki ja rah,or wahan tumhara jahanumi ahmedi jo naaowz billah nabi hona ka dawa dar tha wo wo case hara tha or court sa bhag gya tha.nabi pak p.b.u.h allah ka akhri nabi han or on ka bad koi nabi nahi ae ga.ya ak haqeqat ha jo quran ma bhi ha.or 1947 ma pak islam ka name par bana tha.,teri maa ki choot mai halala krte hue,religious_hate_batch_006.csv,8,False,False,True,False,False,False,False,,True,2,Religious Hate,True,,0.93926340341568,0.9315680265426636,wo teri maa hogi.. halala wali,0.93926340341568,True,,True,,,,
class2_batch006_sample011142,6,11142,2,Religious Hate,212142,216142,v3_original_demo_boundary_prompt,4-shot random authentic same-class,Shortlisted authentic RUHSOLD Religious Hate examples,118,q teri bhen ko chuda hy dewbandion ny ..harami ki nasal,that's for foolish act and the ahmedi you highlighted they were equal to jews for us so alhmdurallah we save quran ! . and about hindus and christians its was a false news !  and if it is real then show me !  if you don't have anything then shut up and run !,phir kehty hum bhot badry #muslim hn aur #ashaq_e_rasool sawm hain lanat hai un sab #haramio py jinho ny bibi fatima zahra ko shahheed kia aur #haq khaya 🖐🏻😡🐕 aur lanat un sab py jo un #haramio ky hamdard hain,kutto ki tarah america maar raha hai tumhari kaum ko...aasmani kitab walo...israel roj filistin may maa chod raha hai tumhari.... pahle unse nipto....dare hue log😂😂,tu abhi tk nikl na kisi aur yahodi agent ki nasal,religious_hate_batch_006.csv,11,False,False,True,False,False,False,False,,True,2,Religious Hate,True,,0.9256763458251952,0.9143791198730468,kuch hosh k nakhun lo aur mulk o millat bcho is yahoodi agent sy. yh na ho na k pir time hath sy nikal jai aur tm saya dohndty pirro,0.9256763458251952,True,,True,,,,
class2_batch006_sample011145,6,11145,2,Religious Hate,212145,216145,v3_original_demo_boundary_prompt,4-shot random authentic same-class,Shortlisted authentic RUHSOLD Religious Hate examples,118,"obviously we muslims hate ahmedi's . 😡 we don't care whatever happens to them ! we just hate them. if their is oppression over other minorities in pakistan which is not usual alhamdolillah, then i condemn that.",ho gaye hy aur han aj jo ye sekhon k liye kar raha hy ye whoi sekh hy jub pakistan azad howa tha aur muslmano ne jub india sa hijrat ki tub sub zada qatal muslim ko in sekhon ne kiya tha par afsos ap jesy log is yahodi e agent ko ek islami leader mante ho phir kasm khao k allah,"ye manhoos hinduon ki diwali k chakkar mai har jaga ki aur quality kharab hogai, bharwe",jisko bhi hindu ki chudai par shak hai to ek baar mujh se chudwa kar dekho sab bhram dur ho jayega,bhenchod pta nhi khanzeer yahodi or kaafir kaise jata ha,religious_hate_batch_006.csv,10,False,False,True,False,False,False,False,,True,2,Religious Hate,True,,0.9270735383033752,0.9168007969856262,kaafir pe khouf hona chhahye. tum pe b hoga,0.9270735383033752,True,,True,,,,
class2_batch006_sample011151,6,11151,2,Religious Hate,212151,216151,v3_original_demo_boundary_prompt,4-shot random authentic same-class,Shortlisted authentic RUHSOLD Religious Hate examples,118,sirf momin aya to yahoodi kum nasal marny laggaye agr sawa crore momin agaye to sochen kya hoga?hamen jagna hoga,israel yahoodi sabse bade atankwaadi hai,"not surprised comment came from ahmedi. tbh, i won't be surprised when some christians will argue that they r included in muslim category too. just bcoz they believe there is only one god.",o madadarchod: tum tu farigh ho aur yeh gashti tu waisay he sari raat jagti hay. o dallay o kanjar hum tu iran jatay hotay hain tu bata apni behan kitni baar mbs aur us kay wahabi sheikhon ko bhaijta hay.,haramkhor yahodi agent,religious_hate_batch_006.csv,3,False,False,True,False,False,False,False,,True,2,Religious Hate,True,,0.8999345898628235,0.8743444681167603,yahodi agent qadyani chamcha,0.8999345898628235,True,,True,,,,
class2_batch006_sample011152,6,11152,2,Religious Hate,212152,216152,v3_original_demo_boundary_prompt,4-shot random authentic same-class,Shortlisted authentic RUHSOLD Religious Hate examples,118,teri maa ka halala kra rha tha koi problem madarjat bhosdike mulle,"m firqa wariyat m nahi parhna chahta, muslims mjo ahktlaf hen wo apni jaga , lekin pichly 200 saal sy muslim is liye mar kha rhy hen k sunni shia wahabi dayobandi bla bla ,,yahodi or nasara ny na koi sunni mulk chora ha na koi shia,  wo bs yehi dekhtay ye muslman ha ..bs maro isk",jaa bhen k lory tum harrami ki nasal ho.. dewband maslak pe kutty ki tareh bhoonkty ho..,kutto ki tarah america maar raha hai tumhari kaum ko...aasmani kitab walo...israel roj filistin may maa chod raha hai tumhari.... pahle unse nipto....dare hue log😂😂,yahoodi agent aur uski sarkoon nikla jo hamary sath hi galtiya hai aur hamare khandani dushman he,religious_hate_batch_006.csv,17,False,False,True,False,False,False,False,,True,2,Religious Hate,True,,0.9324317574501038,0.9206177592277528,kuch hosh k nakhun lo aur mulk o millat bcho is yahoodi agent sy. yh na ho na k pir time hath sy nikal jai aur tm saya dohndty pirro,0.9324317574501038,True,,True,,,,
class2_batch006_sample011153,6,11153,2,Religious Hate,212153,216153,v3_original_demo_boundary_prompt,4-shot random authentic same-class,Shortlisted authentic RUHSOLD Religious Hate examples,118,well said.lanati hain ye qadyani kafir,wow halala's product on fire as usual porkistaniðÿ˜‚ðÿ˜‚ðÿ˜‚,lant hy teri aagli pecchli tweet pe or tum pe or qadyanion pe or kuch ?,hey are fighting amongst each other. #bajwa is compromise candidate. thats only reason why he a ahmadiya is a coas.,bhenchod lanat ho yahodi agent,religious_hate_batch_006.csv,5,False,False,True,False,False,False,False,,True,2,Religious Hate,True,,0.9388867616653442,0.9115885496139526,yahodi agent qadyani chamcha,0.9388867616653442,True,,True,,,,
class2_batch006_sample011173,6,11173,2,Religious Hate,212173,216173,v3_original_demo_boundary_prompt,4-shot random authentic same-class,Shortlisted authentic RUHSOLD Religious Hate examples,118,ye lode teri maa or bahan ke shohar hai or jyada bolega to de denge teri maa or bahan ko hum denge talaq or fir halala wow kya baat hai mullo wow lund chuss lo ðÿ˜œðÿ˜œðÿ˜œðÿ˜œ,please all muslims come one page and unite  insha allah   yahoodi isreal finished all,but we have a firm belief now that qadiyani and ahmedi neither want muslims nor pakistanis to live in a harmony,jahil k bachy kahan likha h k gair mazhb sy nikaah jaiz ha... tmari gand me jo keera ha wo nhi merna... khoty khany waly... yahoodi kahan sy hogaey ahle kitaab ....tm.b yahoodi to nhi,oye yahodi agent,religious_hate_batch_006.csv,3,False,False,True,False,False,False,False,,True,2,Religious Hate,True,,0.9413237571716307,0.9125879406929016,yahodi agent qadyani chamcha,0.9413237571716307,True,,True,,,,
class2_batch006_sample011177,6,11177,2,Religious Hate,212177,216177,v3_original_demo_boundary_prompt,4-shot random authentic same-class,Shortlisted authentic RUHSOLD Religious Hate examples,118,"abbey halala ki paidaish, 5 baap ki aulaad. patthar baazi ke alawa kuchh kaam kara kabhi teri kaum ne ?",benchod randi  islam,hindu sirf gooli ki zuban smjta ha,tm jeso ki jb g**nd mari jaye na fir tm log thek rehty ho bc k bachy jb wo yahoodi lanti marty hn na wo muslim dekhty hn air kuch ni dekhty baki tm na toh apni pesh krni hoti ha unhy.,rt : randi k bache haramiyon ko sikhna chale ga,religious_hate_batch_006.csv,10,False,False,True,False,False,False,False,,True,2,Religious Hate,True,,0.9269522428512572,0.90425044298172,rt :     harami pta nhi kya jhooth bjonka hai,0.9269522428512572,True,,True,,,,
class2_batch006_sample011178,6,11178,2,Religious Hate,212178,216178,v3_original_demo_boundary_prompt,4-shot random authentic same-class,Shortlisted authentic RUHSOLD Religious Hate examples,118,pehle apni aurto ko halala se bachao ye bhi modi kar raha hai. agar sahi tum logo ka dna kiya jaye to pata nhi baap kon niklega,in beghairto israel yahodi khanzeer kai bacho nai kia kuch nahen kia hain lekhin alhamdulillah islam wahid deen jo mohabbat sikhati hain nakai nafrat aur ye sab sai tezi sai phelta huwa deen hain is liye inko jalan ho rahi hain aur har koshish kar bhe chukai hain aur kar bhe,yahoodi kabhi hamara dost nhi ho sakta,"ye manhoos hinduon ki diwali k chakkar mai har jaga ki aur quality kharab hogai, bharwe",gandi nasal haramkhor haramiyon ne islam per firqa banaya tha aur islam per kharab karni kya baat hai,religious_hate_batch_006.csv,18,False,False,True,False,False,False,False,,True,2,Religious Hate,True,,0.9336639642715454,0.9269407987594604,abhi gandi nale k paidawar pore omar haram ka k pale bade ho ghasti k bachy pore dunia k udhare ho chutia..,0.9336639642715454,True,,True,,,,
class2_batch006_sample011179,6,11179,2,Religious Hate,212179,216179,v3_original_demo_boundary_prompt,4-shot random authentic same-class,Shortlisted authentic RUHSOLD Religious Hate examples,118,is cult  mein kisi boht hi pyare ko kho dene k baad uski qaber pe phool rakhna b jurm hai west mein qaberisat se phool chura k un ko sale kr k ahmdi chanda dia karte hain takey ragister se naam na kut jaye,"bilkul,itny lecture milny hain jese christmas or new year pe milty hain ,kya apko pata bhi hai k kaafir janwaro k haqq main dua bhi nahi krni chahye",sale halala molvi se tum karvao apni oorto ka or apni ma bahan ka bol heme rhe ho molvi kamre m apni bahan ko bej kar sina choda hota hoga tumhara,tm jeso ki jb g**nd mari jaye na fir tm log thek rehty ho bc k bachy jb wo yahoodi lanti marty hn na wo muslim dekhty hn air kuch ni dekhty baki tm na toh apni pesh krni hoti ha unhy.,aur jo ye imran niazi ke liye halala k liye paida huwa tha woh apne pakistan mein bhi chora hua aur tere pas koi harami ni hai,religious_hate_batch_006.csv,27,False,False,True,False,False,False,False,,True,2,Religious Hate,True,,0.939328670501709,0.924858570098877,"kyon tumhare baap dadaon ne to pakistan me sadke le li thi, yahan kya apni ammi ka halala karwaoge sadkon pe.",0.939328670501709,True,,True,,,,
class2_batch006_sample011180,6,11180,2,Religious Hate,212180,216180,v3_original_demo_boundary_prompt,4-shot random authentic same-class,Shortlisted authentic RUHSOLD Religious Hate examples,118,tmri taraj animals ki potty n khate... tm jaake  bomb fodo jaake.......halala ke masala.  niklo.. yaha tm atankiyo k liy jagah ni h bhai. yaha atank n failaooo,q teri bhen ko chuda hy dewbandion ny ..harami ki nasal,imran qadyani yahoodi agent hy pti ki 18 bank account hy jis may qadyani yahoodi hondo ny funding ki hy . gold smith jimaima aneel musrst . atif miaan sub qadyani yahoodi hy,abe mc mein bheju teri maa cow ka photo kat te hue bc. chod teri tarah andhbhakt nhi hu aur nhi illiterate.. go and drink cow piss.,tumhari tarah gand maro tera baap halala wali randi k sath tha,religious_hate_batch_006.csv,12,False,False,True,False,False,False,False,,True,2,Religious Hate,True,,0.9211256504058838,0.9170471429824828,tumhri maa kk chodu sale apni maa ko chod ke paida hone wale randi ki aulad sale apni behan ko biwi bana ke rkhne wale muhammad ki nazayaj aulad,0.9211256504058838,True,,True,,,,
class2_batch006_sample011182,6,11182,2,Religious Hate,212182,216182,v3_original_demo_boundary_prompt,4-shot random authentic same-class,Shortlisted authentic RUHSOLD Religious Hate examples,118,yes they are involved in bomb blast... halala and bakrigiri,ye pagliya gyi h saali... kuttiya ye ab bhul gyi h jisne #halala or #teentlaaq se aazadi dilwayi usko bhul gyi h ye mullli....,tumhri maa kk chodu sale apni maa ko chod ke paida hone wale randi ki aulad sale apni behan ko biwi bana ke rkhne wale muhammad ki nazayaj aulad,"path of cruelty , path of violence, path of halala , path of tripe talaq, path of marrying 6 years old aisha,path to discipline their wives by beating them,path of hurun,path of apostasy,path of punishable apostasy, path of beheading. what a pissful religion izlam is ðÿ‘",ye jo logon ne sikhaya hai kisi yahodi agent ho mulla ka larkiyo ko biwi banane waloon ko qabil kar dene waala he.,religious_hate_batch_006.csv,23,False,False,True,False,False,False,False,,True,2,Religious Hate,True,,0.9519723057746888,0.9279356002807616,lakh di lanat tuhaday munh tay kanjro dalallo haramkhoroo tumhara naam hi mit jaye ga khottay k puttar lanati yahodi lobby k agent dabooo,0.9519723057746888,True,,True,,,,
class2_batch006_sample011185,6,11185,2,Religious Hate,212185,216185,v3_original_demo_boundary_prompt,4-shot random authentic same-class,Shortlisted authentic RUHSOLD Religious Hate examples,118,chal na randi ! we have spiritual connection with supreme leader imam khamnae !  we have our hearts and souls for holy cities of najaf and karbala !  dont give a fck to wahabi chutiyas,is cult  mein kisi boht hi pyare ko kho dene k baad uski qaber pe phool rakhna b jurm hai west mein qaberisat se phool chura k un ko sale kr k ahmdi chanda dia karte hain takey ragister se naam na kut jaye,sirf momin aya to yahoodi kum nasal marny laggaye agr sawa crore momin agaye to sochen kya hoga?hamen jagna hoga,#stopisraeliterror   yahoodi mulk jisey israel ka naam diya gaya najaiz hai yahoodi sabse bada dahshatgard,i'd say no but since you are an ahmedi then yeah.,religious_hate_batch_006.csv,11,False,False,True,False,False,False,False,,True,2,Religious Hate,True,,0.8664331436157227,0.8410899043083191,"yups, moreover rumors are he is ahmedi.,2019-11-19 03:10:16",0.8664331436157227,True,,True,,,,
class2_batch006_sample011190,6,11190,2,Religious Hate,212190,216190,v3_original_demo_boundary_prompt,4-shot random authentic same-class,Shortlisted authentic RUHSOLD Religious Hate examples,118,"tum vahi karo jo aata hai ,namaz or bakri chudai","insaniyat ko bache rahne do, jis mazhab me janwar ka gala ret ke khushi banti hai, jis mazhab me soorma logo ko 72 virgin ladkiya baati jaati, jo duniya pe kabze ke sapne dekhta ho us mazhab se duuri banane me hi insaniyat ki bhalayi hai.",plz sir hamy in say koi khtra nahi hamy is imran khan yahodi our kadiyanion say bachny pay gor karen pak army tayri azmat ko salam,"gau mutr peeyo tum log lodu awkat bna phir aake muh lag, randwa saala","ye yad rakhna chaheye kia na yahoodi agent imran chore zakat ka sara amount gandgi mein dalta hai,",religious_hate_batch_006.csv,18,False,False,True,False,False,False,False,,True,2,Religious Hate,True,,0.9391062259674072,0.9275819063186646,ye amriat nahi to or kia hain bajwa harami ko ess ka hisab dana ho ga imran yahodi agent ub tm talba ko rok k dikao ub talba teri kameez utarey gee wait kar,0.9391062259674072,True,,True,,,,
class2_batch006_sample011192,6,11192,2,Religious Hate,212192,216192,v3_original_demo_boundary_prompt,4-shot random authentic same-class,Shortlisted authentic RUHSOLD Religious Hate examples,118,in beghairto israel yahodi khanzeer kai bacho nai kia kuch nahen kia hain lekhin alhamdulillah islam wahid deen jo mohabbat sikhati hain nakai nafrat aur ye sab sai tezi sai phelta huwa deen hain is liye inko jalan ho rahi hain aur har koshish kar bhe chukai hain aur kar bhe,"path of cruelty , path of violence, path of halala , path of tripe talaq, path of marrying 6 years old aisha,path to discipline their wives by beating them,path of hurun,path of apostasy,path of punishable apostasy, path of beheading. what a pissful religion izlam is ðÿ‘","m firqa wariyat m nahi parhna chahta, muslims mjo ahktlaf hen wo apni jaga , lekin pichly 200 saal sy muslim is liye mar kha rhy hen k sunni shia wahabi dayobandi bla bla ,,yahodi or nasara ny na koi sunni mulk chora ha na koi shia,  wo bs yehi dekhtay ye muslman ha ..bs maro isk",kitane maulviyon ne tumhari ammi jaan ka halala kiya hoga tab jakar tum jaisa suar nikla hoga .. ye bhi to bta re mulle..,abhi tak ye logon ko pata ni keh diya tha ke unka baap hai... kutte se akhrot todne ka kam ye yahoodi agent hai,religious_hate_batch_006.csv,24,False,False,True,False,False,False,False,,True,2,Religious Hate,True,,0.9372073411941528,0.9218552708625792,hame apny qaid ki asliyat ka pata ...tum zara pata kari apny niyazi ka is yahoodi againt ka,0.9372073411941528,True,,True,,,,
class2_batch006_sample011193,6,11193,2,Religious Hate,212193,216193,v3_original_demo_boundary_prompt,4-shot random authentic same-class,Shortlisted authentic RUHSOLD Religious Hate examples,118,"rt : q. woh kaun si qome he,jis ne such bhi bola phr bhi jahnum mein jayegi? ans: yahoodi or nasara qome. shahid sindh",imran qadyani yahoodi agent hy pti ki 18 bank account hy jis may qadyani yahoodi hondo ny funding ki hy . gold smith jimaima aneel musrst . atif miaan sub qadyani yahoodi hy,qadiyani pe lanat mirza khinzeer harami pe lanat.,"m firqa wariyat m nahi parhna chahta, muslims mjo ahktlaf hen wo apni jaga , lekin pichly 200 saal sy muslim is liye mar kha rhy hen k sunni shia wahabi dayobandi bla bla ,,yahodi or nasara ny na koi sunni mulk chora ha na koi shia,  wo bs yehi dekhtay ye muslman ha ..bs maro isk","bajwa qadyani hy, imran qadyani hy, nawaz shareef qadyani hy, bajwa shamsi qadyani hy, sana ul rehman qadyani hy, zulfi bokhari qadyani hy, y",religious_hate_batch_006.csv,24,False,False,True,False,False,False,False,,True,2,Religious Hate,True,,0.9242852926254272,0.9224221110343932,tumhri maa kk chodu sale apni maa ko chod ke paida hone wale randi ki aulad sale apni behan ko biwi bana ke rkhne wale muhammad ki nazayaj aulad,0.9242852926254272,True,,True,,,,
class2_batch006_sample011199,6,11199,2,Religious Hate,212199,216199,v3_original_demo_boundary_prompt,4-shot random authentic same-class,Shortlisted authentic RUHSOLD Religious Hate examples,118,but we have a firm belief now that qadiyani and ahmedi neither want muslims nor pakistanis to live in a harmony,typical muslim randi-rona taqia.,ye pagliya gyi h saali... kuttiya ye ab bhul gyi h jisne #halala or #teentlaaq se aazadi dilwayi usko bhul gyi h ye mullli....,ahmedi mirziee qadiyani hargiz kuleedi uhdu pe nhee janay chahien warna hmari agencies pe swalia nishan hey,"yeh apnay pass halala ke wajah sy hai, koi bat na ho",religious_hate_batch_006.csv,12,False,False,True,False,False,False,False,,True,2,Religious Hate,True,,0.9336981773376464,0.9277143478393556,ab kya bola jaye ma'am sab halala ki paidais hai,0.9336981773376464,True,,True,,,,
class2_batch007_sample011205,7,11205,2,Religious Hate,212205,216205,v3_original_demo_boundary_prompt,4-shot random authentic same-class,Shortlisted authentic RUHSOLD Religious Hate examples,118,hindoo wo qom ha jinper koi nabi koi kitaab nazil nahi hoi. ye to yahoodi se bhi bad tar hen,qadiani ahmedi mirziee kaafir jo hen,"rt : q. woh kaun si qome he,jis ne such bhi bola phr bhi jahnum mein jayegi? ans: yahoodi or nasara qome. shahid sindh",sale halala molvi se tum karvao apni oorto ka or apni ma bahan ka bol heme rhe ho molvi kamre m apni bahan ko bej kar sina choda hota hoga tumhara,rt : ahmaddiya kutta,religious_hate_batch_007.csv,4,False,False,True,False,False,False,False,,True,2,Religious Hate,True,,0.8973872661590576,0.8844207525253296,rt : khuda maut de tjhe bharwe! lash bhi na milay teri chotiay,0.8973872661590576,True,,True,,,,
class2_batch007_sample011206,7,11206,2,Religious Hate,212206,216206,v3_original_demo_boundary_prompt,4-shot random authentic same-class,Shortlisted authentic RUHSOLD Religious Hate examples,118,sali muslims randi. jihadi sali,"just the ten thousandth ""isolated"" instance of christian /jewish/hindu/ahmedi places of worship being attacked by crybabies who themselves can't handle some nutcase burning a book full of fiction stories.",sirf momin aya to yahoodi kum nasal marny laggaye agr sawa crore momin agaye to sochen kya hoga?hamen jagna hoga,bosdk yeh tumhare ghar me hota hai. saari k blouse me mote mote doodh dikhati firti hain tumhare dharam ki orate or hindu orat ko musalman ka l#nd aachaa lagta hai. yeh baat puri dunia janti hai,sali bajwa sali yahodi agent,religious_hate_batch_007.csv,5,False,False,True,False,False,False,False,,True,2,Religious Hate,True,,0.9511893391609192,0.9078513979911804,yahodi agento ka qabza ma hy,0.9511893391609192,True,,True,,,,
class2_batch007_sample011213,7,11213,2,Religious Hate,212213,216213,v3_original_demo_boundary_prompt,4-shot random authentic same-class,Shortlisted authentic RUHSOLD Religious Hate examples,118,jaa bhen k lory tum harrami ki nasal ho.. dewband maslak pe kutty ki tareh bhoonkty ho..,qadiyani pe lanat mirza khinzeer harami pe lanat.,kitane maulviyon ne tumhari ammi jaan ka halala kiya hoga tab jakar tum jaisa suar nikla hoga .. ye bhi to bta re mulle..,iran shia mulk ha or ye munafik log han,rt :  ahmadiya muslims,religious_hate_batch_007.csv,4,False,False,True,False,False,False,False,,True,2,Religious Hate,True,,0.8962873220443726,0.8619600534439087,"rt : , , , what about ahmadiya tag of bajwa?",0.8962873220443726,True,,True,,,,
class2_batch007_sample011216,7,11216,2,Religious Hate,212216,216216,v3_original_demo_boundary_prompt,4-shot random authentic same-class,Shortlisted authentic RUHSOLD Religious Hate examples,118,#stopisraeliterror   yahoodi mulk jisey israel ka naam diya gaya najaiz hai yahoodi sabse bada dahshatgard,get lost you kaafir.,kabi bi nai jo sakta ya shia log pora ka pora yahodi hn,phir kehty hum bhot badry #muslim hn aur #ashaq_e_rasool sawm hain lanat hai un sab #haramio py jinho ny bibi fatima zahra ko shahheed kia aur #haq khaya 🖐🏻😡🐕 aur lanat un sab py jo un #haramio ky hamdard hain,ye yahoodi ka mera name likhy ga to maa baap ne dekh liya tha kya 😭,religious_hate_batch_007.csv,16,False,False,True,False,False,False,False,,True,2,Religious Hate,True,,0.9259755611419678,0.9193246960639954,"tumhain apnay baap kay firqay ka pata hay , yahoodi kay bachay",0.9259755611419678,True,,True,,,,
class2_batch007_sample011218,7,11218,2,Religious Hate,212218,216218,v3_original_demo_boundary_prompt,4-shot random authentic same-class,Shortlisted authentic RUHSOLD Religious Hate examples,118,or mujhe un ladkiyo se utni hi nafrat hai jo mullo se shadi karti hai jitni kisi normal hindu ko😡 or mujhe hindu ladko se bhi itni hi nafrat hai jo muslim ladkiyo se shadi karte hai... dharam me koi milawat mujhe pasand nahi,"huh wut you say u imbecile, i shat on you...toh toh toh kaafir",kadiyani kafir thay hain aur hamesha harain gay. ye dajjali fitnay ki ek kari hain. aur inkay supporters hum main bhe jo chupay howay hain wo bhe khanzeer kafir he hain. lannat beshomar kadiyanio pr.,qadiani ahmedi mirziee kaafir jo hen,tum logon ne gaddar ka pakistan banaya hai yahoodi agent zia,religious_hate_batch_007.csv,11,False,False,True,False,False,False,False,,True,2,Religious Hate,True,,0.9364237785339355,0.9198998212814332,vasay tha tu gatya admi sabit be kar dyea kay yahoodi agent ha kamena,0.9364237785339355,True,,True,,,,
class2_batch007_sample011220,7,11220,2,Religious Hate,212220,216220,v3_original_demo_boundary_prompt,4-shot random authentic same-class,Shortlisted authentic RUHSOLD Religious Hate examples,118,"obviously we muslims hate ahmedi's . 😡 we don't care whatever happens to them ! we just hate them. if their is oppression over other minorities in pakistan which is not usual alhamdolillah, then i condemn that.",1 balatkari muslim 3 balatkari tera baap hindu h uske bare m kuch bol  be,haha jaat dikha di bsdk antankbadi halala ki aulaad teri ammi ka halala hua tha phir to randi ke bacheðÿ¤£ðÿ¤£ðÿ˜…,quaid azam was right ky hindu muslim kabhi sth nhi rhy sgty aaj hindu apni hasli shakl dekha rhy hn. agar kisi muslim ny aisa kia hota to india media ki maa mar gi hoti pr ab nhi boly gy. aagy ka ky yehi bol dn gy ky mentally disturb tha or case khtm .#jamia,wesay jo yahoodi agent hai wo bhi kuch nahi kry ga aur koi nhe kary ga ky pakistani hein ky unky saath koi nafrat nhi hy,religious_hate_batch_007.csv,26,False,False,True,False,False,False,False,,True,2,Religious Hate,True,,0.9274805784225464,0.9184341430664062,party funding case say dhyan hataya hai yahoodi nay aur kuch bhi nahi hai awaam ko gumraah kare walay hain ye aur kuch nahi kar skty,0.9274805784225464,True,,True,,,,
class2_batch007_sample011223,7,11223,2,Religious Hate,212223,216223,v3_original_demo_boundary_prompt,4-shot random authentic same-class,Shortlisted authentic RUHSOLD Religious Hate examples,118,pehle america jaiga ue begairaat musliman kehlwane kai laiq nh pehle he logh kehty h eske bary me ye yahoodi hai,"pta nhi kon si uni se graduate hote ho aap log jnha aesi wahiyat education di jati hðÿ˜‚ðÿ˜‚ðÿ˜‚ halala, gazwa-e-hind, camel urine or pta nhi kya kyaðÿ˜‚ðÿ˜‚ðÿ˜‚ðÿ¤£ðÿ¤£ðÿ¤£ðÿ¤£ðÿ‘ðÿ»","waise madarso mein bahut achhi taaleem di jaati hai tum jihadi hijdo ko, asar dikh rha hai yahan, khud toh khud ki bhen chodte hi ho aur dusro ko bhi bhenchod samajhte ho.",or wahan tumhara jahanumi ahmedi jo naaowz billah nabi hona ka dawa dar tha wo wo case hara tha or court sa bhag gya tha.nabi pak p.b.u.h allah ka akhri nabi han or on ka bad koi nabi nahi ae ga.ya ak haqeqat ha jo quran ma bhi ha.or 1947 ma pak islam ka name par bana tha.,sher bhai teri amma k sath hua naa...teri amma apne baap sy zada harami hai..,religious_hate_batch_007.csv,15,False,False,True,False,False,False,False,,True,2,Religious Hate,True,,0.9324682354927064,0.9178041219711304,o gashti de aa..... tere abbay ik ka bhanja hone se pahke ye noon leagi kuttay ka beta b hai. tu asali harami kufafi hai khanzeer,0.9324682354927064,True,,True,,,,
class2_batch007_sample011233,7,11233,2,Religious Hate,212233,216233,v3_original_demo_boundary_prompt,4-shot random authentic same-class,Shortlisted authentic RUHSOLD Religious Hate examples,118,chutiya azam ny kia kia ha ab tk sawa saal mein sirf 11600 arab ka izfa qarzoun mein kia or kuch nhi badlo apni soch ko yahodi na bano or ek muslim ki tarh socho,"pta nhi kon si uni se graduate hote ho aap log jnha aesi wahiyat education di jati hðÿ˜‚ðÿ˜‚ðÿ˜‚ halala, gazwa-e-hind, camel urine or pta nhi kya kyaðÿ˜‚ðÿ˜‚ðÿ˜‚ðÿ¤£ðÿ¤£ðÿ¤£ðÿ¤£ðÿ‘ðÿ»","gau mutr peeyo tum log lodu awkat bna phir aake muh lag, randwa saala",pehle apni aurto ko halala se bachao ye bhi modi kar raha hai. agar sahi tum logo ka dna kiya jaye to pata nhi baap kon niklega,"wo kehtay hain ""islam ne hamara uqoon ko dekhne diya tha"" or ""yahoodi sazish""",religious_hate_batch_007.csv,14,False,False,True,False,False,False,False,,True,2,Religious Hate,True,,0.9081491231918336,0.8976424932479858,"acha agar ye yahoodi oic , un mae huzooor aqdas saw k namoos kliye aawaz othata hae.. islam k image kliye awaz othata hae... i will love such yahoodi than those bigots of islam named mulla",0.9081491231918336,True,,True,,,,
class2_batch007_sample011234,7,11234,2,Religious Hate,212234,216234,v3_original_demo_boundary_prompt,4-shot random authentic same-class,Shortlisted authentic RUHSOLD Religious Hate examples,118,please don't share his obnoxious face to me. below is the image of the book rohani khzain from ahmedi's official website see what your evil messiah has declared god but you had said you have read the books of mirza and accepted him mehdi may god give you hidyath,"waise madarso mein bahut achhi taaleem di jaati hai tum jihadi hijdo ko, asar dikh rha hai yahan, khud toh khud ki bhen chodte hi ho aur dusro ko bhi bhenchod samajhte ho.",yahoodi ko hitler ne chora or general ne in jaajoon ko chor k dhkya k ye kai hain.😂,jisko bhi hindu ki chudai par shak hai to ek baar mujh se chudwa kar dekho sab bhram dur ho jayega,tujhe pta nahi ke hamid mir nay tumara imran ki gand marwaya hy or islamabad main koi saqib nizam nahi hai,religious_hate_batch_007.csv,21,False,False,True,False,False,False,False,,True,2,Religious Hate,True,,0.9269202947616576,0.9203840494155884,"  hamin pta hy k ye  jo batin or rahe hy wo aik musalman aurat nahi kr skti, aik certified ghatya or zalil aurat hy or, sb ap sy bhe hm naraz hain k itni ghatya orat ki itni km kutty wali ki",0.9269202947616576,True,,True,,,,
class2_batch007_sample011237,7,11237,2,Religious Hate,212237,216237,v3_original_demo_boundary_prompt,4-shot random authentic same-class,Shortlisted authentic RUHSOLD Religious Hate examples,118,teri maa ka halala kra rha tha koi problem madarjat bhosdike mulle,kaafir tujhe kuch nai malum,another endian hijra coward hindu terrorist army soldier dispatched to shamshangarh by pakistan army i want more endian hindu terrorist dead so keep it up pakistan,"surprise!  surprise!  majority of the muslims are at just in different levels of ""usman khan"" ranging from mild to extreme (except ahmadiya may be, but they are not ""real muslims"")  that's from a person living in a country with 95% muslim    https://t.co/hq35u2xrrk,2009-05-25 17:25:26,sydney, new south wales",jb tum logon ko islam ne samajh nahi aaya ho tab yehi kehte hain kya kya wo bhi yahoodi agent hai aur kia kia hoga,religious_hate_batch_007.csv,25,False,False,True,False,False,False,False,,True,2,Religious Hate,True,,0.945023477077484,0.9317458271980286,tu woh kanjar hai islam ki aarh main yahoodi say bhi batar hai yazeed main tum main bas itna farq hai k tum abbasi ho baqi tu sab ek hai,0.945023477077484,True,,True,,,,
class2_batch007_sample011238,7,11238,2,Religious Hate,212238,216238,v3_original_demo_boundary_prompt,4-shot random authentic same-class,Shortlisted authentic RUHSOLD Religious Hate examples,118,lanat abbtknews k khilaf trend bnane walye yazeedion pe r bibi k dushmano p bhi,o madadarchod: tum tu farigh ho aur yeh gashti tu waisay he sari raat jagti hay. o dallay o kanjar hum tu iran jatay hotay hain tu bata apni behan kitni baar mbs aur us kay wahabi sheikhon ko bhaijta hay.,tw kaafir tera peo kaafir tera pura khandaan kaafir ooo churry trump🐱🐱,ahmdi is a non muslim biggest cheap religion ahmdi.,islam ki nakliyatiyon k sath nahin rehte,religious_hate_batch_007.csv,7,False,False,True,False,False,False,False,,True,2,Religious Hate,True,,0.9175886511802672,0.9097870588302612,nhi halala ki paidayash k gharo seðÿ˜,0.9175886511802672,True,,True,,,,
class2_batch007_sample011240,7,11240,2,Religious Hate,212240,216240,v3_original_demo_boundary_prompt,4-shot random authentic same-class,Shortlisted authentic RUHSOLD Religious Hate examples,118,sunni killing a shia....what's new?  thank god he wasn't a ahmedi muslim otherwise the motive would have been to acquire a passport to migrate to western countries and continue their islamic jihadi work after retirement,#stopisraeliterror   yahoodi mulk jisey israel ka naam diya gaya najaiz hai yahoodi sabse bada dahshatgard,in beghairto israel yahodi khanzeer kai bacho nai kia kuch nahen kia hain lekhin alhamdulillah islam wahid deen jo mohabbat sikhati hain nakai nafrat aur ye sab sai tezi sai phelta huwa deen hain is liye inko jalan ho rahi hain aur har koshish kar bhe chukai hain aur kar bhe,1 balatkari muslim 3 balatkari tera baap hindu h uske bare m kuch bol  be,o ye harami logon ko pata nahi ki bhai yahoodi agent hona ha,religious_hate_batch_007.csv,13,False,False,True,False,False,False,False,,True,2,Religious Hate,True,,0.9445023536682128,0.9316328167915344,vasay tha tu gatya admi sabit be kar dyea kay yahoodi agent ha kamena,0.9445023536682128,True,,True,,,,
class2_batch007_sample011241,7,11241,2,Religious Hate,212241,216241,v3_original_demo_boundary_prompt,4-shot random authentic same-class,Shortlisted authentic RUHSOLD Religious Hate examples,118,kitane maulviyon ne tumhari ammi jaan ka halala kiya hoga tab jakar tum jaisa suar nikla hoga .. ye bhi to bta re mulle..,sale halala molvi se tum karvao apni oorto ka or apni ma bahan ka bol heme rhe ho molvi kamre m apni bahan ko bej kar sina choda hota hoga tumhara,that nigga was yahoodi he probably lied to all the employees,qadiani ahmedi mirziee kaafir jo hen,rt : abey sale kuttay.... halala mein tere jaise saale chootiyaa tu hi pata hai ke kutte ki ooladeen,religious_hate_batch_007.csv,19,False,False,True,False,False,False,False,,True,2,Religious Hate,True,,0.9220393300056458,0.9150611758232116,chutiye halala ki upaz tu hai mein nahin isaliye tujhe zyada pata hoga,0.9220393300056458,True,,True,,,,
class2_batch007_sample011242,7,11242,2,Religious Hate,212242,216242,v3_original_demo_boundary_prompt,4-shot random authentic same-class,Shortlisted authentic RUHSOLD Religious Hate examples,118,that nigga was yahoodi he probably lied to all the employees,#stopisraeliterror   yahoodi mulk jisey israel ka naam diya gaya najaiz hai yahoodi sabse bada dahshatgard,please sell up you yahoodi bastards,ho gaye hy aur han aj jo ye sekhon k liye kar raha hy ye whoi sekh hy jub pakistan azad howa tha aur muslmano ne jub india sa hijrat ki tub sub zada qatal muslim ko in sekhon ne kiya tha par afsos ap jesy log is yahodi e agent ko ek islami leader mante ho phir kasm khao k allah,tereko chup krna hota hay ab ye yahoodi agent hai tu jesa insan nahi,religious_hate_batch_007.csv,14,False,False,True,False,False,False,False,,True,2,Religious Hate,True,,0.927543878555298,0.9154006838798524,vasay tha tu gatya admi sabit be kar dyea kay yahoodi agent ha kamena,0.927543878555298,True,,True,,,,
class2_batch007_sample011245,7,11245,2,Religious Hate,212245,216245,v3_original_demo_boundary_prompt,4-shot random authentic same-class,Shortlisted authentic RUHSOLD Religious Hate examples,118,sali muslims randi. jihadi sali,tum log yahoodi ho kisi ko shuck nahi hona chaheye bus kafi hogae musalmanon ko aur dhoka na dou👹,"not surprised comment came from ahmedi. tbh, i won't be surprised when some christians will argue that they r included in muslim category too. just bcoz they believe there is only one god.",tm jeso ki jb g**nd mari jaye na fir tm log thek rehty ho bc k bachy jb wo yahoodi lanti marty hn na wo muslim dekhty hn air kuch ni dekhty baki tm na toh apni pesh krni hoti ha unhy.,ye harami wakil hai,religious_hate_batch_007.csv,4,False,False,True,False,False,False,False,,True,2,Religious Hate,True,,0.9236369132995604,0.9095942378044128,tw aik harami kutta hai.,0.9236369132995604,True,,True,,,,
class2_batch007_sample011252,7,11252,2,Religious Hate,212252,216252,v3_original_demo_boundary_prompt,4-shot random authentic same-class,Shortlisted authentic RUHSOLD Religious Hate examples,118,"obviously we muslims hate ahmedi's . 😡 we don't care whatever happens to them ! we just hate them. if their is oppression over other minorities in pakistan which is not usual alhamdolillah, then i condemn that.",chal na randi ! we have spiritual connection with supreme leader imam khamnae !  we have our hearts and souls for holy cities of najaf and karbala !  dont give a fck to wahabi chutiyas,"abbey halala ki paidaish, 5 baap ki aulaad. patthar baazi ke alawa kuchh kaam kara kabhi teri kaum ne ?","how did an ahmadiya get to the top in the army of sunnis, in the first place?",ye toh koi ache baat nahi hai yeh haramzada salman nawaz ki shakl hai,religious_hate_batch_007.csv,14,False,False,True,False,False,False,False,,True,2,Religious Hate,True,,0.9100589156150818,0.895321249961853,astaghfir allah. ye na sirf haramzada hai bulkey khanzeer bhi hai.,0.9100589156150818,True,,True,,,,
class2_batch007_sample011253,7,11253,2,Religious Hate,212253,216253,v3_original_demo_boundary_prompt,4-shot random authentic same-class,Shortlisted authentic RUHSOLD Religious Hate examples,118,jaa bhen k lory tum harrami ki nasal ho.. dewband maslak pe kutty ki tareh bhoonkty ho..,"how did an ahmadiya get to the top in the army of sunnis, in the first place?",#stopisraeliterror   yahoodi mulk jisey israel ka naam diya gaya najaiz hai yahoodi sabse bada dahshatgard,tumri ma buhat hanzir hy jis ne tum jaise  yahodi kafir rhandi hanzir aurat ko paida kiya,halala ki bachay,religious_hate_batch_007.csv,3,False,False,True,False,False,False,False,,True,2,Religious Hate,True,,0.9375967979431152,0.9256952404975892,bhai ye halala ki aulad hi,0.9375967979431152,True,,False,Synthetic near-duplicate,class2_batch004_sample010784,0.9864692687988281,Round 1 accepted synthetic bank
class2_batch007_sample011257,7,11257,2,Religious Hate,212257,216257,v3_original_demo_boundary_prompt,4-shot random authentic same-class,Shortlisted authentic RUHSOLD Religious Hate examples,118,aor hamary hkmran in k sath mily huy en ....yahudi aor hindun hmary sb sy bry dushman en,"ye manhoos hinduon ki diwali k chakkar mai har jaga ki aur quality kharab hogai, bharwe",chhor bhen chod hrami hindu chhor esko😠😠😠,kutto ki tarah america maar raha hai tumhari kaum ko...aasmani kitab walo...israel roj filistin may maa chod raha hai tumhari.... pahle unse nipto....dare hue log😂😂,yeh bhai harami hindu h,religious_hate_batch_007.csv,5,False,False,True,False,False,False,False,,True,2,Religious Hate,True,,0.9336435794830322,0.9213054776191713,ye  halala ki paidaish h,0.9336435794830322,True,,True,,,,
class2_batch007_sample011259,7,11259,2,Religious Hate,212259,216259,v3_original_demo_boundary_prompt,4-shot random authentic same-class,Shortlisted authentic RUHSOLD Religious Hate examples,118,"gau mutr peeyo tum log lodu awkat bna phir aake muh lag, randwa saala",kutto ki tarah america maar raha hai tumhari kaum ko...aasmani kitab walo...israel roj filistin may maa chod raha hai tumhari.... pahle unse nipto....dare hue log😂😂,"rt : q. woh kaun si qome he,jis ne such bhi bola phr bhi jahnum mein jayegi? ans: yahoodi or nasara qome. shahid sindh",that nigga was yahoodi he probably lied to all the employees,tere baap jaise haramkhor muslimo ka mazhab e rasool ke samne ye sakoon na dekh lete.,religious_hate_batch_007.csv,16,False,False,True,False,False,False,False,,True,2,Religious Hate,True,,0.940451681613922,0.9319076538085938,"jaane kab kaun kise maar de kaafir keh ke, sheher ke sheher musalmaan hua firta hai",0.940451681613922,True,,True,,,,
class2_batch007_sample011266,7,11266,2,Religious Hate,212266,216266,v3_original_demo_boundary_prompt,4-shot random authentic same-class,Shortlisted authentic RUHSOLD Religious Hate examples,118,israel yahoodi sabse bade atankwaadi hai,yahoodi ko hitler ne chora or general ne in jaajoon ko chor k dhkya k ye kai hain.😂,pehle apni aurto ko halala se bachao ye bhi modi kar raha hai. agar sahi tum logo ka dna kiya jaye to pata nhi baap kon niklega,o madadarchod: tum tu farigh ho aur yeh gashti tu waisay he sari raat jagti hay. o dallay o kanjar hum tu iran jatay hotay hain tu bata apni behan kitni baar mbs aur us kay wahabi sheikhon ko bhaijta hay.,ye yahodi bhenchod,religious_hate_batch_007.csv,3,False,False,True,False,False,False,False,,True,2,Religious Hate,True,,0.950900375843048,0.9296024441719056,ye begerat hai hi yahodi,0.950900375843048,True,,True,,,,
class2_batch007_sample011269,7,11269,2,Religious Hate,212269,216269,v3_original_demo_boundary_prompt,4-shot random authentic same-class,Shortlisted authentic RUHSOLD Religious Hate examples,118,another endian hijra coward hindu terrorist army soldier dispatched to shamshangarh by pakistan army i want more endian hindu terrorist dead so keep it up pakistan,please sell up you yahoodi bastards,ye bat tum yahoodi ko bolo atankwadi tum ho jo musalman se nafrat ki aag me insaniyat ke sabse bade dushman yahoodi ko support karte ho ye log to face to face mara hai unlog chote bache ka upar bom feka kisi aurat ya admi bacha ko goli mar diya wi bhi waha ke civilian hi hai,o madadarchod: tum tu farigh ho aur yeh gashti tu waisay he sari raat jagti hay. o dallay o kanjar hum tu iran jatay hotay hain tu bata apni behan kitni baar mbs aur us kay wahabi sheikhon ko bhaijta hay.,oh yahoodi bastard,religious_hate_batch_007.csv,3,False,False,True,False,False,False,False,,True,2,Religious Hate,True,,0.9111427664756776,0.8801353573799133,yahoodi saazish😣,0.9111427664756776,True,,True,,,,
class2_batch007_sample011271,7,11271,2,Religious Hate,212271,216271,v3_original_demo_boundary_prompt,4-shot random authentic same-class,Shortlisted authentic RUHSOLD Religious Hate examples,118,tum log yahoodi ho kisi ko shuck nahi hona chaheye bus kafi hogae musalmanon ko aur dhoka na dou👹,please sell up you yahoodi bastards,tw kaafir tera peo kaafir tera pura khandaan kaafir ooo churry trump🐱🐱,chhor bhen chod hrami hindu chhor esko😠😠😠,gandhi nein yahodi hai...,religious_hate_batch_007.csv,4,False,False,True,False,False,False,False,,True,2,Religious Hate,True,,0.9290581345558168,0.9147883653640748,ye begerat hai hi yahodi,0.9290581345558168,True,,True,,,,
class2_batch007_sample011273,7,11273,2,Religious Hate,212273,216273,v3_original_demo_boundary_prompt,4-shot random authentic same-class,Shortlisted authentic RUHSOLD Religious Hate examples,118,aye yahudiyo jitna zulm karna hai kar lo in sha allah woh din bhi zaroor aayega ke tumhe chun chun ke maara jayega yahan tak ke tum darakht ya pattharoñ ke piche chhup jaoge to bejan chizen bhi kahengi yahan yahoodi chhupa hai.hadees ka farman hai ho kar rahega #israeliterrorism,that nigga was yahoodi he probably lied to all the employees,hey are fighting amongst each other. #bajwa is compromise candidate. thats only reason why he a ahmadiya is a coas.,please sell up you yahoodi bastards,aurat march ka moot pata ha yeh hindu muslim hoty hain,religious_hate_batch_007.csv,11,False,False,True,False,False,False,False,,True,2,Religious Hate,True,,0.91424298286438,0.9027490615844728,wehshi darandy easai yahodi hindo islam amanka ka mazhab,0.91424298286438,True,,True,,,,
class2_batch007_sample011274,7,11274,2,Religious Hate,212274,216274,v3_original_demo_boundary_prompt,4-shot random authentic same-class,Shortlisted authentic RUHSOLD Religious Hate examples,118,"abbey halala ki paidaish, 5 baap ki aulaad. patthar baazi ke alawa kuchh kaam kara kabhi teri kaum ne ?","bilkul,itny lecture milny hain jese christmas or new year pe milty hain ,kya apko pata bhi hai k kaafir janwaro k haqq main dua bhi nahi krni chahye",iran shia mulk ha or ye munafik log han,ho gaye hy aur han aj jo ye sekhon k liye kar raha hy ye whoi sekh hy jub pakistan azad howa tha aur muslmano ne jub india sa hijrat ki tub sub zada qatal muslim ko in sekhon ne kiya tha par afsos ap jesy log is yahodi e agent ko ek islami leader mante ho phir kasm khao k allah,gandu yahodi kashmir frosh,religious_hate_batch_007.csv,4,False,False,True,False,False,False,False,,True,2,Religious Hate,True,,0.8791287541389465,0.8698076009750366,tera behnoi to kuch aor bta raha ha bayghart kashmir frosh lanti sazishi kanjar zalel gandu imran yahodi ki najaiz olad,0.8791287541389465,True,,True,,,,
class2_batch007_sample011277,7,11277,2,Religious Hate,212277,216277,v3_original_demo_boundary_prompt,4-shot random authentic same-class,Shortlisted authentic RUHSOLD Religious Hate examples,118,sirf momin aya to yahoodi kum nasal marny laggaye agr sawa crore momin agaye to sochen kya hoga?hamen jagna hoga,"bilkul,itny lecture milny hain jese christmas or new year pe milty hain ,kya apko pata bhi hai k kaafir janwaro k haqq main dua bhi nahi krni chahye",teri maa ka halala kra rha tha koi problem madarjat bhosdike mulle,quaid azam was right ky hindu muslim kabhi sth nhi rhy sgty aaj hindu apni hasli shakl dekha rhy hn. agar kisi muslim ny aisa kia hota to india media ki maa mar gi hoti pr ab nhi boly gy. aagy ka ky yehi bol dn gy ky mentally disturb tha or case khtm .#jamia,hamara ghar mein na hein jo 70 saal se qadiyani ho rahe hain aur unke pass hein woh admi jis ne haramzadi ke sath shaadi kar li.,religious_hate_batch_007.csv,27,False,False,True,False,False,False,False,,True,2,Religious Hate,True,,0.8995438814163208,0.8944374918937683,boht hi lanati hoo tm wase miss hareem ki jaga tmhara name haramzadi hona cahiya tha or lagta tmhen pada karne ka lia tmhare baap na pig khaya tha,0.8995438814163208,True,,True,,,,
class2_batch007_sample011279,7,11279,2,Religious Hate,212279,216279,v3_original_demo_boundary_prompt,4-shot random authentic same-class,Shortlisted authentic RUHSOLD Religious Hate examples,118,wehshi darandy easai yahodi hindo islam amanka ka mazhab,meri tarbiyat yehi hai k jo amreca ko apna baap manta hai na wo muslman hai or na us s koi hanra taloq hai tum nasl e yazeedi ho masl e yahodi or yahoodio ki olad ho,yahoodi kabhi hamara dost nhi ho sakta,that nigga was yahoodi he probably lied to all the employees,bhen chod pakistan mein kya fauj ha jis mein yahoodi agents aur qadiyani agent ke baaray kuch nahi karte,religious_hate_batch_007.csv,19,False,False,True,False,False,False,False,,True,2,Religious Hate,True,,0.9259124994277954,0.916744589805603,jui inahahallah pakistan say qadyani yahoodi agent ki hukmat awr ap jesy qadyani yahoodi ki supporter ki secret program planning awam ki samny rakty rehngy,0.9259124994277954,True,,True,,,,
class2_batch007_sample011281,7,11281,2,Religious Hate,212281,216281,v3_original_demo_boundary_prompt,4-shot random authentic same-class,Shortlisted authentic RUHSOLD Religious Hate examples,118,wehshi darandy easai yahodi hindo islam amanka ka mazhab,"surprise!  surprise!  majority of the muslims are at just in different levels of ""usman khan"" ranging from mild to extreme (except ahmadiya may be, but they are not ""real muslims"")  that's from a person living in a country with 95% muslim    https://t.co/hq35u2xrrk,2009-05-25 17:25:26,sydney, new south wales","rt : q. woh kaun si qome he,jis ne such bhi bola phr bhi jahnum mein jayegi? ans: yahoodi or nasara qome. shahid sindh",lanat abbtknews k khilaf trend bnane walye yazeedion pe r bibi k dushmano p bhi,lanat ho tumhari jamiyati harami family pe,religious_hate_batch_007.csv,7,False,False,True,False,False,False,False,,True,2,Religious Hate,True,,0.9100637435913086,0.8904224634170532,qadiyani pe lanat mirza khinzeer harami pe lanat.,0.9100637435913086,True,,True,,,,
class2_batch007_sample011289,7,11289,2,Religious Hate,212289,216289,v3_original_demo_boundary_prompt,4-shot random authentic same-class,Shortlisted authentic RUHSOLD Religious Hate examples,118,ye insan ik chaaal haaa dostoo .........zra smj k chliye gaa...sb jaanty hn qadyaani kaafir hn ......ye sb k sentiments gain kr rhaa haa......bad me ye apna chehra dikhiye gaaa fasad kii shkal me.....in chaaalo sy hosyar rhy baseerat paida kry sb apny andr.. shukria...,quaid azam was right ky hindu muslim kabhi sth nhi rhy sgty aaj hindu apni hasli shakl dekha rhy hn. agar kisi muslim ny aisa kia hota to india media ki maa mar gi hoti pr ab nhi boly gy. aagy ka ky yehi bol dn gy ky mentally disturb tha or case khtm .#jamia,pislam me media ka estemal kerna haram hai  halala ki paidais,q teri bhen ko chuda hy dewbandion ny ..harami ki nasal,wah haramiyon ko aurat march ki tarah kuch nahi ata koi aurat march kisi yahodi agent ke liye hai aur wo uski bajaye jati hai. #auratmarch,religious_hate_batch_007.csv,26,False,False,True,False,False,False,False,,True,2,Religious Hate,True,,0.9205018877983092,0.9133461117744446,ye amriat nahi to or kia hain bajwa harami ko ess ka hisab dana ho ga imran yahodi agent ub tm talba ko rok k dikao ub talba teri kameez utarey gee wait kar,0.9205018877983092,True,,True,,,,
class2_batch007_sample011292,7,11292,2,Religious Hate,212292,216292,v3_original_demo_boundary_prompt,4-shot random authentic same-class,Shortlisted authentic RUHSOLD Religious Hate examples,118,bus ya aur tafseel bataao  ahmdi aurtain beach pe bikini b pehnti hain  jalse aur ijlaas pe burqa b boht hai 🤫,"huh wut you say u imbecile, i shat on you...toh toh toh kaafir",wehshi darandy easai yahodi hindo islam amanka ka mazhab,yahoodi kabhi hamara dost nhi ho sakta,halala ki paidaish kya hai..😒,religious_hate_batch_007.csv,5,False,False,True,False,False,False,False,,True,2,Religious Hate,True,,0.9630944728851318,0.949269473552704,halala ki paidaish ðÿ¤£ðÿ¤£ðÿ¤£,0.9630944728851318,True,,True,,,,
class2_batch007_sample011295,7,11295,2,Religious Hate,212295,216295,v3_original_demo_boundary_prompt,4-shot random authentic same-class,Shortlisted authentic RUHSOLD Religious Hate examples,118,ye pagliya gyi h saali... kuttiya ye ab bhul gyi h jisne #halala or #teentlaaq se aazadi dilwayi usko bhul gyi h ye mullli....,chutiya azam ny kia kia ha ab tk sawa saal mein sirf 11600 arab ka izfa qarzoun mein kia or kuch nhi badlo apni soch ko yahodi na bano or ek muslim ki tarh socho,bosdk yeh tumhare ghar me hota hai. saari k blouse me mote mote doodh dikhati firti hain tumhare dharam ki orate or hindu orat ko musalman ka l#nd aachaa lagta hai. yeh baat puri dunia janti hai,"abbey halala ki paidaish, 5 baap ki aulaad. patthar baazi ke alawa kuchh kaam kara kabhi teri kaum ne ?",wo aurat jo halala ke liye shadi kr rahi thi unki ammi ne aisa kaha k islam me shadi karny waly ko halala ke liye maangna chaye,religious_hate_batch_007.csv,27,False,False,True,False,False,False,False,,True,2,Religious Hate,True,,0.9486563205718994,0.9375850558280944,tumri ma buhat hanzir hy jis ne tum jaise  yahodi kafir rhandi hanzir aurat ko paida kiya,0.9486563205718994,True,,True,,,,
class2_batch007_sample011296,7,11296,2,Religious Hate,212296,216296,v3_original_demo_boundary_prompt,4-shot random authentic same-class,Shortlisted authentic RUHSOLD Religious Hate examples,118,oy ahmdi kuty. tum log smjhty ho k is trah kr k hm awam ko pagl bnao gy?? beta bajwa ne tere jeso ko nanga nachana he sbr kr. kahi ni ja rha hmara army chief. tum logo ne agly 3 sal me ye duniya hi chor jani bajwa k dar se. ye army chief nahi pakistan ka muhafiz he.,sale halala molvi se tum karvao apni oorto ka or apni ma bahan ka bol heme rhe ho molvi kamre m apni bahan ko bej kar sina choda hota hoga tumhara,"not surprised comment came from ahmedi. tbh, i won't be surprised when some christians will argue that they r included in muslim category too. just bcoz they believe there is only one god.","gau mutr peeyo tum log lodu awkat bna phir aake muh lag, randwa saala",oy ahmdi kuty. tum log smjhty ho k is trah kr k hm awam ko pagl bnao gy?? beta bajwa ne tere jeso ko nanga nachana he sbr kr. kahi ni ja rha h,religious_hate_batch_007.csv,34,False,False,True,False,False,False,False,,True,2,Religious Hate,True,,0.9424595832824708,0.9227805137634276, oy ahmdi kuty. tum log smjhty ho k is trah kr k hm awam ko pagl bnao gy?? beta bajwa ne tere jeso ko nanga nachana he sbr kr. kahi ni ja rha hmara army chief. tum logo ne agly 3 sal me ye duniya hi chor jani bajwa k dar se. ye army chief nahi pakistan ka muhafiz he.,0.9424595832824708,True,,False,Synthetic near-duplicate,class2_batch002_sample010290,1.0000001192092896,Round 1 accepted synthetic bank
class2_batch007_sample011297,7,11297,2,Religious Hate,212297,216297,v3_original_demo_boundary_prompt,4-shot random authentic same-class,Shortlisted authentic RUHSOLD Religious Hate examples,118,madarchod muslaman ki kaum madarchod saalo ka imaan nahi hai bheno ko chod te hai bhen ke lode harmazaade uskiye apni  maa ki chut bhi chodta hoga aur chuswata hoga logo se saare musalamaan raand ki olad islam ki maa ki chut,kadiyani kafir thay hain aur hamesha harain gay. ye dajjali fitnay ki ek kari hain. aur inkay supporters hum main bhe jo chupay howay hain wo bhe khanzeer kafir he hain. lannat beshomar kadiyanio pr.,"tum vahi karo jo aata hai ,namaz or bakri chudai",dekh le madarch*d islam ka nanga naach..babri par fate hue bawaseer ki tarah bhaunk raha tha na..us par bhi ab apne manhoos muh se kuch hag de..blood cousins ke incest ki paidaish,mc tera jism teri marzi wala chutiya insan ha yahodi agent,religious_hate_batch_007.csv,11,False,False,True,False,False,False,False,,True,2,Religious Hate,True,,0.9260296821594238,0.9109894037246704,matlb bajwa imran yahodi ki tarha baykar jahil aor naehal insan ha,0.9260296821594238,True,,True,,,,
class2_batch007_sample011298,7,11298,2,Religious Hate,212298,216298,v3_original_demo_boundary_prompt,4-shot random authentic same-class,Shortlisted authentic RUHSOLD Religious Hate examples,118,"abbey halala ki paidaish, 5 baap ki aulaad. patthar baazi ke alawa kuchh kaam kara kabhi teri kaum ne ?","how did an ahmadiya get to the top in the army of sunnis, in the first place?",phir in yahodi khanzeer logo ko pata chalaiga kai kia ta aur kia nahen ye sirf dajjal kai liye aisa kar rahai hain kyunkai ye yahodi log khazeer log dajjal ko apna leader samjhtai hain aur tumhara pura bollywood bollyminati ban chuka hain tumharai dimagh ko programming ki ja rah,"insaniyat ko bache rahne do, jis mazhab me janwar ka gala ret ke khushi banti hai, jis mazhab me soorma logo ko 72 virgin ladkiya baati jaati, jo duniya pe kabze ke sapne dekhta ho us mazhab se duuri banane me hi insaniyat ki bhalayi hai.",shukr hai allah jis ne tere jaise muslims ke lodein ko hindustani jagah bana di,religious_hate_batch_007.csv,15,False,False,True,False,False,False,False,,True,2,Religious Hate,True,,0.9144957065582277,0.903645396232605,no no ...... hindu na kah mujhe ........islam bura maan jayega .......kaafir kah kaafir...,0.9144957065582277,True,,True,,,,
class2_batch007_sample011302,7,11302,2,Religious Hate,212302,216302,v3_original_demo_boundary_prompt,4-shot random authentic same-class,Shortlisted authentic RUHSOLD Religious Hate examples,118,sunni killing a shia....what's new?  thank god he wasn't a ahmedi muslim otherwise the motive would have been to acquire a passport to migrate to western countries and continue their islamic jihadi work after retirement,"path of cruelty , path of violence, path of halala , path of tripe talaq, path of marrying 6 years old aisha,path to discipline their wives by beating them,path of hurun,path of apostasy,path of punishable apostasy, path of beheading. what a pissful religion izlam is ðÿ‘",apne profile mein whats app me fb twitter mein is bahadur nojawaan ki pic lga kr islam se or nabi ke din se mhbt ka izhaar kren or itna share kren ek yahoodi apne na pak iradoon se baaz ajaye is shakhs ne quraan pak ki hifazahat mein ek bhtareen mhbt ka jita jagta sabot dia hai,typical muslim randi-rona taqia.,this imran chore zakat khore yahodi agent destroyed pakistan and economy and now trying to destroy the muslim ummah and make the world muslim free,religious_hate_batch_007.csv,25,False,False,True,False,False,False,False,,True,2,Religious Hate,True,,0.9361373782157898,0.9221895933151244,yahoodi daboo imran chore zakat khore yahodi agents both are bajwa and imran destroy pakistan ajenda.,0.9361373782157898,True,,True,,,,
class2_batch007_sample011305,7,11305,2,Religious Hate,212305,216305,v3_original_demo_boundary_prompt,4-shot random authentic same-class,Shortlisted authentic RUHSOLD Religious Hate examples,118,sunni killing a shia....what's new?  thank god he wasn't a ahmedi muslim otherwise the motive would have been to acquire a passport to migrate to western countries and continue their islamic jihadi work after retirement,pehle america jaiga ue begairaat musliman kehlwane kai laiq nh pehle he logh kehty h eske bary me ye yahoodi hai,qadiani ahmedi mirziee kaafir jo hen,q teri bhen ko chuda hy dewbandion ny ..harami ki nasal,imran chore zakat khore yahodi agent hindoo agent munafik qadyani ka bacha,religious_hate_batch_007.csv,12,False,False,True,False,False,False,False,,True,2,Religious Hate,True,,0.9333404302597046,0.9217445254325868,yeh harrami pti main hain saray chore zakat khore yahodi agents,0.9333404302597046,True,,True,,,,
class2_batch007_sample011306,7,11306,2,Religious Hate,212306,216306,v3_original_demo_boundary_prompt,4-shot random authentic same-class,Shortlisted authentic RUHSOLD Religious Hate examples,118,"malala the product of halala pehle burke se, halala se, bacche paida kerne se or gulami ki jindgi se to azadi lelo hindustaan se azadi to tumhare kukarm tumhe dilwa hi denge. kyuki terrorism failaoge to lat mar ke desh se bhagae jaoge. i am with my country and support caa, nrcðÿ˜‰.",sale halala molvi se tum karvao apni oorto ka or apni ma bahan ka bol heme rhe ho molvi kamre m apni bahan ko bej kar sina choda hota hoga tumhara,"ye manhoos hinduon ki diwali k chakkar mai har jaga ki aur quality kharab hogai, bharwe",chutiya azam ny kia kia ha ab tk sawa saal mein sirf 11600 arab ka izfa qarzoun mein kia or kuch nhi badlo apni soch ko yahodi na bano or ek muslim ki tarh socho,ye yeh halala wale hain.,religious_hate_batch_007.csv,5,False,False,True,False,False,False,False,,True,2,Religious Hate,True,,0.9402705430984496,0.9335016012191772,bhai ye halala ki aulad hi,0.9402705430984496,True,,True,,,,
class2_batch007_sample011312,7,11312,2,Religious Hate,212312,216312,v3_original_demo_boundary_prompt,4-shot random authentic same-class,Shortlisted authentic RUHSOLD Religious Hate examples,118,"not surprised comment came from ahmedi. tbh, i won't be surprised when some christians will argue that they r included in muslim category too. just bcoz they believe there is only one god.",abe jaana mullle sale bhikari !! halala k maje krwa apni maa ko,shia kaafir hai aur hum naam k musalmaan.,please all muslims come one page and unite  insha allah   yahoodi isreal finished all,imran chore zakat khore yahodi agent israel ka agent,religious_hate_batch_007.csv,9,False,False,True,False,False,False,False,,True,2,Religious Hate,True,,0.9274487495422364,0.9110243916511536,pagal yahodi daboo imran chore zakat khore,0.9274487495422364,True,,True,,,,
class2_batch007_sample011313,7,11313,2,Religious Hate,212313,216313,v3_original_demo_boundary_prompt,4-shot random authentic same-class,Shortlisted authentic RUHSOLD Religious Hate examples,118,"rt : q. woh kaun si qome he,jis ne such bhi bola phr bhi jahnum mein jayegi? ans: yahoodi or nasara qome. shahid sindh",typical muslim randi-rona taqia.,another endian hijra coward hindu terrorist army soldier dispatched to shamshangarh by pakistan army i want more endian hindu terrorist dead so keep it up pakistan,is cult  mein kisi boht hi pyare ko kho dene k baad uski qaber pe phool rakhna b jurm hai west mein qaberisat se phool chura k un ko sale kr k ahmdi chanda dia karte hain takey ragister se naam na kut jaye,haramkhor ho gaya tha mujhe,religious_hate_batch_007.csv,5,False,False,True,False,False,False,False,,True,2,Religious Hate,True,,0.8922916650772095,0.885134220123291,"  abey haramkhor bhikari kya bol raha hai, tu khud samajh raha hai? haramkhor hindi likhna nahi aata hai to mat likha kar.",0.8922916650772095,True,,True,,,,
class2_batch007_sample011318,7,11318,2,Religious Hate,212318,216318,v3_original_demo_boundary_prompt,4-shot random authentic same-class,Shortlisted authentic RUHSOLD Religious Hate examples,118,ahmedi mirziee qadiyani hargiz kuleedi uhdu pe nhee janay chahien warna hmari agencies pe swalia nishan hey,chal fosdi ke mohammad kabile wale ki halala ki aulad,abe halala ki paidaish..  tumhara to wajood hi 800 years purana hai..  jab bhagwan ram ko kagaj dikhane ki jarurat par gayi to tum kaun ho.. kagaj to dikhana hi parega.. #nrc_caa_npr,#khuda ki qasam agar mey hota tu zinda nahe bach sakta ta muj sey ye beghairat kafir yahoodi.,halala ki aulaad,religious_hate_batch_007.csv,3,False,False,True,False,False,False,False,,True,2,Religious Hate,True,,0.9609586000442504,0.9318627119064332,halala ki oladoo,0.9609586000442504,True,,True,,,,
class2_batch007_sample011322,7,11322,2,Religious Hate,212322,216322,v3_original_demo_boundary_prompt,4-shot random authentic same-class,Shortlisted authentic RUHSOLD Religious Hate examples,118,chutiya azam ny kia kia ha ab tk sawa saal mein sirf 11600 arab ka izfa qarzoun mein kia or kuch nhi badlo apni soch ko yahodi na bano or ek muslim ki tarh socho,no no ...... hindu na kah mujhe ........islam bura maan jayega .......kaafir kah kaafir...,"just the ten thousandth ""isolated"" instance of christian /jewish/hindu/ahmedi places of worship being attacked by crybabies who themselves can't handle some nutcase burning a book full of fiction stories.",yahoodi kabhi hamara dost nhi ho sakta,harami sabse bada gunda,religious_hate_batch_007.csv,4,False,False,True,False,False,False,False,,True,2,Religious Hate,True,,0.9236109256744384,0.90798819065094,lanti hyn ye harami,0.9236109256744384,True,,True,,,,
class2_batch007_sample011324,7,11324,2,Religious Hate,212324,216324,v3_original_demo_boundary_prompt,4-shot random authentic same-class,Shortlisted authentic RUHSOLD Religious Hate examples,118,wise halala ki paidaish tumse yhi ummid ki ja sakti hai madarsa chhhap suarðÿ˜‚ðÿ¤£ðÿ¤£ðÿ¤£ðÿ¤£,hindu sirf gooli ki zuban smjta ha,iran shia mulk ha or ye munafik log han,halala ki padayish ho aap aur kya expect karenge hum aapse,apne halala ki tarah waisay karwa rha ha,religious_hate_batch_007.csv,8,False,False,True,False,False,False,False,,True,2,Religious Hate,True,,0.9421629905700684,0.9381935000419616,bhai ye halala ki aulad hi,0.9421629905700684,True,,True,,,,
class2_batch007_sample011325,7,11325,2,Religious Hate,212325,216325,v3_original_demo_boundary_prompt,4-shot random authentic same-class,Shortlisted authentic RUHSOLD Religious Hate examples,118,uff pakiza muslim randi 😉😍,jisko bhi hindu ki chudai par shak hai to ek baar mujh se chudwa kar dekho sab bhram dur ho jayega,oeyy randdii k bachay ganddu hindu.. kyun jhoott baq raha hai gashti maa k ganndduu bachay. peshaab p k palnay wali qoum.,abe jaana mullle sale bhikari !! halala k maje krwa apni maa ko,ye tu tmhari maa ka lund kutta yahodi,religious_hate_batch_007.csv,8,False,False,True,False,False,False,False,,True,2,Religious Hate,True,,0.9470477104187012,0.9388796091079712,kuty wali to ise yahodi ki ho gi,0.9470477104187012,True,,True,,,,
class2_batch007_sample011339,7,11339,2,Religious Hate,212339,216339,v3_original_demo_boundary_prompt,4-shot random authentic same-class,Shortlisted authentic RUHSOLD Religious Hate examples,118,another endian hijra coward hindu terrorist army soldier dispatched to shamshangarh by pakistan army i want more endian hindu terrorist dead so keep it up pakistan,or mujhe un ladkiyo se utni hi nafrat hai jo mullo se shadi karti hai jitni kisi normal hindu ko😡 or mujhe hindu ladko se bhi itni hi nafrat hai jo muslim ladkiyo se shadi karte hai... dharam me koi milawat mujhe pasand nahi,wise halala ki paidaish tumse yhi ummid ki ja sakti hai madarsa chhhap suarðÿ˜‚ðÿ¤£ðÿ¤£ðÿ¤£ðÿ¤£,kitane maulviyon ne tumhari ammi jaan ka halala kiya hoga tab jakar tum jaisa suar nikla hoga .. ye bhi to bta re mulle..,mulle teri behn k ghar wale kehte hain tere baap jaise halala k liye tu samjha aur humne dekha hai tujhe koi dard nahi hai,religious_hate_batch_007.csv,25,False,False,True,False,False,False,False,,True,2,Religious Hate,True,,0.94147527217865,0.9265222549438475,"tu to betha bhe kabul k bahir ha, apnay baap yahood ki nagri ma . tu kia hisaab lega begairat insan.   ham abhi zinda hain",0.94147527217865,True,,True,,,,
class2_batch007_sample011348,7,11348,2,Religious Hate,212348,216348,v3_original_demo_boundary_prompt,4-shot random authentic same-class,Shortlisted authentic RUHSOLD Religious Hate examples,118,abe mc mein bheju teri maa cow ka photo kat te hue bc. chod teri tarah andhbhakt nhi hu aur nhi illiterate.. go and drink cow piss.,israel yahoodi sabse bade atankwaadi hai,sirf momin aya to yahoodi kum nasal marny laggaye agr sawa crore momin agaye to sochen kya hoga?hamen jagna hoga,"path of cruelty , path of violence, path of halala , path of tripe talaq, path of marrying 6 years old aisha,path to discipline their wives by beating them,path of hurun,path of apostasy,path of punishable apostasy, path of beheading. what a pissful religion izlam is ðÿ‘",gandu halala ki paidaish,religious_hate_batch_007.csv,4,False,False,True,False,False,False,False,,True,2,Religious Hate,True,,0.9465005397796632,0.9361007809638976,ye  halala ki paidaish h,0.9465005397796632,True,,True,,,,
class2_batch007_sample011350,7,11350,2,Religious Hate,212350,216350,v3_original_demo_boundary_prompt,4-shot random authentic same-class,Shortlisted authentic RUHSOLD Religious Hate examples,118,imran qadyani yahoodi agent hy pti ki 18 bank account hy jis may qadyani yahoodi hondo ny funding ki hy . gold smith jimaima aneel musrst . atif miaan sub qadyani yahoodi hy,dekh le madarch*d islam ka nanga naach..babri par fate hue bawaseer ki tarah bhaunk raha tha na..us par bhi ab apne manhoos muh se kuch hag de..blood cousins ke incest ki paidaish,pislam me media ka estemal kerna haram hai  halala ki paidais,bus ya aur tafseel bataao  ahmdi aurtain beach pe bikini b pehnti hain  jalse aur ijlaas pe burqa b boht hai 🤫,mazak choru aurat ko dum ho gayi ha jo yahoodi agent imran chore zakat khore yahodi agent imran zardari ka qurbani kar rhy,religious_hate_batch_007.csv,23,False,False,True,False,False,False,False,,True,2,Religious Hate,True,,0.9335707426071168,0.9248626828193665,lakh di lanat tuhaday munh tay kanjro dalallo haramkhoroo tumhara naam hi mit jaye ga khottay k puttar lanati yahodi lobby k agent dabooo,0.9335707426071168,True,,True,,,,
class2_batch007_sample011357,7,11357,2,Religious Hate,212357,216357,v3_original_demo_boundary_prompt,4-shot random authentic same-class,Shortlisted authentic RUHSOLD Religious Hate examples,118,lant hy teri aagli pecchli tweet pe or tum pe or qadyanion pe or kuch ?,"waise madarso mein bahut achhi taaleem di jaati hai tum jihadi hijdo ko, asar dikh rha hai yahan, khud toh khud ki bhen chodte hi ho aur dusro ko bhi bhenchod samajhte ho.",ho gaye hy aur han aj jo ye sekhon k liye kar raha hy ye whoi sekh hy jub pakistan azad howa tha aur muslmano ne jub india sa hijrat ki tub sub zada qatal muslim ko in sekhon ne kiya tha par afsos ap jesy log is yahodi e agent ko ek islami leader mante ho phir kasm khao k allah,"huh wut you say u imbecile, i shat on you...toh toh toh kaafir",khanzeer nikalo ye yahoodi agents,religious_hate_batch_007.csv,5,False,False,True,False,False,False,False,,True,2,Religious Hate,True,,0.9304797649383544,0.9091085195541382,niazi yahoodi agent he,0.9304797649383544,True,,True,,,,
class2_batch007_sample011358,7,11358,2,Religious Hate,212358,216358,v3_original_demo_boundary_prompt,4-shot random authentic same-class,Shortlisted authentic RUHSOLD Religious Hate examples,118,jahil k bachy kahan likha h k gair mazhb sy nikaah jaiz ha... tmari gand me jo keera ha wo nhi merna... khoty khany waly... yahoodi kahan sy hogaey ahle kitaab ....tm.b yahoodi to nhi,that's for foolish act and the ahmedi you highlighted they were equal to jews for us so alhmdurallah we save quran ! . and about hindus and christians its was a false news !  and if it is real then show me !  if you don't have anything then shut up and run !,chal fosdi ke mohammad kabile wale ki halala ki aulad,"rt : q. woh kaun si qome he,jis ne such bhi bola phr bhi jahnum mein jayegi? ans: yahoodi or nasara qome. shahid sindh",ahmadiya muslim kafir hain.,religious_hate_batch_007.csv,4,False,False,True,False,False,False,False,,True,2,Religious Hate,True,,0.935288429260254,0.9079475402832032,qadiani ahmedi mirziee kaafir jo hen,0.935288429260254,True,,True,,,,
class2_batch007_sample011362,7,11362,2,Religious Hate,212362,216362,v3_original_demo_boundary_prompt,4-shot random authentic same-class,Shortlisted authentic RUHSOLD Religious Hate examples,118,"surprise!  surprise!  majority of the muslims are at just in different levels of ""usman khan"" ranging from mild to extreme (except ahmadiya may be, but they are not ""real muslims"")  that's from a person living in a country with 95% muslim    https://t.co/hq35u2xrrk,2009-05-25 17:25:26,sydney, new south wales",hindu dharm ka matlab samajh pehle puppet khali bhaunk aur bhaunk iam enjoying ur bark 😂😂😂😂,sunni killing a shia....what's new?  thank god he wasn't a ahmedi muslim otherwise the motive would have been to acquire a passport to migrate to western countries and continue their islamic jihadi work after retirement,lant hy teri aagli pecchli tweet pe or tum pe or qadyanion pe or kuch ?,tere baap hain hum sab ko ye harami,religious_hate_batch_007.csv,8,False,False,True,False,False,False,False,,True,2,Religious Hate,True,,0.94032883644104,0.9320670366287231,mujy b lay jata harami😢,0.94032883644104,True,,True,,,,
class2_batch007_sample011365,7,11365,2,Religious Hate,212365,216365,v3_original_demo_boundary_prompt,4-shot random authentic same-class,Shortlisted authentic RUHSOLD Religious Hate examples,118,ahmdi is a non muslim biggest cheap religion ahmdi.,"rt : q. woh kaun si qome he,jis ne such bhi bola phr bhi jahnum mein jayegi? ans: yahoodi or nasara qome. shahid sindh","hogai izzat? mera jism meri marzi jc ghaleez or ghatiya terminologies hamare muslim muashrey me dene ki koshish me aapki so-called,vahiyat or ikhlaq se giri support ko khud ne hi reject kardiya.  apne yahoodi gods ko khush krne k liey kuch or karien",wise halala ki paidaish tumse yhi ummid ki ja sakti hai madarsa chhhap suarðÿ˜‚ðÿ¤£ðÿ¤£ðÿ¤£ðÿ¤£,haan ye sabahir kehty hain kia harami hinduon k musalman ko maan lena hy aur eska dost na banana,religious_hate_batch_007.csv,19,False,False,True,False,False,False,False,,True,2,Religious Hate,True,,0.9255844354629515,0.9226490259170532,ham serf banam musalman reh gaye hen kaam hamaare saare wahiii hen jo yahoodiyion k hen na yahan koi rokhne wala hai na poochne wala k ye kya randi khana laga rkha hai,0.9255844354629515,True,,True,,,,
class2_batch007_sample011376,7,11376,2,Religious Hate,212376,216376,v3_original_demo_boundary_prompt,4-shot random authentic same-class,Shortlisted authentic RUHSOLD Religious Hate examples,118,dekh le madarch*d islam ka nanga naach..babri par fate hue bawaseer ki tarah bhaunk raha tha na..us par bhi ab apne manhoos muh se kuch hag de..blood cousins ke incest ki paidaish,meri tarbiyat yehi hai k jo amreca ko apna baap manta hai na wo muslman hai or na us s koi hanra taloq hai tum nasl e yazeedi ho masl e yahodi or yahoodio ki olad ho,please all muslims come one page and unite  insha allah   yahoodi isreal finished all,sale halala molvi se tum karvao apni oorto ka or apni ma bahan ka bol heme rhe ho molvi kamre m apni bahan ko bej kar sina choda hota hoga tumhara,teri ma ki choot maru yahodi,religious_hate_batch_007.csv,6,False,False,True,False,False,False,False,,True,2,Religious Hate,True,,0.945544958114624,0.9330922961235046,kuty wali to ise yahodi ki ho gi,0.945544958114624,True,,True,,,,
class2_batch007_sample011377,7,11377,2,Religious Hate,212377,216377,v3_original_demo_boundary_prompt,4-shot random authentic same-class,Shortlisted authentic RUHSOLD Religious Hate examples,118,in beghairto israel yahodi khanzeer kai bacho nai kia kuch nahen kia hain lekhin alhamdulillah islam wahid deen jo mohabbat sikhati hain nakai nafrat aur ye sab sai tezi sai phelta huwa deen hain is liye inko jalan ho rahi hain aur har koshish kar bhe chukai hain aur kar bhe,sunni killing a shia....what's new?  thank god he wasn't a ahmedi muslim otherwise the motive would have been to acquire a passport to migrate to western countries and continue their islamic jihadi work after retirement,phir in yahodi khanzeer logo ko pata chalaiga kai kia ta aur kia nahen ye sirf dajjal kai liye aisa kar rahai hain kyunkai ye yahodi log khazeer log dajjal ko apna leader samjhtai hain aur tumhara pura bollywood bollyminati ban chuka hain tumharai dimagh ko programming ki ja rah,meri tarbiyat yehi hai k jo amreca ko apna baap manta hai na wo muslman hai or na us s koi hanra taloq hai tum nasl e yazeedi ho masl e yahodi or yahoodio ki olad ho,sunni kya hai??? harami or yahodi kai pilaar hai,religious_hate_batch_007.csv,9,False,False,True,False,False,False,False,,True,2,Religious Hate,True,,0.909277617931366,0.8951797485351562,"abe, tu bhi halala wala hai kya..?",0.909277617931366,True,,True,,,,
class2_batch007_sample011379,7,11379,2,Religious Hate,212379,216379,v3_original_demo_boundary_prompt,4-shot random authentic same-class,Shortlisted authentic RUHSOLD Religious Hate examples,118,"ye manhoos hinduon ki diwali k chakkar mai har jaga ki aur quality kharab hogai, bharwe",halala ki padayish ho aap aur kya expect karenge hum aapse,madarchod muslaman ki kaum madarchod saalo ka imaan nahi hai bheno ko chod te hai bhen ke lode harmazaade uskiye apni  maa ki chut bhi chodta hoga aur chuswata hoga logo se saare musalamaan raand ki olad islam ki maa ki chut,quaid azam was right ky hindu muslim kabhi sth nhi rhy sgty aaj hindu apni hasli shakl dekha rhy hn. agar kisi muslim ny aisa kia hota to india media ki maa mar gi hoti pr ab nhi boly gy. aagy ka ky yehi bol dn gy ky mentally disturb tha or case khtm .#jamia,yahodi or yahoodi agent jo mazhab mein hi khatra hain wo sab hamein goli dalte hain aur hamara haq quran ka samna karne ke liye hai aur unka paisa lagte hain,religious_hate_batch_007.csv,31,False,False,True,False,False,False,False,,True,2,Religious Hate,True,,0.9207000732421876,0.915473461151123,tumara kuta wazir jahil e azam ek yahodi e agent hy aur pori ki pori team wo hi team hy jo pechli hukomaton k sat thi aur ab bi apni nalike k liye tum log sharmedha ni ho allah ka azab ho tum par ameen,0.9207000732421876,True,,True,,,,
class2_batch007_sample011383,7,11383,2,Religious Hate,212383,216383,v3_original_demo_boundary_prompt,4-shot random authentic same-class,Shortlisted authentic RUHSOLD Religious Hate examples,118,kabi bi nai jo sakta ya shia log pora ka pora yahodi hn,apne profile mein whats app me fb twitter mein is bahadur nojawaan ki pic lga kr islam se or nabi ke din se mhbt ka izhaar kren or itna share kren ek yahoodi apne na pak iradoon se baaz ajaye is shakhs ne quraan pak ki hifazahat mein ek bhtareen mhbt ka jita jagta sabot dia hai,haha jaat dikha di bsdk antankbadi halala ki aulaad teri ammi ka halala hua tha phir to randi ke bacheðÿ¤£ðÿ¤£ðÿ˜…,bus ya aur tafseel bataao  ahmdi aurtain beach pe bikini b pehnti hain  jalse aur ijlaas pe burqa b boht hai 🤫,apni maa ki choot main yahodi ko chod rhi hu,religious_hate_batch_007.csv,10,False,False,True,False,False,False,False,,True,2,Religious Hate,True,,0.9424833059310912,0.9369796514511108,kabi bi nai jo sakta ya shia log pora ka pora yahodi hn,0.9424833059310912,True,,True,,,,
class2_batch007_sample011384,7,11384,2,Religious Hate,212384,216384,v3_original_demo_boundary_prompt,4-shot random authentic same-class,Shortlisted authentic RUHSOLD Religious Hate examples,118,lant hy teri aagli pecchli tweet pe or tum pe or qadyanion pe or kuch ?,chutiya azam ny kia kia ha ab tk sawa saal mein sirf 11600 arab ka izfa qarzoun mein kia or kuch nhi badlo apni soch ko yahodi na bano or ek muslim ki tarh socho,kaafir tujhe kuch nai malum,ye bat tum yahoodi ko bolo atankwadi tum ho jo musalman se nafrat ki aag me insaniyat ke sabse bade dushman yahoodi ko support karte ho ye log to face to face mara hai unlog chote bache ka upar bom feka kisi aurat ya admi bacha ko goli mar diya wi bhi waha ke civilian hi hai,sana ullah pakistan ko aik jesy halala walo ne banaya tha jo baki sub ko zindgi mein dukh diya,religious_hate_batch_007.csv,19,False,False,True,False,False,False,False,,True,2,Religious Hate,True,,0.9336539506912231,0.9249030351638794,aur pakistan k munafiq mullah  musalmanoon ko aapas mein larwa rahay hain  aik doosray pay qadyani yahoodi honay k jhootay fatway jari kar rahay hain.,0.9336539506912231,True,,True,,,,
class2_batch007_sample011385,7,11385,2,Religious Hate,212385,216385,v3_original_demo_boundary_prompt,4-shot random authentic same-class,Shortlisted authentic RUHSOLD Religious Hate examples,118,"pta nhi kon si uni se graduate hote ho aap log jnha aesi wahiyat education di jati hðÿ˜‚ðÿ˜‚ðÿ˜‚ halala, gazwa-e-hind, camel urine or pta nhi kya kyaðÿ˜‚ðÿ˜‚ðÿ˜‚ðÿ¤£ðÿ¤£ðÿ¤£ðÿ¤£ðÿ‘ðÿ»",shia kaafir hai aur hum naam k musalmaan.,"path of cruelty , path of violence, path of halala , path of tripe talaq, path of marrying 6 years old aisha,path to discipline their wives by beating them,path of hurun,path of apostasy,path of punishable apostasy, path of beheading. what a pissful religion izlam is ðÿ‘",ahmdi is a non muslim biggest cheap religion ahmdi.,halala ki aulad,religious_hate_batch_007.csv,3,False,False,True,False,False,False,False,,True,2,Religious Hate,True,,0.9718929529190063,0.9353310465812684,halala ki olad,0.9718929529190063,True,,True,,,,
class2_batch007_sample011386,7,11386,2,Religious Hate,212386,216386,v3_original_demo_boundary_prompt,4-shot random authentic same-class,Shortlisted authentic RUHSOLD Religious Hate examples,118,"abbey halala ki paidaish, 5 baap ki aulaad. patthar baazi ke alawa kuchh kaam kara kabhi teri kaum ne ?",teri maa ka halala kra rha tha koi problem madarjat bhosdike mulle,q teri bhen ko chuda hy dewbandion ny ..harami ki nasal,lanat abbtknews k khilaf trend bnane walye yazeedion pe r bibi k dushmano p bhi,teri maa ko maru.. halala se aagaya hai tera...,religious_hate_batch_007.csv,9,False,False,True,False,False,False,False,,True,2,Religious Hate,True,,0.9452532529830932,0.9314128160476683,wo teri maa hogi.. halala wali,0.9452532529830932,True,,True,,,,
class2_batch007_sample011392,7,11392,2,Religious Hate,212392,216392,v3_original_demo_boundary_prompt,4-shot random authentic same-class,Shortlisted authentic RUHSOLD Religious Hate examples,118,tm jeso ki jb g**nd mari jaye na fir tm log thek rehty ho bc k bachy jb wo yahoodi lanti marty hn na wo muslim dekhty hn air kuch ni dekhty baki tm na toh apni pesh krni hoti ha unhy.,"surprise!  surprise!  majority of the muslims are at just in different levels of ""usman khan"" ranging from mild to extreme (except ahmadiya may be, but they are not ""real muslims"")  that's from a person living in a country with 95% muslim    https://t.co/hq35u2xrrk,2009-05-25 17:25:26,sydney, new south wales",tum log yahoodi ho kisi ko shuck nahi hona chaheye bus kafi hogae musalmanon ko aur dhoka na dou👹,please sell up you yahoodi bastards,oooo nakli haramkhor mulla 😠,religious_hate_batch_007.csv,5,False,False,True,False,False,False,False,,True,2,Religious Hate,True,,0.9220842719078064,0.9058621525764464,chhor bhen chod hrami hindu chhor esko😠😠😠,0.9220842719078064,True,,True,,,,
class2_batch007_sample011394,7,11394,2,Religious Hate,212394,216394,v3_original_demo_boundary_prompt,4-shot random authentic same-class,Shortlisted authentic RUHSOLD Religious Hate examples,118,qadiyani pe lanat mirza khinzeer harami pe lanat.,"hogai izzat? mera jism meri marzi jc ghaleez or ghatiya terminologies hamare muslim muashrey me dene ki koshish me aapki so-called,vahiyat or ikhlaq se giri support ko khud ne hi reject kardiya.  apne yahoodi gods ko khush krne k liey kuch or karien",ahmedi mirziee qadiyani hargiz kuleedi uhdu pe nhee janay chahien warna hmari agencies pe swalia nishan hey,"path of cruelty , path of violence, path of halala , path of tripe talaq, path of marrying 6 years old aisha,path to discipline their wives by beating them,path of hurun,path of apostasy,path of punishable apostasy, path of beheading. what a pissful religion izlam is ðÿ‘",ye yahodi agent kisi aur kasi ka bhaija he hai.,religious_hate_batch_007.csv,10,False,False,True,False,False,False,False,,True,2,Religious Hate,True,,0.9278318881988524,0.9182268977165222,hm kehte k kaaaan yahoodi agent he bulke ab to qadiani or sikh agent bi he,0.9278318881988524,True,,True,,,,
class2_batch007_sample011398,7,11398,2,Religious Hate,212398,216398,v3_original_demo_boundary_prompt,4-shot random authentic same-class,Shortlisted authentic RUHSOLD Religious Hate examples,118,bus ya aur tafseel bataao  ahmdi aurtain beach pe bikini b pehnti hain  jalse aur ijlaas pe burqa b boht hai 🤫,"rt : q. woh kaun si qome he,jis ne such bhi bola phr bhi jahnum mein jayegi? ans: yahoodi or nasara qome. shahid sindh",tmri taraj animals ki potty n khate... tm jaake  bomb fodo jaake.......halala ke masala.  niklo.. yaha tm atankiyo k liy jagah ni h bhai. yaha atank n failaooo,#stopisraeliterror   yahoodi mulk jisey israel ka naam diya gaya najaiz hai yahoodi sabse bada dahshatgard,"tum logon ko apne jesy hindu muslim hote nhe, ye kabhi apni amma chodungi 😂",religious_hate_batch_007.csv,15,False,False,True,False,False,False,False,,True,2,Religious Hate,True,,0.9295634031295776,0.9157354235649108,no no ...... hindu na kah mujhe ........islam bura maan jayega .......kaafir kah kaafir...,0.9295634031295776,True,,True,,,,
class2_batch008_sample011406,8,11406,2,Religious Hate,212406,216406,v3_original_demo_boundary_prompt,4-shot random authentic same-class,Shortlisted authentic RUHSOLD Religious Hate examples,118,"malala the product of halala pehle burke se, halala se, bacche paida kerne se or gulami ki jindgi se to azadi lelo hindustaan se azadi to tumhare kukarm tumhe dilwa hi denge. kyuki terrorism failaoge to lat mar ke desh se bhagae jaoge. i am with my country and support caa, nrcðÿ˜‰.",ye lode teri maa or bahan ke shohar hai or jyada bolega to de denge teri maa or bahan ko hum denge talaq or fir halala wow kya baat hai mullo wow lund chuss lo ðÿ˜œðÿ˜œðÿ˜œðÿ˜œ,another endian hijra coward hindu terrorist army soldier dispatched to shamshangarh by pakistan army i want more endian hindu terrorist dead so keep it up pakistan,kaafir tujhe kuch nai malum,teri maa bhen ko halala kar liya hai... aur teri behn ko randiyon ne chod diye hain...,religious_hate_batch_008.csv,17,False,False,True,False,False,False,False,,True,2,Religious Hate,True,,0.9498049020767212,0.9318729639053344,haha jaat dikha di bsdk antankbadi halala ki aulaad teri ammi ka halala hua tha phir to randi ke bacheðÿ¤£ðÿ¤£ðÿ˜…,0.9498049020767212,True,,True,,,,
class2_batch008_sample011411,8,11411,2,Religious Hate,212411,216411,v3_original_demo_boundary_prompt,4-shot random authentic same-class,Shortlisted authentic RUHSOLD Religious Hate examples,118,"bilkul,itny lecture milny hain jese christmas or new year pe milty hain ,kya apko pata bhi hai k kaafir janwaro k haqq main dua bhi nahi krni chahye",iran shia mulk ha or ye munafik log han,kutto ki tarah america maar raha hai tumhari kaum ko...aasmani kitab walo...israel roj filistin may maa chod raha hai tumhari.... pahle unse nipto....dare hue log😂😂,ye bat tum yahoodi ko bolo atankwadi tum ho jo musalman se nafrat ki aag me insaniyat ke sabse bade dushman yahoodi ko support karte ho ye log to face to face mara hai unlog chote bache ka upar bom feka kisi aurat ya admi bacha ko goli mar diya wi bhi waha ke civilian hi hai,kia ye ahmaddiya muslim ha aur unke baare me tauheed ka fasaad hota ha,religious_hate_batch_008.csv,14,False,False,True,False,False,False,False,,True,2,Religious Hate,True,,0.9333450794219972,0.9280797243118286,tumri ma buhat hanzir hy jis ne tum jaise  yahodi kafir rhandi hanzir aurat ko paida kiya,0.9333450794219972,True,,True,,,,
class2_batch008_sample011413,8,11413,2,Religious Hate,212413,216413,v3_original_demo_boundary_prompt,4-shot random authentic same-class,Shortlisted authentic RUHSOLD Religious Hate examples,118,"pta nhi kon si uni se graduate hote ho aap log jnha aesi wahiyat education di jati hðÿ˜‚ðÿ˜‚ðÿ˜‚ halala, gazwa-e-hind, camel urine or pta nhi kya kyaðÿ˜‚ðÿ˜‚ðÿ˜‚ðÿ¤£ðÿ¤£ðÿ¤£ðÿ¤£ðÿ‘ðÿ»",ye insan ik chaaal haaa dostoo .........zra smj k chliye gaa...sb jaanty hn qadyaani kaafir hn ......ye sb k sentiments gain kr rhaa haa......bad me ye apna chehra dikhiye gaaa fasad kii shkal me.....in chaaalo sy hosyar rhy baseerat paida kry sb apny andr.. shukria...,please don't share his obnoxious face to me. below is the image of the book rohani khzain from ahmedi's official website see what your evil messiah has declared god but you had said you have read the books of mirza and accepted him mehdi may god give you hidyath,"hogai izzat? mera jism meri marzi jc ghaleez or ghatiya terminologies hamare muslim muashrey me dene ki koshish me aapki so-called,vahiyat or ikhlaq se giri support ko khud ne hi reject kardiya.  apne yahoodi gods ko khush krne k liey kuch or karien",teri maa bhen chodwane walon ka halala karta tha teri aukat ke liye,religious_hate_batch_008.csv,13,False,False,True,False,False,False,False,,True,2,Religious Hate,True,,0.9560830593109132,0.9383966326713562,tere yaha teri ammi ka halala jayaj ja lekar ja apni ammi ko molvi ke pass,0.9560830593109132,True,,True,,,,
class2_batch008_sample011416,8,11416,2,Religious Hate,212416,216416,v3_original_demo_boundary_prompt,4-shot random authentic same-class,Shortlisted authentic RUHSOLD Religious Hate examples,118,chal fosdi ke mohammad kabile wale ki halala ki aulad,hindu dharm ka matlab samajh pehle puppet khali bhaunk aur bhaunk iam enjoying ur bark 😂😂😂😂,no no ...... hindu na kah mujhe ........islam bura maan jayega .......kaafir kah kaafir...,qadiani ahmedi mirziee kaafir jo hen,yeh harami ka khandaan ha,religious_hate_batch_008.csv,5,False,False,True,False,False,False,False,,True,2,Religious Hate,True,,0.9474127292633056,0.933374285697937,lanti hyn ye harami,0.9474127292633056,True,,True,,,,
class2_batch008_sample011420,8,11420,2,Religious Hate,212420,216420,v3_original_demo_boundary_prompt,4-shot random authentic same-class,Shortlisted authentic RUHSOLD Religious Hate examples,118,"path of cruelty , path of violence, path of halala , path of tripe talaq, path of marrying 6 years old aisha,path to discipline their wives by beating them,path of hurun,path of apostasy,path of punishable apostasy, path of beheading. what a pissful religion izlam is ðÿ‘",bus ya aur tafseel bataao  ahmdi aurtain beach pe bikini b pehnti hain  jalse aur ijlaas pe burqa b boht hai 🤫,oeyy randdii k bachay ganddu hindu.. kyun jhoott baq raha hai gashti maa k ganndduu bachay. peshaab p k palnay wali qoum.,"pta nhi kon si uni se graduate hote ho aap log jnha aesi wahiyat education di jati hðÿ˜‚ðÿ˜‚ðÿ˜‚ halala, gazwa-e-hind, camel urine or pta nhi kya kyaðÿ˜‚ðÿ˜‚ðÿ˜‚ðÿ¤£ðÿ¤£ðÿ¤£ðÿ¤£ðÿ‘ðÿ»",halala ki paidaish,religious_hate_batch_008.csv,3,False,False,True,False,False,False,False,,True,2,Religious Hate,True,,0.9672320485115052,0.9428852200508118,ye  halala ki paidaish h,0.9672320485115052,True,,False,Synthetic near-duplicate,class2_batch001_sample010185,1.0000001192092896,Round 1 accepted synthetic bank
class2_batch008_sample011421,8,11421,2,Religious Hate,212421,216421,v3_original_demo_boundary_prompt,4-shot random authentic same-class,Shortlisted authentic RUHSOLD Religious Hate examples,118,please sell up you yahoodi bastards,aor hamary hkmran in k sath mily huy en ....yahudi aor hindun hmary sb sy bry dushman en,kabi bi nai jo sakta ya shia log pora ka pora yahodi hn,shia kaafir hai aur hum naam k musalmaan.,tu phat jayega gandu imran chore zakat khore yahodi agent,religious_hate_batch_008.csv,10,False,False,True,False,False,False,False,,True,2,Religious Hate,True,,0.9437623023986816,0.9208076596260072,yeh harrami pti main hain saray chore zakat khore yahodi agents,0.9437623023986816,True,,True,,,,
class2_batch008_sample011426,8,11426,2,Religious Hate,212426,216426,v3_original_demo_boundary_prompt,4-shot random authentic same-class,Shortlisted authentic RUHSOLD Religious Hate examples,118,hindu sirf gooli ki zuban smjta ha,wise halala ki paidaish tumse yhi ummid ki ja sakti hai madarsa chhhap suarðÿ˜‚ðÿ¤£ðÿ¤£ðÿ¤£ðÿ¤£,no no ...... hindu na kah mujhe ........islam bura maan jayega .......kaafir kah kaafir...,abe mc mein bheju teri maa cow ka photo kat te hue bc. chod teri tarah andhbhakt nhi hu aur nhi illiterate.. go and drink cow piss.,paki yahodi agent ka ghar dekhna hy,religious_hate_batch_008.csv,7,False,False,True,False,False,False,False,,True,2,Religious Hate,True,,0.9406783580780028,0.9206604957580566,yahodi agent qadyani chamcha,0.9406783580780028,True,,True,,,,
class2_batch008_sample011427,8,11427,2,Religious Hate,212427,216427,v3_original_demo_boundary_prompt,4-shot random authentic same-class,Shortlisted authentic RUHSOLD Religious Hate examples,118,another endian hijra coward hindu terrorist army soldier dispatched to shamshangarh by pakistan army i want more endian hindu terrorist dead so keep it up pakistan,#stopisraeliterror   yahoodi mulk jisey israel ka naam diya gaya najaiz hai yahoodi sabse bada dahshatgard,tumhri maa kk chodu sale apni maa ko chod ke paida hone wale randi ki aulad sale apni behan ko biwi bana ke rkhne wale muhammad ki nazayaj aulad,sale halala molvi se tum karvao apni oorto ka or apni ma bahan ka bol heme rhe ho molvi kamre m apni bahan ko bej kar sina choda hota hoga tumhara,tera baap jo jab kisi ne apna haq ni dekha tha wo us waqt haramzadi teri ammi k liye dusron k samne bola tha ye apni beti ko bhi kuch nahin krte,religious_hate_batch_008.csv,32,False,False,True,False,False,False,False,,True,2,Religious Hate,True,,0.930308759212494,0.9237252473831176,"   jab tak yeh apni beti ko roads pe mera jism meri marzi kehta na suny, allah kary us waqt tak isy maut b na aye..",0.930308759212494,True,,True,,,,
class2_batch008_sample011430,8,11430,2,Religious Hate,212430,216430,v3_original_demo_boundary_prompt,4-shot random authentic same-class,Shortlisted authentic RUHSOLD Religious Hate examples,118,"huh wut you say u imbecile, i shat on you...toh toh toh kaafir","afghanio ne tme hindu se bachaya,randi k aulaad tareekh paro tm wo ganda khoon ho,jo siko aour hindu ki rape se paida woe ho,tme kalima tho sikaya afghano ne,magar tmari gandi dna wai ranjeet sing wali a,randi k aulaad tm ne kah pana di,am pashtono ne di,apnay bio ko hera mandi","insaniyat ko bache rahne do, jis mazhab me janwar ka gala ret ke khushi banti hai, jis mazhab me soorma logo ko 72 virgin ladkiya baati jaati, jo duniya pe kabze ke sapne dekhta ho us mazhab se duuri banane me hi insaniyat ki bhalayi hai.",phir kehty hum bhot badry #muslim hn aur #ashaq_e_rasool sawm hain lanat hai un sab #haramio py jinho ny bibi fatima zahra ko shahheed kia aur #haq khaya 🖐🏻😡🐕 aur lanat un sab py jo un #haramio ky hamdard hain,rt : yeh haramzadi kya kehty,religious_hate_batch_008.csv,6,False,False,True,False,False,False,False,,True,2,Religious Hate,True,,0.921784281730652,0.8999747037887573,rt : haramzaady hain zong waly😤😤😤,0.921784281730652,True,,True,,,,
class2_batch008_sample011432,8,11432,2,Religious Hate,212432,216432,v3_original_demo_boundary_prompt,4-shot random authentic same-class,Shortlisted authentic RUHSOLD Religious Hate examples,118,please don't share his obnoxious face to me. below is the image of the book rohani khzain from ahmedi's official website see what your evil messiah has declared god but you had said you have read the books of mirza and accepted him mehdi may god give you hidyath,tm jeso ki jb g**nd mari jaye na fir tm log thek rehty ho bc k bachy jb wo yahoodi lanti marty hn na wo muslim dekhty hn air kuch ni dekhty baki tm na toh apni pesh krni hoti ha unhy.,yahodi agent qadyani chamcha,#stopisraeliterror   yahoodi mulk jisey israel ka naam diya gaya najaiz hai yahoodi sabse bada dahshatgard,ye sahab khud yahodi he jo mian sb ko dikha raha hy.,religious_hate_batch_008.csv,12,False,False,True,False,False,False,False,,True,2,Religious Hate,True,,0.9255554676055908,0.9176824688911438,laanat hai tumhari soch par. yahoodi khan k dor ki mehangai ka b kuch zikar kar,0.9255554676055908,True,,True,,,,
class2_batch008_sample011434,8,11434,2,Religious Hate,212434,216434,v3_original_demo_boundary_prompt,4-shot random authentic same-class,Shortlisted authentic RUHSOLD Religious Hate examples,118,q teri bhen ko chuda hy dewbandion ny ..harami ki nasal,please sell up you yahoodi bastards,kafir yahodi kafir hindo same thinking,"tum vahi karo jo aata hai ,namaz or bakri chudai",tere baap jesy harami ho..,religious_hate_batch_008.csv,5,False,False,True,False,False,False,False,,True,2,Religious Hate,True,,0.9258517026901244,0.9158068895339966,mujy b lay jata harami😢,0.9258517026901244,True,,True,,,,
class2_batch008_sample011440,8,11440,2,Religious Hate,212440,216440,v3_original_demo_boundary_prompt,4-shot random authentic same-class,Shortlisted authentic RUHSOLD Religious Hate examples,118,haha jaat dikha di bsdk antankbadi halala ki aulaad teri ammi ka halala hua tha phir to randi ke bacheðÿ¤£ðÿ¤£ðÿ˜…,lant hy teri aagli pecchli tweet pe or tum pe or qadyanion pe or kuch ?,israel yahoodi sabse bade atankwaadi hai,kadiyani kafir thay hain aur hamesha harain gay. ye dajjali fitnay ki ek kari hain. aur inkay supporters hum main bhe jo chupay howay hain wo bhe khanzeer kafir he hain. lannat beshomar kadiyanio pr.,yahoodi agent,religious_hate_batch_008.csv,2,False,False,True,False,False,False,False,,True,2,Religious Hate,True,,0.9497389793395996,0.893924355506897,niazi yahoodi agent he,0.9497389793395996,True,,False,Synthetic near-duplicate,class2_batch005_sample010987,0.9902663230895996,Round 1 accepted synthetic bank
class2_batch008_sample011443,8,11443,2,Religious Hate,212443,216443,v3_original_demo_boundary_prompt,4-shot random authentic same-class,Shortlisted authentic RUHSOLD Religious Hate examples,118,wow halala's product on fire as usual porkistaniðÿ˜‚ðÿ˜‚ðÿ˜‚,chhor bhen chod hrami hindu chhor esko😠😠😠,chutiya azam ny kia kia ha ab tk sawa saal mein sirf 11600 arab ka izfa qarzoun mein kia or kuch nhi badlo apni soch ko yahodi na bano or ek muslim ki tarh socho,jahil k bachy kahan likha h k gair mazhb sy nikaah jaiz ha... tmari gand me jo keera ha wo nhi merna... khoty khany waly... yahoodi kahan sy hogaey ahle kitaab ....tm.b yahoodi to nhi,bharwe tum logon ne bhulaya hai koi aurat ka pakistan nhi hota ye aik sharami yahodi hai,religious_hate_batch_008.csv,17,False,False,True,False,False,False,False,,True,2,Religious Hate,True,,0.9355365037918092,0.9215558171272278,"kyon tumhare baap dadaon ne to pakistan me sadke le li thi, yahan kya apni ammi ka halala karwaoge sadkon pe.",0.9355365037918092,True,,True,,,,
class2_batch008_sample011449,8,11449,2,Religious Hate,212449,216449,v3_original_demo_boundary_prompt,4-shot random authentic same-class,Shortlisted authentic RUHSOLD Religious Hate examples,118,phir kehty hum bhot badry #muslim hn aur #ashaq_e_rasool sawm hain lanat hai un sab #haramio py jinho ny bibi fatima zahra ko shahheed kia aur #haq khaya 🖐🏻😡🐕 aur lanat un sab py jo un #haramio ky hamdard hain,wise halala ki paidaish tumse yhi ummid ki ja sakti hai madarsa chhhap suarðÿ˜‚ðÿ¤£ðÿ¤£ðÿ¤£ðÿ¤£,"not surprised comment came from ahmedi. tbh, i won't be surprised when some christians will argue that they r included in muslim category too. just bcoz they believe there is only one god.",qadiani ahmedi mirziee kaafir jo hen,apny pasand ha wahan hogi jo nay yahoodi agent kaha ha.,religious_hate_batch_008.csv,11,False,False,True,False,False,False,False,,True,2,Religious Hate,True,,0.9386761784553528,0.9142565727233888,vasay tha tu gatya admi sabit be kar dyea kay yahoodi agent ha kamena,0.9386761784553528,True,,True,,,,
class2_batch008_sample011452,8,11452,2,Religious Hate,212452,216452,v3_original_demo_boundary_prompt,4-shot random authentic same-class,Shortlisted authentic RUHSOLD Religious Hate examples,118,chal na randi ! we have spiritual connection with supreme leader imam khamnae !  we have our hearts and souls for holy cities of najaf and karbala !  dont give a fck to wahabi chutiyas,yahoodi kabhi hamara dost nhi ho sakta,wise halala ki paidaish tumse yhi ummid ki ja sakti hai madarsa chhhap suarðÿ˜‚ðÿ¤£ðÿ¤£ðÿ¤£ðÿ¤£,oy ahmdi kuty. tum log smjhty ho k is trah kr k hm awam ko pagl bnao gy?? beta bajwa ne tere jeso ko nanga nachana he sbr kr. kahi ni ja rha hmara army chief. tum logo ne agly 3 sal me ye duniya hi chor jani bajwa k dar se. ye army chief nahi pakistan ka muhafiz he.,ye haramzadi gandu muslim hain,religious_hate_batch_008.csv,5,False,False,True,False,False,False,False,,True,2,Religious Hate,True,,0.9211735725402832,0.9137571454048156,bhai ye halala ki aulad hi,0.9211735725402832,True,,True,,,,
class2_batch008_sample011454,8,11454,2,Religious Hate,212454,216454,v3_original_demo_boundary_prompt,4-shot random authentic same-class,Shortlisted authentic RUHSOLD Religious Hate examples,118,"path of cruelty , path of violence, path of halala , path of tripe talaq, path of marrying 6 years old aisha,path to discipline their wives by beating them,path of hurun,path of apostasy,path of punishable apostasy, path of beheading. what a pissful religion izlam is ðÿ‘",yahoodi ko hitler ne chora or general ne in jaajoon ko chor k dhkya k ye kai hain.😂,phir in yahodi khanzeer logo ko pata chalaiga kai kia ta aur kia nahen ye sirf dajjal kai liye aisa kar rahai hain kyunkai ye yahodi log khazeer log dajjal ko apna leader samjhtai hain aur tumhara pura bollywood bollyminati ban chuka hain tumharai dimagh ko programming ki ja rah,hindu dharm ka matlab samajh pehle puppet khali bhaunk aur bhaunk iam enjoying ur bark 😂😂😂😂,hawwwwwwwwwwwwwn teri maa ki choot mein halala bhi krta hai yahan,religious_hate_batch_008.csv,11,False,False,True,False,False,False,False,,True,2,Religious Hate,True,,0.929459810256958,0.9260810613632202,aur tm lagta h halala se paida hue h jo apne desh se gaddari krte ho,0.929459810256958,True,,True,,,,
class2_batch008_sample011457,8,11457,2,Religious Hate,212457,216457,v3_original_demo_boundary_prompt,4-shot random authentic same-class,Shortlisted authentic RUHSOLD Religious Hate examples,118,teri maa ka halala kra rha tha koi problem madarjat bhosdike mulle,"rt : q. woh kaun si qome he,jis ne such bhi bola phr bhi jahnum mein jayegi? ans: yahoodi or nasara qome. shahid sindh",tm jeso ki jb g**nd mari jaye na fir tm log thek rehty ho bc k bachy jb wo yahoodi lanti marty hn na wo muslim dekhty hn air kuch ni dekhty baki tm na toh apni pesh krni hoti ha unhy.,sali muslims randi. jihadi sali,oooo ye yahodi aur nashaadi,religious_hate_batch_008.csv,5,False,False,True,False,False,False,False,,True,2,Religious Hate,True,,0.960815131664276,0.9333359003067015,yahodiyon ka kuta aur yahodi ka damad,0.960815131664276,True,,True,,,,
class2_batch008_sample011460,8,11460,2,Religious Hate,212460,216460,v3_original_demo_boundary_prompt,4-shot random authentic same-class,Shortlisted authentic RUHSOLD Religious Hate examples,118,1 balatkari muslim 3 balatkari tera baap hindu h uske bare m kuch bol  be,phir in yahodi khanzeer logo ko pata chalaiga kai kia ta aur kia nahen ye sirf dajjal kai liye aisa kar rahai hain kyunkai ye yahodi log khazeer log dajjal ko apna leader samjhtai hain aur tumhara pura bollywood bollyminati ban chuka hain tumharai dimagh ko programming ki ja rah,hey are fighting amongst each other. #bajwa is compromise candidate. thats only reason why he a ahmadiya is a coas.,imran qadyani yahoodi agent hy pti ki 18 bank account hy jis may qadyani yahoodi hondo ny funding ki hy . gold smith jimaima aneel musrst . atif miaan sub qadyani yahoodi hy,i know yahoodi agent kashmir frosh ka nhi ha tu samjha,religious_hate_batch_008.csv,11,False,False,True,False,False,False,False,,True,2,Religious Hate,True,,0.914669394493103,0.8979048728942871,niazi yahoodi khud ghadar hay kashmir hy bech dala 😂😂😂😂😂😂,0.914669394493103,True,,True,,,,
class2_batch008_sample011464,8,11464,2,Religious Hate,212464,216464,v3_original_demo_boundary_prompt,4-shot random authentic same-class,Shortlisted authentic RUHSOLD Religious Hate examples,118,"abbey halala ki paidaish, 5 baap ki aulaad. patthar baazi ke alawa kuchh kaam kara kabhi teri kaum ne ?",please sell up you yahoodi bastards,abe jaana mullle sale bhikari !! halala k maje krwa apni maa ko,jahil k bachy kahan likha h k gair mazhb sy nikaah jaiz ha... tmari gand me jo keera ha wo nhi merna... khoty khany waly... yahoodi kahan sy hogaey ahle kitaab ....tm.b yahoodi to nhi,tujhe pata nahi halala kya hota?,religious_hate_batch_008.csv,6,False,False,True,False,False,False,False,,True,2,Religious Hate,True,,0.9295551776885986,0.9125434756278992,"abe, tu bhi halala wala hai kya..?",0.9295551776885986,True,,True,,,,
class2_batch008_sample011469,8,11469,2,Religious Hate,212469,216469,v3_original_demo_boundary_prompt,4-shot random authentic same-class,Shortlisted authentic RUHSOLD Religious Hate examples,118,dekh le madarch*d islam ka nanga naach..babri par fate hue bawaseer ki tarah bhaunk raha tha na..us par bhi ab apne manhoos muh se kuch hag de..blood cousins ke incest ki paidaish,typical muslim randi-rona taqia.,or wahan tumhara jahanumi ahmedi jo naaowz billah nabi hona ka dawa dar tha wo wo case hara tha or court sa bhag gya tha.nabi pak p.b.u.h allah ka akhri nabi han or on ka bad koi nabi nahi ae ga.ya ak haqeqat ha jo quran ma bhi ha.or 1947 ma pak islam ka name par bana tha.,abe mc mein bheju teri maa cow ka photo kat te hue bc. chod teri tarah andhbhakt nhi hu aur nhi illiterate.. go and drink cow piss.,tujhy apni behno ko pta nahi kya ho??? halala ki olad?,religious_hate_batch_008.csv,11,False,False,True,False,False,False,False,,True,2,Religious Hate,True,,0.9159658551216124,0.9085350036621094,ye kya chutiyaap dekh liya meine subah subah??? haraamkhoron ki bateesiyaan nahin band ho rahi. lanati kuttay saaley.,0.9159658551216124,True,,True,,,,
class2_batch008_sample011471,8,11471,2,Religious Hate,212471,216471,v3_original_demo_boundary_prompt,4-shot random authentic same-class,Shortlisted authentic RUHSOLD Religious Hate examples,118,#stopisraeliterror   yahoodi mulk jisey israel ka naam diya gaya najaiz hai yahoodi sabse bada dahshatgard,yahoodi kabhi hamara dost nhi ho sakta,imran qadyani yahoodi agent hy pti ki 18 bank account hy jis may qadyani yahoodi hondo ny funding ki hy . gold smith jimaima aneel musrst . atif miaan sub qadyani yahoodi hy,hey are fighting amongst each other. #bajwa is compromise candidate. thats only reason why he a ahmadiya is a coas.,haqiqat ma zulm ki tarah halala karwane ko koi faida nahi hota. 😒,religious_hate_batch_008.csv,13,False,False,True,False,False,False,False,,True,2,Religious Hate,True,,0.9331899285316468,0.9233328104019164,chutiye halala ki upaz tu hai mein nahin isaliye tujhe zyada pata hoga,0.9331899285316468,True,,True,,,,
class2_batch008_sample011474,8,11474,2,Religious Hate,212474,216474,v3_original_demo_boundary_prompt,4-shot random authentic same-class,Shortlisted authentic RUHSOLD Religious Hate examples,118,tumhri maa kk chodu sale apni maa ko chod ke paida hone wale randi ki aulad sale apni behan ko biwi bana ke rkhne wale muhammad ki nazayaj aulad,tmri taraj animals ki potty n khate... tm jaake  bomb fodo jaake.......halala ke masala.  niklo.. yaha tm atankiyo k liy jagah ni h bhai. yaha atank n failaooo,oeyy randdii k bachay ganddu hindu.. kyun jhoott baq raha hai gashti maa k ganndduu bachay. peshaab p k palnay wali qoum.,ye insan ik chaaal haaa dostoo .........zra smj k chliye gaa...sb jaanty hn qadyaani kaafir hn ......ye sb k sentiments gain kr rhaa haa......bad me ye apna chehra dikhiye gaaa fasad kii shkal me.....in chaaalo sy hosyar rhy baseerat paida kry sb apny andr.. shukria...,tera baap imran chore zakat khore yahodi agent hindooo,religious_hate_batch_008.csv,9,False,False,True,False,False,False,False,,True,2,Religious Hate,True,,0.936282753944397,0.909949004650116,pagal yahodi daboo imran chore zakat khore,0.936282753944397,True,,True,,,,
class2_batch008_sample011476,8,11476,2,Religious Hate,212476,216476,v3_original_demo_boundary_prompt,4-shot random authentic same-class,Shortlisted authentic RUHSOLD Religious Hate examples,118,lanat abbtknews k khilaf trend bnane walye yazeedion pe r bibi k dushmano p bhi,halala ki padayish ho aap aur kya expect karenge hum aapse,get lost you kaafir.,phir in yahodi khanzeer logo ko pata chalaiga kai kia ta aur kia nahen ye sirf dajjal kai liye aisa kar rahai hain kyunkai ye yahodi log khazeer log dajjal ko apna leader samjhtai hain aur tumhara pura bollywood bollyminati ban chuka hain tumharai dimagh ko programming ki ja rah,"gandu muslimon mein hindustani awam ne laga di hai,  koi problem nahi",religious_hate_batch_008.csv,12,False,False,True,False,False,False,False,,True,2,Religious Hate,True,,0.9119967222213744,0.8939861059188843,no no ...... hindu na kah mujhe ........islam bura maan jayega .......kaafir kah kaafir...,0.9119967222213744,True,,True,,,,
class2_batch008_sample011481,8,11481,2,Religious Hate,212481,216481,v3_original_demo_boundary_prompt,4-shot random authentic same-class,Shortlisted authentic RUHSOLD Religious Hate examples,118,chal fosdi ke mohammad kabile wale ki halala ki aulad,lant hy teri aagli pecchli tweet pe or tum pe or qadyanion pe or kuch ?,yahodi agent qadyani chamcha,kisi randi maa ki olad ap ki hindu aurtain jab pooja karti hn tab wo bagwan ka lund mounh me b leti hn?,tere baap ko pta chl ga ye halala ki paidaiyon ka bacha ha,religious_hate_batch_008.csv,13,False,False,True,False,False,False,False,,True,2,Religious Hate,True,,0.9546759128570556,0.9384933710098268,ab kya bola jaye ma'am sab halala ki paidais hai,0.9546759128570556,True,,True,,,,
class2_batch008_sample011482,8,11482,2,Religious Hate,212482,216482,v3_original_demo_boundary_prompt,4-shot random authentic same-class,Shortlisted authentic RUHSOLD Religious Hate examples,118,abe bharwe tum hindu hi duniya k sub se bara atankwaz ho haramiyon bt krte ho hamare age tumhari country me hindu k elawa koi safe nhi he  tumhari country ka name isi liye  lynchistan he  isi king all the world,pehle america jaiga ue begairaat musliman kehlwane kai laiq nh pehle he logh kehty h eske bary me ye yahoodi hai,bosdk yeh tumhare ghar me hota hai. saari k blouse me mote mote doodh dikhati firti hain tumhare dharam ki orate or hindu orat ko musalman ka l#nd aachaa lagta hai. yeh baat puri dunia janti hai,"m firqa wariyat m nahi parhna chahta, muslims mjo ahktlaf hen wo apni jaga , lekin pichly 200 saal sy muslim is liye mar kha rhy hen k sunni shia wahabi dayobandi bla bla ,,yahodi or nasara ny na koi sunni mulk chora ha na koi shia,  wo bs yehi dekhtay ye muslman ha ..bs maro isk",bosdk teri maa bhen aur baap ka yaar jo tera zimmedar tha uske bachey hn tu khud hmra yahodi agent,religious_hate_batch_008.csv,20,False,False,True,False,False,False,False,,True,2,Religious Hate,True,,0.9219006896018982,0.915757656097412,"tu to betha bhe kabul k bahir ha, apnay baap yahood ki nagri ma . tu kia hisaab lega begairat insan.   ham abhi zinda hain",0.9219006896018982,True,,True,,,,
class2_batch008_sample011488,8,11488,2,Religious Hate,212488,216488,v3_original_demo_boundary_prompt,4-shot random authentic same-class,Shortlisted authentic RUHSOLD Religious Hate examples,118,#stopisraeliterror   yahoodi mulk jisey israel ka naam diya gaya najaiz hai yahoodi sabse bada dahshatgard,abe halala ki paidaish..  tumhara to wajood hi 800 years purana hai..  jab bhagwan ram ko kagaj dikhane ki jarurat par gayi to tum kaun ho.. kagaj to dikhana hi parega.. #nrc_caa_npr,dekh le madarch*d islam ka nanga naach..babri par fate hue bawaseer ki tarah bhaunk raha tha na..us par bhi ab apne manhoos muh se kuch hag de..blood cousins ke incest ki paidaish,"insaniyat ko bache rahne do, jis mazhab me janwar ka gala ret ke khushi banti hai, jis mazhab me soorma logo ko 72 virgin ladkiya baati jaati, jo duniya pe kabze ke sapne dekhta ho us mazhab se duuri banane me hi insaniyat ki bhalayi hai.",islam ki paidaish,religious_hate_batch_008.csv,3,False,False,True,False,False,False,False,,True,2,Religious Hate,True,,0.922295331954956,0.8980523347854614,ye  halala ki paidaish h,0.922295331954956,True,,True,,,,
class2_batch008_sample011491,8,11491,2,Religious Hate,212491,216491,v3_original_demo_boundary_prompt,4-shot random authentic same-class,Shortlisted authentic RUHSOLD Religious Hate examples,118,phir in yahodi khanzeer logo ko pata chalaiga kai kia ta aur kia nahen ye sirf dajjal kai liye aisa kar rahai hain kyunkai ye yahodi log khazeer log dajjal ko apna leader samjhtai hain aur tumhara pura bollywood bollyminati ban chuka hain tumharai dimagh ko programming ki ja rah,pehle america jaiga ue begairaat musliman kehlwane kai laiq nh pehle he logh kehty h eske bary me ye yahoodi hai,teri maa ka halala kra rha tha koi problem madarjat bhosdike mulle,"pta nhi kon si uni se graduate hote ho aap log jnha aesi wahiyat education di jati hðÿ˜‚ðÿ˜‚ðÿ˜‚ halala, gazwa-e-hind, camel urine or pta nhi kya kyaðÿ˜‚ðÿ˜‚ðÿ˜‚ðÿ¤£ðÿ¤£ðÿ¤£ðÿ¤£ðÿ‘ðÿ»",wo gand maro yahodi ki,religious_hate_batch_008.csv,5,False,False,True,False,False,False,False,,True,2,Religious Hate,True,,0.9413837194442748,0.9307136535644532,ye begerat hai hi yahodi,0.9413837194442748,True,,True,,,,
class2_batch008_sample011494,8,11494,2,Religious Hate,212494,216494,v3_original_demo_boundary_prompt,4-shot random authentic same-class,Shortlisted authentic RUHSOLD Religious Hate examples,118,haha jaat dikha di bsdk antankbadi halala ki aulaad teri ammi ka halala hua tha phir to randi ke bacheðÿ¤£ðÿ¤£ðÿ˜…,"huh wut you say u imbecile, i shat on you...toh toh toh kaafir",oy ahmdi kuty. tum log smjhty ho k is trah kr k hm awam ko pagl bnao gy?? beta bajwa ne tere jeso ko nanga nachana he sbr kr. kahi ni ja rha hmara army chief. tum logo ne agly 3 sal me ye duniya hi chor jani bajwa k dar se. ye army chief nahi pakistan ka muhafiz he.,hey are fighting amongst each other. #bajwa is compromise candidate. thats only reason why he a ahmadiya is a coas.,gandu yahodi agent hindu,religious_hate_batch_008.csv,4,False,False,True,False,False,False,False,,True,2,Religious Hate,True,,0.9040845036506652,0.8809534907341003,yahodi agent qadyani chamcha,0.9040845036506652,True,,True,,,,
class2_batch008_sample011495,8,11495,2,Religious Hate,212495,216495,v3_original_demo_boundary_prompt,4-shot random authentic same-class,Shortlisted authentic RUHSOLD Religious Hate examples,118,lant hy teri aagli pecchli tweet pe or tum pe or qadyanion pe or kuch ?,kaafir tujhe kuch nai malum,tumhri maa kk chodu sale apni maa ko chod ke paida hone wale randi ki aulad sale apni behan ko biwi bana ke rkhne wale muhammad ki nazayaj aulad,qadiani ahmedi mirziee kaafir jo hen,ye yahodi munafiq hindustani hain aur hamari jahan se dikhna chahty hein,religious_hate_batch_008.csv,12,False,False,True,False,False,False,False,,True,2,Religious Hate,True,,0.9308538436889648,0.923242449760437,aor hamary hkmran in k sath mily huy en ....yahudi aor hindun hmary sb sy bry dushman en,0.9308538436889648,True,,True,,,,
class2_batch008_sample011496,8,11496,2,Religious Hate,212496,216496,v3_original_demo_boundary_prompt,4-shot random authentic same-class,Shortlisted authentic RUHSOLD Religious Hate examples,118,ye insan ik chaaal haaa dostoo .........zra smj k chliye gaa...sb jaanty hn qadyaani kaafir hn ......ye sb k sentiments gain kr rhaa haa......bad me ye apna chehra dikhiye gaaa fasad kii shkal me.....in chaaalo sy hosyar rhy baseerat paida kry sb apny andr.. shukria...,or wahan tumhara jahanumi ahmedi jo naaowz billah nabi hona ka dawa dar tha wo wo case hara tha or court sa bhag gya tha.nabi pak p.b.u.h allah ka akhri nabi han or on ka bad koi nabi nahi ae ga.ya ak haqeqat ha jo quran ma bhi ha.or 1947 ma pak islam ka name par bana tha.,qadiani ahmedi mirziee kaafir jo hen,madarchod muslaman ki kaum madarchod saalo ka imaan nahi hai bheno ko chod te hai bhen ke lode harmazaade uskiye apni  maa ki chut bhi chodta hoga aur chuswata hoga logo se saare musalamaan raand ki olad islam ki maa ki chut,ye yahoodi indian agent hain,religious_hate_batch_008.csv,5,False,False,True,False,False,False,False,,True,2,Religious Hate,True,,0.9318472146987916,0.9058535695075988,niazi yahoodi agent he,0.9318472146987916,True,,True,,,,
class2_batch008_sample011498,8,11498,2,Religious Hate,212498,216498,v3_original_demo_boundary_prompt,4-shot random authentic same-class,Shortlisted authentic RUHSOLD Religious Hate examples,118,benchod randi  islam,qadiyani pe lanat mirza khinzeer harami pe lanat.,israel yahoodi sabse bade atankwaadi hai,jaa bhen k lory tum harrami ki nasal ho.. dewband maslak pe kutty ki tareh bhoonkty ho..,sacha halala ki aulad,religious_hate_batch_008.csv,4,False,False,True,False,False,False,False,,True,2,Religious Hate,True,,0.9542657136917114,0.9353543519973756,bhai ye halala ki aulad hi,0.9542657136917114,True,,True,,,,
class2_batch008_sample011499,8,11499,2,Religious Hate,212499,216499,v3_original_demo_boundary_prompt,4-shot random authentic same-class,Shortlisted authentic RUHSOLD Religious Hate examples,118,but we have a firm belief now that qadiyani and ahmedi neither want muslims nor pakistanis to live in a harmony,poocho hamarai imam sai kai quran mein kaha likha huwa hain aisai ye sirf yahodi khanzeer logo ki chaal hainmuslims ko badnaam karkai liye  zara socho na tumharai hinduism ko badnaam kyun nahen kartai islam kai peechai kyun parai huwai hain zara dimagh ko khol kai socho,hindoo wo qom ha jinper koi nabi koi kitaab nazil nahi hoi. ye to yahoodi se bhi bad tar hen,"tum vahi karo jo aata hai ,namaz or bakri chudai",aik din munafiqon ne lia kr dia tha aurat march ka naam khud ki amma pe le gaya.. ab kahan ho,religious_hate_batch_008.csv,21,False,False,True,False,False,False,False,,True,2,Religious Hate,True,,0.9260437488555908,0.918221116065979,"   jab tak yeh apni beti ko roads pe mera jism meri marzi kehta na suny, allah kary us waqt tak isy maut b na aye..",0.9260437488555908,True,,True,,,,
class2_batch008_sample011503,8,11503,2,Religious Hate,212503,216503,v3_original_demo_boundary_prompt,4-shot random authentic same-class,Shortlisted authentic RUHSOLD Religious Hate examples,118,qadiani ahmedi mirziee kaafir jo hen,lul bukhari ye tum nahe tumaray yahoodi or hindu thuku bol rahay hain jin ko army sey bahot hi zeda takleef hai...🖕,israel yahoodi sabse bade atankwaadi hai,imran qadyani yahoodi agent hy pti ki 18 bank account hy jis may qadyani yahoodi hondo ny funding ki hy . gold smith jimaima aneel musrst . atif miaan sub qadyani yahoodi hy,islamo nashai khanzeer salman tere maa baap ne chupaya ho..teri behno k sath woh koi bhi shadi krta hai..,religious_hate_batch_008.csv,19,False,False,True,False,False,False,False,,True,2,Religious Hate,True,,0.9205321669578552,0.9154545664787292,"tu to betha bhe kabul k bahir ha, apnay baap yahood ki nagri ma . tu kia hisaab lega begairat insan.   ham abhi zinda hain",0.9205321669578552,True,,True,,,,
class2_batch008_sample011516,8,11516,2,Religious Hate,212516,216516,v3_original_demo_boundary_prompt,4-shot random authentic same-class,Shortlisted authentic RUHSOLD Religious Hate examples,118,sale halala molvi se tum karvao apni oorto ka or apni ma bahan ka bol heme rhe ho molvi kamre m apni bahan ko bej kar sina choda hota hoga tumhara,hey are fighting amongst each other. #bajwa is compromise candidate. thats only reason why he a ahmadiya is a coas.,well said.lanati hain ye qadyani kafir,wise halala ki paidaish tumse yhi ummid ki ja sakti hai madarsa chhhap suarðÿ˜‚ðÿ¤£ðÿ¤£ðÿ¤£ðÿ¤£,wo tere jaisi halala wale hote hein jo apne baap ke ghar me apna beta lia krte hote hein.,religious_hate_batch_008.csv,19,False,False,True,False,False,False,False,,True,2,Religious Hate,True,,0.9457340240478516,0.9391927719116212,rundi tere jhot per lannat tuje paida kerne wwali per allah ki lannat ameen.,0.9457340240478516,True,,True,,,,
class2_batch008_sample011517,8,11517,2,Religious Hate,212517,216517,v3_original_demo_boundary_prompt,4-shot random authentic same-class,Shortlisted authentic RUHSOLD Religious Hate examples,118,kutto ki tarah america maar raha hai tumhari kaum ko...aasmani kitab walo...israel roj filistin may maa chod raha hai tumhari.... pahle unse nipto....dare hue log😂😂,tm jeso ki jb g**nd mari jaye na fir tm log thek rehty ho bc k bachy jb wo yahoodi lanti marty hn na wo muslim dekhty hn air kuch ni dekhty baki tm na toh apni pesh krni hoti ha unhy.,apne profile mein whats app me fb twitter mein is bahadur nojawaan ki pic lga kr islam se or nabi ke din se mhbt ka izhaar kren or itna share kren ek yahoodi apne na pak iradoon se baaz ajaye is shakhs ne quraan pak ki hifazahat mein ek bhtareen mhbt ka jita jagta sabot dia hai,chutiya azam ny kia kia ha ab tk sawa saal mein sirf 11600 arab ka izfa qarzoun mein kia or kuch nhi badlo apni soch ko yahodi na bano or ek muslim ki tarh socho,rt : #article_6_for_imran khan he was born as ahmedi,religious_hate_batch_008.csv,9,False,False,True,False,False,False,False,,True,2,Religious Hate,True,,0.8608559370040894,0.8427059054374695,"yups, moreover rumors are he is ahmedi.,2019-11-19 03:10:16",0.8608559370040894,True,,True,,,,
class2_batch008_sample011520,8,11520,2,Religious Hate,212520,216520,v3_original_demo_boundary_prompt,4-shot random authentic same-class,Shortlisted authentic RUHSOLD Religious Hate examples,118,abe mc mein bheju teri maa cow ka photo kat te hue bc. chod teri tarah andhbhakt nhi hu aur nhi illiterate.. go and drink cow piss.,ahmedi mirziee qadiyani hargiz kuleedi uhdu pe nhee janay chahien warna hmari agencies pe swalia nishan hey,kaafir tujhe kuch nai malum,that's for foolish act and the ahmedi you highlighted they were equal to jews for us so alhmdurallah we save quran ! . and about hindus and christians its was a false news !  and if it is real then show me !  if you don't have anything then shut up and run !,apnay pasand ha koi yahoodi nai na wese kia pakistani,religious_hate_batch_008.csv,10,False,False,True,False,False,False,False,,True,2,Religious Hate,True,,0.9454505443572998,0.92518150806427,ik ne tabah kar dia ha pakistan ko.  yahoodi lobby ha is k peechey,0.9454505443572998,True,,True,,,,
class2_batch008_sample011522,8,11522,2,Religious Hate,212522,216522,v3_original_demo_boundary_prompt,4-shot random authentic same-class,Shortlisted authentic RUHSOLD Religious Hate examples,118,"bilkul,itny lecture milny hain jese christmas or new year pe milty hain ,kya apko pata bhi hai k kaafir janwaro k haqq main dua bhi nahi krni chahye",aor hamary hkmran in k sath mily huy en ....yahudi aor hindun hmary sb sy bry dushman en,"just the ten thousandth ""isolated"" instance of christian /jewish/hindu/ahmedi places of worship being attacked by crybabies who themselves can't handle some nutcase burning a book full of fiction stories.",typical muslim randi-rona taqia.,abay halala ki aulad,religious_hate_batch_008.csv,4,False,False,True,False,False,False,False,,True,2,Religious Hate,True,,0.9707099199295044,0.9424797892570496,bhai ye halala ki aulad hi,0.9707099199295044,True,,True,,,,
class2_batch008_sample011523,8,11523,2,Religious Hate,212523,216523,v3_original_demo_boundary_prompt,4-shot random authentic same-class,Shortlisted authentic RUHSOLD Religious Hate examples,118,qadiyani pe lanat mirza khinzeer harami pe lanat.,kaafir tujhe kuch nai malum,ye insan ik chaaal haaa dostoo .........zra smj k chliye gaa...sb jaanty hn qadyaani kaafir hn ......ye sb k sentiments gain kr rhaa haa......bad me ye apna chehra dikhiye gaaa fasad kii shkal me.....in chaaalo sy hosyar rhy baseerat paida kry sb apny andr.. shukria...,ahmedi mirziee qadiyani hargiz kuleedi uhdu pe nhee janay chahien warna hmari agencies pe swalia nishan hey,ahmadiya ko bhi dekho yeh sab ko bolty hein naqasb ki jaliyat hei,religious_hate_batch_008.csv,13,False,False,True,False,False,False,False,,True,2,Religious Hate,True,,0.932083010673523,0.9231748580932616,niazi bajwa bhai bhai qadiyani yahodi ne ghdari say hakumat bani,0.932083010673523,True,,True,,,,
class2_batch008_sample011525,8,11525,2,Religious Hate,212525,216525,v3_original_demo_boundary_prompt,4-shot random authentic same-class,Shortlisted authentic RUHSOLD Religious Hate examples,118,israel yahoodi sabse bade atankwaadi hai,ye pagliya gyi h saali... kuttiya ye ab bhul gyi h jisne #halala or #teentlaaq se aazadi dilwayi usko bhul gyi h ye mullli....,madarchod muslaman ki kaum madarchod saalo ka imaan nahi hai bheno ko chod te hai bhen ke lode harmazaade uskiye apni  maa ki chut bhi chodta hoga aur chuswata hoga logo se saare musalamaan raand ki olad islam ki maa ki chut,aye yahudiyo jitna zulm karna hai kar lo in sha allah woh din bhi zaroor aayega ke tumhe chun chun ke maara jayega yahan tak ke tum darakht ya pattharoñ ke piche chhup jaoge to bejan chizen bhi kahengi yahan yahoodi chhupa hai.hadees ka farman hai ho kar rahega #israeliterrorism,rt : halala ki paidaish,religious_hate_batch_008.csv,5,False,False,True,False,False,False,False,,True,2,Religious Hate,True,,0.9296841621398926,0.9174842834472656,rt :   halala center khol raha hai,0.9296841621398926,True,,True,,,,
class2_batch008_sample011532,8,11532,2,Religious Hate,212532,216532,v3_original_demo_boundary_prompt,4-shot random authentic same-class,Shortlisted authentic RUHSOLD Religious Hate examples,118,please sell up you yahoodi bastards,or wahan tumhara jahanumi ahmedi jo naaowz billah nabi hona ka dawa dar tha wo wo case hara tha or court sa bhag gya tha.nabi pak p.b.u.h allah ka akhri nabi han or on ka bad koi nabi nahi ae ga.ya ak haqeqat ha jo quran ma bhi ha.or 1947 ma pak islam ka name par bana tha.,phir kehty hum bhot badry #muslim hn aur #ashaq_e_rasool sawm hain lanat hai un sab #haramio py jinho ny bibi fatima zahra ko shahheed kia aur #haq khaya 🖐🏻😡🐕 aur lanat un sab py jo un #haramio ky hamdard hain,sali muslims randi. jihadi sali,ye halala ki aulad h,religious_hate_batch_008.csv,5,False,False,True,False,False,False,False,,True,2,Religious Hate,True,,0.978280544281006,0.9467312693595886,ye  halala ki paidaish h,0.978280544281006,True,,True,,,,
class2_batch008_sample011543,8,11543,2,Religious Hate,212543,216543,v3_original_demo_boundary_prompt,4-shot random authentic same-class,Shortlisted authentic RUHSOLD Religious Hate examples,118,"abbey halala ki paidaish, 5 baap ki aulaad. patthar baazi ke alawa kuchh kaam kara kabhi teri kaum ne ?",ahmedi mirziee qadiyani hargiz kuleedi uhdu pe nhee janay chahien warna hmari agencies pe swalia nishan hey,"gau mutr peeyo tum log lodu awkat bna phir aake muh lag, randwa saala",pislam me media ka estemal kerna haram hai  halala ki paidais,#stop_halala yeh kya cheez hy ye halala aur jisne us ko kia kar diya tha wo bhi jesa koi nahi,religious_hate_batch_008.csv,20,False,False,True,False,False,False,False,,True,2,Religious Hate,True,,0.930771827697754,0.9207991361618042,ye pagliya gyi h saali... kuttiya ye ab bhul gyi h jisne #halala or #teentlaaq se aazadi dilwayi usko bhul gyi h ye mullli....,0.930771827697754,True,,True,,,,
class2_batch008_sample011544,8,11544,2,Religious Hate,212544,216544,v3_original_demo_boundary_prompt,4-shot random authentic same-class,Shortlisted authentic RUHSOLD Religious Hate examples,118,pehle america jaiga ue begairaat musliman kehlwane kai laiq nh pehle he logh kehty h eske bary me ye yahoodi hai,yahoodi ko hitler ne chora or general ne in jaajoon ko chor k dhkya k ye kai hain.😂,bosdk yeh tumhare ghar me hota hai. saari k blouse me mote mote doodh dikhati firti hain tumhare dharam ki orate or hindu orat ko musalman ka l#nd aachaa lagta hai. yeh baat puri dunia janti hai,ye bat tum yahoodi ko bolo atankwadi tum ho jo musalman se nafrat ki aag me insaniyat ke sabse bade dushman yahoodi ko support karte ho ye log to face to face mara hai unlog chote bache ka upar bom feka kisi aurat ya admi bacha ko goli mar diya wi bhi waha ke civilian hi hai,"rt : ""sabit krwao"" apne sathi ka pata nahin.. apni gandi maa ki bachi ko bhaunk raha hai.. yahodi agents...",religious_hate_batch_008.csv,20,False,False,True,False,False,False,False,,True,2,Religious Hate,True,,0.9164790511131288,0.8984225988388062,madam......soch ly saari opposition waly imrankhanpti ko chor kar aap ko yahoodi agent declare krdingy🤫,0.9164790511131288,True,,True,,,,
class2_batch008_sample011558,8,11558,2,Religious Hate,212558,216558,v3_original_demo_boundary_prompt,4-shot random authentic same-class,Shortlisted authentic RUHSOLD Religious Hate examples,118,chutiya azam ny kia kia ha ab tk sawa saal mein sirf 11600 arab ka izfa qarzoun mein kia or kuch nhi badlo apni soch ko yahodi na bano or ek muslim ki tarh socho,"ye manhoos hinduon ki diwali k chakkar mai har jaga ki aur quality kharab hogai, bharwe",phir kehty hum bhot badry #muslim hn aur #ashaq_e_rasool sawm hain lanat hai un sab #haramio py jinho ny bibi fatima zahra ko shahheed kia aur #haq khaya 🖐🏻😡🐕 aur lanat un sab py jo un #haramio ky hamdard hain,sale halala molvi se tum karvao apni oorto ka or apni ma bahan ka bol heme rhe ho molvi kamre m apni bahan ko bej kar sina choda hota hoga tumhara,lanati munafiq tera baap tha lanati halala ka molvi,religious_hate_batch_008.csv,9,False,False,True,False,False,False,False,,True,2,Religious Hate,True,,0.9489784240722656,0.9315417408943176,tere yaha teri ammi ka halala jayaj ja lekar ja apni ammi ko molvi ke pass,0.9489784240722656,True,,True,,,,
class2_batch008_sample011559,8,11559,2,Religious Hate,212559,216559,v3_original_demo_boundary_prompt,4-shot random authentic same-class,Shortlisted authentic RUHSOLD Religious Hate examples,118,please sell up you yahoodi bastards,hey are fighting amongst each other. #bajwa is compromise candidate. thats only reason why he a ahmadiya is a coas.,aor hamary hkmran in k sath mily huy en ....yahudi aor hindun hmary sb sy bry dushman en,wise halala ki paidaish tumse yhi ummid ki ja sakti hai madarsa chhhap suarðÿ˜‚ðÿ¤£ðÿ¤£ðÿ¤£ðÿ¤£,jb tm ny bta di hai wo walo ko lga dia tha ye khud hain hum ne to tere jaisay yahodi agenton ko bnaya hai,religious_hate_batch_008.csv,25,False,False,True,False,False,False,False,,True,2,Religious Hate,True,,0.9380966424942015,0.9320207834243774,ye amriat nahi to or kia hain bajwa harami ko ess ka hisab dana ho ga imran yahodi agent ub tm talba ko rok k dikao ub talba teri kameez utarey gee wait kar,0.9380966424942015,True,,True,,,,
class2_batch008_sample011566,8,11566,2,Religious Hate,212566,216566,v3_original_demo_boundary_prompt,4-shot random authentic same-class,Shortlisted authentic RUHSOLD Religious Hate examples,118,#khuda ki qasam agar mey hota tu zinda nahe bach sakta ta muj sey ye beghairat kafir yahoodi.,yes they are involved in bomb blast... halala and bakrigiri,o madadarchod: tum tu farigh ho aur yeh gashti tu waisay he sari raat jagti hay. o dallay o kanjar hum tu iran jatay hotay hain tu bata apni behan kitni baar mbs aur us kay wahabi sheikhon ko bhaijta hay.,"pta nhi kon si uni se graduate hote ho aap log jnha aesi wahiyat education di jati hðÿ˜‚ðÿ˜‚ðÿ˜‚ halala, gazwa-e-hind, camel urine or pta nhi kya kyaðÿ˜‚ðÿ˜‚ðÿ˜‚ðÿ¤£ðÿ¤£ðÿ¤£ðÿ¤£ðÿ‘ðÿ»",rt :   teri maa ka yaar jb kuch nahi bolna tha tu ne goli mara tha haramkhor hindu,religious_hate_batch_008.csv,18,False,False,True,False,False,False,False,,True,2,Religious Hate,True,,0.9063225388526917,0.8970568776130676,rt : khuda maut de tjhe bharwe! lash bhi na milay teri chotiay,0.9063225388526917,True,,True,,,,
class2_batch008_sample011570,8,11570,2,Religious Hate,212570,216570,v3_original_demo_boundary_prompt,4-shot random authentic same-class,Shortlisted authentic RUHSOLD Religious Hate examples,118,kitane maulviyon ne tumhari ammi jaan ka halala kiya hoga tab jakar tum jaisa suar nikla hoga .. ye bhi to bta re mulle..,please all muslims come one page and unite  insha allah   yahoodi isreal finished all,chal na randi ! we have spiritual connection with supreme leader imam khamnae !  we have our hearts and souls for holy cities of najaf and karbala !  dont give a fck to wahabi chutiyas,"surprise!  surprise!  majority of the muslims are at just in different levels of ""usman khan"" ranging from mild to extreme (except ahmadiya may be, but they are not ""real muslims"")  that's from a person living in a country with 95% muslim    https://t.co/hq35u2xrrk,2009-05-25 17:25:26,sydney, new south wales",hamri amma ko halala karna tha ???,religious_hate_batch_008.csv,7,False,False,True,False,False,False,False,,True,2,Religious Hate,True,,0.9345587491989136,0.907071888446808,"abe, tu bhi halala wala hai kya..?",0.9345587491989136,True,,True,,,,
class2_batch008_sample011572,8,11572,2,Religious Hate,212572,216572,v3_original_demo_boundary_prompt,4-shot random authentic same-class,Shortlisted authentic RUHSOLD Religious Hate examples,118,sali muslims randi. jihadi sali,plz sir hamy in say koi khtra nahi hamy is imran khan yahodi our kadiyanion say bachny pay gor karen pak army tayri azmat ko salam,teri maa ka halala kra rha tha koi problem madarjat bhosdike mulle,kitane maulviyon ne tumhari ammi jaan ka halala kiya hoga tab jakar tum jaisa suar nikla hoga .. ye bhi to bta re mulle..,sali yahodi or kafir or qadyani musalman bhenchod,religious_hate_batch_008.csv,8,False,False,True,False,False,False,False,,True,2,Religious Hate,True,,0.9040247201919556,0.8976150751113892,bhag madarchod halala ki paidaish,0.9040247201919556,True,,True,,,,
class2_batch008_sample011573,8,11573,2,Religious Hate,212573,216573,v3_original_demo_boundary_prompt,4-shot random authentic same-class,Shortlisted authentic RUHSOLD Religious Hate examples,118,quaid azam was right ky hindu muslim kabhi sth nhi rhy sgty aaj hindu apni hasli shakl dekha rhy hn. agar kisi muslim ny aisa kia hota to india media ki maa mar gi hoti pr ab nhi boly gy. aagy ka ky yehi bol dn gy ky mentally disturb tha or case khtm .#jamia,israel yahoodi sabse bade atankwaadi hai,that nigga was yahoodi he probably lied to all the employees,haha jaat dikha di bsdk antankbadi halala ki aulaad teri ammi ka halala hua tha phir to randi ke bacheðÿ¤£ðÿ¤£ðÿ˜…,mullo se choro...israel yahodi,religious_hate_batch_008.csv,4,False,False,True,False,False,False,False,,True,2,Religious Hate,True,,0.9223458170890808,0.905319094657898,israel yahoodi sabse bade atankwaadi hai,0.9223458170890808,True,,True,,,,
class2_batch008_sample011576,8,11576,2,Religious Hate,212576,216576,v3_original_demo_boundary_prompt,4-shot random authentic same-class,Shortlisted authentic RUHSOLD Religious Hate examples,118,please all muslims come one page and unite  insha allah   yahoodi isreal finished all,"gau mutr peeyo tum log lodu awkat bna phir aake muh lag, randwa saala",imran qadyani yahoodi agent hy pti ki 18 bank account hy jis may qadyani yahoodi hondo ny funding ki hy . gold smith jimaima aneel musrst . atif miaan sub qadyani yahoodi hy,lul bukhari ye tum nahe tumaray yahoodi or hindu thuku bol rahay hain jin ko army sey bahot hi zeda takleef hai...🖕,yeh kya jaga ha pakistan mein jo kabhi duniya main choron ka khanzeer khandan or yahodi agents hain jitne hein wo kahan ha.,religious_hate_batch_008.csv,23,False,False,True,False,False,False,False,,True,2,Religious Hate,True,,0.9253377914428712,0.9150406122207642,jui inahahallah pakistan say qadyani yahoodi agent ki hukmat awr ap jesy qadyani yahoodi ki supporter ki secret program planning awam ki samny rakty rehngy,0.9253377914428712,True,,True,,,,
class2_batch008_sample011587,8,11587,2,Religious Hate,212587,216587,v3_original_demo_boundary_prompt,4-shot random authentic same-class,Shortlisted authentic RUHSOLD Religious Hate examples,118,apne profile mein whats app me fb twitter mein is bahadur nojawaan ki pic lga kr islam se or nabi ke din se mhbt ka izhaar kren or itna share kren ek yahoodi apne na pak iradoon se baaz ajaye is shakhs ne quraan pak ki hifazahat mein ek bhtareen mhbt ka jita jagta sabot dia hai,please sell up you yahoodi bastards,tumhri maa kk chodu sale apni maa ko chod ke paida hone wale randi ki aulad sale apni behan ko biwi bana ke rkhne wale muhammad ki nazayaj aulad,uff pakiza muslim randi 😉😍,tum ho ahmadiya tere ghar mein ab toh duniya khatam honge tum aur tumhari maa chodenge israeli,religious_hate_batch_008.csv,17,False,False,True,False,False,False,False,,True,2,Religious Hate,True,,0.9258813858032228,0.9177702069282532,chutiye halala ki upaz tu hai mein nahin isaliye tujhe zyada pata hoga,0.9258813858032228,True,,True,,,,
class2_batch008_sample011592,8,11592,2,Religious Hate,212592,216592,v3_original_demo_boundary_prompt,4-shot random authentic same-class,Shortlisted authentic RUHSOLD Religious Hate examples,118,sunni killing a shia....what's new?  thank god he wasn't a ahmedi muslim otherwise the motive would have been to acquire a passport to migrate to western countries and continue their islamic jihadi work after retirement,kaafir tujhe kuch nai malum,that nigga was yahoodi he probably lied to all the employees,wehshi darandy easai yahodi hindo islam amanka ka mazhab,haqiqat hy tu kafir haramzada bhutto,religious_hate_batch_008.csv,6,False,False,True,False,False,False,False,,True,2,Religious Hate,True,,0.9176296591758728,0.9015838503837584,well said.lanati hain ye qadyani kafir,0.9176296591758728,True,,True,,,,
class2_batch008_sample011595,8,11595,2,Religious Hate,212595,216595,v3_original_demo_boundary_prompt,4-shot random authentic same-class,Shortlisted authentic RUHSOLD Religious Hate examples,118,oeyy randdii k bachay ganddu hindu.. kyun jhoott baq raha hai gashti maa k ganndduu bachay. peshaab p k palnay wali qoum.,"surprise!  surprise!  majority of the muslims are at just in different levels of ""usman khan"" ranging from mild to extreme (except ahmadiya may be, but they are not ""real muslims"")  that's from a person living in a country with 95% muslim    https://t.co/hq35u2xrrk,2009-05-25 17:25:26,sydney, new south wales",#stopisraeliterror   yahoodi mulk jisey israel ka naam diya gaya najaiz hai yahoodi sabse bada dahshatgard,phir in yahodi khanzeer logo ko pata chalaiga kai kia ta aur kia nahen ye sirf dajjal kai liye aisa kar rahai hain kyunkai ye yahodi log khazeer log dajjal ko apna leader samjhtai hain aur tumhara pura bollywood bollyminati ban chuka hain tumharai dimagh ko programming ki ja rah,yeh harami muslman hai...,religious_hate_batch_008.csv,4,False,False,True,False,False,False,False,,True,2,Religious Hate,True,,0.9139895439147948,0.9029223322868348,shia kaafir hai aur hum naam k musalmaan.,0.9139895439147948,True,,True,,,,
class2_batch008_sample011596,8,11596,2,Religious Hate,212596,216596,v3_original_demo_boundary_prompt,4-shot random authentic same-class,Shortlisted authentic RUHSOLD Religious Hate examples,118,chhor bhen chod hrami hindu chhor esko😠😠😠,get lost you kaafir.,israel yahoodi sabse bade atankwaadi hai,yahoodi ko hitler ne chora or general ne in jaajoon ko chor k dhkya k ye kai hain.😂,niazi aur imran chore zakat khore yahodi agents,religious_hate_batch_008.csv,8,False,False,True,False,False,False,False,,True,2,Religious Hate,True,,0.9378710985183716,0.9161933064460754,yeh harrami pti main hain saray chore zakat khore yahodi agents,0.9378710985183716,True,,True,,,,
class2_batch008_sample011597,8,11597,2,Religious Hate,212597,216597,v3_original_demo_boundary_prompt,4-shot random authentic same-class,Shortlisted authentic RUHSOLD Religious Hate examples,118,well said.lanati hain ye qadyani kafir,hindu dharm ka matlab samajh pehle puppet khali bhaunk aur bhaunk iam enjoying ur bark 😂😂😂😂,bus ya aur tafseel bataao  ahmdi aurtain beach pe bikini b pehnti hain  jalse aur ijlaas pe burqa b boht hai 🤫,kabi bi nai jo sakta ya shia log pora ka pora yahodi hn,tum ko lag raha hai ki wo yahodi hai?   tum logo ne apni zindagi hi dekhi thi..,religious_hate_batch_008.csv,17,False,False,True,False,False,False,False,,True,2,Religious Hate,True,,0.930817484855652,0.9206601977348328,laanat hai tumhari soch par. yahoodi khan k dor ki mehangai ka b kuch zikar kar,0.930817484855652,True,,True,,,,
class2_batch008_sample011599,8,11599,2,Religious Hate,212599,216599,v3_original_demo_boundary_prompt,4-shot random authentic same-class,Shortlisted authentic RUHSOLD Religious Hate examples,118,jahil k bachy kahan likha h k gair mazhb sy nikaah jaiz ha... tmari gand me jo keera ha wo nhi merna... khoty khany waly... yahoodi kahan sy hogaey ahle kitaab ....tm.b yahoodi to nhi,kutto ki tarah america maar raha hai tumhari kaum ko...aasmani kitab walo...israel roj filistin may maa chod raha hai tumhari.... pahle unse nipto....dare hue log😂😂,yahodi agent qadyani chamcha,bus ya aur tafseel bataao  ahmdi aurtain beach pe bikini b pehnti hain  jalse aur ijlaas pe burqa b boht hai 🤫,"sara din apne baap ko bol raha tha ""tu he halala ki paidaish ho""",religious_hate_batch_008.csv,14,False,False,True,False,False,False,False,,True,2,Religious Hate,True,,0.9047037363052368,0.8946712613105774,"tu to betha bhe kabul k bahir ha, apnay baap yahood ki nagri ma . tu kia hisaab lega begairat insan.   ham abhi zinda hain",0.9047037363052368,True,,True,,,,
class2_batch009_sample011605,9,11605,2,Religious Hate,212605,216605,v3_original_demo_boundary_prompt,4-shot random authentic same-class,Shortlisted authentic RUHSOLD Religious Hate examples,118,yahoodi ko hitler ne chora or general ne in jaajoon ko chor k dhkya k ye kai hain.😂,ho gaye hy aur han aj jo ye sekhon k liye kar raha hy ye whoi sekh hy jub pakistan azad howa tha aur muslmano ne jub india sa hijrat ki tub sub zada qatal muslim ko in sekhon ne kiya tha par afsos ap jesy log is yahodi e agent ko ek islami leader mante ho phir kasm khao k allah,typical muslim randi-rona taqia.,ye lode teri maa or bahan ke shohar hai or jyada bolega to de denge teri maa or bahan ko hum denge talaq or fir halala wow kya baat hai mullo wow lund chuss lo ðÿ˜œðÿ˜œðÿ˜œðÿ˜œ,yahoodi sazish mein sabse bara bura haal hai unki bhi sath mein nashay kaam hi nahi hota,religious_hate_batch_009.csv,17,False,False,True,False,False,False,False,,True,2,Religious Hate,True,,0.925723135471344,0.9204788208007812,party funding case say dhyan hataya hai yahoodi nay aur kuch bhi nahi hai awaam ko gumraah kare walay hain ye aur kuch nahi kar skty,0.925723135471344,True,,True,,,,
class2_batch009_sample011611,9,11611,2,Religious Hate,212611,216611,v3_original_demo_boundary_prompt,4-shot random authentic same-class,Shortlisted authentic RUHSOLD Religious Hate examples,118,"afghanio ne tme hindu se bachaya,randi k aulaad tareekh paro tm wo ganda khoon ho,jo siko aour hindu ki rape se paida woe ho,tme kalima tho sikaya afghano ne,magar tmari gandi dna wai ranjeet sing wali a,randi k aulaad tm ne kah pana di,am pashtono ne di,apnay bio ko hera mandi",shia kaafir hai aur hum naam k musalmaan.,tmri taraj animals ki potty n khate... tm jaake  bomb fodo jaake.......halala ke masala.  niklo.. yaha tm atankiyo k liy jagah ni h bhai. yaha atank n failaooo,pehle apni aurto ko halala se bachao ye bhi modi kar raha hai. agar sahi tum logo ka dna kiya jaye to pata nhi baap kon niklega,"apny munafiqat ka kuch nae bolo,tm logon nay quran mein apny qabilay ki bat krwa leye hae",religious_hate_batch_009.csv,17,False,False,True,False,False,False,False,,True,2,Religious Hate,True,,0.9325817823410034,0.9277775883674622,ab ye wahn bhi ghasety jayengy ia allah pak ny in sa hisab to lena ha akhar itny logo k baduayn han inhyn ink waqat bhot qareeb ha ia,0.9325817823410034,True,,True,,,,
class2_batch009_sample011612,9,11612,2,Religious Hate,212612,216612,v3_original_demo_boundary_prompt,4-shot random authentic same-class,Shortlisted authentic RUHSOLD Religious Hate examples,118,bus ya aur tafseel bataao  ahmdi aurtain beach pe bikini b pehnti hain  jalse aur ijlaas pe burqa b boht hai 🤫,"just the ten thousandth ""isolated"" instance of christian /jewish/hindu/ahmedi places of worship being attacked by crybabies who themselves can't handle some nutcase burning a book full of fiction stories.",iran shia mulk ha or ye munafik log han,halala ki padayish ho aap aur kya expect karenge hum aapse,bhenchod muslims ne yahoodi ko attack kar raha hai,religious_hate_batch_009.csv,9,False,False,True,False,False,False,False,,True,2,Religious Hate,True,,0.907439112663269,0.889929473400116,chalo bhenchod ye cringey youtubers to mare jayen ge. alhamdz.,0.907439112663269,True,,True,,,,
class2_batch009_sample011616,9,11616,2,Religious Hate,212616,216616,v3_original_demo_boundary_prompt,4-shot random authentic same-class,Shortlisted authentic RUHSOLD Religious Hate examples,118,"rt : q. woh kaun si qome he,jis ne such bhi bola phr bhi jahnum mein jayegi? ans: yahoodi or nasara qome. shahid sindh",benchod randi  islam,"bilkul,itny lecture milny hain jese christmas or new year pe milty hain ,kya apko pata bhi hai k kaafir janwaro k haqq main dua bhi nahi krni chahye",chhor bhen chod hrami hindu chhor esko😠😠😠,tum yahodi ho ya na koi bat,religious_hate_batch_009.csv,7,False,False,True,False,False,False,False,,True,2,Religious Hate,True,,0.9435113668441772,0.931434452533722,kuty wali to ise yahodi ki ho gi,0.9435113668441772,True,,True,,,,
class2_batch009_sample011617,9,11617,2,Religious Hate,212617,216617,v3_original_demo_boundary_prompt,4-shot random authentic same-class,Shortlisted authentic RUHSOLD Religious Hate examples,118,sunni killing a shia....what's new?  thank god he wasn't a ahmedi muslim otherwise the motive would have been to acquire a passport to migrate to western countries and continue their islamic jihadi work after retirement,kabi bi nai jo sakta ya shia log pora ka pora yahodi hn,hindu dharm ka matlab samajh pehle puppet khali bhaunk aur bhaunk iam enjoying ur bark 😂😂😂😂,another endian hijra coward hindu terrorist army soldier dispatched to shamshangarh by pakistan army i want more endian hindu terrorist dead so keep it up pakistan,"allah munafiqon ko qurban kar dein, ye log humara maqsad nahi khud ko ghalt se bana detay hain",religious_hate_batch_009.csv,18,False,False,True,False,False,False,False,,True,2,Religious Hate,True,,0.9422642588615416,0.933279812335968,tumri ma buhat hanzir hy jis ne tum jaise  yahodi kafir rhandi hanzir aurat ko paida kiya,0.9422642588615416,True,,True,,,,
class2_batch009_sample011618,9,11618,2,Religious Hate,212618,216618,v3_original_demo_boundary_prompt,4-shot random authentic same-class,Shortlisted authentic RUHSOLD Religious Hate examples,118,o madadarchod: tum tu farigh ho aur yeh gashti tu waisay he sari raat jagti hay. o dallay o kanjar hum tu iran jatay hotay hain tu bata apni behan kitni baar mbs aur us kay wahabi sheikhon ko bhaijta hay.,ho gaye hy aur han aj jo ye sekhon k liye kar raha hy ye whoi sekh hy jub pakistan azad howa tha aur muslmano ne jub india sa hijrat ki tub sub zada qatal muslim ko in sekhon ne kiya tha par afsos ap jesy log is yahodi e agent ko ek islami leader mante ho phir kasm khao k allah,ye lode teri maa or bahan ke shohar hai or jyada bolega to de denge teri maa or bahan ko hum denge talaq or fir halala wow kya baat hai mullo wow lund chuss lo ðÿ˜œðÿ˜œðÿ˜œðÿ˜œ,aye yahudiyo jitna zulm karna hai kar lo in sha allah woh din bhi zaroor aayega ke tumhe chun chun ke maara jayega yahan tak ke tum darakht ya pattharoñ ke piche chhup jaoge to bejan chizen bhi kahengi yahan yahoodi chhupa hai.hadees ka farman hai ho kar rahega #israeliterrorism,ager inko kashmiri khanzeer firaasch say bachana pasand ha to ab bhaunk lein hum to yahodi hai koi naya bhaunkna nahi chahtey,religious_hate_batch_009.csv,22,False,False,True,False,False,False,False,,True,2,Religious Hate,True,,0.9486171007156372,0.9208861589431764,kabhi kashmir frosh lanti sazishi bayghart kanjar imran yahodi ko yad karwai ha ye bat ya munafikat k keray nay cata ha,0.9486171007156372,True,,True,,,,
class2_batch009_sample011620,9,11620,2,Religious Hate,212620,216620,v3_original_demo_boundary_prompt,4-shot random authentic same-class,Shortlisted authentic RUHSOLD Religious Hate examples,118,ahmedi mirziee qadiyani hargiz kuleedi uhdu pe nhee janay chahien warna hmari agencies pe swalia nishan hey,pehle america jaiga ue begairaat musliman kehlwane kai laiq nh pehle he logh kehty h eske bary me ye yahoodi hai,wise halala ki paidaish tumse yhi ummid ki ja sakti hai madarsa chhhap suarðÿ˜‚ðÿ¤£ðÿ¤£ðÿ¤£ðÿ¤£,please don't share his obnoxious face to me. below is the image of the book rohani khzain from ahmedi's official website see what your evil messiah has declared god but you had said you have read the books of mirza and accepted him mehdi may god give you hidyath,ahmadiya jesy muslimeen ko pakistan se bachaya huwa tha,religious_hate_batch_009.csv,9,False,False,True,False,False,False,False,,True,2,Religious Hate,True,,0.9194552898406982,0.9073821902275084,wehshi darandy easai yahodi hindo islam amanka ka mazhab,0.9194552898406982,True,,True,,,,
class2_batch009_sample011621,9,11621,2,Religious Hate,212621,216621,v3_original_demo_boundary_prompt,4-shot random authentic same-class,Shortlisted authentic RUHSOLD Religious Hate examples,118,"how did an ahmadiya get to the top in the army of sunnis, in the first place?",tum log yahoodi ho kisi ko shuck nahi hona chaheye bus kafi hogae musalmanon ko aur dhoka na dou👹,abe halala ki paidaish..  tumhara to wajood hi 800 years purana hai..  jab bhagwan ram ko kagaj dikhane ki jarurat par gayi to tum kaun ho.. kagaj to dikhana hi parega.. #nrc_caa_npr,meri tarbiyat yehi hai k jo amreca ko apna baap manta hai na wo muslman hai or na us s koi hanra taloq hai tum nasl e yazeedi ho masl e yahodi or yahoodio ki olad ho,hareem sharif ki zindagi mein ghaibi kahaniyan kuch nahi hoti.,religious_hate_batch_009.csv,10,False,False,True,False,False,False,False,,True,2,Religious Hate,True,,0.9167538285255432,0.9114617109298706,chutiye halala ki upaz tu hai mein nahin isaliye tujhe zyada pata hoga,0.9167538285255432,True,,True,,,,
class2_batch009_sample011624,9,11624,2,Religious Hate,212624,216624,v3_original_demo_boundary_prompt,4-shot random authentic same-class,Shortlisted authentic RUHSOLD Religious Hate examples,118,tum log yahoodi ho kisi ko shuck nahi hona chaheye bus kafi hogae musalmanon ko aur dhoka na dou👹,"path of cruelty , path of violence, path of halala , path of tripe talaq, path of marrying 6 years old aisha,path to discipline their wives by beating them,path of hurun,path of apostasy,path of punishable apostasy, path of beheading. what a pissful religion izlam is ðÿ‘",hindoo wo qom ha jinper koi nabi koi kitaab nazil nahi hoi. ye to yahoodi se bhi bad tar hen,ye bat tum yahoodi ko bolo atankwadi tum ho jo musalman se nafrat ki aag me insaniyat ke sabse bade dushman yahoodi ko support karte ho ye log to face to face mara hai unlog chote bache ka upar bom feka kisi aurat ya admi bacha ko goli mar diya wi bhi waha ke civilian hi hai,apne pakistan ki gandi naslain jahan yahoodi agent mullo ne qoum e madina ki gandi naslain gulami rakh kar tayar kia hai ye muslims,religious_hate_batch_009.csv,24,False,False,True,False,False,False,False,,True,2,Religious Hate,True,,0.9393545389175416,0.9267730712890624,jui inahahallah pakistan say qadyani yahoodi agent ki hukmat awr ap jesy qadyani yahoodi ki supporter ki secret program planning awam ki samny rakty rehngy,0.9393545389175416,True,,True,,,,
class2_batch009_sample011626,9,11626,2,Religious Hate,212626,216626,v3_original_demo_boundary_prompt,4-shot random authentic same-class,Shortlisted authentic RUHSOLD Religious Hate examples,118,typical muslim randi-rona taqia.,phir kehty hum bhot badry #muslim hn aur #ashaq_e_rasool sawm hain lanat hai un sab #haramio py jinho ny bibi fatima zahra ko shahheed kia aur #haq khaya 🖐🏻😡🐕 aur lanat un sab py jo un #haramio ky hamdard hain,"waise madarso mein bahut achhi taaleem di jaati hai tum jihadi hijdo ko, asar dikh rha hai yahan, khud toh khud ki bhen chodte hi ho aur dusro ko bhi bhenchod samajhte ho.",sunni killing a shia....what's new?  thank god he wasn't a ahmedi muslim otherwise the motive would have been to acquire a passport to migrate to western countries and continue their islamic jihadi work after retirement,ye wo harami hy jo pakistan k mazhab ka apna qabil na kar saka hy,religious_hate_batch_009.csv,15,False,False,True,False,False,False,False,,True,2,Religious Hate,True,,0.9264447689056396,0.9242429733276368,lanat tuj harami par. pakistan me tum jesay begheraton ki kami ni.,0.9264447689056396,True,,True,,,,
class2_batch009_sample011627,9,11627,2,Religious Hate,212627,216627,v3_original_demo_boundary_prompt,4-shot random authentic same-class,Shortlisted authentic RUHSOLD Religious Hate examples,118,kaafir tujhe kuch nai malum,imran qadyani yahoodi agent hy pti ki 18 bank account hy jis may qadyani yahoodi hondo ny funding ki hy . gold smith jimaima aneel musrst . atif miaan sub qadyani yahoodi hy,phir kehty hum bhot badry #muslim hn aur #ashaq_e_rasool sawm hain lanat hai un sab #haramio py jinho ny bibi fatima zahra ko shahheed kia aur #haq khaya 🖐🏻😡🐕 aur lanat un sab py jo un #haramio ky hamdard hain,"rt : q. woh kaun si qome he,jis ne such bhi bola phr bhi jahnum mein jayegi? ans: yahoodi or nasara qome. shahid sindh",imran chore zakat khore yahodi agent hy,religious_hate_batch_009.csv,7,False,False,True,False,False,False,False,,True,2,Religious Hate,True,,0.9461625218391418,0.9154815673828124,pagal yahodi daboo imran chore zakat khore,0.9461625218391418,True,,False,Synthetic near-duplicate,class2_batch004_sample010629,0.9930018186569214,Round 1 accepted synthetic bank
class2_batch009_sample011628,9,11628,2,Religious Hate,212628,216628,v3_original_demo_boundary_prompt,4-shot random authentic same-class,Shortlisted authentic RUHSOLD Religious Hate examples,118,phir kehty hum bhot badry #muslim hn aur #ashaq_e_rasool sawm hain lanat hai un sab #haramio py jinho ny bibi fatima zahra ko shahheed kia aur #haq khaya 🖐🏻😡🐕 aur lanat un sab py jo un #haramio ky hamdard hain,phir in yahodi khanzeer logo ko pata chalaiga kai kia ta aur kia nahen ye sirf dajjal kai liye aisa kar rahai hain kyunkai ye yahodi log khazeer log dajjal ko apna leader samjhtai hain aur tumhara pura bollywood bollyminati ban chuka hain tumharai dimagh ko programming ki ja rah,or mujhe un ladkiyo se utni hi nafrat hai jo mullo se shadi karti hai jitni kisi normal hindu ko😡 or mujhe hindu ladko se bhi itni hi nafrat hai jo muslim ladkiyo se shadi karte hai... dharam me koi milawat mujhe pasand nahi,1 balatkari muslim 3 balatkari tera baap hindu h uske bare m kuch bol  be,or mujhe hindu ladko se bhi itni hi nafrat hai jo muslim ladkiyo se shadi karte hai...,religious_hate_batch_009.csv,17,False,False,True,False,False,False,False,,True,2,Religious Hate,True,,0.959721028804779,0.8993955850601196,   or mujhe un ladkiyo se utni hi nafrat hai jo mullo se shadi karti hai jitni kisi normal hindu ko😡 or mujhe hindu ladko se bhi itni hi nafrat hai jo muslim ladkiyo se shadi karte hai... dharam me koi milawat mujhe pasand nahi,0.959721028804779,True,,True,,,,
class2_batch009_sample011634,9,11634,2,Religious Hate,212634,216634,v3_original_demo_boundary_prompt,4-shot random authentic same-class,Shortlisted authentic RUHSOLD Religious Hate examples,118,dekh le madarch*d islam ka nanga naach..babri par fate hue bawaseer ki tarah bhaunk raha tha na..us par bhi ab apne manhoos muh se kuch hag de..blood cousins ke incest ki paidaish,lul bukhari ye tum nahe tumaray yahoodi or hindu thuku bol rahay hain jin ko army sey bahot hi zeda takleef hai...🖕,hey are fighting amongst each other. #bajwa is compromise candidate. thats only reason why he a ahmadiya is a coas.,sirf momin aya to yahoodi kum nasal marny laggaye agr sawa crore momin agaye to sochen kya hoga?hamen jagna hoga,imran chore zakat khore yahodi agent niazi,religious_hate_batch_009.csv,7,False,False,True,False,False,False,False,,True,2,Religious Hate,True,,0.9432764053344728,0.9135499000549316,pagal yahodi daboo imran chore zakat khore,0.9432764053344728,True,,False,Synthetic near-duplicate,class2_batch004_sample010629,0.9809601306915283,Round 1 accepted synthetic bank
class2_batch009_sample011638,9,11638,2,Religious Hate,212638,216638,v3_original_demo_boundary_prompt,4-shot random authentic same-class,Shortlisted authentic RUHSOLD Religious Hate examples,118,teri maa ka halala kra rha tha koi problem madarjat bhosdike mulle,abe halala ki paidaish..  tumhara to wajood hi 800 years purana hai..  jab bhagwan ram ko kagaj dikhane ki jarurat par gayi to tum kaun ho.. kagaj to dikhana hi parega.. #nrc_caa_npr,tw kaafir tera peo kaafir tera pura khandaan kaafir ooo churry trump🐱🐱,sirf momin aya to yahoodi kum nasal marny laggaye agr sawa crore momin agaye to sochen kya hoga?hamen jagna hoga,ajeeb tareeqay se hamari maa chodte rehte ho halala ki sath,religious_hate_batch_009.csv,11,False,False,True,False,False,False,False,,True,2,Religious Hate,True,,0.937346577644348,0.93501079082489,kabi bi nai jo sakta ya shia log pora ka pora yahodi hn,0.937346577644348,True,,True,,,,
class2_batch009_sample011639,9,11639,2,Religious Hate,212639,216639,v3_original_demo_boundary_prompt,4-shot random authentic same-class,Shortlisted authentic RUHSOLD Religious Hate examples,118,or wahan tumhara jahanumi ahmedi jo naaowz billah nabi hona ka dawa dar tha wo wo case hara tha or court sa bhag gya tha.nabi pak p.b.u.h allah ka akhri nabi han or on ka bad koi nabi nahi ae ga.ya ak haqeqat ha jo quran ma bhi ha.or 1947 ma pak islam ka name par bana tha.,tmri taraj animals ki potty n khate... tm jaake  bomb fodo jaake.......halala ke masala.  niklo.. yaha tm atankiyo k liy jagah ni h bhai. yaha atank n failaooo,yahodi agent qadyani chamcha,yahoodi ko hitler ne chora or general ne in jaajoon ko chor k dhkya k ye kai hain.😂,tum ho yahodi agents,religious_hate_batch_009.csv,4,False,False,True,False,False,False,False,,True,2,Religious Hate,True,,0.9182559251785278,0.8931194543838501,yahodi agent qadyani chamcha,0.9182559251785278,True,,True,,,,
class2_batch009_sample011640,9,11640,2,Religious Hate,212640,216640,v3_original_demo_boundary_prompt,4-shot random authentic same-class,Shortlisted authentic RUHSOLD Religious Hate examples,118,please all muslims come one page and unite  insha allah   yahoodi isreal finished all,lanat abbtknews k khilaf trend bnane walye yazeedion pe r bibi k dushmano p bhi,madarchod muslaman ki kaum madarchod saalo ka imaan nahi hai bheno ko chod te hai bhen ke lode harmazaade uskiye apni  maa ki chut bhi chodta hoga aur chuswata hoga logo se saare musalamaan raand ki olad islam ki maa ki chut,lant hy teri aagli pecchli tweet pe or tum pe or qadyanion pe or kuch ?,mr. tasneem shawaz ahmdi gadhee ka ghar walo ne jitna chutiya bana diya ha.,religious_hate_batch_009.csv,14,False,False,True,False,False,False,False,,True,2,Religious Hate,True,,0.9166702032089232,0.9039028882980348,ahmedi mirziee qadiyani hargiz kuleedi uhdu pe nhee janay chahien warna hmari agencies pe swalia nishan hey,0.9166702032089232,True,,True,,,,
class2_batch009_sample011645,9,11645,2,Religious Hate,212645,216645,v3_original_demo_boundary_prompt,4-shot random authentic same-class,Shortlisted authentic RUHSOLD Religious Hate examples,118,q teri bhen ko chuda hy dewbandion ny ..harami ki nasal,chal na randi ! we have spiritual connection with supreme leader imam khamnae !  we have our hearts and souls for holy cities of najaf and karbala !  dont give a fck to wahabi chutiyas,"not surprised comment came from ahmedi. tbh, i won't be surprised when some christians will argue that they r included in muslim category too. just bcoz they believe there is only one god.",1 balatkari muslim 3 balatkari tera baap hindu h uske bare m kuch bol  be,bhenchod ye lanati yahoodi agent ki tweet nhi krne se pata tha ye chutiya hai,religious_hate_batch_009.csv,15,False,False,True,False,False,False,False,,True,2,Religious Hate,True,,0.9022046327590942,0.885378360748291,sahab yeah yahodi lobby ka agent bht bhonk gaya ajj 😡 khair ho?,0.9022046327590942,True,,True,,,,
class2_batch009_sample011647,9,11647,2,Religious Hate,212647,216647,v3_original_demo_boundary_prompt,4-shot random authentic same-class,Shortlisted authentic RUHSOLD Religious Hate examples,118,"gau mutr peeyo tum log lodu awkat bna phir aake muh lag, randwa saala",oy ahmdi kuty. tum log smjhty ho k is trah kr k hm awam ko pagl bnao gy?? beta bajwa ne tere jeso ko nanga nachana he sbr kr. kahi ni ja rha hmara army chief. tum logo ne agly 3 sal me ye duniya hi chor jani bajwa k dar se. ye army chief nahi pakistan ka muhafiz he.,wow halala's product on fire as usual porkistaniðÿ˜‚ðÿ˜‚ðÿ˜‚,q teri bhen ko chuda hy dewbandion ny ..harami ki nasal,tu yahodi kuta ha,religious_hate_batch_009.csv,4,False,False,True,False,False,False,False,,True,2,Religious Hate,True,,0.945681929588318,0.9229655265808104,ye sour hud yahodi ha,0.945681929588318,True,,True,,,,
class2_batch009_sample011651,9,11651,2,Religious Hate,212651,216651,v3_original_demo_boundary_prompt,4-shot random authentic same-class,Shortlisted authentic RUHSOLD Religious Hate examples,118,"waise madarso mein bahut achhi taaleem di jaati hai tum jihadi hijdo ko, asar dikh rha hai yahan, khud toh khud ki bhen chodte hi ho aur dusro ko bhi bhenchod samajhte ho.",kadiyani kafir thay hain aur hamesha harain gay. ye dajjali fitnay ki ek kari hain. aur inkay supporters hum main bhe jo chupay howay hain wo bhe khanzeer kafir he hain. lannat beshomar kadiyanio pr.,shia kaafir hai aur hum naam k musalmaan.,wow halala's product on fire as usual porkistaniðÿ˜‚ðÿ˜‚ðÿ˜‚,gandu kafir sazish hindustani,religious_hate_batch_009.csv,4,False,False,True,False,False,False,False,,True,2,Religious Hate,True,,0.9059396982192992,0.8967263102531433,hindu sirf gooli ki zuban smjta ha,0.9059396982192992,True,,True,,,,
class2_batch009_sample011652,9,11652,2,Religious Hate,212652,216652,v3_original_demo_boundary_prompt,4-shot random authentic same-class,Shortlisted authentic RUHSOLD Religious Hate examples,118,chal fosdi ke mohammad kabile wale ki halala ki aulad,well said.lanati hain ye qadyani kafir,qadiani ahmedi mirziee kaafir jo hen,ho gaye hy aur han aj jo ye sekhon k liye kar raha hy ye whoi sekh hy jub pakistan azad howa tha aur muslmano ne jub india sa hijrat ki tub sub zada qatal muslim ko in sekhon ne kiya tha par afsos ap jesy log is yahodi e agent ko ek islami leader mante ho phir kasm khao k allah,rt : lanat tery jaisy yahodi agent k khandan per,religious_hate_batch_009.csv,10,False,False,True,False,False,False,False,,True,2,Religious Hate,True,,0.909672737121582,0.8914273977279663,rt : lakh di lanat tere munh tay khottay k puttar lanati yahodi lobby k agent haramkhor badzat dalay  niazi ht.,0.909672737121582,True,,True,,,,
class2_batch009_sample011658,9,11658,2,Religious Hate,212658,216658,v3_original_demo_boundary_prompt,4-shot random authentic same-class,Shortlisted authentic RUHSOLD Religious Hate examples,118,iran shia mulk ha or ye munafik log han,yahodi agent qadyani chamcha,"abbey halala ki paidaish, 5 baap ki aulaad. patthar baazi ke alawa kuchh kaam kara kabhi teri kaum ne ?","malala the product of halala pehle burke se, halala se, bacche paida kerne se or gulami ki jindgi se to azadi lelo hindustaan se azadi to tumhare kukarm tumhe dilwa hi denge. kyuki terrorism failaoge to lat mar ke desh se bhagae jaoge. i am with my country and support caa, nrcðÿ˜‰.",imran chore zakat khore yahodi saazish hain,religious_hate_batch_009.csv,7,False,False,True,False,False,False,False,,True,2,Religious Hate,True,,0.9644836187362672,0.9174492955207824,pagal yahodi daboo imran chore zakat khore,0.9644836187362672,True,,True,,,,
class2_batch009_sample011670,9,11670,2,Religious Hate,212670,216670,v3_original_demo_boundary_prompt,4-shot random authentic same-class,Shortlisted authentic RUHSOLD Religious Hate examples,118,"malala the product of halala pehle burke se, halala se, bacche paida kerne se or gulami ki jindgi se to azadi lelo hindustaan se azadi to tumhare kukarm tumhe dilwa hi denge. kyuki terrorism failaoge to lat mar ke desh se bhagae jaoge. i am with my country and support caa, nrcðÿ˜‰.",pehle apni aurto ko halala se bachao ye bhi modi kar raha hai. agar sahi tum logo ka dna kiya jaye to pata nhi baap kon niklega,please sell up you yahoodi bastards,well said.lanati hain ye qadyani kafir,rt :   #halalapehlehalala kabhi apne patidev ko halale ki zaroorat nahi?,religious_hate_batch_009.csv,11,False,False,True,False,False,False,False,,True,2,Religious Hate,True,,0.9070860147476196,0.897971510887146,ye sa**i toh pakka kisi halala ki paidaish hai,0.9070860147476196,True,,True,,,,
class2_batch009_sample011677,9,11677,2,Religious Hate,212677,216677,v3_original_demo_boundary_prompt,4-shot random authentic same-class,Shortlisted authentic RUHSOLD Religious Hate examples,118,hindu dharm ka matlab samajh pehle puppet khali bhaunk aur bhaunk iam enjoying ur bark 😂😂😂😂,"rt : q. woh kaun si qome he,jis ne such bhi bola phr bhi jahnum mein jayegi? ans: yahoodi or nasara qome. shahid sindh",sale halala molvi se tum karvao apni oorto ka or apni ma bahan ka bol heme rhe ho molvi kamre m apni bahan ko bej kar sina choda hota hoga tumhara,or mujhe un ladkiyo se utni hi nafrat hai jo mullo se shadi karti hai jitni kisi normal hindu ko😡 or mujhe hindu ladko se bhi itni hi nafrat hai jo muslim ladkiyo se shadi karte hai... dharam me koi milawat mujhe pasand nahi,abe halala ki paidaish teri gand mara jaoon.,religious_hate_batch_009.csv,8,False,False,True,False,False,False,False,,True,2,Religious Hate,True,,0.9315394759178162,0.922484576702118, safi ki maa ne haram ki aulad jani thi.,0.9315394759178162,True,,True,,,,
class2_batch009_sample011687,9,11687,2,Religious Hate,212687,216687,v3_original_demo_boundary_prompt,4-shot random authentic same-class,Shortlisted authentic RUHSOLD Religious Hate examples,118,meri tarbiyat yehi hai k jo amreca ko apna baap manta hai na wo muslman hai or na us s koi hanra taloq hai tum nasl e yazeedi ho masl e yahodi or yahoodio ki olad ho,ye pagliya gyi h saali... kuttiya ye ab bhul gyi h jisne #halala or #teentlaaq se aazadi dilwayi usko bhul gyi h ye mullli....,please don't share his obnoxious face to me. below is the image of the book rohani khzain from ahmedi's official website see what your evil messiah has declared god but you had said you have read the books of mirza and accepted him mehdi may god give you hidyath,ye bat tum yahoodi ko bolo atankwadi tum ho jo musalman se nafrat ki aag me insaniyat ke sabse bade dushman yahoodi ko support karte ho ye log to face to face mara hai unlog chote bache ka upar bom feka kisi aurat ya admi bacha ko goli mar diya wi bhi waha ke civilian hi hai,rt :  halala ki paidaish,religious_hate_batch_009.csv,5,False,False,True,False,False,False,False,,True,2,Religious Hate,True,,0.9296841621398926,0.9174842834472656,rt :   halala center khol raha hai,0.9296841621398926,True,,False,Synthetic near-duplicate,class2_batch008_sample011525,0.9999999403953552,Earlier accepted Round 2 synthetic
class2_batch009_sample011689,9,11689,2,Religious Hate,212689,216689,v3_original_demo_boundary_prompt,4-shot random authentic same-class,Shortlisted authentic RUHSOLD Religious Hate examples,118,hindu dharm ka matlab samajh pehle puppet khali bhaunk aur bhaunk iam enjoying ur bark 😂😂😂😂,yahoodi ko hitler ne chora or general ne in jaajoon ko chor k dhkya k ye kai hain.😂,bus ya aur tafseel bataao  ahmdi aurtain beach pe bikini b pehnti hain  jalse aur ijlaas pe burqa b boht hai 🤫,yes they are involved in bomb blast... halala and bakrigiri,hae bhenchod wo halala ki paidaish hae,religious_hate_batch_009.csv,7,False,False,True,False,False,False,False,,True,2,Religious Hate,True,,0.9569718837738036,0.9495809674263,bhai ye halala ki aulad hi,0.9569718837738036,True,,True,,,,
class2_batch009_sample011697,9,11697,2,Religious Hate,212697,216697,v3_original_demo_boundary_prompt,4-shot random authentic same-class,Shortlisted authentic RUHSOLD Religious Hate examples,118,wise halala ki paidaish tumse yhi ummid ki ja sakti hai madarsa chhhap suarðÿ˜‚ðÿ¤£ðÿ¤£ðÿ¤£ðÿ¤£,or wahan tumhara jahanumi ahmedi jo naaowz billah nabi hona ka dawa dar tha wo wo case hara tha or court sa bhag gya tha.nabi pak p.b.u.h allah ka akhri nabi han or on ka bad koi nabi nahi ae ga.ya ak haqeqat ha jo quran ma bhi ha.or 1947 ma pak islam ka name par bana tha.,benchod randi  islam,uff pakiza muslim randi 😉😍,ye mullo ne sab ko bachaya hai ke munafik hindustani hain,religious_hate_batch_009.csv,11,False,False,True,False,False,False,False,,True,2,Religious Hate,True,,0.9289960861206056,0.9207700490951538,be auqaata hai ye choora changar yahoodi nachne wali afgani ka bucha,0.9289960861206056,True,,True,,,,
class2_batch009_sample011702,9,11702,2,Religious Hate,212702,216702,v3_original_demo_boundary_prompt,4-shot random authentic same-class,Shortlisted authentic RUHSOLD Religious Hate examples,118,aor hamary hkmran in k sath mily huy en ....yahudi aor hindun hmary sb sy bry dushman en,yahoodi kabhi hamara dost nhi ho sakta,imran qadyani yahoodi agent hy pti ki 18 bank account hy jis may qadyani yahoodi hondo ny funding ki hy . gold smith jimaima aneel musrst . atif miaan sub qadyani yahoodi hy,jaa bhen k lory tum harrami ki nasal ho.. dewband maslak pe kutty ki tareh bhoonkty ho..,pti ko jo mard e mohtasar ka naam lety hen wo yahodi ha,religious_hate_batch_009.csv,13,False,False,True,False,False,False,False,,True,2,Religious Hate,True,,0.9374245405197144,0.9332808256149292,tere yaha teri ammi ka halala jayaj ja lekar ja apni ammi ko molvi ke pass,0.9374245405197144,True,,True,,,,
class2_batch009_sample011706,9,11706,2,Religious Hate,212706,216706,v3_original_demo_boundary_prompt,4-shot random authentic same-class,Shortlisted authentic RUHSOLD Religious Hate examples,118,kitane maulviyon ne tumhari ammi jaan ka halala kiya hoga tab jakar tum jaisa suar nikla hoga .. ye bhi to bta re mulle..,iran shia mulk ha or ye munafik log han,aye yahudiyo jitna zulm karna hai kar lo in sha allah woh din bhi zaroor aayega ke tumhe chun chun ke maara jayega yahan tak ke tum darakht ya pattharoñ ke piche chhup jaoge to bejan chizen bhi kahengi yahan yahoodi chhupa hai.hadees ka farman hai ho kar rahega #israeliterrorism,in beghairto israel yahodi khanzeer kai bacho nai kia kuch nahen kia hain lekhin alhamdulillah islam wahid deen jo mohabbat sikhati hain nakai nafrat aur ye sab sai tezi sai phelta huwa deen hain is liye inko jalan ho rahi hain aur har koshish kar bhe chukai hain aur kar bhe,ye to haramzada yahodi kanjar hain,religious_hate_batch_009.csv,6,False,False,True,False,False,False,False,,True,2,Religious Hate,True,,0.9420589208602904,0.9301108121871948,ye begerat hai hi yahodi,0.9420589208602904,True,,True,,,,
class2_batch009_sample011713,9,11713,2,Religious Hate,212713,216713,v3_original_demo_boundary_prompt,4-shot random authentic same-class,Shortlisted authentic RUHSOLD Religious Hate examples,118,"path of cruelty , path of violence, path of halala , path of tripe talaq, path of marrying 6 years old aisha,path to discipline their wives by beating them,path of hurun,path of apostasy,path of punishable apostasy, path of beheading. what a pissful religion izlam is ðÿ‘",chal fosdi ke mohammad kabile wale ki halala ki aulad,"malala the product of halala pehle burke se, halala se, bacche paida kerne se or gulami ki jindgi se to azadi lelo hindustaan se azadi to tumhare kukarm tumhe dilwa hi denge. kyuki terrorism failaoge to lat mar ke desh se bhagae jaoge. i am with my country and support caa, nrcðÿ˜‰.",kafir yahodi kafir hindo same thinking,sai hai imran khan aur imrani ko halala ka ilawa kuch bhi nahi pata,religious_hate_batch_009.csv,14,False,False,True,False,False,False,False,,True,2,Religious Hate,True,,0.9372735619544984,0.9286199808120728,chutiye halala ki upaz tu hai mein nahin isaliye tujhe zyada pata hoga,0.9372735619544984,True,,True,,,,
class2_batch009_sample011719,9,11719,2,Religious Hate,212719,216719,v3_original_demo_boundary_prompt,4-shot random authentic same-class,Shortlisted authentic RUHSOLD Religious Hate examples,118,sali muslims randi. jihadi sali,"path of cruelty , path of violence, path of halala , path of tripe talaq, path of marrying 6 years old aisha,path to discipline their wives by beating them,path of hurun,path of apostasy,path of punishable apostasy, path of beheading. what a pissful religion izlam is ðÿ‘",hey are fighting amongst each other. #bajwa is compromise candidate. thats only reason why he a ahmadiya is a coas.,wow halala's product on fire as usual porkistaniðÿ˜‚ðÿ˜‚ðÿ˜‚,hahaha.. kashmiri yahoodi kabhi zinda nahi hota,religious_hate_batch_009.csv,7,False,False,True,False,False,False,False,,True,2,Religious Hate,True,,0.9361823201179504,0.9229539036750792,niazi yahoodi khud ghadar hay kashmir hy bech dala 😂😂😂😂😂😂,0.9361823201179504,True,,True,,,,
class2_batch009_sample011726,9,11726,2,Religious Hate,212726,216726,v3_original_demo_boundary_prompt,4-shot random authentic same-class,Shortlisted authentic RUHSOLD Religious Hate examples,118,hindu sirf gooli ki zuban smjta ha,"bilkul,itny lecture milny hain jese christmas or new year pe milty hain ,kya apko pata bhi hai k kaafir janwaro k haqq main dua bhi nahi krni chahye",qadiani ahmedi mirziee kaafir jo hen,shia kaafir hai aur hum naam k musalmaan.,ye sab halala ki paidaish,religious_hate_batch_009.csv,5,False,False,True,False,False,False,False,,True,2,Religious Hate,True,,0.976143479347229,0.953233540058136,halala ki paidaish ðÿ¤£ðÿ¤£ðÿ¤£,0.976143479347229,True,,False,Synthetic near-duplicate,class2_batch004_sample010770,0.9891661405563354,Round 1 accepted synthetic bank
class2_batch009_sample011729,9,11729,2,Religious Hate,212729,216729,v3_original_demo_boundary_prompt,4-shot random authentic same-class,Shortlisted authentic RUHSOLD Religious Hate examples,118,tumhri maa kk chodu sale apni maa ko chod ke paida hone wale randi ki aulad sale apni behan ko biwi bana ke rkhne wale muhammad ki nazayaj aulad,ye pagliya gyi h saali... kuttiya ye ab bhul gyi h jisne #halala or #teentlaaq se aazadi dilwayi usko bhul gyi h ye mullli....,kitane maulviyon ne tumhari ammi jaan ka halala kiya hoga tab jakar tum jaisa suar nikla hoga .. ye bhi to bta re mulle..,get lost you kaafir.,haan tera baap tha yahoodi ho gaya aur tu to hindoo ho.,religious_hate_batch_009.csv,12,False,False,True,False,False,False,False,,True,2,Religious Hate,True,,0.927128791809082,0.9193712472915648,laanat hai tumhari soch par. yahoodi khan k dor ki mehangai ka b kuch zikar kar,0.927128791809082,True,,True,,,,
class2_batch009_sample011733,9,11733,2,Religious Hate,212733,216733,v3_original_demo_boundary_prompt,4-shot random authentic same-class,Shortlisted authentic RUHSOLD Religious Hate examples,118,madarchod muslaman ki kaum madarchod saalo ka imaan nahi hai bheno ko chod te hai bhen ke lode harmazaade uskiye apni  maa ki chut bhi chodta hoga aur chuswata hoga logo se saare musalamaan raand ki olad islam ki maa ki chut,aye yahudiyo jitna zulm karna hai kar lo in sha allah woh din bhi zaroor aayega ke tumhe chun chun ke maara jayega yahan tak ke tum darakht ya pattharoñ ke piche chhup jaoge to bejan chizen bhi kahengi yahan yahoodi chhupa hai.hadees ka farman hai ho kar rahega #israeliterrorism,or wahan tumhara jahanumi ahmedi jo naaowz billah nabi hona ka dawa dar tha wo wo case hara tha or court sa bhag gya tha.nabi pak p.b.u.h allah ka akhri nabi han or on ka bad koi nabi nahi ae ga.ya ak haqeqat ha jo quran ma bhi ha.or 1947 ma pak islam ka name par bana tha.,"hogai izzat? mera jism meri marzi jc ghaleez or ghatiya terminologies hamare muslim muashrey me dene ki koshish me aapki so-called,vahiyat or ikhlaq se giri support ko khud ne hi reject kardiya.  apne yahoodi gods ko khush krne k liey kuch or karien",lanati yahodi agent shukla,religious_hate_batch_009.csv,4,False,False,True,False,False,False,False,,True,2,Religious Hate,True,,0.9338322877883912,0.9013940095901488,yahodi agent qadyani chamcha,0.9338322877883912,True,,True,,,,
class2_batch009_sample011741,9,11741,2,Religious Hate,212741,216741,v3_original_demo_boundary_prompt,4-shot random authentic same-class,Shortlisted authentic RUHSOLD Religious Hate examples,118,"huh wut you say u imbecile, i shat on you...toh toh toh kaafir",but we have a firm belief now that qadiyani and ahmedi neither want muslims nor pakistanis to live in a harmony,lant hy teri aagli pecchli tweet pe or tum pe or qadyanion pe or kuch ?,kitane maulviyon ne tumhari ammi jaan ka halala kiya hoga tab jakar tum jaisa suar nikla hoga .. ye bhi to bta re mulle..,gandu tera baap hai yahodi,religious_hate_batch_009.csv,5,False,False,True,False,False,False,False,,True,2,Religious Hate,True,,0.9282982349395752,0.903188705444336,ye begerat hai hi yahodi,0.9282982349395752,True,,True,,,,
class2_batch009_sample011742,9,11742,2,Religious Hate,212742,216742,v3_original_demo_boundary_prompt,4-shot random authentic same-class,Shortlisted authentic RUHSOLD Religious Hate examples,118,"abbey halala ki paidaish, 5 baap ki aulaad. patthar baazi ke alawa kuchh kaam kara kabhi teri kaum ne ?","not surprised comment came from ahmedi. tbh, i won't be surprised when some christians will argue that they r included in muslim category too. just bcoz they believe there is only one god.",please all muslims come one page and unite  insha allah   yahoodi isreal finished all,kabi bi nai jo sakta ya shia log pora ka pora yahodi hn,ye yahodi ho,religious_hate_batch_009.csv,3,False,False,True,False,False,False,False,,True,2,Religious Hate,True,,0.9525196552276612,0.9317599534988404,ye sour hud yahodi ha,0.9525196552276612,True,,True,,,,
class2_batch009_sample011746,9,11746,2,Religious Hate,212746,216746,v3_original_demo_boundary_prompt,4-shot random authentic same-class,Shortlisted authentic RUHSOLD Religious Hate examples,118,bosdk yeh tumhare ghar me hota hai. saari k blouse me mote mote doodh dikhati firti hain tumhare dharam ki orate or hindu orat ko musalman ka l#nd aachaa lagta hai. yeh baat puri dunia janti hai,phir in yahodi khanzeer logo ko pata chalaiga kai kia ta aur kia nahen ye sirf dajjal kai liye aisa kar rahai hain kyunkai ye yahodi log khazeer log dajjal ko apna leader samjhtai hain aur tumhara pura bollywood bollyminati ban chuka hain tumharai dimagh ko programming ki ja rah,yahodi agent qadyani chamcha,another endian hijra coward hindu terrorist army soldier dispatched to shamshangarh by pakistan army i want more endian hindu terrorist dead so keep it up pakistan,rt : randi ka bacha halala walon,religious_hate_batch_009.csv,7,False,False,True,False,False,False,False,,True,2,Religious Hate,True,,0.9082973003387452,0.9001649618148804,rt : haramzaady hain zong waly😤😤😤,0.9082973003387452,True,,True,,,,
class2_batch009_sample011749,9,11749,2,Religious Hate,212749,216749,v3_original_demo_boundary_prompt,4-shot random authentic same-class,Shortlisted authentic RUHSOLD Religious Hate examples,118,"afghanio ne tme hindu se bachaya,randi k aulaad tareekh paro tm wo ganda khoon ho,jo siko aour hindu ki rape se paida woe ho,tme kalima tho sikaya afghano ne,magar tmari gandi dna wai ranjeet sing wali a,randi k aulaad tm ne kah pana di,am pashtono ne di,apnay bio ko hera mandi",or mujhe un ladkiyo se utni hi nafrat hai jo mullo se shadi karti hai jitni kisi normal hindu ko😡 or mujhe hindu ladko se bhi itni hi nafrat hai jo muslim ladkiyo se shadi karte hai... dharam me koi milawat mujhe pasand nahi,aor hamary hkmran in k sath mily huy en ....yahudi aor hindun hmary sb sy bry dushman en,phir in yahodi khanzeer logo ko pata chalaiga kai kia ta aur kia nahen ye sirf dajjal kai liye aisa kar rahai hain kyunkai ye yahodi log khazeer log dajjal ko apna leader samjhtai hain aur tumhara pura bollywood bollyminati ban chuka hain tumharai dimagh ko programming ki ja rah,"rt : sahab, tmhein kya pta nhi ke koi ahmaddiya hai ya nahi?",religious_hate_batch_009.csv,13,False,False,True,False,False,False,False,,True,2,Religious Hate,True,,0.9184919595718384,0.8971179127693176,rt :     harami pta nhi kya jhooth bjonka hai,0.9184919595718384,True,,True,,,,
class2_batch009_sample011755,9,11755,2,Religious Hate,212755,216755,v3_original_demo_boundary_prompt,4-shot random authentic same-class,Shortlisted authentic RUHSOLD Religious Hate examples,118,qadiyani pe lanat mirza khinzeer harami pe lanat.,"not surprised comment came from ahmedi. tbh, i won't be surprised when some christians will argue that they r included in muslim category too. just bcoz they believe there is only one god.",phir in yahodi khanzeer logo ko pata chalaiga kai kia ta aur kia nahen ye sirf dajjal kai liye aisa kar rahai hain kyunkai ye yahodi log khazeer log dajjal ko apna leader samjhtai hain aur tumhara pura bollywood bollyminati ban chuka hain tumharai dimagh ko programming ki ja rah,"insaniyat ko bache rahne do, jis mazhab me janwar ka gala ret ke khushi banti hai, jis mazhab me soorma logo ko 72 virgin ladkiya baati jaati, jo duniya pe kabze ke sapne dekhta ho us mazhab se duuri banane me hi insaniyat ki bhalayi hai.",abi apny maqsood ko yaad kr lo wo harami ahmedi tha,religious_hate_batch_009.csv,11,False,False,True,False,False,False,False,,True,2,Religious Hate,True,,0.9412906169891356,0.9261438250541688,tatti se yaad aaya teri ammi theek hai halala ki aulaad,0.9412906169891356,True,,True,,,,
class2_batch009_sample011756,9,11756,2,Religious Hate,212756,216756,v3_original_demo_boundary_prompt,4-shot random authentic same-class,Shortlisted authentic RUHSOLD Religious Hate examples,118,typical muslim randi-rona taqia.,jahil k bachy kahan likha h k gair mazhb sy nikaah jaiz ha... tmari gand me jo keera ha wo nhi merna... khoty khany waly... yahoodi kahan sy hogaey ahle kitaab ....tm.b yahoodi to nhi,ye pagliya gyi h saali... kuttiya ye ab bhul gyi h jisne #halala or #teentlaaq se aazadi dilwayi usko bhul gyi h ye mullli....,ahmedi mirziee qadiyani hargiz kuleedi uhdu pe nhee janay chahien warna hmari agencies pe swalia nishan hey,haha... halala ki paidaish,religious_hate_batch_009.csv,4,False,False,True,False,False,False,False,,True,2,Religious Hate,True,,0.9490444660186768,0.9317995309829712,nhi teri ammi h ... halala ki paidaish.,0.9490444660186768,True,,True,,,,
class2_batch009_sample011761,9,11761,2,Religious Hate,212761,216761,v3_original_demo_boundary_prompt,4-shot random authentic same-class,Shortlisted authentic RUHSOLD Religious Hate examples,118,chal na randi ! we have spiritual connection with supreme leader imam khamnae !  we have our hearts and souls for holy cities of najaf and karbala !  dont give a fck to wahabi chutiyas,yahoodi kabhi hamara dost nhi ho sakta,"insaniyat ko bache rahne do, jis mazhab me janwar ka gala ret ke khushi banti hai, jis mazhab me soorma logo ko 72 virgin ladkiya baati jaati, jo duniya pe kabze ke sapne dekhta ho us mazhab se duuri banane me hi insaniyat ki bhalayi hai.",abe bharwe tum hindu hi duniya k sub se bara atankwaz ho haramiyon bt krte ho hamare age tumhari country me hindu k elawa koi safe nhi he  tumhari country ka name isi liye  lynchistan he  isi king all the world,qandeel baloch islam k naam pr zindagi ni maangti thi aur apni maa beti ki marzi nhi samjata,religious_hate_batch_009.csv,18,False,False,True,False,False,False,False,,True,2,Religious Hate,True,,0.9110034704208374,0.9061415791511536,madarchod muslaman ki kaum madarchod saalo ka imaan nahi hai bheno ko chod te hai bhen ke lode harmazaade uskiye apni  maa ki chut bhi chodta hoga aur chuswata hoga logo se saare musalamaan raand ki olad islam ki maa ki chut,0.9110034704208374,True,,True,,,,
class2_batch009_sample011768,9,11768,2,Religious Hate,212768,216768,v3_original_demo_boundary_prompt,4-shot random authentic same-class,Shortlisted authentic RUHSOLD Religious Hate examples,118,kisi randi maa ki olad ap ki hindu aurtain jab pooja karti hn tab wo bagwan ka lund mounh me b leti hn?,o madadarchod: tum tu farigh ho aur yeh gashti tu waisay he sari raat jagti hay. o dallay o kanjar hum tu iran jatay hotay hain tu bata apni behan kitni baar mbs aur us kay wahabi sheikhon ko bhaijta hay.,kitane maulviyon ne tumhari ammi jaan ka halala kiya hoga tab jakar tum jaisa suar nikla hoga .. ye bhi to bta re mulle..,jaa bhen k lory tum harrami ki nasal ho.. dewband maslak pe kutty ki tareh bhoonkty ho..,sharam karo teri maa ka yaar muslim hai tu bhi haraam khanzeer india ka,religious_hate_batch_009.csv,14,False,False,True,False,False,False,False,,True,2,Religious Hate,True,,0.9261685609817504,0.9233349561691284,wehshi darandy easai yahodi hindo islam amanka ka mazhab,0.9261685609817504,True,,True,,,,
class2_batch009_sample011770,9,11770,2,Religious Hate,212770,216770,v3_original_demo_boundary_prompt,4-shot random authentic same-class,Shortlisted authentic RUHSOLD Religious Hate examples,118,chhor bhen chod hrami hindu chhor esko😠😠😠,hindoo wo qom ha jinper koi nabi koi kitaab nazil nahi hoi. ye to yahoodi se bhi bad tar hen,apne profile mein whats app me fb twitter mein is bahadur nojawaan ki pic lga kr islam se or nabi ke din se mhbt ka izhaar kren or itna share kren ek yahoodi apne na pak iradoon se baaz ajaye is shakhs ne quraan pak ki hifazahat mein ek bhtareen mhbt ka jita jagta sabot dia hai,q teri bhen ko chuda hy dewbandion ny ..harami ki nasal,halala ki paidaish 😂,religious_hate_batch_009.csv,4,False,False,True,False,False,False,False,,True,2,Religious Hate,True,,0.9681243300437928,0.9439328908920288,ye  halala ki paidaish h,0.9681243300437928,True,,True,,,,
class2_batch009_sample011773,9,11773,2,Religious Hate,212773,216773,v3_original_demo_boundary_prompt,4-shot random authentic same-class,Shortlisted authentic RUHSOLD Religious Hate examples,118,abe halala ki paidaish..  tumhara to wajood hi 800 years purana hai..  jab bhagwan ram ko kagaj dikhane ki jarurat par gayi to tum kaun ho.. kagaj to dikhana hi parega.. #nrc_caa_npr,is cult  mein kisi boht hi pyare ko kho dene k baad uski qaber pe phool rakhna b jurm hai west mein qaberisat se phool chura k un ko sale kr k ahmdi chanda dia karte hain takey ragister se naam na kut jaye,ahmedi mirziee qadiyani hargiz kuleedi uhdu pe nhee janay chahien warna hmari agencies pe swalia nishan hey,get lost you kaafir.,gaddar sachai lakhnawale halali madarchod,religious_hate_batch_009.csv,5,False,False,True,False,False,False,False,,True,2,Religious Hate,True,,0.9487035274505616,0.9159489870071412,bhag madarchod halala ki paidaish,0.9487035274505616,True,,True,,,,
class2_batch009_sample011784,9,11784,2,Religious Hate,212784,216784,v3_original_demo_boundary_prompt,4-shot random authentic same-class,Shortlisted authentic RUHSOLD Religious Hate examples,118,kisi randi maa ki olad ap ki hindu aurtain jab pooja karti hn tab wo bagwan ka lund mounh me b leti hn?,kabi bi nai jo sakta ya shia log pora ka pora yahodi hn,ye insan ik chaaal haaa dostoo .........zra smj k chliye gaa...sb jaanty hn qadyaani kaafir hn ......ye sb k sentiments gain kr rhaa haa......bad me ye apna chehra dikhiye gaaa fasad kii shkal me.....in chaaalo sy hosyar rhy baseerat paida kry sb apny andr.. shukria...,"ye manhoos hinduon ki diwali k chakkar mai har jaga ki aur quality kharab hogai, bharwe",abe halala ki beti ko galiyaan do,religious_hate_batch_009.csv,7,False,False,True,False,False,False,False,,True,2,Religious Hate,True,,0.943916380405426,0.9320560693740844,bhai ye halala ki aulad hi,0.943916380405426,True,,True,,,,
class2_batch009_sample011788,9,11788,2,Religious Hate,212788,216788,v3_original_demo_boundary_prompt,4-shot random authentic same-class,Shortlisted authentic RUHSOLD Religious Hate examples,118,tw kaafir tera peo kaafir tera pura khandaan kaafir ooo churry trump🐱🐱,kafir yahodi kafir hindo same thinking,that's for foolish act and the ahmedi you highlighted they were equal to jews for us so alhmdurallah we save quran ! . and about hindus and christians its was a false news !  and if it is real then show me !  if you don't have anything then shut up and run !,sunni killing a shia....what's new?  thank god he wasn't a ahmedi muslim otherwise the motive would have been to acquire a passport to migrate to western countries and continue their islamic jihadi work after retirement,chutiye harami hai wo,religious_hate_batch_009.csv,4,False,False,True,False,False,False,False,,True,2,Religious Hate,True,,0.9481186866760254,0.9353102445602416,tw aik harami kutta hai.,0.9481186866760254,True,,True,,,,
class2_batch009_sample011794,9,11794,2,Religious Hate,212794,216794,v3_original_demo_boundary_prompt,4-shot random authentic same-class,Shortlisted authentic RUHSOLD Religious Hate examples,118,ye insan ik chaaal haaa dostoo .........zra smj k chliye gaa...sb jaanty hn qadyaani kaafir hn ......ye sb k sentiments gain kr rhaa haa......bad me ye apna chehra dikhiye gaaa fasad kii shkal me.....in chaaalo sy hosyar rhy baseerat paida kry sb apny andr.. shukria...,is cult  mein kisi boht hi pyare ko kho dene k baad uski qaber pe phool rakhna b jurm hai west mein qaberisat se phool chura k un ko sale kr k ahmdi chanda dia karte hain takey ragister se naam na kut jaye,"not surprised comment came from ahmedi. tbh, i won't be surprised when some christians will argue that they r included in muslim category too. just bcoz they believe there is only one god.",or wahan tumhara jahanumi ahmedi jo naaowz billah nabi hona ka dawa dar tha wo wo case hara tha or court sa bhag gya tha.nabi pak p.b.u.h allah ka akhri nabi han or on ka bad koi nabi nahi ae ga.ya ak haqeqat ha jo quran ma bhi ha.or 1947 ma pak islam ka name par bana tha.,ye yahoodi agent,religious_hate_batch_009.csv,3,False,False,True,False,False,False,False,,True,2,Religious Hate,True,,0.9459172487258912,0.908447265625,niazi yahoodi agent he,0.9459172487258912,True,,False,Synthetic near-duplicate,class2_batch001_sample010143,0.9824190139770508,Round 1 accepted synthetic bank
class2_batch009_sample011796,9,11796,2,Religious Hate,212796,216796,v3_original_demo_boundary_prompt,4-shot random authentic same-class,Shortlisted authentic RUHSOLD Religious Hate examples,118,sale halala molvi se tum karvao apni oorto ka or apni ma bahan ka bol heme rhe ho molvi kamre m apni bahan ko bej kar sina choda hota hoga tumhara,lanat abbtknews k khilaf trend bnane walye yazeedion pe r bibi k dushmano p bhi,"how did an ahmadiya get to the top in the army of sunnis, in the first place?","afghanio ne tme hindu se bachaya,randi k aulaad tareekh paro tm wo ganda khoon ho,jo siko aour hindu ki rape se paida woe ho,tme kalima tho sikaya afghano ne,magar tmari gandi dna wai ranjeet sing wali a,randi k aulaad tm ne kah pana di,am pashtono ne di,apnay bio ko hera mandi",ahmadiya nay shamshir dar jata ha na,religious_hate_batch_009.csv,7,False,False,True,False,False,False,False,,True,2,Religious Hate,True,,0.9370532631874084,0.9263221621513368,qadiani ahmedi mirziee kaafir jo hen,0.9370532631874084,True,,True,,,,
class2_batch009_sample011797,9,11797,2,Religious Hate,212797,216797,v3_original_demo_boundary_prompt,4-shot random authentic same-class,Shortlisted authentic RUHSOLD Religious Hate examples,118,apne profile mein whats app me fb twitter mein is bahadur nojawaan ki pic lga kr islam se or nabi ke din se mhbt ka izhaar kren or itna share kren ek yahoodi apne na pak iradoon se baaz ajaye is shakhs ne quraan pak ki hifazahat mein ek bhtareen mhbt ka jita jagta sabot dia hai,benchod randi  islam,iran shia mulk ha or ye munafik log han,pehle apni aurto ko halala se bachao ye bhi modi kar raha hai. agar sahi tum logo ka dna kiya jaye to pata nhi baap kon niklega,imran chore zakat khanum khanzeer yahodi agent gaddari ka bacha,religious_hate_batch_009.csv,10,False,False,True,False,False,False,False,,True,2,Religious Hate,True,,0.9322324395179749,0.902053952217102,pagal yahodi daboo imran chore zakat khore,0.9322324395179749,True,,True,,,,
class2_batch010_sample011803,10,11803,2,Religious Hate,212803,216803,v3_original_demo_boundary_prompt,4-shot random authentic same-class,Shortlisted authentic RUHSOLD Religious Hate examples,118,abe bharwe tum hindu hi duniya k sub se bara atankwaz ho haramiyon bt krte ho hamare age tumhari country me hindu k elawa koi safe nhi he  tumhari country ka name isi liye  lynchistan he  isi king all the world,uff pakiza muslim randi 😉😍,oeyy randdii k bachay ganddu hindu.. kyun jhoott baq raha hai gashti maa k ganndduu bachay. peshaab p k palnay wali qoum.,in beghairto israel yahodi khanzeer kai bacho nai kia kuch nahen kia hain lekhin alhamdulillah islam wahid deen jo mohabbat sikhati hain nakai nafrat aur ye sab sai tezi sai phelta huwa deen hain is liye inko jalan ho rahi hain aur har koshish kar bhe chukai hain aur kar bhe,tum logon ne apni amma ko khud kah diya tha ke tera baap hindu hai aur tu poore hindustan ki haramzadi beti hai,religious_hate_batch_010.csv,23,False,False,True,False,False,False,False,,True,2,Religious Hate,True,,0.928786277770996,0.9195188283920288,"tu to betha bhe kabul k bahir ha, apnay baap yahood ki nagri ma . tu kia hisaab lega begairat insan.   ham abhi zinda hain",0.928786277770996,True,,True,,,,
class2_batch010_sample011805,10,11805,2,Religious Hate,212805,216805,v3_original_demo_boundary_prompt,4-shot random authentic same-class,Shortlisted authentic RUHSOLD Religious Hate examples,118,q teri bhen ko chuda hy dewbandion ny ..harami ki nasal,pehle america jaiga ue begairaat musliman kehlwane kai laiq nh pehle he logh kehty h eske bary me ye yahoodi hai,#khuda ki qasam agar mey hota tu zinda nahe bach sakta ta muj sey ye beghairat kafir yahoodi.,phir kehty hum bhot badry #muslim hn aur #ashaq_e_rasool sawm hain lanat hai un sab #haramio py jinho ny bibi fatima zahra ko shahheed kia aur #haq khaya 🖐🏻😡🐕 aur lanat un sab py jo un #haramio ky hamdard hain,lanati imran chore zakat khore yahodi agent,religious_hate_batch_010.csv,7,False,False,True,False,False,False,False,,True,2,Religious Hate,True,,0.939685583114624,0.9153571128845216,pagal yahodi daboo imran chore zakat khore,0.939685583114624,True,,True,,,,
class2_batch010_sample011806,10,11806,2,Religious Hate,212806,216806,v3_original_demo_boundary_prompt,4-shot random authentic same-class,Shortlisted authentic RUHSOLD Religious Hate examples,118,"abbey halala ki paidaish, 5 baap ki aulaad. patthar baazi ke alawa kuchh kaam kara kabhi teri kaum ne ?","rt : q. woh kaun si qome he,jis ne such bhi bola phr bhi jahnum mein jayegi? ans: yahoodi or nasara qome. shahid sindh",tumri ma buhat hanzir hy jis ne tum jaise  yahodi kafir rhandi hanzir aurat ko paida kiya,or mujhe un ladkiyo se utni hi nafrat hai jo mullo se shadi karti hai jitni kisi normal hindu ko😡 or mujhe hindu ladko se bhi itni hi nafrat hai jo muslim ladkiyo se shadi karte hai... dharam me koi milawat mujhe pasand nahi,"tum yahodi ho, humein kia pata, baki nizam tumare yahodi guruon ne bana diya hai",religious_hate_batch_010.csv,15,False,False,True,False,False,False,False,,True,2,Religious Hate,True,,0.9466391801834106,0.9398870468139648,tumri ma buhat hanzir hy jis ne tum jaise  yahodi kafir rhandi hanzir aurat ko paida kiya,0.9466391801834106,True,,True,,,,
class2_batch010_sample011829,10,11829,2,Religious Hate,212829,216829,v3_original_demo_boundary_prompt,4-shot random authentic same-class,Shortlisted authentic RUHSOLD Religious Hate examples,118,chhor bhen chod hrami hindu chhor esko😠😠😠,oeyy randdii k bachay ganddu hindu.. kyun jhoott baq raha hai gashti maa k ganndduu bachay. peshaab p k palnay wali qoum.,"surprise!  surprise!  majority of the muslims are at just in different levels of ""usman khan"" ranging from mild to extreme (except ahmadiya may be, but they are not ""real muslims"")  that's from a person living in a country with 95% muslim    https://t.co/hq35u2xrrk,2009-05-25 17:25:26,sydney, new south wales",kisi randi maa ki olad ap ki hindu aurtain jab pooja karti hn tab wo bagwan ka lund mounh me b leti hn?,oye yahodi agent tujhe bhi pta ha jo tumhary sath ho jati hai,religious_hate_batch_010.csv,13,False,False,True,False,False,False,False,,True,2,Religious Hate,True,,0.9506804347038268,0.9282478094100952,vasay tha tu gatya admi sabit be kar dyea kay yahoodi agent ha kamena,0.9506804347038268,True,,True,,,,
class2_batch010_sample011830,10,11830,2,Religious Hate,212830,216830,v3_original_demo_boundary_prompt,4-shot random authentic same-class,Shortlisted authentic RUHSOLD Religious Hate examples,118,"gau mutr peeyo tum log lodu awkat bna phir aake muh lag, randwa saala",abe bharwe tum hindu hi duniya k sub se bara atankwaz ho haramiyon bt krte ho hamare age tumhari country me hindu k elawa koi safe nhi he  tumhari country ka name isi liye  lynchistan he  isi king all the world,kisi randi maa ki olad ap ki hindu aurtain jab pooja karti hn tab wo bagwan ka lund mounh me b leti hn?,oy ahmdi kuty. tum log smjhty ho k is trah kr k hm awam ko pagl bnao gy?? beta bajwa ne tere jeso ko nanga nachana he sbr kr. kahi ni ja rha hmara army chief. tum logo ne agly 3 sal me ye duniya hi chor jani bajwa k dar se. ye army chief nahi pakistan ka muhafiz he.,"haan, aur tu yahodi agent hai bhenchod",religious_hate_batch_010.csv,7,False,False,True,False,False,False,False,,True,2,Religious Hate,True,,0.9282469749450684,0.9148170351982116,sahab yeah yahodi lobby ka agent bht bhonk gaya ajj 😡 khair ho?,0.9282469749450684,True,,True,,,,
class2_batch010_sample011831,10,11831,2,Religious Hate,212831,216831,v3_original_demo_boundary_prompt,4-shot random authentic same-class,Shortlisted authentic RUHSOLD Religious Hate examples,118,that nigga was yahoodi he probably lied to all the employees,hindu dharm ka matlab samajh pehle puppet khali bhaunk aur bhaunk iam enjoying ur bark 😂😂😂😂,hindoo wo qom ha jinper koi nabi koi kitaab nazil nahi hoi. ye to yahoodi se bhi bad tar hen,kadiyani kafir thay hain aur hamesha harain gay. ye dajjali fitnay ki ek kari hain. aur inkay supporters hum main bhe jo chupay howay hain wo bhe khanzeer kafir he hain. lannat beshomar kadiyanio pr.,aby ye gandu muslimo hai na apne ko kya harami ho raha hai,religious_hate_batch_010.csv,13,False,False,True,False,False,False,False,,True,2,Religious Hate,True,,0.9309852719306946,0.922288417816162,ab kya bola jaye ma'am sab halala ki paidais hai,0.9309852719306946,True,,True,,,,
class2_batch010_sample011832,10,11832,2,Religious Hate,212832,216832,v3_original_demo_boundary_prompt,4-shot random authentic same-class,Shortlisted authentic RUHSOLD Religious Hate examples,118,oeyy randdii k bachay ganddu hindu.. kyun jhoott baq raha hai gashti maa k ganndduu bachay. peshaab p k palnay wali qoum.,please sell up you yahoodi bastards,"bilkul,itny lecture milny hain jese christmas or new year pe milty hain ,kya apko pata bhi hai k kaafir janwaro k haqq main dua bhi nahi krni chahye",pehle america jaiga ue begairaat musliman kehlwane kai laiq nh pehle he logh kehty h eske bary me ye yahoodi hai,imran chore zakat khore yahodi agent india ka agent,religious_hate_batch_010.csv,9,False,False,True,False,False,False,False,,True,2,Religious Hate,True,,0.9346293210983276,0.9164758920669556,pagal yahodi daboo imran chore zakat khore,0.9346293210983276,True,,False,Synthetic near-duplicate,class2_batch004_sample010629,0.9835089445114136,Round 1 accepted synthetic bank
class2_batch010_sample011835,10,11835,2,Religious Hate,212835,216835,v3_original_demo_boundary_prompt,4-shot random authentic same-class,Shortlisted authentic RUHSOLD Religious Hate examples,118,ho gaye hy aur han aj jo ye sekhon k liye kar raha hy ye whoi sekh hy jub pakistan azad howa tha aur muslmano ne jub india sa hijrat ki tub sub zada qatal muslim ko in sekhon ne kiya tha par afsos ap jesy log is yahodi e agent ko ek islami leader mante ho phir kasm khao k allah,quaid azam was right ky hindu muslim kabhi sth nhi rhy sgty aaj hindu apni hasli shakl dekha rhy hn. agar kisi muslim ny aisa kia hota to india media ki maa mar gi hoti pr ab nhi boly gy. aagy ka ky yehi bol dn gy ky mentally disturb tha or case khtm .#jamia,plz sir hamy in say koi khtra nahi hamy is imran khan yahodi our kadiyanion say bachny pay gor karen pak army tayri azmat ko salam,chal fosdi ke mohammad kabile wale ki halala ki aulad,chal yahoodi,religious_hate_batch_010.csv,2,False,False,True,False,False,False,False,,True,2,Religious Hate,True,,0.906808853149414,0.8882890939712524,yahoodi saazish😣,0.906808853149414,True,,True,,,,
class2_batch010_sample011838,10,11838,2,Religious Hate,212838,216838,v3_original_demo_boundary_prompt,4-shot random authentic same-class,Shortlisted authentic RUHSOLD Religious Hate examples,118,ahmdi is a non muslim biggest cheap religion ahmdi.,tm jeso ki jb g**nd mari jaye na fir tm log thek rehty ho bc k bachy jb wo yahoodi lanti marty hn na wo muslim dekhty hn air kuch ni dekhty baki tm na toh apni pesh krni hoti ha unhy.,typical muslim randi-rona taqia.,please don't share his obnoxious face to me. below is the image of the book rohani khzain from ahmedi's official website see what your evil messiah has declared god but you had said you have read the books of mirza and accepted him mehdi may god give you hidyath,tm yahodi ko mubarak krte ho,religious_hate_batch_010.csv,6,False,False,True,False,False,False,False,,True,2,Religious Hate,True,,0.934822916984558,0.9199991226196288,ye begerat hai hi yahodi,0.934822916984558,True,,True,,,,
class2_batch010_sample011843,10,11843,2,Religious Hate,212843,216843,v3_original_demo_boundary_prompt,4-shot random authentic same-class,Shortlisted authentic RUHSOLD Religious Hate examples,118,yes they are involved in bomb blast... halala and bakrigiri,"hogai izzat? mera jism meri marzi jc ghaleez or ghatiya terminologies hamare muslim muashrey me dene ki koshish me aapki so-called,vahiyat or ikhlaq se giri support ko khud ne hi reject kardiya.  apne yahoodi gods ko khush krne k liey kuch or karien","malala the product of halala pehle burke se, halala se, bacche paida kerne se or gulami ki jindgi se to azadi lelo hindustaan se azadi to tumhare kukarm tumhe dilwa hi denge. kyuki terrorism failaoge to lat mar ke desh se bhagae jaoge. i am with my country and support caa, nrcðÿ˜‰.",aor hamary hkmran in k sath mily huy en ....yahudi aor hindun hmary sb sy bry dushman en,pta nhi kya bhenchod chutiye hain ye halala wale,religious_hate_batch_010.csv,9,False,False,True,False,False,False,False,,True,2,Religious Hate,True,,0.9457663893699646,0.9337620735168456,bhai ye halala ki aulad hi,0.9457663893699646,True,,True,,,,
class2_batch010_sample011844,10,11844,2,Religious Hate,212844,216844,v3_original_demo_boundary_prompt,4-shot random authentic same-class,Shortlisted authentic RUHSOLD Religious Hate examples,118,oeyy randdii k bachay ganddu hindu.. kyun jhoott baq raha hai gashti maa k ganndduu bachay. peshaab p k palnay wali qoum.,israel yahoodi sabse bade atankwaadi hai,tumri ma buhat hanzir hy jis ne tum jaise  yahodi kafir rhandi hanzir aurat ko paida kiya,1 balatkari muslim 3 balatkari tera baap hindu h uske bare m kuch bol  be,tumare jaise yahodi kafi ho apni maa chod ke yehi karte rehenge,religious_hate_batch_010.csv,12,False,False,True,False,False,False,False,,True,2,Religious Hate,True,,0.936046838760376,0.9316409826278688,niazi bajwa bhai bhai qadiyani yahodi ne ghdari say hakumat bani,0.936046838760376,True,,True,,,,
class2_batch010_sample011845,10,11845,2,Religious Hate,212845,216845,v3_original_demo_boundary_prompt,4-shot random authentic same-class,Shortlisted authentic RUHSOLD Religious Hate examples,118,ahmedi mirziee qadiyani hargiz kuleedi uhdu pe nhee janay chahien warna hmari agencies pe swalia nishan hey,ho gaye hy aur han aj jo ye sekhon k liye kar raha hy ye whoi sekh hy jub pakistan azad howa tha aur muslmano ne jub india sa hijrat ki tub sub zada qatal muslim ko in sekhon ne kiya tha par afsos ap jesy log is yahodi e agent ko ek islami leader mante ho phir kasm khao k allah,kadiyani kafir thay hain aur hamesha harain gay. ye dajjali fitnay ki ek kari hain. aur inkay supporters hum main bhe jo chupay howay hain wo bhe khanzeer kafir he hain. lannat beshomar kadiyanio pr.,hey are fighting amongst each other. #bajwa is compromise candidate. thats only reason why he a ahmadiya is a coas.,imran chore zakat khore kufr yahoodi agent,religious_hate_batch_010.csv,7,False,False,True,False,False,False,False,,True,2,Religious Hate,True,,0.938836932182312,0.9146218299865724,pagal yahodi daboo imran chore zakat khore,0.938836932182312,True,,False,Synthetic near-duplicate,class2_batch004_sample010629,0.9825120568275452,Round 1 accepted synthetic bank
class2_batch010_sample011847,10,11847,2,Religious Hate,212847,216847,v3_original_demo_boundary_prompt,4-shot random authentic same-class,Shortlisted authentic RUHSOLD Religious Hate examples,118,bus ya aur tafseel bataao  ahmdi aurtain beach pe bikini b pehnti hain  jalse aur ijlaas pe burqa b boht hai 🤫,qadiani ahmedi mirziee kaafir jo hen,hey are fighting amongst each other. #bajwa is compromise candidate. thats only reason why he a ahmadiya is a coas.,meri tarbiyat yehi hai k jo amreca ko apna baap manta hai na wo muslman hai or na us s koi hanra taloq hai tum nasl e yazeedi ho masl e yahodi or yahoodio ki olad ho,gandu yahodi agent  imran chore zakat khore yahodi agent,religious_hate_batch_010.csv,9,False,False,True,False,False,False,False,,True,2,Religious Hate,True,,0.9434799551963806,0.916608989238739,pagal yahodi daboo imran chore zakat khore,0.9434799551963806,True,,False,Synthetic near-duplicate,class2_batch002_sample010219,0.9948482513427734,Round 1 accepted synthetic bank
class2_batch010_sample011848,10,11848,2,Religious Hate,212848,216848,v3_original_demo_boundary_prompt,4-shot random authentic same-class,Shortlisted authentic RUHSOLD Religious Hate examples,118,chutiya azam ny kia kia ha ab tk sawa saal mein sirf 11600 arab ka izfa qarzoun mein kia or kuch nhi badlo apni soch ko yahodi na bano or ek muslim ki tarh socho,kutto ki tarah america maar raha hai tumhari kaum ko...aasmani kitab walo...israel roj filistin may maa chod raha hai tumhari.... pahle unse nipto....dare hue log😂😂,meri tarbiyat yehi hai k jo amreca ko apna baap manta hai na wo muslman hai or na us s koi hanra taloq hai tum nasl e yazeedi ho masl e yahodi or yahoodio ki olad ho,"just the ten thousandth ""isolated"" instance of christian /jewish/hindu/ahmedi places of worship being attacked by crybabies who themselves can't handle some nutcase burning a book full of fiction stories.",gaddar yahoodi agent kanjar imran chore zakat khore,religious_hate_batch_010.csv,8,False,False,True,False,False,False,False,,True,2,Religious Hate,True,,0.935815691947937,0.9179171323776244,pagal yahodi daboo imran chore zakat khore,0.935815691947937,True,,True,,,,
class2_batch010_sample011855,10,11855,2,Religious Hate,212855,216855,v3_original_demo_boundary_prompt,4-shot random authentic same-class,Shortlisted authentic RUHSOLD Religious Hate examples,118,ahmedi mirziee qadiyani hargiz kuleedi uhdu pe nhee janay chahien warna hmari agencies pe swalia nishan hey,bosdk yeh tumhare ghar me hota hai. saari k blouse me mote mote doodh dikhati firti hain tumhare dharam ki orate or hindu orat ko musalman ka l#nd aachaa lagta hai. yeh baat puri dunia janti hai,#khuda ki qasam agar mey hota tu zinda nahe bach sakta ta muj sey ye beghairat kafir yahoodi.,hindu sirf gooli ki zuban smjta ha,wahan k pata nahi kya ho raha tha aurat march ke baad haraami saazish pe yahoodi nay qadiyanio ke paas dekha,religious_hate_batch_010.csv,21,False,False,True,False,False,False,False,,True,2,Religious Hate,True,,0.9290404319763184,0.9224336743354796,"   jab tak yeh apni beti ko roads pe mera jism meri marzi kehta na suny, allah kary us waqt tak isy maut b na aye..",0.9290404319763184,True,,True,,,,
class2_batch010_sample011856,10,11856,2,Religious Hate,212856,216856,v3_original_demo_boundary_prompt,4-shot random authentic same-class,Shortlisted authentic RUHSOLD Religious Hate examples,118,iran shia mulk ha or ye munafik log han,please all muslims come one page and unite  insha allah   yahoodi isreal finished all,q teri bhen ko chuda hy dewbandion ny ..harami ki nasal,yahoodi ko hitler ne chora or general ne in jaajoon ko chor k dhkya k ye kai hain.😂,rt : halala ka yaar haramzada,religious_hate_batch_010.csv,6,False,False,True,False,False,False,False,,True,2,Religious Hate,True,,0.9323798418045044,0.91496342420578,rt : haramzaady hain zong waly😤😤😤,0.9323798418045044,True,,True,,,,
class2_batch010_sample011859,10,11859,2,Religious Hate,212859,216859,v3_original_demo_boundary_prompt,4-shot random authentic same-class,Shortlisted authentic RUHSOLD Religious Hate examples,118,aor hamary hkmran in k sath mily huy en ....yahudi aor hindun hmary sb sy bry dushman en,tumri ma buhat hanzir hy jis ne tum jaise  yahodi kafir rhandi hanzir aurat ko paida kiya,sale halala molvi se tum karvao apni oorto ka or apni ma bahan ka bol heme rhe ho molvi kamre m apni bahan ko bej kar sina choda hota hoga tumhara,iran shia mulk ha or ye munafik log han,abbay pakistan mein gadhe bhi bazai nai krte jo yahoodi agent ho,religious_hate_batch_010.csv,12,False,False,True,False,False,False,False,,True,2,Religious Hate,True,,0.9368613958358764,0.9204922914505004,jui inahahallah pakistan say qadyani yahoodi agent ki hukmat awr ap jesy qadyani yahoodi ki supporter ki secret program planning awam ki samny rakty rehngy,0.9368613958358764,True,,True,,,,
class2_batch010_sample011861,10,11861,2,Religious Hate,212861,216861,v3_original_demo_boundary_prompt,4-shot random authentic same-class,Shortlisted authentic RUHSOLD Religious Hate examples,118,abe jaana mullle sale bhikari !! halala k maje krwa apni maa ko,shia kaafir hai aur hum naam k musalmaan.,benchod randi  islam,or wahan tumhara jahanumi ahmedi jo naaowz billah nabi hona ka dawa dar tha wo wo case hara tha or court sa bhag gya tha.nabi pak p.b.u.h allah ka akhri nabi han or on ka bad koi nabi nahi ae ga.ya ak haqeqat ha jo quran ma bhi ha.or 1947 ma pak islam ka name par bana tha.,chutiye islam se dekh lete ho???,religious_hate_batch_010.csv,6,False,False,True,False,False,False,False,,True,2,Religious Hate,True,,0.900976836681366,0.8927423357963562,bhai maa chod do in jihadiyo ki,0.900976836681366,True,,True,,,,
class2_batch010_sample011867,10,11867,2,Religious Hate,212867,216867,v3_original_demo_boundary_prompt,4-shot random authentic same-class,Shortlisted authentic RUHSOLD Religious Hate examples,118,sunni killing a shia....what's new?  thank god he wasn't a ahmedi muslim otherwise the motive would have been to acquire a passport to migrate to western countries and continue their islamic jihadi work after retirement,"malala the product of halala pehle burke se, halala se, bacche paida kerne se or gulami ki jindgi se to azadi lelo hindustaan se azadi to tumhare kukarm tumhe dilwa hi denge. kyuki terrorism failaoge to lat mar ke desh se bhagae jaoge. i am with my country and support caa, nrcðÿ˜‰.",qadiyani pe lanat mirza khinzeer harami pe lanat.,tw kaafir tera peo kaafir tera pura khandaan kaafir ooo churry trump🐱🐱,mazaq karo ye log yahodi agent hain,religious_hate_batch_010.csv,7,False,False,True,False,False,False,False,,True,2,Religious Hate,True,,0.9476057291030884,0.9272750616073608,yahodi agent qadyani chamcha,0.9476057291030884,True,,True,,,,
class2_batch010_sample011873,10,11873,2,Religious Hate,212873,216873,v3_original_demo_boundary_prompt,4-shot random authentic same-class,Shortlisted authentic RUHSOLD Religious Hate examples,118,lanat abbtknews k khilaf trend bnane walye yazeedion pe r bibi k dushmano p bhi,abe halala ki paidaish..  tumhara to wajood hi 800 years purana hai..  jab bhagwan ram ko kagaj dikhane ki jarurat par gayi to tum kaun ho.. kagaj to dikhana hi parega.. #nrc_caa_npr,teri maa ka halala kra rha tha koi problem madarjat bhosdike mulle,yahoodi kabhi hamara dost nhi ho sakta,ye apni behno ke halala karne ke liye aise hi baat krte hain,religious_hate_batch_010.csv,13,False,False,True,False,False,False,False,,True,2,Religious Hate,True,,0.9152244329452516,0.9112436175346376,ye halala gang ko pata hi nahi hoga ki abbu kaun hai,0.9152244329452516,True,,True,,,,
class2_batch010_sample011874,10,11874,2,Religious Hate,212874,216874,v3_original_demo_boundary_prompt,4-shot random authentic same-class,Shortlisted authentic RUHSOLD Religious Hate examples,118,phir in yahodi khanzeer logo ko pata chalaiga kai kia ta aur kia nahen ye sirf dajjal kai liye aisa kar rahai hain kyunkai ye yahodi log khazeer log dajjal ko apna leader samjhtai hain aur tumhara pura bollywood bollyminati ban chuka hain tumharai dimagh ko programming ki ja rah,pehle apni aurto ko halala se bachao ye bhi modi kar raha hai. agar sahi tum logo ka dna kiya jaye to pata nhi baap kon niklega,please all muslims come one page and unite  insha allah   yahoodi isreal finished all,jisko bhi hindu ki chudai par shak hai to ek baar mujh se chudwa kar dekho sab bhram dur ho jayega,gandu imran yahodi agent,religious_hate_batch_010.csv,4,False,False,True,False,False,False,False,,True,2,Religious Hate,True,,0.9157416820526124,0.888261616230011,yahodi agent qadyani chamcha,0.9157416820526124,True,,True,,,,
class2_batch010_sample011877,10,11877,2,Religious Hate,212877,216877,v3_original_demo_boundary_prompt,4-shot random authentic same-class,Shortlisted authentic RUHSOLD Religious Hate examples,118,pehle america jaiga ue begairaat musliman kehlwane kai laiq nh pehle he logh kehty h eske bary me ye yahoodi hai,kadiyani kafir thay hain aur hamesha harain gay. ye dajjali fitnay ki ek kari hain. aur inkay supporters hum main bhe jo chupay howay hain wo bhe khanzeer kafir he hain. lannat beshomar kadiyanio pr.,lanat abbtknews k khilaf trend bnane walye yazeedion pe r bibi k dushmano p bhi,"hogai izzat? mera jism meri marzi jc ghaleez or ghatiya terminologies hamare muslim muashrey me dene ki koshish me aapki so-called,vahiyat or ikhlaq se giri support ko khud ne hi reject kardiya.  apne yahoodi gods ko khush krne k liey kuch or karien",tujhy koi halala nahi diya?,religious_hate_batch_010.csv,5,False,False,True,False,False,False,False,,True,2,Religious Hate,True,,0.902733564376831,0.8947356939315796,"abe, tu bhi halala wala hai kya..?",0.902733564376831,True,,True,,,,
class2_batch010_sample011879,10,11879,2,Religious Hate,212879,216879,v3_original_demo_boundary_prompt,4-shot random authentic same-class,Shortlisted authentic RUHSOLD Religious Hate examples,118,o madadarchod: tum tu farigh ho aur yeh gashti tu waisay he sari raat jagti hay. o dallay o kanjar hum tu iran jatay hotay hain tu bata apni behan kitni baar mbs aur us kay wahabi sheikhon ko bhaijta hay.,hey are fighting amongst each other. #bajwa is compromise candidate. thats only reason why he a ahmadiya is a coas.,"path of cruelty , path of violence, path of halala , path of tripe talaq, path of marrying 6 years old aisha,path to discipline their wives by beating them,path of hurun,path of apostasy,path of punishable apostasy, path of beheading. what a pissful religion izlam is ðÿ‘","insaniyat ko bache rahne do, jis mazhab me janwar ka gala ret ke khushi banti hai, jis mazhab me soorma logo ko 72 virgin ladkiya baati jaati, jo duniya pe kabze ke sapne dekhta ho us mazhab se duuri banane me hi insaniyat ki bhalayi hai.",ye saale imran chore zakat khore yahodi agent niazi khosa chief justice sarfraz niazi khosa chief justice qamar jawed chore zakat khor yahodi agent chief justice gulam gaddar yahodi,religious_hate_batch_010.csv,29,False,False,True,False,False,False,False,,True,2,Religious Hate,True,,0.9194207787513732,0.9041121602058412,pagal yahodi daboo imran chore zakat khore,0.9194207787513732,True,,True,,,,
class2_batch010_sample011880,10,11880,2,Religious Hate,212880,216880,v3_original_demo_boundary_prompt,4-shot random authentic same-class,Shortlisted authentic RUHSOLD Religious Hate examples,118,tumri ma buhat hanzir hy jis ne tum jaise  yahodi kafir rhandi hanzir aurat ko paida kiya,pehle apni aurto ko halala se bachao ye bhi modi kar raha hai. agar sahi tum logo ka dna kiya jaye to pata nhi baap kon niklega,lant hy teri aagli pecchli tweet pe or tum pe or qadyanion pe or kuch ?,ye insan ik chaaal haaa dostoo .........zra smj k chliye gaa...sb jaanty hn qadyaani kaafir hn ......ye sb k sentiments gain kr rhaa haa......bad me ye apna chehra dikhiye gaaa fasad kii shkal me.....in chaaalo sy hosyar rhy baseerat paida kry sb apny andr.. shukria...,abey tu kisi hindu baat na bol...tumhe pasand nahi ho to beth hi jo samajh nae aaya,religious_hate_batch_010.csv,17,False,False,True,False,False,False,False,,True,2,Religious Hate,True,,0.9444154500961304,0.933761715888977,haraam khoor...kahan ki baat kahan le jaty ho...beghairt admi ho tum,0.9444154500961304,True,,True,,,,
class2_batch010_sample011881,10,11881,2,Religious Hate,212881,216881,v3_original_demo_boundary_prompt,4-shot random authentic same-class,Shortlisted authentic RUHSOLD Religious Hate examples,118,bosdk yeh tumhare ghar me hota hai. saari k blouse me mote mote doodh dikhati firti hain tumhare dharam ki orate or hindu orat ko musalman ka l#nd aachaa lagta hai. yeh baat puri dunia janti hai,bus ya aur tafseel bataao  ahmdi aurtain beach pe bikini b pehnti hain  jalse aur ijlaas pe burqa b boht hai 🤫,jaa bhen k lory tum harrami ki nasal ho.. dewband maslak pe kutty ki tareh bhoonkty ho..,oy ahmdi kuty. tum log smjhty ho k is trah kr k hm awam ko pagl bnao gy?? beta bajwa ne tere jeso ko nanga nachana he sbr kr. kahi ni ja rha hmara army chief. tum logo ne agly 3 sal me ye duniya hi chor jani bajwa k dar se. ye army chief nahi pakistan ka muhafiz he.,abey abbey saale halala ki paidaish,religious_hate_batch_010.csv,6,False,False,True,False,False,False,False,,True,2,Religious Hate,True,,0.9530717134475708,0.940454363822937,bhai ye halala ki aulad hi,0.9530717134475708,True,,True,,,,
class2_batch010_sample011887,10,11887,2,Religious Hate,212887,216887,v3_original_demo_boundary_prompt,4-shot random authentic same-class,Shortlisted authentic RUHSOLD Religious Hate examples,118,o madadarchod: tum tu farigh ho aur yeh gashti tu waisay he sari raat jagti hay. o dallay o kanjar hum tu iran jatay hotay hain tu bata apni behan kitni baar mbs aur us kay wahabi sheikhon ko bhaijta hay.,or wahan tumhara jahanumi ahmedi jo naaowz billah nabi hona ka dawa dar tha wo wo case hara tha or court sa bhag gya tha.nabi pak p.b.u.h allah ka akhri nabi han or on ka bad koi nabi nahi ae ga.ya ak haqeqat ha jo quran ma bhi ha.or 1947 ma pak islam ka name par bana tha.,aye yahudiyo jitna zulm karna hai kar lo in sha allah woh din bhi zaroor aayega ke tumhe chun chun ke maara jayega yahan tak ke tum darakht ya pattharoñ ke piche chhup jaoge to bejan chizen bhi kahengi yahan yahoodi chhupa hai.hadees ka farman hai ho kar rahega #israeliterrorism,jahil k bachy kahan likha h k gair mazhb sy nikaah jaiz ha... tmari gand me jo keera ha wo nhi merna... khoty khany waly... yahoodi kahan sy hogaey ahle kitaab ....tm.b yahoodi to nhi,abi ahmadiya muslims hain or ye islam ne hamary bure badnami insafon ko ni kiya kia karen...,religious_hate_batch_010.csv,17,False,False,True,False,False,False,False,,True,2,Religious Hate,True,,0.9194052219390868,0.914160430431366,poocho hamarai imam sai kai quran mein kaha likha huwa hain aisai ye sirf yahodi khanzeer logo ki chaal hainmuslims ko badnaam karkai liye  zara socho na tumharai hinduism ko badnaam kyun nahen kartai islam kai peechai kyun parai huwai hain zara dimagh ko khol kai socho,0.9194052219390868,True,,True,,,,
class2_batch010_sample011888,10,11888,2,Religious Hate,212888,216888,v3_original_demo_boundary_prompt,4-shot random authentic same-class,Shortlisted authentic RUHSOLD Religious Hate examples,118,pislam me media ka estemal kerna haram hai  halala ki paidais,abe jaana mullle sale bhikari !! halala k maje krwa apni maa ko,ye insan ik chaaal haaa dostoo .........zra smj k chliye gaa...sb jaanty hn qadyaani kaafir hn ......ye sb k sentiments gain kr rhaa haa......bad me ye apna chehra dikhiye gaaa fasad kii shkal me.....in chaaalo sy hosyar rhy baseerat paida kry sb apny andr.. shukria...,"not surprised comment came from ahmedi. tbh, i won't be surprised when some christians will argue that they r included in muslim category too. just bcoz they believe there is only one god.",apni behno ki nikah se pehly apke sath bethay gaye thay..halala ki paidais,religious_hate_batch_010.csv,13,False,False,True,False,False,False,False,,True,2,Religious Hate,True,,0.9283880591392516,0.9243227243423462,haraam khoor...kahan ki baat kahan le jaty ho...beghairt admi ho tum,0.9283880591392516,True,,True,,,,
class2_batch010_sample011891,10,11891,2,Religious Hate,212891,216891,v3_original_demo_boundary_prompt,4-shot random authentic same-class,Shortlisted authentic RUHSOLD Religious Hate examples,118,meri tarbiyat yehi hai k jo amreca ko apna baap manta hai na wo muslman hai or na us s koi hanra taloq hai tum nasl e yazeedi ho masl e yahodi or yahoodio ki olad ho,haha jaat dikha di bsdk antankbadi halala ki aulaad teri ammi ka halala hua tha phir to randi ke bacheðÿ¤£ðÿ¤£ðÿ˜…,"waise madarso mein bahut achhi taaleem di jaati hai tum jihadi hijdo ko, asar dikh rha hai yahan, khud toh khud ki bhen chodte hi ho aur dusro ko bhi bhenchod samajhte ho.","afghanio ne tme hindu se bachaya,randi k aulaad tareekh paro tm wo ganda khoon ho,jo siko aour hindu ki rape se paida woe ho,tme kalima tho sikaya afghano ne,magar tmari gandi dna wai ranjeet sing wali a,randi k aulaad tm ne kah pana di,am pashtono ne di,apnay bio ko hera mandi",hahahaha ye yahodi ho,religious_hate_batch_010.csv,4,False,False,True,False,False,False,False,,True,2,Religious Hate,True,,0.9629346132278442,0.9416834115982056,ye sour hud yahodi ha,0.9629346132278442,True,,True,,,,
class2_batch010_sample011895,10,11895,2,Religious Hate,212895,216895,v3_original_demo_boundary_prompt,4-shot random authentic same-class,Shortlisted authentic RUHSOLD Religious Hate examples,118,"not surprised comment came from ahmedi. tbh, i won't be surprised when some christians will argue that they r included in muslim category too. just bcoz they believe there is only one god.",but we have a firm belief now that qadiyani and ahmedi neither want muslims nor pakistanis to live in a harmony,hindoo wo qom ha jinper koi nabi koi kitaab nazil nahi hoi. ye to yahoodi se bhi bad tar hen,get lost you kaafir.,get lost you qadiyanian,religious_hate_batch_010.csv,4,False,False,True,False,False,False,False,,True,2,Religious Hate,True,,0.9323036670684814,0.8479046821594238,get lost you kaafir.,0.9323036670684814,True,,True,,,,
class3_batch005_sample020800,5,20800,3,Sexism,321800,325800,v3_original_demo_boundary_prompt,4-shot random authentic same-class,Shortlisted authentic RUHSOLD Sexism examples,40,"yeh wesy koi bht e zyda ounchi nasal ki randi niqli h wesy , mtlb i can't even imagine koi bughaz or paisy k pechay itna b girr skta h, nehayat e nichly darjay ki baighairat aurat ho, aurat zaat ko b badnaam kea h isny apny wajood sy !! akhh thooo iski zaat pay",bc ghar wale bhi soch rahe honge yeh kya system paida ho gya sala lagta programing galat ho gayi.... sabsi badi confusion iske liye ladka dhundheyge yaa ladki😉,#stopauratbarbadimarch who are you for arguing our tradition and islamic manners you bluddy 2 takay ki aurat   .,"aurat ko islam nai galat lagta, ap log lagtay ho jo ye boltay hain k agar aurat ka rape hua to wo uski galtie usne sar par dupatta nai kiya us banday ki nahi wo bechara kesay control karay",ab jesi gashti na jane do,sexism_batch_005.csv,6,False,False,True,False,False,False,False,,True,3,Sexism,True,,0.9044760465621948,0.8935327529907227,aaja tjhe phir se maza dun,0.9044760465621948,True,,True,,,,
class3_batch005_sample020801,5,20801,3,Sexism,321801,325801,v3_original_demo_boundary_prompt,4-shot random authentic same-class,Shortlisted authentic RUHSOLD Sexism examples,40,ap ko mard banny ki acting pasand i? agr ni to hijra hi bany rahye sir ye mardo k kam hn hijro k ni.,acha tareka dhondha hai larkun ko ganda sabit karny ka but aesi neech harkat larkyan he kar sakti hain larky nahi.,bc ghar wale bhi soch rahe honge yeh kya system paida ho gya sala lagta programing galat ho gayi.... sabsi badi confusion iske liye ladka dhundheyge yaa ladki😉,lalchi aurat paisa dekhti hai aur khandani aurat sirf sehrat dekhti hai,jab tak aap jaisi randiyon ke sath aik aadmi hi milta ha tab tak tum logon se zinda rehna chaye ge,sexism_batch_005.csv,21,False,False,True,False,False,False,False,,True,3,Sexism,True,,0.9389119744300842,0.928813636302948,tere jaise randiyo ki chudai ke liye to ham mard hain yaha pe,0.9389119744300842,True,,True,,,,
class3_batch005_sample020805,5,20805,3,Sexism,321805,325805,v3_original_demo_boundary_prompt,4-shot random authentic same-class,Shortlisted authentic RUHSOLD Sexism examples,40,jin ko hizab se nafrat he wo nangi ho k ghoome koi in pe thooke ga bhi nahi  aurat khoobsurat pure libas me lagti he mawazna karlen,lalchi aurat paisa dekhti hai aur khandani aurat sirf sehrat dekhti hai,jahiliyat ki v had hai ye apne ghar me slave ki tarh rahti hai aur bahar kutto jaise bhaunk rhi hai... shame on these ladies,roads pe lab coat b ap ki gender hi pehnti ha 😂,randi kehte hain jo galti karte he,sexism_batch_005.csv,7,False,False,True,False,False,False,False,,True,3,Sexism,True,,0.9271464943885804,0.9241058230400084,chutiye yahi hu gand teng kar apni randi ki nasal,0.9271464943885804,True,,True,,,,
class3_batch005_sample020807,5,20807,3,Sexism,321807,325807,v3_original_demo_boundary_prompt,4-shot random authentic same-class,Shortlisted authentic RUHSOLD Sexism examples,40,phir larky beard ky bagiar khusray q lgty hain  wo bhi beard ky bagiar khubsurat lgny chahiye ?,mard muhbt kr bhi ly tu aksar aurat he dhoka dy jati h usy 💔,teri bhosdi or boobs me parda mat kar...logo ko dekne de.dhake hoge to kaise pata chalega ki tu hijra nehi hai.   hijra kahi ki.,"ab iska sara credit har anchor le rha h jb k  rape,  ki asal jad h hi media jo mera jism.meri marzi,  hareem.shah , qandeel bloch , valentine day pe program krty hn phr rape hi hn gy",ye tu hijra ha,sexism_batch_005.csv,4,False,False,True,False,False,False,False,,True,3,Sexism,True,,0.9401288032531738,0.9161534309387208,hijra lag rhi hai,0.9401288032531738,True,,False,Synthetic near-duplicate,class3_batch001_sample020055,0.9835871458053589,Round 1 accepted synthetic bank
class3_batch005_sample020808,5,20808,3,Sexism,321808,325808,v3_original_demo_boundary_prompt,4-shot random authentic same-class,Shortlisted authentic RUHSOLD Sexism examples,40,aaaahhhhhh bhenchod.....jese tere is mangalsutra ki sahi jagah tere gale me nai balki mere mote kaale lund pr he.... vese hi tujh jesi chudakkad kuttiya ki jagah kewal mere pairo k niche he saali.... chal inbox me aa.....,randi kise kahte ha aap hi bata do? ye word ghatiya women ke liye hi use karta ha ab deepika ghatiya ha to randi hi bolenge na,ap ko mard banny ki acting pasand i? agr ni to hijra hi bany rahye sir ye mardo k kam hn hijro k ni.,we are supporting #islam and thank you #khalilurrahmanqamar for your beautiful comments against #gashti .  agar ye #aurat hoti to na me aesi zuban use krta aur na koi gairatmand #admi use krta.,tu to randi ho ya hijra?,sexism_batch_005.csv,6,False,False,True,False,False,False,False,,True,3,Sexism,True,,0.9138823747634888,0.9053279757499696,tu bhi kyu nahi jal gayi saath mein randi ?,0.9138823747634888,True,,True,,,,
class3_batch005_sample020811,5,20811,3,Sexism,321811,325811,v3_original_demo_boundary_prompt,4-shot random authentic same-class,Shortlisted authentic RUHSOLD Sexism examples,40,#stopauratbarbadimarch aurat ghr k andr hi achi lgti he yu sarkon par nikalna kisi bhi aurat ki izzat par daag lga skta he,your leader  is hijra that's why he is not living with his wife.,we are supporting #islam and thank you #khalilurrahmanqamar for your beautiful comments against #gashti .  agar ye #aurat hoti to na me aesi zuban use krta aur na koi gairatmand #admi use krta.,apni behn ko bhejo gay na aurat march me??,gashti k hath jesy pakistan ko bachana chahye ga kya?,sexism_batch_005.csv,10,False,False,True,False,False,False,False,,True,3,Sexism,True,,0.9336085915565492,0.8984365463256836,gashti pakistan ao na ap log ajent ho india k,0.9336085915565492,True,,True,,,,
class3_batch005_sample020817,5,20817,3,Sexism,321817,325817,v3_original_demo_boundary_prompt,4-shot random authentic same-class,Shortlisted authentic RUHSOLD Sexism examples,40,teri bhosdi or boobs me parda mat kar...logo ko dekne de.dhake hoge to kaise pata chalega ki tu hijra nehi hai.   hijra kahi ki.,"yeh wesy koi bht e zyda ounchi nasal ki randi niqli h wesy , mtlb i can't even imagine koi bughaz or paisy k pechay itna b girr skta h, nehayat e nichly darjay ki baighairat aurat ho, aurat zaat ko b badnaam kea h isny apny wajood sy !! akhh thooo iski zaat pay",your leader  is hijra that's why he is not living with his wife.,you are just girlfriend material no one wants wife like you. itna jism jo sirf admi apni bivi ka dekhta h  apka to sary jahan ne dekha h,teri maa ki phudi mein ab tera jism hoga aurat ko jaan se puch raha hy usko kya samajhain,sexism_batch_005.csv,19,False,False,True,False,False,False,False,,True,3,Sexism,True,,0.9424575567245485,0.9328409433364868,gashti aurat ab tumhein bara dukh hi raha hai aur bd duaein de rahi ho jb bt khud per aai hai to. tb tere hath ku ni katte aur teri zuban ku ni katti jb tu kisi dosri aurat k khilaf bhonkti thi,0.9424575567245485,True,,True,,,,
class3_batch005_sample020819,5,20819,3,Sexism,321819,325819,v3_original_demo_boundary_prompt,4-shot random authentic same-class,Shortlisted authentic RUHSOLD Sexism examples,40,agar aaj se 40 saal pehley isi tarha ke banner pakarh kar mera jism meri marzi waala naara aapki amma ne maara hota to aap is duniya main ye tweet karney ke liye maujood hi na hoteen 😑😑😑,you are just girlfriend material no one wants wife like you. itna jism jo sirf admi apni bivi ka dekhta h  apka to sary jahan ne dekha h,lalchi aurat paisa dekhti hai aur khandani aurat sirf sehrat dekhti hai,apni behn ko bhejo gay na aurat march me??,rt : nikalo bhosari ki randi,sexism_batch_005.csv,6,False,False,True,False,False,False,False,,True,3,Sexism,True,,0.907299816608429,0.8914474248886108,bhag bhsdki randi,0.907299816608429,True,,True,,,,
class3_batch005_sample020830,5,20830,3,Sexism,321830,325830,v3_original_demo_boundary_prompt,4-shot random authentic same-class,Shortlisted authentic RUHSOLD Sexism examples,40,lalchi aurat paisa dekhti hai aur khandani aurat sirf sehrat dekhti hai,70 saal ka mard is better than a 30 year old hijra😅,aur jesi ghatia aurat ke mun se ye bat achi ni lagti. logon ko garam karnay wali machine.,#stopauratbarbadimarch aurat ghr k andr hi achi lgti he yu sarkon par nikalna kisi bhi aurat ki izzat par daag lga skta he,rt : 1500 rupees mein hijra nanga ho raha ha,sexism_batch_005.csv,10,False,False,True,False,False,False,False,,True,3,Sexism,True,,0.904076874256134,0.8866750597953796,hijra lag rhi hai,0.904076874256134,True,,True,,,,
class3_batch005_sample020834,5,20834,3,Sexism,321834,325834,v3_original_demo_boundary_prompt,4-shot random authentic same-class,Shortlisted authentic RUHSOLD Sexism examples,40,70 saal ka mard is better than a 30 year old hijra😅,jin ko hizab se nafrat he wo nangi ho k ghoome koi in pe thooke ga bhi nahi  aurat khoobsurat pure libas me lagti he mawazna karlen,transgander   madarchood   hijra tu aik bara khoota ha  haram zada,muslim countries ki leaderships na mard napunsak or hijra hain.. in mein koi dum nahi.. ye kuch nahi kr sakty.. jinnah ki rooh tarapti hogi.. jinnah ne kashmir par attack ka order diya tha..,abe hijra kaha bhaunk raha ha,sexism_batch_005.csv,6,False,False,True,False,False,False,False,,True,3,Sexism,True,,0.9452886581420898,0.9310144186019896,aby chal jahil hijra kahi ka,0.9452886581420898,True,,True,,,,
class3_batch005_sample020835,5,20835,3,Sexism,321835,325835,v3_original_demo_boundary_prompt,4-shot random authentic same-class,Shortlisted authentic RUHSOLD Sexism examples,40,teri bhosdi or boobs me parda mat kar...logo ko dekne de.dhake hoge to kaise pata chalega ki tu hijra nehi hai.   hijra kahi ki.,#auratmarch2020 mera jism allah ki marzi.. allah ka to hukam ha tum char dewari me raho .. nd ya nikl k apni nimaish karna chahten,muslim countries ki leaderships na mard napunsak or hijra hain.. in mein koi dum nahi.. ye kuch nahi kr sakty.. jinnah ki rooh tarapti hogi.. jinnah ne kashmir par attack ka order diya tha..,tu kyun ro rahe hai hijra? tera buddhe hijra to kamjor mard hai. uska kara nehi hota. 🤣🤣🤣🤣,abe gashti ke baad hamare ghar me jaao to sabke bhenchod samajh aayenge ki tu hi hijra hai,sexism_batch_005.csv,18,False,False,True,False,False,False,False,,True,3,Sexism,True,,0.9411059617996216,0.933518886566162,aisi ghatia aurat hai na tu gero tu azlon ka begairat jai sath tu v,0.9411059617996216,True,,True,,,,
class3_batch005_sample020847,5,20847,3,Sexism,321847,325847,v3_original_demo_boundary_prompt,4-shot random authentic same-class,Shortlisted authentic RUHSOLD Sexism examples,40,transgander   madarchood   hijra tu aik bara khoota ha  haram zada,you are just girlfriend material no one wants wife like you. itna jism jo sirf admi apni bivi ka dekhta h  apka to sary jahan ne dekha h,teri chut me sabhi bhaiyo ka lund reply de randi,aur jesi ghatia aurat ke mun se ye bat achi ni lagti. logon ko garam karnay wali machine.,abe kanjri...,sexism_batch_005.csv,2,False,False,True,False,False,False,False,,True,3,Sexism,True,,0.911390781402588,0.8946914672851562,chudai ho jati saali ki....,0.911390781402588,True,,True,,,,
class3_batch005_sample020850,5,20850,3,Sexism,321850,325850,v3_original_demo_boundary_prompt,4-shot random authentic same-class,Shortlisted authentic RUHSOLD Sexism examples,40,"aurat ko islam nai galat lagta, ap log lagtay ho jo ye boltay hain k agar aurat ka rape hua to wo uski galtie usne sar par dupatta nai kiya us banday ki nahi wo bechara kesay control karay","apko kehna chahye tha na mard hoon, na aurat hoo. main hijra hoon main hijra hoon, main parchi hoon, main defected hoon, main accidental chairman hoon.  #joker420",jahiliyat ki v had hai ye apne ghar me slave ki tarh rahti hai aur bahar kutto jaise bhaunk rhi hai... shame on these ladies,roads pe lab coat b ap ki gender hi pehnti ha 😂,randi ki nasl,sexism_batch_005.csv,3,False,False,True,False,False,False,False,,True,3,Sexism,True,,0.9278360605239868,0.912469208240509,bc nasal ki randi,0.9278360605239868,True,,False,Synthetic near-duplicate,class3_batch003_sample020410,0.9999999403953552,Round 1 accepted synthetic bank
class3_batch005_sample020856,5,20856,3,Sexism,321856,325856,v3_original_demo_boundary_prompt,4-shot random authentic same-class,Shortlisted authentic RUHSOLD Sexism examples,40,agar aaj se 40 saal pehley isi tarha ke banner pakarh kar mera jism meri marzi waala naara aapki amma ne maara hota to aap is duniya main ye tweet karney ke liye maujood hi na hoteen 😑😑😑,randi kise kahte ha aap hi bata do? ye word ghatiya women ke liye hi use karta ha ab deepika ghatiya ha to randi hi bolenge na,tu kyun ro rahe hai hijra? tera buddhe hijra to kamjor mard hai. uska kara nehi hota. 🤣🤣🤣🤣,roads pe lab coat b ap ki gender hi pehnti ha 😂,teri ammi ko chudwane k lye bhi mujhse nahin milta auratmarch me nhi jaana.,sexism_batch_005.csv,14,False,False,True,False,False,False,False,,True,3,Sexism,True,,0.9246602058410645,0.9183543920516968,   ragra tum jaisio ko mil sakta bas ik ba haya aurat ko ankh utha k v nai dekhta,0.9246602058410645,True,,True,,,,
class3_batch005_sample020858,5,20858,3,Sexism,321858,325858,v3_original_demo_boundary_prompt,4-shot random authentic same-class,Shortlisted authentic RUHSOLD Sexism examples,40,acha tareka dhondha hai larkun ko ganda sabit karny ka but aesi neech harkat larkyan he kar sakti hain larky nahi.,jin ko hizab se nafrat he wo nangi ho k ghoome koi in pe thooke ga bhi nahi  aurat khoobsurat pure libas me lagti he mawazna karlen,your leader  is hijra that's why he is not living with his wife.,"aurat ko islam nai galat lagta, ap log lagtay ho jo ye boltay hain k agar aurat ka rape hua to wo uski galtie usne sar par dupatta nai kiya us banday ki nahi wo bechara kesay control karay",yeh woh hijra hy jis ny tumhari ammi ko chod dia,sexism_batch_005.csv,11,False,False,True,False,False,False,False,,True,3,Sexism,True,,0.9517748951911926,0.933176040649414,ye muh parde ke liye nhi chupaya  ye hijra hai es liye muh chupaya hai😜,0.9517748951911926,True,,True,,,,
class3_batch005_sample020861,5,20861,3,Sexism,321861,325861,v3_original_demo_boundary_prompt,4-shot random authentic same-class,Shortlisted authentic RUHSOLD Sexism examples,40,"yeh wesy koi bht e zyda ounchi nasal ki randi niqli h wesy , mtlb i can't even imagine koi bughaz or paisy k pechay itna b girr skta h, nehayat e nichly darjay ki baighairat aurat ho, aurat zaat ko b badnaam kea h isny apny wajood sy !! akhh thooo iski zaat pay",you are just girlfriend material no one wants wife like you. itna jism jo sirf admi apni bivi ka dekhta h  apka to sary jahan ne dekha h,aisi or kis kis ki lund par uchel uchel kar moja lati ghar me.,apni behn ko bhejo gay na aurat march me??,aik randi aurat,sexism_batch_005.csv,3,False,False,True,False,False,False,False,,True,3,Sexism,True,,0.901953935623169,0.8830074071884155,paagal rundi aurat,0.901953935623169,True,,True,,,,
class3_batch005_sample020862,5,20862,3,Sexism,321862,325862,v3_original_demo_boundary_prompt,4-shot random authentic same-class,Shortlisted authentic RUHSOLD Sexism examples,40,shazaib apni baji ko b bejna han aurat march ma agr itne he zruri hai to,"ab iska sara credit har anchor le rha h jb k  rape,  ki asal jad h hi media jo mera jism.meri marzi,  hareem.shah , qandeel bloch , valentine day pe program krty hn phr rape hi hn gy",tere jaise randiyo ki chudai ke liye to ham mard hain yaha pe,mard muhbt kr bhi ly tu aksar aurat he dhoka dy jati h usy 💔,haan ye ghatia aurat hai...,sexism_batch_005.csv,5,False,False,True,False,False,False,False,,True,3,Sexism,True,,0.94487464427948,0.9110623598098756,chudai ho jati saali ki....,0.94487464427948,True,,True,,,,
class3_batch005_sample020872,5,20872,3,Sexism,321872,325872,v3_original_demo_boundary_prompt,4-shot random authentic same-class,Shortlisted authentic RUHSOLD Sexism examples,40,aisi or kis kis ki lund par uchel uchel kar moja lati ghar me.,teri bhosdi or boobs me parda mat kar...logo ko dekne de.dhake hoge to kaise pata chalega ki tu hijra nehi hai.   hijra kahi ki.,transgander   madarchood   hijra tu aik bara khoota ha  haram zada,acha tareka dhondha hai larkun ko ganda sabit karny ka but aesi neech harkat larkyan he kar sakti hain larky nahi.,randi ki nasal,sexism_batch_005.csv,3,False,False,True,False,False,False,False,,True,3,Sexism,True,,0.9654770493507384,0.9201123118400574,chup randi ki nasal,0.9654770493507384,True,,False,Synthetic near-duplicate,class3_batch003_sample020514,0.9800549149513245,Round 1 accepted synthetic bank
class3_batch005_sample020878,5,20878,3,Sexism,321878,325878,v3_original_demo_boundary_prompt,4-shot random authentic same-class,Shortlisted authentic RUHSOLD Sexism examples,40,transgander   madarchood   hijra tu aik bara khoota ha  haram zada,lalchi aurat paisa dekhti hai aur khandani aurat sirf sehrat dekhti hai,"ab iska sara credit har anchor le rha h jb k  rape,  ki asal jad h hi media jo mera jism.meri marzi,  hareem.shah , qandeel bloch , valentine day pe program krty hn phr rape hi hn gy",jin ko hizab se nafrat he wo nangi ho k ghoome koi in pe thooke ga bhi nahi  aurat khoobsurat pure libas me lagti he mawazna karlen,ye sab gandi randi h,sexism_batch_005.csv,5,False,False,True,False,False,False,False,,True,3,Sexism,True,,0.958531379699707,0.9365702867507936,kya 're randi chudana h kya,0.958531379699707,True,,True,,,,
class3_batch005_sample020881,5,20881,3,Sexism,321881,325881,v3_original_demo_boundary_prompt,4-shot random authentic same-class,Shortlisted authentic RUHSOLD Sexism examples,40,ap ko mard banny ki acting pasand i? agr ni to hijra hi bany rahye sir ye mardo k kam hn hijro k ni.,teri bhosdi or boobs me parda mat kar...logo ko dekne de.dhake hoge to kaise pata chalega ki tu hijra nehi hai.   hijra kahi ki.,"yeh wesy koi bht e zyda ounchi nasal ki randi niqli h wesy , mtlb i can't even imagine koi bughaz or paisy k pechay itna b girr skta h, nehayat e nichly darjay ki baighairat aurat ho, aurat zaat ko b badnaam kea h isny apny wajood sy !! akhh thooo iski zaat pay",we are supporting #islam and thank you #khalilurrahmanqamar for your beautiful comments against #gashti .  agar ye #aurat hoti to na me aesi zuban use krta aur na koi gairatmand #admi use krta.,tere jesa hijra ko maaf karo 😂,sexism_batch_005.csv,7,False,False,True,False,False,False,False,,True,3,Sexism,True,,0.9249131083488464,0.9116309881210328,ye mard nai hijra lag raha vishal mera ko😂😂,0.9249131083488464,True,,True,,,,
class3_batch005_sample020882,5,20882,3,Sexism,321882,325882,v3_original_demo_boundary_prompt,4-shot random authentic same-class,Shortlisted authentic RUHSOLD Sexism examples,40,bilo rani tumhari pehchan sirf or sirf hijra huna hai.. na mard,phir larky beard ky bagiar khusray q lgty hain  wo bhi beard ky bagiar khubsurat lgny chahiye ?,"madum ap gharailo maon behno ki terha na blkeh on maon behno ki terha bhi nahi jo moaashrat main ghar sy bahir nikal ker apni , maan baap ki .belky pory moaashry ki izzat ka kgayal rekhti hain .ap oss catogary main ati hain .jisy rundi,jisy tawaif,fahasha, jisy badqar kehty hain",shazaib apni baji ko b bejna han aurat march ma agr itne he zruri hai to,tm logon ne apko bta dya tha ab ye randi marzi 😂,sexism_batch_005.csv,12,False,False,True,False,False,False,False,,True,3,Sexism,True,,0.942737638950348,0.929729163646698,aby han mn bhol gya ye to sasti randi hy 😂😂,0.942737638950348,True,,True,,,,
class3_batch005_sample020889,5,20889,3,Sexism,321889,325889,v3_original_demo_boundary_prompt,4-shot random authentic same-class,Shortlisted authentic RUHSOLD Sexism examples,40,dhoka khane k baad oska aitbar uth jata haa sbsee or dosre mard mai b interest ni rehta...ku k aurat jism k ley ni chahti jbk mard jism k ley chahta😌🙂,#stopauratbarbadimarch aurat ghr k andr hi achi lgti he yu sarkon par nikalna kisi bhi aurat ki izzat par daag lga skta he,"madum ap gharailo maon behno ki terha na blkeh on maon behno ki terha bhi nahi jo moaashrat main ghar sy bahir nikal ker apni , maan baap ki .belky pory moaashry ki izzat ka kgayal rekhti hain .ap oss catogary main ati hain .jisy rundi,jisy tawaif,fahasha, jisy badqar kehty hain",tere jaise randiyo ki chudai ke liye to ham mard hain yaha pe,ye mard hai wohi jinse randi rona hai,sexism_batch_005.csv,8,False,False,True,False,False,False,False,,True,3,Sexism,True,,0.9455035328865052,0.9358970522880554,tum jesi randi sy kar k yahi hona hai,0.9455035328865052,True,,True,,,,
class3_batch005_sample020892,5,20892,3,Sexism,321892,325892,v3_original_demo_boundary_prompt,4-shot random authentic same-class,Shortlisted authentic RUHSOLD Sexism examples,40,tum jesi ghatia aurat ka kam hi ni hai media par.kisi kothhay pe ja aur ulta late ja ke.begherat,bilo rani tumhari pehchan sirf or sirf hijra huna hai.. na mard,lalchi aurat paisa dekhti hai aur khandani aurat sirf sehrat dekhti hai,r mazy k bat mra jism wo auratn krti hn jin pr thokta bh koi nae.,randi ko chod do,sexism_batch_005.csv,4,False,False,True,False,False,False,False,,True,3,Sexism,True,,0.9396727681159972,0.926967442035675,randi hai to randi,0.9396727681159972,True,,True,,,,
class3_batch005_sample020893,5,20893,3,Sexism,321893,325893,v3_original_demo_boundary_prompt,4-shot random authentic same-class,Shortlisted authentic RUHSOLD Sexism examples,40,tum jesi ghatia aurat ka kam hi ni hai media par.kisi kothhay pe ja aur ulta late ja ke.begherat,jahiliyat ki v had hai ye apne ghar me slave ki tarh rahti hai aur bahar kutto jaise bhaunk rhi hai... shame on these ladies,teri chut me sabhi bhaiyo ka lund reply de randi,ek randi larki ko itni pazeerai di hai. smjh se bahir hai,rt :   kya baat hai tera maa baap hai hijra ho ya muslim,sexism_batch_005.csv,13,False,False,True,False,False,False,False,,True,3,Sexism,True,,0.9060558080673218,0.8953831791877747,tere baap hoga hijra !,0.9060558080673218,True,,True,,,,
class3_batch005_sample020894,5,20894,3,Sexism,321894,325894,v3_original_demo_boundary_prompt,4-shot random authentic same-class,Shortlisted authentic RUHSOLD Sexism examples,40,teri bhosdi or boobs me parda mat kar...logo ko dekne de.dhake hoge to kaise pata chalega ki tu hijra nehi hai.   hijra kahi ki.,jahiliyat ki v had hai ye apne ghar me slave ki tarh rahti hai aur bahar kutto jaise bhaunk rhi hai... shame on these ladies,your leader  is hijra that's why he is not living with his wife.,roads pe lab coat b ap ki gender hi pehnti ha 😂,mera jism meri marzi ya hijra ki marzi?,sexism_batch_005.csv,8,False,False,True,False,False,False,False,,True,3,Sexism,True,,0.9121994972229004,0.8971868753433228,  apni behn ko bhejo gay na aurat march me??,0.9121994972229004,True,,True,,,,
class3_batch005_sample020897,5,20897,3,Sexism,321897,325897,v3_original_demo_boundary_prompt,4-shot random authentic same-class,Shortlisted authentic RUHSOLD Sexism examples,40,teri chut me sabhi bhaiyo ka lund reply de randi,agar aaj se 40 saal pehley isi tarha ke banner pakarh kar mera jism meri marzi waala naara aapki amma ne maara hota to aap is duniya main ye tweet karney ke liye maujood hi na hoteen 😑😑😑,original attitude boys ma hota ha aur fake girls ma,randi kise kahte ha aap hi bata do? ye word ghatiya women ke liye hi use karta ha ab deepika ghatiya ha to randi hi bolenge na,rt : randi ki nasal,sexism_batch_005.csv,5,False,False,True,False,False,False,False,,True,3,Sexism,True,,0.9447299242019652,0.9053378105163574,chup randi ki nasal,0.9447299242019652,True,,True,,,,
class3_batch005_sample020899,5,20899,3,Sexism,321899,325899,v3_original_demo_boundary_prompt,4-shot random authentic same-class,Shortlisted authentic RUHSOLD Sexism examples,40,tere jaise randiyo ki chudai ke liye to ham mard hain yaha pe,acha tareka dhondha hai larkun ko ganda sabit karny ka but aesi neech harkat larkyan he kar sakti hain larky nahi.,you are just girlfriend material no one wants wife like you. itna jism jo sirf admi apni bivi ka dekhta h  apka to sary jahan ne dekha h,dhoka khane k baad oska aitbar uth jata haa sbsee or dosre mard mai b interest ni rehta...ku k aurat jism k ley ni chahti jbk mard jism k ley chahta😌🙂,bhenchod ye pta hi nhi tha tum jaisi hijra hote ho,sexism_batch_005.csv,11,False,False,True,False,False,False,False,,True,3,Sexism,True,,0.9446285963058472,0.9309288263320924,ye muh parde ke liye nhi chupaya  ye hijra hai es liye muh chupaya hai😜,0.9446285963058472,True,,True,,,,
class3_batch005_sample020900,5,20900,3,Sexism,321900,325900,v3_original_demo_boundary_prompt,4-shot random authentic same-class,Shortlisted authentic RUHSOLD Sexism examples,40,transgander   madarchood   hijra tu aik bara khoota ha  haram zada,70 saal ka mard is better than a 30 year old hijra😅,muslim countries ki leaderships na mard napunsak or hijra hain.. in mein koi dum nahi.. ye kuch nahi kr sakty.. jinnah ki rooh tarapti hogi.. jinnah ne kashmir par attack ka order diya tha..,lalchi aurat paisa dekhti hai aur khandani aurat sirf sehrat dekhti hai,hijra jesa mazaq chalu ho raha ha,sexism_batch_005.csv,7,False,False,True,False,False,False,False,,True,3,Sexism,True,,0.9338140487670898,0.926100730895996,ye mard nai hijra lag raha vishal mera ko😂😂,0.9338140487670898,True,,True,,,,
class3_batch005_sample020901,5,20901,3,Sexism,321901,325901,v3_original_demo_boundary_prompt,4-shot random authentic same-class,Shortlisted authentic RUHSOLD Sexism examples,40,#auratmarch2020 mera jism allah ki marzi.. allah ka to hukam ha tum char dewari me raho .. nd ya nikl k apni nimaish karna chahten,tu kyun ro rahe hai hijra? tera buddhe hijra to kamjor mard hai. uska kara nehi hota. 🤣🤣🤣🤣,randi kise kahte ha aap hi bata do? ye word ghatiya women ke liye hi use karta ha ab deepika ghatiya ha to randi hi bolenge na,ap ko mard banny ki acting pasand i? agr ni to hijra hi bany rahye sir ye mardo k kam hn hijro k ni.,yeh toh hijra hai,sexism_batch_005.csv,4,False,False,True,False,False,False,False,,True,3,Sexism,True,,0.9609073400497437,0.9225283861160278,hijra lag rhi hai,0.9609073400497437,True,,True,,,,
class3_batch005_sample020904,5,20904,3,Sexism,321904,325904,v3_original_demo_boundary_prompt,4-shot random authentic same-class,Shortlisted authentic RUHSOLD Sexism examples,40,aur jesi ghatia aurat ke mun se ye bat achi ni lagti. logon ko garam karnay wali machine.,tum jesi ghatia aurat ka kam hi ni hai media par.kisi kothhay pe ja aur ulta late ja ke.begherat,randi kise kahte ha aap hi bata do? ye word ghatiya women ke liye hi use karta ha ab deepika ghatiya ha to randi hi bolenge na,muslim countries ki leaderships na mard napunsak or hijra hain.. in mein koi dum nahi.. ye kuch nahi kr sakty.. jinnah ki rooh tarapti hogi.. jinnah ne kashmir par attack ka order diya tha..,ye hijra hai,sexism_batch_005.csv,3,False,False,True,False,False,False,False,,True,3,Sexism,True,,0.9609994888305664,0.9233576059341432,tu hijra hai,0.9609994888305664,True,,True,,,,
class3_batch005_sample020906,5,20906,3,Sexism,321906,325906,v3_original_demo_boundary_prompt,4-shot random authentic same-class,Shortlisted authentic RUHSOLD Sexism examples,40,you are just girlfriend material no one wants wife like you. itna jism jo sirf admi apni bivi ka dekhta h  apka to sary jahan ne dekha h,muslim countries ki leaderships na mard napunsak or hijra hain.. in mein koi dum nahi.. ye kuch nahi kr sakty.. jinnah ki rooh tarapti hogi.. jinnah ne kashmir par attack ka order diya tha..,shazaib apni baji ko b bejna han aurat march ma agr itne he zruri hai to,tere jaise randiyo ki chudai ke liye to ham mard hain yaha pe,tu to jaan nhi milta hoga na hijra,sexism_batch_005.csv,8,False,False,True,False,False,False,False,,True,3,Sexism,True,,0.9368172883987428,0.9219821691513062,yeh hijra hai dhokay main na mara jain,0.9368172883987428,True,,True,,,,
class3_batch005_sample020918,5,20918,3,Sexism,321918,325918,v3_original_demo_boundary_prompt,4-shot random authentic same-class,Shortlisted authentic RUHSOLD Sexism examples,40,apni behn ko bhejo gay na aurat march me??,original attitude boys ma hota ha aur fake girls ma,bc ghar wale bhi soch rahe honge yeh kya system paida ho gya sala lagta programing galat ho gayi.... sabsi badi confusion iske liye ladka dhundheyge yaa ladki😉,teri chut me sabhi bhaiyo ka lund reply de randi,rt : ab ye logon ki hijra se bacha bhai hai,sexism_batch_005.csv,11,False,False,True,False,False,False,False,,True,3,Sexism,True,,0.9192749857902528,0.903834342956543,hijra lag rhi hai,0.9192749857902528,True,,True,,,,
class3_batch005_sample020920,5,20920,3,Sexism,321920,325920,v3_original_demo_boundary_prompt,4-shot random authentic same-class,Shortlisted authentic RUHSOLD Sexism examples,40,roads pe lab coat b ap ki gender hi pehnti ha 😂,aaaahhhhhh bhenchod.....jese tere is mangalsutra ki sahi jagah tere gale me nai balki mere mote kaale lund pr he.... vese hi tujh jesi chudakkad kuttiya ki jagah kewal mere pairo k niche he saali.... chal inbox me aa.....,tere jaise randiyo ki chudai ke liye to ham mard hain yaha pe,ap ko mard banny ki acting pasand i? agr ni to hijra hi bany rahye sir ye mardo k kam hn hijro k ni.,teri maa ka yaar tu jo ek taraf se randi phir bhe ek dusre se hijra h,sexism_batch_005.csv,17,False,False,True,False,False,False,False,,True,3,Sexism,True,,0.9464711546897888,0.9341729283332824,yahi hijra teri maa per charha to tu peda hua,0.9464711546897888,True,,True,,,,
class3_batch005_sample020924,5,20924,3,Sexism,321924,325924,v3_original_demo_boundary_prompt,4-shot random authentic same-class,Shortlisted authentic RUHSOLD Sexism examples,40,"yeh wesy koi bht e zyda ounchi nasal ki randi niqli h wesy , mtlb i can't even imagine koi bughaz or paisy k pechay itna b girr skta h, nehayat e nichly darjay ki baighairat aurat ho, aurat zaat ko b badnaam kea h isny apny wajood sy !! akhh thooo iski zaat pay",randi kise kahte ha aap hi bata do? ye word ghatiya women ke liye hi use karta ha ab deepika ghatiya ha to randi hi bolenge na,mard muhbt kr bhi ly tu aksar aurat he dhoka dy jati h usy 💔,tere jaise randiyo ki chudai ke liye to ham mard hain yaha pe,tumhara jism tumharay marzi ho isliye #auratmarch,sexism_batch_005.csv,7,False,False,True,False,False,False,False,,True,3,Sexism,True,,0.918425679206848,0.90446937084198,#auratmarch2020 mera jism allah ki marzi.. allah ka to hukam ha tum char dewari me raho .. nd ya nikl k apni nimaish karna chahten,0.918425679206848,True,,True,,,,
class3_batch005_sample020925,5,20925,3,Sexism,321925,325925,v3_original_demo_boundary_prompt,4-shot random authentic same-class,Shortlisted authentic RUHSOLD Sexism examples,40,teri bhosdi or boobs me parda mat kar...logo ko dekne de.dhake hoge to kaise pata chalega ki tu hijra nehi hai.   hijra kahi ki.,#auratmarch2020 mera jism allah ki marzi.. allah ka to hukam ha tum char dewari me raho .. nd ya nikl k apni nimaish karna chahten,jahiliyat ki v had hai ye apne ghar me slave ki tarh rahti hai aur bahar kutto jaise bhaunk rhi hai... shame on these ladies,transgander   madarchood   hijra tu aik bara khoota ha  haram zada,abe tu hijra na ho 😂,sexism_batch_005.csv,6,False,False,True,False,False,False,False,,True,3,Sexism,True,,0.9432168006896972,0.922480285167694,tu hi accept kar liya ki tu hijra hai 😊😉🥴😜😅,0.9432168006896972,True,,True,,,,
class3_batch005_sample020929,5,20929,3,Sexism,321929,325929,v3_original_demo_boundary_prompt,4-shot random authentic same-class,Shortlisted authentic RUHSOLD Sexism examples,40,you are just girlfriend material no one wants wife like you. itna jism jo sirf admi apni bivi ka dekhta h  apka to sary jahan ne dekha h,agar aaj se 40 saal pehley isi tarha ke banner pakarh kar mera jism meri marzi waala naara aapki amma ne maara hota to aap is duniya main ye tweet karney ke liye maujood hi na hoteen 😑😑😑,#stopauratbarbadimarch aurat ghr k andr hi achi lgti he yu sarkon par nikalna kisi bhi aurat ki izzat par daag lga skta he,lalchi aurat paisa dekhti hai aur khandani aurat sirf sehrat dekhti hai,laanti randiyo aur hijra,sexism_batch_005.csv,4,False,False,True,False,False,False,False,,True,3,Sexism,True,,0.9320383071899414,0.9118447303771972,hijra lag rhi hai,0.9320383071899414,True,,True,,,,
class3_batch005_sample020933,5,20933,3,Sexism,321933,325933,v3_original_demo_boundary_prompt,4-shot random authentic same-class,Shortlisted authentic RUHSOLD Sexism examples,40,tere jaise randiyo ki chudai ke liye to ham mard hain yaha pe,your leader  is hijra that's why he is not living with his wife.,phir larky beard ky bagiar khusray q lgty hain  wo bhi beard ky bagiar khubsurat lgny chahiye ?,aur jesi ghatia aurat ke mun se ye bat achi ni lagti. logon ko garam karnay wali machine.,tera baap hi hijra tha,sexism_batch_005.csv,5,False,False,True,False,False,False,False,,True,3,Sexism,True,,0.9507417678833008,0.919355034828186,tere baap hoga hijra !,0.9507417678833008,True,,True,,,,
class3_batch005_sample020937,5,20937,3,Sexism,321937,325937,v3_original_demo_boundary_prompt,4-shot random authentic same-class,Shortlisted authentic RUHSOLD Sexism examples,40,muslim countries ki leaderships na mard napunsak or hijra hain.. in mein koi dum nahi.. ye kuch nahi kr sakty.. jinnah ki rooh tarapti hogi.. jinnah ne kashmir par attack ka order diya tha..,we are supporting #islam and thank you #khalilurrahmanqamar for your beautiful comments against #gashti .  agar ye #aurat hoti to na me aesi zuban use krta aur na koi gairatmand #admi use krta.,r mazy k bat mra jism wo auratn krti hn jin pr thokta bh koi nae.,roads pe lab coat b ap ki gender hi pehnti ha 😂,gashti k bachy,sexism_batch_005.csv,3,False,False,True,False,False,False,False,,True,3,Sexism,True,,0.9041835069656372,0.8831842541694641,gashti no 1,0.9041835069656372,True,,True,,,,
class3_batch005_sample020940,5,20940,3,Sexism,321940,325940,v3_original_demo_boundary_prompt,4-shot random authentic same-class,Shortlisted authentic RUHSOLD Sexism examples,40,"madum ap gharailo maon behno ki terha na blkeh on maon behno ki terha bhi nahi jo moaashrat main ghar sy bahir nikal ker apni , maan baap ki .belky pory moaashry ki izzat ka kgayal rekhti hain .ap oss catogary main ati hain .jisy rundi,jisy tawaif,fahasha, jisy badqar kehty hain",aur jesi ghatia aurat ke mun se ye bat achi ni lagti. logon ko garam karnay wali machine.,apni behn ko bhejo gay na aurat march me??,tum jesi ghatia aurat ka kam hi ni hai media par.kisi kothhay pe ja aur ulta late ja ke.begherat,chup kar tu randi rona kr raha hai,sexism_batch_005.csv,8,False,False,True,False,False,False,False,,True,3,Sexism,True,,0.9595596194267272,0.9361034631729126,sakal se hi randi lagti hai tu,0.9595596194267272,True,,True,,,,
class3_batch005_sample020942,5,20942,3,Sexism,321942,325942,v3_original_demo_boundary_prompt,4-shot random authentic same-class,Shortlisted authentic RUHSOLD Sexism examples,40,"ab iska sara credit har anchor le rha h jb k  rape,  ki asal jad h hi media jo mera jism.meri marzi,  hareem.shah , qandeel bloch , valentine day pe program krty hn phr rape hi hn gy","madum ap gharailo maon behno ki terha na blkeh on maon behno ki terha bhi nahi jo moaashrat main ghar sy bahir nikal ker apni , maan baap ki .belky pory moaashry ki izzat ka kgayal rekhti hain .ap oss catogary main ati hain .jisy rundi,jisy tawaif,fahasha, jisy badqar kehty hain","apko kehna chahye tha na mard hoon, na aurat hoo. main hijra hoon main hijra hoon, main parchi hoon, main defected hoon, main accidental chairman hoon.  #joker420",phir larky beard ky bagiar khusray q lgty hain  wo bhi beard ky bagiar khubsurat lgny chahiye ?,haan na randi ke bache,sexism_batch_005.csv,5,False,False,True,False,False,False,False,,True,3,Sexism,True,,0.9393972158432008,0.9208019375801086,hamse chudwa le randi aao,0.9393972158432008,True,,True,,,,
class3_batch005_sample020943,5,20943,3,Sexism,321943,325943,v3_original_demo_boundary_prompt,4-shot random authentic same-class,Shortlisted authentic RUHSOLD Sexism examples,40,jin ko hizab se nafrat he wo nangi ho k ghoome koi in pe thooke ga bhi nahi  aurat khoobsurat pure libas me lagti he mawazna karlen,teri chut me sabhi bhaiyo ka lund reply de randi,ek randi larki ko itni pazeerai di hai. smjh se bahir hai,original attitude boys ma hota ha aur fake girls ma,apni ammi ko dikhane k liye randi rona kar rahe ho.,sexism_batch_005.csv,11,False,False,True,False,False,False,False,,True,3,Sexism,True,,0.9511312246322632,0.9359506368637084,chutiye yahi hu gand teng kar apni randi ki nasal,0.9511312246322632,True,,True,,,,
class3_batch005_sample020949,5,20949,3,Sexism,321949,325949,v3_original_demo_boundary_prompt,4-shot random authentic same-class,Shortlisted authentic RUHSOLD Sexism examples,40,shazaib apni baji ko b bejna han aurat march ma agr itne he zruri hai to,teri bhosdi or boobs me parda mat kar...logo ko dekne de.dhake hoge to kaise pata chalega ki tu hijra nehi hai.   hijra kahi ki.,ek randi larki ko itni pazeerai di hai. smjh se bahir hai,#auratmarch2020 mera jism allah ki marzi.. allah ka to hukam ha tum char dewari me raho .. nd ya nikl k apni nimaish karna chahten,wo randi or hijra ho,sexism_batch_005.csv,5,False,False,True,False,False,False,False,,True,3,Sexism,True,,0.91191828250885,0.8925134539604187,randi hai to randi,0.91191828250885,True,,True,,,,
class3_batch005_sample020950,5,20950,3,Sexism,321950,325950,v3_original_demo_boundary_prompt,4-shot random authentic same-class,Shortlisted authentic RUHSOLD Sexism examples,40,bc ghar wale bhi soch rahe honge yeh kya system paida ho gya sala lagta programing galat ho gayi.... sabsi badi confusion iske liye ladka dhundheyge yaa ladki😉,bilo rani tumhari pehchan sirf or sirf hijra huna hai.. na mard,apni behn ko bhejo gay na aurat march me??,ap ko mard banny ki acting pasand i? agr ni to hijra hi bany rahye sir ye mardo k kam hn hijro k ni.,rt : nawaz sharif ne kaha hai ke lakh di land tere jesa hijrein ka haq hai pakistan,sexism_batch_005.csv,18,False,False,True,False,False,False,False,,True,3,Sexism,True,,0.9089469909667968,0.8766840100288391,rt : sala aik nawaz shareef pori judiciary ko hijra bana gaya...  #nbc #justiceforsaleinpakistan,0.9089469909667968,True,,True,,,,
class3_batch005_sample020958,5,20958,3,Sexism,321958,325958,v3_original_demo_boundary_prompt,4-shot random authentic same-class,Shortlisted authentic RUHSOLD Sexism examples,40,lalchi aurat paisa dekhti hai aur khandani aurat sirf sehrat dekhti hai,tum jesi ghatia aurat ka kam hi ni hai media par.kisi kothhay pe ja aur ulta late ja ke.begherat,"ab iska sara credit har anchor le rha h jb k  rape,  ki asal jad h hi media jo mera jism.meri marzi,  hareem.shah , qandeel bloch , valentine day pe program krty hn phr rape hi hn gy","apko kehna chahye tha na mard hoon, na aurat hoo. main hijra hoon main hijra hoon, main parchi hoon, main defected hoon, main accidental chairman hoon.  #joker420",randiyon ko kya pata kabhi ek saath nahin beth skti,sexism_batch_005.csv,10,False,False,True,False,False,False,False,,True,3,Sexism,True,,0.9379239082336426,0.9279271960258484,chutiye yahi hu gand teng kar apni randi ki nasal,0.9379239082336426,True,,True,,,,
class3_batch005_sample020963,5,20963,3,Sexism,321963,325963,v3_original_demo_boundary_prompt,4-shot random authentic same-class,Shortlisted authentic RUHSOLD Sexism examples,40,muslim countries ki leaderships na mard napunsak or hijra hain.. in mein koi dum nahi.. ye kuch nahi kr sakty.. jinnah ki rooh tarapti hogi.. jinnah ne kashmir par attack ka order diya tha..,jin ko hizab se nafrat he wo nangi ho k ghoome koi in pe thooke ga bhi nahi  aurat khoobsurat pure libas me lagti he mawazna karlen,your leader  is hijra that's why he is not living with his wife.,70 saal ka mard is better than a 30 year old hijra😅,tera baap hijra tha ..tujhe bhi hijra banane ki ijaza dete hein,sexism_batch_005.csv,12,False,False,True,False,False,False,False,,True,3,Sexism,True,,0.9606950879096984,0.9272276759147644,woh tere baap aur behen hai... lekin tu to hijra paida hua hai,0.9606950879096984,True,,True,,,,
class3_batch005_sample020966,5,20966,3,Sexism,321966,325966,v3_original_demo_boundary_prompt,4-shot random authentic same-class,Shortlisted authentic RUHSOLD Sexism examples,40,phir larky beard ky bagiar khusray q lgty hain  wo bhi beard ky bagiar khubsurat lgny chahiye ?,"madum ap gharailo maon behno ki terha na blkeh on maon behno ki terha bhi nahi jo moaashrat main ghar sy bahir nikal ker apni , maan baap ki .belky pory moaashry ki izzat ka kgayal rekhti hain .ap oss catogary main ati hain .jisy rundi,jisy tawaif,fahasha, jisy badqar kehty hain",mard muhbt kr bhi ly tu aksar aurat he dhoka dy jati h usy 💔,acha tareka dhondha hai larkun ko ganda sabit karny ka but aesi neech harkat larkyan he kar sakti hain larky nahi.,i'm gonna say this again.. randi rona hai tumhari,sexism_batch_005.csv,9,False,False,True,False,False,False,False,,True,3,Sexism,True,,0.8827810287475586,0.8737701177597046,to be na randi hy na asle....shame on u,0.8827810287475586,True,,True,,,,
class3_batch005_sample020968,5,20968,3,Sexism,321968,325968,v3_original_demo_boundary_prompt,4-shot random authentic same-class,Shortlisted authentic RUHSOLD Sexism examples,40,teri bhosdi or boobs me parda mat kar...logo ko dekne de.dhake hoge to kaise pata chalega ki tu hijra nehi hai.   hijra kahi ki.,phir larky beard ky bagiar khusray q lgty hain  wo bhi beard ky bagiar khubsurat lgny chahiye ?,roads pe lab coat b ap ki gender hi pehnti ha 😂,aaaahhhhhh bhenchod.....jese tere is mangalsutra ki sahi jagah tere gale me nai balki mere mote kaale lund pr he.... vese hi tujh jesi chudakkad kuttiya ki jagah kewal mere pairo k niche he saali.... chal inbox me aa.....,abhi bachon ko bhi hijra banane k liay koi dhamaka nahi mil raha???,sexism_batch_005.csv,13,False,False,True,False,False,False,False,,True,3,Sexism,True,,0.9250019788742064,0.9128254652023317,aur jin ko dekh k khusrey bhi apna rasta badal lein wo kia hain ? 😂,0.9250019788742064,True,,True,,,,
class3_batch005_sample020974,5,20974,3,Sexism,321974,325974,v3_original_demo_boundary_prompt,4-shot random authentic same-class,Shortlisted authentic RUHSOLD Sexism examples,40,"yeh wesy koi bht e zyda ounchi nasal ki randi niqli h wesy , mtlb i can't even imagine koi bughaz or paisy k pechay itna b girr skta h, nehayat e nichly darjay ki baighairat aurat ho, aurat zaat ko b badnaam kea h isny apny wajood sy !! akhh thooo iski zaat pay",roads pe lab coat b ap ki gender hi pehnti ha 😂,aaaahhhhhh bhenchod.....jese tere is mangalsutra ki sahi jagah tere gale me nai balki mere mote kaale lund pr he.... vese hi tujh jesi chudakkad kuttiya ki jagah kewal mere pairo k niche he saali.... chal inbox me aa.....,agar aaj se 40 saal pehley isi tarha ke banner pakarh kar mera jism meri marzi waala naara aapki amma ne maara hota to aap is duniya main ye tweet karney ke liye maujood hi na hoteen 😑😑😑,rt : koi bat nai tu hijra,sexism_batch_005.csv,7,False,False,True,False,False,False,False,,True,3,Sexism,True,,0.9183684587478638,0.903676211833954,hijra lag rhi hai,0.9183684587478638,True,,True,,,,
class3_batch005_sample020979,5,20979,3,Sexism,321979,325979,v3_original_demo_boundary_prompt,4-shot random authentic same-class,Shortlisted authentic RUHSOLD Sexism examples,40,bilo rani tumhari pehchan sirf or sirf hijra huna hai.. na mard,muslim countries ki leaderships na mard napunsak or hijra hain.. in mein koi dum nahi.. ye kuch nahi kr sakty.. jinnah ki rooh tarapti hogi.. jinnah ne kashmir par attack ka order diya tha..,jin ko hizab se nafrat he wo nangi ho k ghoome koi in pe thooke ga bhi nahi  aurat khoobsurat pure libas me lagti he mawazna karlen,"ab iska sara credit har anchor le rha h jb k  rape,  ki asal jad h hi media jo mera jism.meri marzi,  hareem.shah , qandeel bloch , valentine day pe program krty hn phr rape hi hn gy",yahan tere jaise hijre wale kisi chutiye ki amma ke lode,sexism_batch_005.csv,11,False,False,True,False,False,False,False,,True,3,Sexism,True,,0.9504979848861694,0.9328866004943848,tere jaise randiyo ki chudai ke liye to ham mard hain yaha pe,0.9504979848861694,True,,True,,,,
class3_batch005_sample020983,5,20983,3,Sexism,321983,325983,v3_original_demo_boundary_prompt,4-shot random authentic same-class,Shortlisted authentic RUHSOLD Sexism examples,40,#stopauratbarbadimarch who are you for arguing our tradition and islamic manners you bluddy 2 takay ki aurat   .,"ab iska sara credit har anchor le rha h jb k  rape,  ki asal jad h hi media jo mera jism.meri marzi,  hareem.shah , qandeel bloch , valentine day pe program krty hn phr rape hi hn gy",ek randi larki ko itni pazeerai di hai. smjh se bahir hai,jin ko hizab se nafrat he wo nangi ho k ghoome koi in pe thooke ga bhi nahi  aurat khoobsurat pure libas me lagti he mawazna karlen,tum logon ki dosti ho aurat barbadion ne chore gi,sexism_batch_005.csv,10,False,False,True,False,False,False,False,,True,3,Sexism,True,,0.9258495569229126,0.9209874272346495,bohat bari chutia ho tum randi ho bohat bari ho,0.9258495569229126,True,,True,,,,
class3_batch005_sample020985,5,20985,3,Sexism,321985,325985,v3_original_demo_boundary_prompt,4-shot random authentic same-class,Shortlisted authentic RUHSOLD Sexism examples,40,teri bhosdi or boobs me parda mat kar...logo ko dekne de.dhake hoge to kaise pata chalega ki tu hijra nehi hai.   hijra kahi ki.,aaaahhhhhh bhenchod.....jese tere is mangalsutra ki sahi jagah tere gale me nai balki mere mote kaale lund pr he.... vese hi tujh jesi chudakkad kuttiya ki jagah kewal mere pairo k niche he saali.... chal inbox me aa.....,jin ko hizab se nafrat he wo nangi ho k ghoome koi in pe thooke ga bhi nahi  aurat khoobsurat pure libas me lagti he mawazna karlen,"ab iska sara credit har anchor le rha h jb k  rape,  ki asal jad h hi media jo mera jism.meri marzi,  hareem.shah , qandeel bloch , valentine day pe program krty hn phr rape hi hn gy",abi tak hijra chod diya ha to kya waisay bheja denge?,sexism_batch_005.csv,11,False,False,True,False,False,False,False,,True,3,Sexism,True,,0.9184401035308838,0.9134740829467772,yahi hijra teri maa per charha to tu peda hua,0.9184401035308838,True,,True,,,,
class3_batch005_sample020988,5,20988,3,Sexism,321988,325988,v3_original_demo_boundary_prompt,4-shot random authentic same-class,Shortlisted authentic RUHSOLD Sexism examples,40,randi kise kahte ha aap hi bata do? ye word ghatiya women ke liye hi use karta ha ab deepika ghatiya ha to randi hi bolenge na,"yeh wesy koi bht e zyda ounchi nasal ki randi niqli h wesy , mtlb i can't even imagine koi bughaz or paisy k pechay itna b girr skta h, nehayat e nichly darjay ki baighairat aurat ho, aurat zaat ko b badnaam kea h isny apny wajood sy !! akhh thooo iski zaat pay",tum jesi ghatia aurat ka kam hi ni hai media par.kisi kothhay pe ja aur ulta late ja ke.begherat,you are just girlfriend material no one wants wife like you. itna jism jo sirf admi apni bivi ka dekhta h  apka to sary jahan ne dekha h,teri maa ka yaar hai tu hijra,sexism_batch_005.csv,7,False,False,True,False,False,False,False,,True,3,Sexism,True,,0.94148850440979,0.9293238520622252,yahi hijra teri maa per charha to tu peda hua,0.94148850440979,True,,True,,,,
class3_batch005_sample020993,5,20993,3,Sexism,321993,325993,v3_original_demo_boundary_prompt,4-shot random authentic same-class,Shortlisted authentic RUHSOLD Sexism examples,40,tum jesi ghatia aurat ka kam hi ni hai media par.kisi kothhay pe ja aur ulta late ja ke.begherat,apni behn ko bhejo gay na aurat march me??,teri chut me sabhi bhaiyo ka lund reply de randi,aur jesi ghatia aurat ke mun se ye bat achi ni lagti. logon ko garam karnay wali machine.,gandu saala hijra,sexism_batch_005.csv,3,False,False,True,False,False,False,False,,True,3,Sexism,True,,0.9043502807617188,0.8851526379585266,hijra lag rhi hai,0.9043502807617188,True,,True,,,,
class3_batch005_sample020995,5,20995,3,Sexism,321995,325995,v3_original_demo_boundary_prompt,4-shot random authentic same-class,Shortlisted authentic RUHSOLD Sexism examples,40,"ab iska sara credit har anchor le rha h jb k  rape,  ki asal jad h hi media jo mera jism.meri marzi,  hareem.shah , qandeel bloch , valentine day pe program krty hn phr rape hi hn gy",tu kyun ro rahe hai hijra? tera buddhe hijra to kamjor mard hai. uska kara nehi hota. 🤣🤣🤣🤣,dhoka khane k baad oska aitbar uth jata haa sbsee or dosre mard mai b interest ni rehta...ku k aurat jism k ley ni chahti jbk mard jism k ley chahta😌🙂,apni behn ko bhejo gay na aurat march me??,randi rona ke liye tumhari baaton ka fayda nai hota,sexism_batch_005.csv,10,False,False,True,False,False,False,False,,True,3,Sexism,True,,0.941892385482788,0.9324457049369812,bohat bari chutia ho tum randi ho bohat bari ho,0.941892385482788,True,,True,,,,
class3_batch005_sample020999,5,20999,3,Sexism,321999,325999,v3_original_demo_boundary_prompt,4-shot random authentic same-class,Shortlisted authentic RUHSOLD Sexism examples,40,r mazy k bat mra jism wo auratn krti hn jin pr thokta bh koi nae.,randi kise kahte ha aap hi bata do? ye word ghatiya women ke liye hi use karta ha ab deepika ghatiya ha to randi hi bolenge na,mard muhbt kr bhi ly tu aksar aurat he dhoka dy jati h usy 💔,"yeh wesy koi bht e zyda ounchi nasal ki randi niqli h wesy , mtlb i can't even imagine koi bughaz or paisy k pechay itna b girr skta h, nehayat e nichly darjay ki baighairat aurat ho, aurat zaat ko b badnaam kea h isny apny wajood sy !! akhh thooo iski zaat pay",randi or atankwadi,sexism_batch_005.csv,3,False,False,True,False,False,False,False,,True,3,Sexism,True,,0.8967368006706238,0.8850983381271362,randi hai to randi,0.8967368006706238,True,,True,,,,
class3_batch006_sample021002,6,21002,3,Sexism,322002,326002,v3_original_demo_boundary_prompt,4-shot random authentic same-class,Shortlisted authentic RUHSOLD Sexism examples,40,agar aaj se 40 saal pehley isi tarha ke banner pakarh kar mera jism meri marzi waala naara aapki amma ne maara hota to aap is duniya main ye tweet karney ke liye maujood hi na hoteen 😑😑😑,mard muhbt kr bhi ly tu aksar aurat he dhoka dy jati h usy 💔,"madum ap gharailo maon behno ki terha na blkeh on maon behno ki terha bhi nahi jo moaashrat main ghar sy bahir nikal ker apni , maan baap ki .belky pory moaashry ki izzat ka kgayal rekhti hain .ap oss catogary main ati hain .jisy rundi,jisy tawaif,fahasha, jisy badqar kehty hain",teri bhosdi or boobs me parda mat kar...logo ko dekne de.dhake hoge to kaise pata chalega ki tu hijra nehi hai.   hijra kahi ki.,chutiye randiyo,sexism_batch_006.csv,2,False,False,True,False,False,False,False,,True,3,Sexism,True,,0.9384353756904602,0.930024027824402,kuti randi,0.9384353756904602,True,,True,,,,
class3_batch006_sample021003,6,21003,3,Sexism,322003,326003,v3_original_demo_boundary_prompt,4-shot random authentic same-class,Shortlisted authentic RUHSOLD Sexism examples,40,you are just girlfriend material no one wants wife like you. itna jism jo sirf admi apni bivi ka dekhta h  apka to sary jahan ne dekha h,teri bhosdi or boobs me parda mat kar...logo ko dekne de.dhake hoge to kaise pata chalega ki tu hijra nehi hai.   hijra kahi ki.,lalchi aurat paisa dekhti hai aur khandani aurat sirf sehrat dekhti hai,muslim countries ki leaderships na mard napunsak or hijra hain.. in mein koi dum nahi.. ye kuch nahi kr sakty.. jinnah ki rooh tarapti hogi.. jinnah ne kashmir par attack ka order diya tha..,rt : ek randi keh raha hai mujhe.... ek hi gali hai,sexism_batch_006.csv,12,False,False,True,False,False,False,False,,True,3,Sexism,True,,0.92868971824646,0.9092327952384948,rt : bs yhi hai sacchai inki... jnu ki randiyan 😂😂🤣🤣,0.92868971824646,True,,True,,,,
class3_batch006_sample021004,6,21004,3,Sexism,322004,326004,v3_original_demo_boundary_prompt,4-shot random authentic same-class,Shortlisted authentic RUHSOLD Sexism examples,40,"apko kehna chahye tha na mard hoon, na aurat hoo. main hijra hoon main hijra hoon, main parchi hoon, main defected hoon, main accidental chairman hoon.  #joker420",transgander   madarchood   hijra tu aik bara khoota ha  haram zada,phir larky beard ky bagiar khusray q lgty hain  wo bhi beard ky bagiar khubsurat lgny chahiye ?,teri bhosdi or boobs me parda mat kar...logo ko dekne de.dhake hoge to kaise pata chalega ki tu hijra nehi hai.   hijra kahi ki.,randi ka bacha,sexism_batch_006.csv,3,False,False,True,False,False,False,False,,True,3,Sexism,True,,0.9363008737564088,0.9223049283027648,bhag bhsdki randi,0.9363008737564088,True,,False,Synthetic near-duplicate,class3_batch001_sample020050,0.9810514450073242,Round 1 accepted synthetic bank
class3_batch006_sample021007,6,21007,3,Sexism,322007,326007,v3_original_demo_boundary_prompt,4-shot random authentic same-class,Shortlisted authentic RUHSOLD Sexism examples,40,muslim countries ki leaderships na mard napunsak or hijra hain.. in mein koi dum nahi.. ye kuch nahi kr sakty.. jinnah ki rooh tarapti hogi.. jinnah ne kashmir par attack ka order diya tha..,ap ko mard banny ki acting pasand i? agr ni to hijra hi bany rahye sir ye mardo k kam hn hijro k ni.,dhoka khane k baad oska aitbar uth jata haa sbsee or dosre mard mai b interest ni rehta...ku k aurat jism k ley ni chahti jbk mard jism k ley chahta😌🙂,#stopauratbarbadimarch who are you for arguing our tradition and islamic manners you bluddy 2 takay ki aurat   .,haha hijra bhenchod,sexism_batch_006.csv,3,False,False,True,False,False,False,False,,True,3,Sexism,True,,0.934503138065338,0.9148856997489928,hijra niazi 🤣🤣🤣🤣🤣🤣🤣,0.934503138065338,True,,True,,,,
class3_batch006_sample021010,6,21010,3,Sexism,322010,326010,v3_original_demo_boundary_prompt,4-shot random authentic same-class,Shortlisted authentic RUHSOLD Sexism examples,40,#stopauratbarbadimarch aurat ghr k andr hi achi lgti he yu sarkon par nikalna kisi bhi aurat ki izzat par daag lga skta he,you are just girlfriend material no one wants wife like you. itna jism jo sirf admi apni bivi ka dekhta h  apka to sary jahan ne dekha h,"ab iska sara credit har anchor le rha h jb k  rape,  ki asal jad h hi media jo mera jism.meri marzi,  hareem.shah , qandeel bloch , valentine day pe program krty hn phr rape hi hn gy",roads pe lab coat b ap ki gender hi pehnti ha 😂,rt : randi ke bachy,sexism_batch_006.csv,5,False,False,True,False,False,False,False,,True,3,Sexism,True,,0.9098052978515624,0.8959212303161621,bhag bhsdki randi,0.9098052978515624,True,,True,,,,
class3_batch006_sample021011,6,21011,3,Sexism,322011,326011,v3_original_demo_boundary_prompt,4-shot random authentic same-class,Shortlisted authentic RUHSOLD Sexism examples,40,muslim countries ki leaderships na mard napunsak or hijra hain.. in mein koi dum nahi.. ye kuch nahi kr sakty.. jinnah ki rooh tarapti hogi.. jinnah ne kashmir par attack ka order diya tha..,"aurat ko islam nai galat lagta, ap log lagtay ho jo ye boltay hain k agar aurat ka rape hua to wo uski galtie usne sar par dupatta nai kiya us banday ki nahi wo bechara kesay control karay",bilo rani tumhari pehchan sirf or sirf hijra huna hai.. na mard,aisi or kis kis ki lund par uchel uchel kar moja lati ghar me.,abhi tk keh rha ha pata nai kaha chutiya ganda khanzeer or hijra hai,sexism_batch_006.csv,14,False,False,True,False,False,False,False,,True,3,Sexism,True,,0.9219874143600464,0.9151813387870787,tm hijra ho or tm khan ke jute k barabar be nahi ho accidental ho,0.9219874143600464,True,,True,,,,
class3_batch006_sample021016,6,21016,3,Sexism,322016,326016,v3_original_demo_boundary_prompt,4-shot random authentic same-class,Shortlisted authentic RUHSOLD Sexism examples,40,roads pe lab coat b ap ki gender hi pehnti ha 😂,#stopauratbarbadimarch aurat ghr k andr hi achi lgti he yu sarkon par nikalna kisi bhi aurat ki izzat par daag lga skta he,bc ghar wale bhi soch rahe honge yeh kya system paida ho gya sala lagta programing galat ho gayi.... sabsi badi confusion iske liye ladka dhundheyge yaa ladki😉,r mazy k bat mra jism wo auratn krti hn jin pr thokta bh koi nae.,"rt : aurat march ko chod do, ye hijra band kr le",sexism_batch_006.csv,12,False,False,True,False,False,False,False,,True,3,Sexism,True,,0.8891620635986328,0.8860417604446411,rt : kabira bhenchod maan ja pls 🎶,0.8891620635986328,True,,True,,,,
class3_batch006_sample021018,6,21018,3,Sexism,322018,326018,v3_original_demo_boundary_prompt,4-shot random authentic same-class,Shortlisted authentic RUHSOLD Sexism examples,40,"aurat ko islam nai galat lagta, ap log lagtay ho jo ye boltay hain k agar aurat ka rape hua to wo uski galtie usne sar par dupatta nai kiya us banday ki nahi wo bechara kesay control karay",jahiliyat ki v had hai ye apne ghar me slave ki tarh rahti hai aur bahar kutto jaise bhaunk rhi hai... shame on these ladies,bc ghar wale bhi soch rahe honge yeh kya system paida ho gya sala lagta programing galat ho gayi.... sabsi badi confusion iske liye ladka dhundheyge yaa ladki😉,apni behn ko bhejo gay na aurat march me??,tu kaha hai aurat kia ho..😂,sexism_batch_006.csv,6,False,False,True,False,False,False,False,,True,3,Sexism,True,,0.9345739483833312,0.9166078567504884,tu hi accept kar liya ki tu hijra hai 😊😉🥴😜😅,0.9345739483833312,True,,True,,,,
class3_batch006_sample021020,6,21020,3,Sexism,322020,326020,v3_original_demo_boundary_prompt,4-shot random authentic same-class,Shortlisted authentic RUHSOLD Sexism examples,40,teri bhosdi or boobs me parda mat kar...logo ko dekne de.dhake hoge to kaise pata chalega ki tu hijra nehi hai.   hijra kahi ki.,ek randi larki ko itni pazeerai di hai. smjh se bahir hai,aisi or kis kis ki lund par uchel uchel kar moja lati ghar me.,"yeh wesy koi bht e zyda ounchi nasal ki randi niqli h wesy , mtlb i can't even imagine koi bughaz or paisy k pechay itna b girr skta h, nehayat e nichly darjay ki baighairat aurat ho, aurat zaat ko b badnaam kea h isny apny wajood sy !! akhh thooo iski zaat pay",hijra kis ny banaya hai,sexism_batch_006.csv,5,False,False,True,False,False,False,False,,True,3,Sexism,True,,0.9248998165130616,0.9111579656600952,hijra lag rhi hai,0.9248998165130616,True,,True,,,,
class3_batch006_sample021025,6,21025,3,Sexism,322025,326025,v3_original_demo_boundary_prompt,4-shot random authentic same-class,Shortlisted authentic RUHSOLD Sexism examples,40,#stopauratbarbadimarch aurat ghr k andr hi achi lgti he yu sarkon par nikalna kisi bhi aurat ki izzat par daag lga skta he,70 saal ka mard is better than a 30 year old hijra😅,acha tareka dhondha hai larkun ko ganda sabit karny ka but aesi neech harkat larkyan he kar sakti hain larky nahi.,"ab iska sara credit har anchor le rha h jb k  rape,  ki asal jad h hi media jo mera jism.meri marzi,  hareem.shah , qandeel bloch , valentine day pe program krty hn phr rape hi hn gy",oye hijra kahan se hai tujhe,sexism_batch_006.csv,6,False,False,True,False,False,False,False,,True,3,Sexism,True,,0.9468181729316713,0.9352430105209352,aby chal jahil hijra kahi ka,0.9468181729316713,True,,True,,,,
class3_batch006_sample021027,6,21027,3,Sexism,322027,326027,v3_original_demo_boundary_prompt,4-shot random authentic same-class,Shortlisted authentic RUHSOLD Sexism examples,40,phir larky beard ky bagiar khusray q lgty hain  wo bhi beard ky bagiar khubsurat lgny chahiye ?,bilo rani tumhari pehchan sirf or sirf hijra huna hai.. na mard,#stopauratbarbadimarch who are you for arguing our tradition and islamic manners you bluddy 2 takay ki aurat   .,r mazy k bat mra jism wo auratn krti hn jin pr thokta bh koi nae.,rt : apni behno ko randi kehty ho,sexism_batch_006.csv,8,False,False,True,False,False,False,False,,True,3,Sexism,True,,0.920474886894226,0.9120885729789734,tm sbko apni trah randi bnana chahti ho,0.920474886894226,True,,True,,,,
class3_batch006_sample021028,6,21028,3,Sexism,322028,326028,v3_original_demo_boundary_prompt,4-shot random authentic same-class,Shortlisted authentic RUHSOLD Sexism examples,40,#auratmarch2020 mera jism allah ki marzi.. allah ka to hukam ha tum char dewari me raho .. nd ya nikl k apni nimaish karna chahten,teri bhosdi or boobs me parda mat kar...logo ko dekne de.dhake hoge to kaise pata chalega ki tu hijra nehi hai.   hijra kahi ki.,aur jesi ghatia aurat ke mun se ye bat achi ni lagti. logon ko garam karnay wali machine.,ek randi larki ko itni pazeerai di hai. smjh se bahir hai,rt : sasti nasli hijra aurat,sexism_batch_006.csv,6,False,False,True,False,False,False,False,,True,3,Sexism,True,,0.8883128762245178,0.8770458102226257,hijra lag rhi hai,0.8883128762245178,True,,True,,,,
class3_batch006_sample021030,6,21030,3,Sexism,322030,326030,v3_original_demo_boundary_prompt,4-shot random authentic same-class,Shortlisted authentic RUHSOLD Sexism examples,40,transgander   madarchood   hijra tu aik bara khoota ha  haram zada,mard muhbt kr bhi ly tu aksar aurat he dhoka dy jati h usy 💔,bilo rani tumhari pehchan sirf or sirf hijra huna hai.. na mard,ek randi larki ko itni pazeerai di hai. smjh se bahir hai,chup kar sala hijra,sexism_batch_006.csv,4,False,False,True,False,False,False,False,,True,3,Sexism,True,,0.9215295910835266,0.9063509106636048,chup kar kanjeri,0.9215295910835266,True,,True,,,,
class3_batch006_sample021031,6,21031,3,Sexism,322031,326031,v3_original_demo_boundary_prompt,4-shot random authentic same-class,Shortlisted authentic RUHSOLD Sexism examples,40,#stopauratbarbadimarch aurat ghr k andr hi achi lgti he yu sarkon par nikalna kisi bhi aurat ki izzat par daag lga skta he,bilo rani tumhari pehchan sirf or sirf hijra huna hai.. na mard,muslim countries ki leaderships na mard napunsak or hijra hain.. in mein koi dum nahi.. ye kuch nahi kr sakty.. jinnah ki rooh tarapti hogi.. jinnah ne kashmir par attack ka order diya tha..,"madum ap gharailo maon behno ki terha na blkeh on maon behno ki terha bhi nahi jo moaashrat main ghar sy bahir nikal ker apni , maan baap ki .belky pory moaashry ki izzat ka kgayal rekhti hain .ap oss catogary main ati hain .jisy rundi,jisy tawaif,fahasha, jisy badqar kehty hain",randi ke bachy,sexism_batch_006.csv,3,False,False,True,False,False,False,False,,True,3,Sexism,True,,0.9266347885131836,0.9054387211799622,bhag bhsdki randi,0.9266347885131836,True,,True,,,,
class3_batch006_sample021034,6,21034,3,Sexism,322034,326034,v3_original_demo_boundary_prompt,4-shot random authentic same-class,Shortlisted authentic RUHSOLD Sexism examples,40,acha tareka dhondha hai larkun ko ganda sabit karny ka but aesi neech harkat larkyan he kar sakti hain larky nahi.,"ab iska sara credit har anchor le rha h jb k  rape,  ki asal jad h hi media jo mera jism.meri marzi,  hareem.shah , qandeel bloch , valentine day pe program krty hn phr rape hi hn gy",apni behn ko bhejo gay na aurat march me??,"madum ap gharailo maon behno ki terha na blkeh on maon behno ki terha bhi nahi jo moaashrat main ghar sy bahir nikal ker apni , maan baap ki .belky pory moaashry ki izzat ka kgayal rekhti hain .ap oss catogary main ati hain .jisy rundi,jisy tawaif,fahasha, jisy badqar kehty hain",chal randi tu,sexism_batch_006.csv,3,False,False,True,False,False,False,False,,True,3,Sexism,True,,0.9259104132652284,0.9199451208114624,sali randi chal fut,0.9259104132652284,True,,True,,,,
class3_batch006_sample021038,6,21038,3,Sexism,322038,326038,v3_original_demo_boundary_prompt,4-shot random authentic same-class,Shortlisted authentic RUHSOLD Sexism examples,40,aaaahhhhhh bhenchod.....jese tere is mangalsutra ki sahi jagah tere gale me nai balki mere mote kaale lund pr he.... vese hi tujh jesi chudakkad kuttiya ki jagah kewal mere pairo k niche he saali.... chal inbox me aa.....,original attitude boys ma hota ha aur fake girls ma,bilo rani tumhari pehchan sirf or sirf hijra huna hai.. na mard,#stopauratbarbadimarch who are you for arguing our tradition and islamic manners you bluddy 2 takay ki aurat   .,sacha dm karne ko tu nahi samajta...tu kisi randi ke bache ho ya koi sasta randi k bacha ho,sexism_batch_006.csv,19,False,False,True,False,False,False,False,,True,3,Sexism,True,,0.9463217258453368,0.9331266283988952,"tu randi ke bachy thora sa time nikal kar mar kion nahi jata ,kisi begairat randi ke akhri bachy",0.9463217258453368,True,,True,,,,
class3_batch006_sample021043,6,21043,3,Sexism,322043,326043,v3_original_demo_boundary_prompt,4-shot random authentic same-class,Shortlisted authentic RUHSOLD Sexism examples,40,apni behn ko bhejo gay na aurat march me??,your leader  is hijra that's why he is not living with his wife.,agar aaj se 40 saal pehley isi tarha ke banner pakarh kar mera jism meri marzi waala naara aapki amma ne maara hota to aap is duniya main ye tweet karney ke liye maujood hi na hoteen 😑😑😑,phir larky beard ky bagiar khusray q lgty hain  wo bhi beard ky bagiar khubsurat lgny chahiye ?,ye randi ki nasal 😂,sexism_batch_006.csv,5,False,False,True,False,False,False,False,,True,3,Sexism,True,,0.940106213092804,0.9295026063919068,chup randi ki nasal,0.940106213092804,True,,True,,,,
class3_batch006_sample021045,6,21045,3,Sexism,322045,326045,v3_original_demo_boundary_prompt,4-shot random authentic same-class,Shortlisted authentic RUHSOLD Sexism examples,40,teri bhosdi or boobs me parda mat kar...logo ko dekne de.dhake hoge to kaise pata chalega ki tu hijra nehi hai.   hijra kahi ki.,"ab iska sara credit har anchor le rha h jb k  rape,  ki asal jad h hi media jo mera jism.meri marzi,  hareem.shah , qandeel bloch , valentine day pe program krty hn phr rape hi hn gy",acha tareka dhondha hai larkun ko ganda sabit karny ka but aesi neech harkat larkyan he kar sakti hain larky nahi.,"apko kehna chahye tha na mard hoon, na aurat hoo. main hijra hoon main hijra hoon, main parchi hoon, main defected hoon, main accidental chairman hoon.  #joker420",tu hijra ho yaar,sexism_batch_006.csv,4,False,False,True,False,False,False,False,,True,3,Sexism,True,,0.9495666027069092,0.9247456789016724,tu hijra hai,0.9495666027069092,True,,True,,,,
class3_batch006_sample021046,6,21046,3,Sexism,322046,326046,v3_original_demo_boundary_prompt,4-shot random authentic same-class,Shortlisted authentic RUHSOLD Sexism examples,40,we are supporting #islam and thank you #khalilurrahmanqamar for your beautiful comments against #gashti .  agar ye #aurat hoti to na me aesi zuban use krta aur na koi gairatmand #admi use krta.,muslim countries ki leaderships na mard napunsak or hijra hain.. in mein koi dum nahi.. ye kuch nahi kr sakty.. jinnah ki rooh tarapti hogi.. jinnah ne kashmir par attack ka order diya tha..,tu kyun ro rahe hai hijra? tera buddhe hijra to kamjor mard hai. uska kara nehi hota. 🤣🤣🤣🤣,you are just girlfriend material no one wants wife like you. itna jism jo sirf admi apni bivi ka dekhta h  apka to sary jahan ne dekha h,wo hijra ha,sexism_batch_006.csv,3,False,False,True,False,False,False,False,,True,3,Sexism,True,,0.9472472667694092,0.9180580377578736,tu hijra hai,0.9472472667694092,True,,False,Synthetic near-duplicate,class3_batch001_sample020055,0.9818594455718994,Round 1 accepted synthetic bank
class3_batch006_sample021047,6,21047,3,Sexism,322047,326047,v3_original_demo_boundary_prompt,4-shot random authentic same-class,Shortlisted authentic RUHSOLD Sexism examples,40,tu kyun ro rahe hai hijra? tera buddhe hijra to kamjor mard hai. uska kara nehi hota. 🤣🤣🤣🤣,shazaib apni baji ko b bejna han aurat march ma agr itne he zruri hai to,your leader  is hijra that's why he is not living with his wife.,phir larky beard ky bagiar khusray q lgty hain  wo bhi beard ky bagiar khubsurat lgny chahiye ?,hijra ki tarha bachy wali,sexism_batch_006.csv,5,False,False,True,False,False,False,False,,True,3,Sexism,True,,0.9342297911643982,0.9190136790275574,aby chal jahil hijra kahi ka,0.9342297911643982,True,,True,,,,
class3_batch006_sample021053,6,21053,3,Sexism,322053,326053,v3_original_demo_boundary_prompt,4-shot random authentic same-class,Shortlisted authentic RUHSOLD Sexism examples,40,jin ko hizab se nafrat he wo nangi ho k ghoome koi in pe thooke ga bhi nahi  aurat khoobsurat pure libas me lagti he mawazna karlen,dhoka khane k baad oska aitbar uth jata haa sbsee or dosre mard mai b interest ni rehta...ku k aurat jism k ley ni chahti jbk mard jism k ley chahta😌🙂,you are just girlfriend material no one wants wife like you. itna jism jo sirf admi apni bivi ka dekhta h  apka to sary jahan ne dekha h,"apko kehna chahye tha na mard hoon, na aurat hoo. main hijra hoon main hijra hoon, main parchi hoon, main defected hoon, main accidental chairman hoon.  #joker420",apne bachon per apnay liye laga raha ha aurat march,sexism_batch_006.csv,10,False,False,True,False,False,False,False,,True,3,Sexism,True,,0.9335309267044068,0.9111682772636414, shazaib apni baji ko b bejna han aurat march ma agr itne he zruri hai to,0.9335309267044068,True,,True,,,,
class3_batch006_sample021055,6,21055,3,Sexism,322055,326055,v3_original_demo_boundary_prompt,4-shot random authentic same-class,Shortlisted authentic RUHSOLD Sexism examples,40,ap ko mard banny ki acting pasand i? agr ni to hijra hi bany rahye sir ye mardo k kam hn hijro k ni.,shazaib apni baji ko b bejna han aurat march ma agr itne he zruri hai to,bilo rani tumhari pehchan sirf or sirf hijra huna hai.. na mard,phir larky beard ky bagiar khusray q lgty hain  wo bhi beard ky bagiar khubsurat lgny chahiye ?,jab tak tu mard nahin ho sakta tab tak tera baap tu hijra tha,sexism_batch_006.csv,14,False,False,True,False,False,False,False,,True,3,Sexism,True,,0.9431577920913696,0.9334952235221864,ye muh parde ke liye nhi chupaya  ye hijra hai es liye muh chupaya hai😜,0.9431577920913696,True,,True,,,,
class3_batch006_sample021059,6,21059,3,Sexism,322059,326059,v3_original_demo_boundary_prompt,4-shot random authentic same-class,Shortlisted authentic RUHSOLD Sexism examples,40,teri chut me sabhi bhaiyo ka lund reply de randi,we are supporting #islam and thank you #khalilurrahmanqamar for your beautiful comments against #gashti .  agar ye #aurat hoti to na me aesi zuban use krta aur na koi gairatmand #admi use krta.,#stopauratbarbadimarch who are you for arguing our tradition and islamic manners you bluddy 2 takay ki aurat   .,apni behn ko bhejo gay na aurat march me??,tu tere jaise gashti kahan se hai,sexism_batch_006.csv,7,False,False,True,False,False,False,False,,True,3,Sexism,True,,0.9338880777359008,0.9199737310409546,tu gandi gashti,0.9338880777359008,True,,True,,,,
class3_batch006_sample021063,6,21063,3,Sexism,322063,326063,v3_original_demo_boundary_prompt,4-shot random authentic same-class,Shortlisted authentic RUHSOLD Sexism examples,40,bc ghar wale bhi soch rahe honge yeh kya system paida ho gya sala lagta programing galat ho gayi.... sabsi badi confusion iske liye ladka dhundheyge yaa ladki😉,aisi or kis kis ki lund par uchel uchel kar moja lati ghar me.,lalchi aurat paisa dekhti hai aur khandani aurat sirf sehrat dekhti hai,#auratmarch2020 mera jism allah ki marzi.. allah ka to hukam ha tum char dewari me raho .. nd ya nikl k apni nimaish karna chahten,randi kehna ek hi insan ko hota hai,sexism_batch_006.csv,8,False,False,True,False,False,False,False,,True,3,Sexism,True,,0.9329253435134888,0.9231813549995422,sakal se hi randi lagti hai tu,0.9329253435134888,True,,True,,,,
class3_batch006_sample021067,6,21067,3,Sexism,322067,326067,v3_original_demo_boundary_prompt,4-shot random authentic same-class,Shortlisted authentic RUHSOLD Sexism examples,40,tu kyun ro rahe hai hijra? tera buddhe hijra to kamjor mard hai. uska kara nehi hota. 🤣🤣🤣🤣,"apko kehna chahye tha na mard hoon, na aurat hoo. main hijra hoon main hijra hoon, main parchi hoon, main defected hoon, main accidental chairman hoon.  #joker420",lalchi aurat paisa dekhti hai aur khandani aurat sirf sehrat dekhti hai,transgander   madarchood   hijra tu aik bara khoota ha  haram zada,bhenchod hijra ke sath saari baatein karte ho,sexism_batch_006.csv,8,False,False,True,False,False,False,False,,True,3,Sexism,True,,0.934422254562378,0.9220333099365234,aao bhabhi safaai aur chudai dono karta hoon,0.934422254562378,True,,True,,,,
class3_batch006_sample021072,6,21072,3,Sexism,322072,326072,v3_original_demo_boundary_prompt,4-shot random authentic same-class,Shortlisted authentic RUHSOLD Sexism examples,40,acha tareka dhondha hai larkun ko ganda sabit karny ka but aesi neech harkat larkyan he kar sakti hain larky nahi.,aaaahhhhhh bhenchod.....jese tere is mangalsutra ki sahi jagah tere gale me nai balki mere mote kaale lund pr he.... vese hi tujh jesi chudakkad kuttiya ki jagah kewal mere pairo k niche he saali.... chal inbox me aa.....,tere jaise randiyo ki chudai ke liye to ham mard hain yaha pe,lalchi aurat paisa dekhti hai aur khandani aurat sirf sehrat dekhti hai,tum jaise hijra kahin hamesha rehne ki bat ni krte 😂,sexism_batch_006.csv,11,False,False,True,False,False,False,False,,True,3,Sexism,True,,0.9442825317382812,0.9334745407104492,ye mard nai hijra lag raha vishal mera ko😂😂,0.9442825317382812,True,,True,,,,
class3_batch006_sample021073,6,21073,3,Sexism,322073,326073,v3_original_demo_boundary_prompt,4-shot random authentic same-class,Shortlisted authentic RUHSOLD Sexism examples,40,randi kise kahte ha aap hi bata do? ye word ghatiya women ke liye hi use karta ha ab deepika ghatiya ha to randi hi bolenge na,aisi or kis kis ki lund par uchel uchel kar moja lati ghar me.,jahiliyat ki v had hai ye apne ghar me slave ki tarh rahti hai aur bahar kutto jaise bhaunk rhi hai... shame on these ladies,ek randi larki ko itni pazeerai di hai. smjh se bahir hai,hijra nahin chodu saali,sexism_batch_006.csv,4,False,False,True,False,False,False,False,,True,3,Sexism,True,,0.93780779838562,0.9199079275131226,hijra lag rhi hai,0.93780779838562,True,,True,,,,
class3_batch006_sample021075,6,21075,3,Sexism,322075,326075,v3_original_demo_boundary_prompt,4-shot random authentic same-class,Shortlisted authentic RUHSOLD Sexism examples,40,roads pe lab coat b ap ki gender hi pehnti ha 😂,ek randi larki ko itni pazeerai di hai. smjh se bahir hai,tum jesi ghatia aurat ka kam hi ni hai media par.kisi kothhay pe ja aur ulta late ja ke.begherat,transgander   madarchood   hijra tu aik bara khoota ha  haram zada,chup kar sakti hai na kya randi,sexism_batch_006.csv,7,False,False,True,False,False,False,False,,True,3,Sexism,True,,0.9522315263748168,0.9418134689331056,tum jesi randi sy kar k yahi hona hai,0.9522315263748168,True,,True,,,,
class3_batch006_sample021080,6,21080,3,Sexism,322080,326080,v3_original_demo_boundary_prompt,4-shot random authentic same-class,Shortlisted authentic RUHSOLD Sexism examples,40,teri chut me sabhi bhaiyo ka lund reply de randi,"yeh wesy koi bht e zyda ounchi nasal ki randi niqli h wesy , mtlb i can't even imagine koi bughaz or paisy k pechay itna b girr skta h, nehayat e nichly darjay ki baighairat aurat ho, aurat zaat ko b badnaam kea h isny apny wajood sy !! akhh thooo iski zaat pay",phir larky beard ky bagiar khusray q lgty hain  wo bhi beard ky bagiar khubsurat lgny chahiye ?,aaaahhhhhh bhenchod.....jese tere is mangalsutra ki sahi jagah tere gale me nai balki mere mote kaale lund pr he.... vese hi tujh jesi chudakkad kuttiya ki jagah kewal mere pairo k niche he saali.... chal inbox me aa.....,gashti h,sexism_batch_006.csv,2,False,False,True,False,False,False,False,,True,3,Sexism,True,,0.9227742552757264,0.8751561045646667,gashti no 1,0.9227742552757264,True,,True,,,,
class3_batch006_sample021083,6,21083,3,Sexism,322083,326083,v3_original_demo_boundary_prompt,4-shot random authentic same-class,Shortlisted authentic RUHSOLD Sexism examples,40,muslim countries ki leaderships na mard napunsak or hijra hain.. in mein koi dum nahi.. ye kuch nahi kr sakty.. jinnah ki rooh tarapti hogi.. jinnah ne kashmir par attack ka order diya tha..,"ab iska sara credit har anchor le rha h jb k  rape,  ki asal jad h hi media jo mera jism.meri marzi,  hareem.shah , qandeel bloch , valentine day pe program krty hn phr rape hi hn gy",teri bhosdi or boobs me parda mat kar...logo ko dekne de.dhake hoge to kaise pata chalega ki tu hijra nehi hai.   hijra kahi ki.,phir larky beard ky bagiar khusray q lgty hain  wo bhi beard ky bagiar khubsurat lgny chahiye ?,hmari ghasti aurat or randi kehte ho hain......jis nay yeh slogan kaha ha uski tatti lagti hai,sexism_batch_006.csv,17,False,False,True,False,False,False,False,,True,3,Sexism,True,,0.9200598001480104,0.9152582287788392,sahi koyi randian ho jo kaho wo maan leti ho...asal mai tmhy koi frq nhi parta jo charhta hai tmhary oper wo yehi kehta hai es lye tmhy kutti kaho randi kaho tmhy koi farq nhi parta🎭🎭,0.9200598001480104,True,,True,,,,
class3_batch006_sample021098,6,21098,3,Sexism,322098,326098,v3_original_demo_boundary_prompt,4-shot random authentic same-class,Shortlisted authentic RUHSOLD Sexism examples,40,acha tareka dhondha hai larkun ko ganda sabit karny ka but aesi neech harkat larkyan he kar sakti hain larky nahi.,apni behn ko bhejo gay na aurat march me??,shazaib apni baji ko b bejna han aurat march ma agr itne he zruri hai to,70 saal ka mard is better than a 30 year old hijra😅,rt :  yeh nawaz sharif ke hijre ko pta chaly ha koi nahi?,sexism_batch_006.csv,13,False,False,True,False,False,False,False,,True,3,Sexism,True,,0.9000048637390137,0.8859273195266724,rt : sala aik nawaz shareef pori judiciary ko hijra bana gaya...  #nbc #justiceforsaleinpakistan,0.9000048637390137,True,,True,,,,
class3_batch006_sample021104,6,21104,3,Sexism,322104,326104,v3_original_demo_boundary_prompt,4-shot random authentic same-class,Shortlisted authentic RUHSOLD Sexism examples,40,acha tareka dhondha hai larkun ko ganda sabit karny ka but aesi neech harkat larkyan he kar sakti hain larky nahi.,aaaahhhhhh bhenchod.....jese tere is mangalsutra ki sahi jagah tere gale me nai balki mere mote kaale lund pr he.... vese hi tujh jesi chudakkad kuttiya ki jagah kewal mere pairo k niche he saali.... chal inbox me aa.....,roads pe lab coat b ap ki gender hi pehnti ha 😂,agar aaj se 40 saal pehley isi tarha ke banner pakarh kar mera jism meri marzi waala naara aapki amma ne maara hota to aap is duniya main ye tweet karney ke liye maujood hi na hoteen 😑😑😑,ye ek number ki randi hai,sexism_batch_006.csv,6,False,False,True,False,False,False,False,,True,3,Sexism,True,,0.948515236377716,0.9222777485847472,1 number ki randdi,0.948515236377716,True,,True,,,,
class3_batch006_sample021106,6,21106,3,Sexism,322106,326106,v3_original_demo_boundary_prompt,4-shot random authentic same-class,Shortlisted authentic RUHSOLD Sexism examples,40,tere jaise randiyo ki chudai ke liye to ham mard hain yaha pe,teri chut me sabhi bhaiyo ka lund reply de randi,"aurat ko islam nai galat lagta, ap log lagtay ho jo ye boltay hain k agar aurat ka rape hua to wo uski galtie usne sar par dupatta nai kiya us banday ki nahi wo bechara kesay control karay",original attitude boys ma hota ha aur fake girls ma,koi baat hi nai hijra,sexism_batch_006.csv,5,False,False,True,False,False,False,False,,True,3,Sexism,True,,0.9432151913642884,0.9203006029129028,hijra lag rhi hai,0.9432151913642884,True,,True,,,,
class3_batch006_sample021110,6,21110,3,Sexism,322110,326110,v3_original_demo_boundary_prompt,4-shot random authentic same-class,Shortlisted authentic RUHSOLD Sexism examples,40,tu kyun ro rahe hai hijra? tera buddhe hijra to kamjor mard hai. uska kara nehi hota. 🤣🤣🤣🤣,#stopauratbarbadimarch who are you for arguing our tradition and islamic manners you bluddy 2 takay ki aurat   .,ek randi larki ko itni pazeerai di hai. smjh se bahir hai,"madum ap gharailo maon behno ki terha na blkeh on maon behno ki terha bhi nahi jo moaashrat main ghar sy bahir nikal ker apni , maan baap ki .belky pory moaashry ki izzat ka kgayal rekhti hain .ap oss catogary main ati hain .jisy rundi,jisy tawaif,fahasha, jisy badqar kehty hain",randi kuttiya chakli,sexism_batch_006.csv,3,False,False,True,False,False,False,False,,True,3,Sexism,True,,0.9245160818099976,0.9164489507675172,maa chudaaye deepika randi,0.9245160818099976,True,,True,,,,
class3_batch006_sample021111,6,21111,3,Sexism,322111,326111,v3_original_demo_boundary_prompt,4-shot random authentic same-class,Shortlisted authentic RUHSOLD Sexism examples,40,teri chut me sabhi bhaiyo ka lund reply de randi,shazaib apni baji ko b bejna han aurat march ma agr itne he zruri hai to,ap ko mard banny ki acting pasand i? agr ni to hijra hi bany rahye sir ye mardo k kam hn hijro k ni.,roads pe lab coat b ap ki gender hi pehnti ha 😂,aby yeh kya hota ha tumhari randi jaisi,sexism_batch_006.csv,8,False,False,True,False,False,False,False,,True,3,Sexism,True,,0.9422565698623656,0.936293125152588,tum jesi randi sy kar k yahi hona hai,0.9422565698623656,True,,True,,,,
class3_batch006_sample021120,6,21120,3,Sexism,322120,326120,v3_original_demo_boundary_prompt,4-shot random authentic same-class,Shortlisted authentic RUHSOLD Sexism examples,40,"yeh wesy koi bht e zyda ounchi nasal ki randi niqli h wesy , mtlb i can't even imagine koi bughaz or paisy k pechay itna b girr skta h, nehayat e nichly darjay ki baighairat aurat ho, aurat zaat ko b badnaam kea h isny apny wajood sy !! akhh thooo iski zaat pay",roads pe lab coat b ap ki gender hi pehnti ha 😂,agar aaj se 40 saal pehley isi tarha ke banner pakarh kar mera jism meri marzi waala naara aapki amma ne maara hota to aap is duniya main ye tweet karney ke liye maujood hi na hoteen 😑😑😑,jin ko hizab se nafrat he wo nangi ho k ghoome koi in pe thooke ga bhi nahi  aurat khoobsurat pure libas me lagti he mawazna karlen,ye khusray ka bhen chod hai jo apni behn ko rok raha hy 😂,sexism_batch_006.csv,14,False,False,True,False,False,False,False,,True,3,Sexism,True,,0.9394457936286926,0.9343835711479188,aby han mn bhol gya ye to sasti randi hy 😂😂,0.9394457936286926,True,,True,,,,
class3_batch006_sample021121,6,21121,3,Sexism,322121,326121,v3_original_demo_boundary_prompt,4-shot random authentic same-class,Shortlisted authentic RUHSOLD Sexism examples,40,"aurat ko islam nai galat lagta, ap log lagtay ho jo ye boltay hain k agar aurat ka rape hua to wo uski galtie usne sar par dupatta nai kiya us banday ki nahi wo bechara kesay control karay",agar aaj se 40 saal pehley isi tarha ke banner pakarh kar mera jism meri marzi waala naara aapki amma ne maara hota to aap is duniya main ye tweet karney ke liye maujood hi na hoteen 😑😑😑,#stopauratbarbadimarch who are you for arguing our tradition and islamic manners you bluddy 2 takay ki aurat   .,aur jesi ghatia aurat ke mun se ye bat achi ni lagti. logon ko garam karnay wali machine.,yeh sasti randiyo ka chutya hai..,sexism_batch_006.csv,6,False,False,True,False,False,False,False,,True,3,Sexism,True,,0.9455803632736206,0.9316567182540894,randiyon k st yehi kya jata hai,0.9455803632736206,True,,True,,,,
class3_batch006_sample021124,6,21124,3,Sexism,322124,326124,v3_original_demo_boundary_prompt,4-shot random authentic same-class,Shortlisted authentic RUHSOLD Sexism examples,40,"aurat ko islam nai galat lagta, ap log lagtay ho jo ye boltay hain k agar aurat ka rape hua to wo uski galtie usne sar par dupatta nai kiya us banday ki nahi wo bechara kesay control karay",ek randi larki ko itni pazeerai di hai. smjh se bahir hai,muslim countries ki leaderships na mard napunsak or hijra hain.. in mein koi dum nahi.. ye kuch nahi kr sakty.. jinnah ki rooh tarapti hogi.. jinnah ne kashmir par attack ka order diya tha..,randi kise kahte ha aap hi bata do? ye word ghatiya women ke liye hi use karta ha ab deepika ghatiya ha to randi hi bolenge na,tere jaise randio ne zindagi matr maana jaye,sexism_batch_006.csv,8,False,False,True,False,False,False,False,,True,3,Sexism,True,,0.9478479623794556,0.9207723736763,tere jaise randiyo ki chudai ke liye to ham mard hain yaha pe,0.9478479623794556,True,,True,,,,
class3_batch006_sample021125,6,21125,3,Sexism,322125,326125,v3_original_demo_boundary_prompt,4-shot random authentic same-class,Shortlisted authentic RUHSOLD Sexism examples,40,tum jesi ghatia aurat ka kam hi ni hai media par.kisi kothhay pe ja aur ulta late ja ke.begherat,"madum ap gharailo maon behno ki terha na blkeh on maon behno ki terha bhi nahi jo moaashrat main ghar sy bahir nikal ker apni , maan baap ki .belky pory moaashry ki izzat ka kgayal rekhti hain .ap oss catogary main ati hain .jisy rundi,jisy tawaif,fahasha, jisy badqar kehty hain",jin ko hizab se nafrat he wo nangi ho k ghoome koi in pe thooke ga bhi nahi  aurat khoobsurat pure libas me lagti he mawazna karlen,original attitude boys ma hota ha aur fake girls ma,ab yahan randi rona krty ho.,sexism_batch_006.csv,6,False,False,True,False,False,False,False,,True,3,Sexism,True,,0.9343892931938172,0.9252240061759948,dekho tmhri sakhi randi naach kr rhi h r baad me randi rona krti h,0.9343892931938172,True,,True,,,,
class3_batch006_sample021126,6,21126,3,Sexism,322126,326126,v3_original_demo_boundary_prompt,4-shot random authentic same-class,Shortlisted authentic RUHSOLD Sexism examples,40,tere jaise randiyo ki chudai ke liye to ham mard hain yaha pe,original attitude boys ma hota ha aur fake girls ma,shazaib apni baji ko b bejna han aurat march ma agr itne he zruri hai to,we are supporting #islam and thank you #khalilurrahmanqamar for your beautiful comments against #gashti .  agar ye #aurat hoti to na me aesi zuban use krta aur na koi gairatmand #admi use krta.,abhi tak tu pakistan ka sabse barabar gashti ha.,sexism_batch_006.csv,9,False,False,True,False,False,False,False,,True,3,Sexism,True,,0.9300748109817504,0.9134279489517212,gashti pakistan ao na ap log ajent ho india k,0.9300748109817504,True,,True,,,,
class3_batch006_sample021133,6,21133,3,Sexism,322133,326133,v3_original_demo_boundary_prompt,4-shot random authentic same-class,Shortlisted authentic RUHSOLD Sexism examples,40,we are supporting #islam and thank you #khalilurrahmanqamar for your beautiful comments against #gashti .  agar ye #aurat hoti to na me aesi zuban use krta aur na koi gairatmand #admi use krta.,dhoka khane k baad oska aitbar uth jata haa sbsee or dosre mard mai b interest ni rehta...ku k aurat jism k ley ni chahti jbk mard jism k ley chahta😌🙂,teri bhosdi or boobs me parda mat kar...logo ko dekne de.dhake hoge to kaise pata chalega ki tu hijra nehi hai.   hijra kahi ki.,tere jaise randiyo ki chudai ke liye to ham mard hain yaha pe,abhe hi baat chal rahi thi randi,sexism_batch_006.csv,7,False,False,True,False,False,False,False,,True,3,Sexism,True,,0.9527873992919922,0.944281280040741,bohat bari chutia ho tum randi ho bohat bari ho,0.9527873992919922,True,,True,,,,
class3_batch006_sample021134,6,21134,3,Sexism,322134,326134,v3_original_demo_boundary_prompt,4-shot random authentic same-class,Shortlisted authentic RUHSOLD Sexism examples,40,bilo rani tumhari pehchan sirf or sirf hijra huna hai.. na mard,apni behn ko bhejo gay na aurat march me??,tere jaise randiyo ki chudai ke liye to ham mard hain yaha pe,70 saal ka mard is better than a 30 year old hijra😅,aisi kya duniya ha jo hijre aurat march karne ki zarurat hoti ha,sexism_batch_006.csv,13,False,False,True,False,False,False,False,,True,3,Sexism,True,,0.9162012934684752,0.9123806953430176,tere jaise randiyo ki chudai ke liye to ham mard hain yaha pe,0.9162012934684752,True,,True,,,,
class3_batch006_sample021146,6,21146,3,Sexism,322146,326146,v3_original_demo_boundary_prompt,4-shot random authentic same-class,Shortlisted authentic RUHSOLD Sexism examples,40,"ab iska sara credit har anchor le rha h jb k  rape,  ki asal jad h hi media jo mera jism.meri marzi,  hareem.shah , qandeel bloch , valentine day pe program krty hn phr rape hi hn gy",teri chut me sabhi bhaiyo ka lund reply de randi,original attitude boys ma hota ha aur fake girls ma,mard muhbt kr bhi ly tu aksar aurat he dhoka dy jati h usy 💔,ye niazi ki gand se akhrot todne wale hijra hain,sexism_batch_006.csv,10,False,False,True,False,False,False,False,,True,3,Sexism,True,,0.9308847188949584,0.924180030822754,hijra niazi 🤣🤣🤣🤣🤣🤣🤣,0.9308847188949584,True,,True,,,,
class3_batch006_sample021147,6,21147,3,Sexism,322147,326147,v3_original_demo_boundary_prompt,4-shot random authentic same-class,Shortlisted authentic RUHSOLD Sexism examples,40,lalchi aurat paisa dekhti hai aur khandani aurat sirf sehrat dekhti hai,bilo rani tumhari pehchan sirf or sirf hijra huna hai.. na mard,your leader  is hijra that's why he is not living with his wife.,"ab iska sara credit har anchor le rha h jb k  rape,  ki asal jad h hi media jo mera jism.meri marzi,  hareem.shah , qandeel bloch , valentine day pe program krty hn phr rape hi hn gy",aur ye hijra kya bolti ha?,sexism_batch_006.csv,6,False,False,True,False,False,False,False,,True,3,Sexism,True,,0.9198058843612672,0.90377539396286,hijra lag rhi hai,0.9198058843612672,True,,True,,,,
class3_batch006_sample021151,6,21151,3,Sexism,322151,326151,v3_original_demo_boundary_prompt,4-shot random authentic same-class,Shortlisted authentic RUHSOLD Sexism examples,40,#auratmarch2020 mera jism allah ki marzi.. allah ka to hukam ha tum char dewari me raho .. nd ya nikl k apni nimaish karna chahten,you are just girlfriend material no one wants wife like you. itna jism jo sirf admi apni bivi ka dekhta h  apka to sary jahan ne dekha h,teri bhosdi or boobs me parda mat kar...logo ko dekne de.dhake hoge to kaise pata chalega ki tu hijra nehi hai.   hijra kahi ki.,randi kise kahte ha aap hi bata do? ye word ghatiya women ke liye hi use karta ha ab deepika ghatiya ha to randi hi bolenge na,randi kaise paida ho,sexism_batch_006.csv,4,False,False,True,False,False,False,False,,True,3,Sexism,True,,0.9255998134613036,0.9130843877792358,randi hai to randi,0.9255998134613036,True,,True,,,,
class3_batch006_sample021154,6,21154,3,Sexism,322154,326154,v3_original_demo_boundary_prompt,4-shot random authentic same-class,Shortlisted authentic RUHSOLD Sexism examples,40,ap ko mard banny ki acting pasand i? agr ni to hijra hi bany rahye sir ye mardo k kam hn hijro k ni.,roads pe lab coat b ap ki gender hi pehnti ha 😂,transgander   madarchood   hijra tu aik bara khoota ha  haram zada,"yeh wesy koi bht e zyda ounchi nasal ki randi niqli h wesy , mtlb i can't even imagine koi bughaz or paisy k pechay itna b girr skta h, nehayat e nichly darjay ki baighairat aurat ho, aurat zaat ko b badnaam kea h isny apny wajood sy !! akhh thooo iski zaat pay",wo bhi jinko tumko lagti he wo hijra ha wo bhi wahan se larkey ka pata chaly ga,sexism_batch_006.csv,18,False,False,True,False,False,False,False,,True,3,Sexism,True,,0.9343922138214112,0.925875186920166,sale hijde kuch bhi gire nahi neeche warna teri maa chod dungi,0.9343922138214112,True,,True,,,,
class3_batch006_sample021161,6,21161,3,Sexism,322161,326161,v3_original_demo_boundary_prompt,4-shot random authentic same-class,Shortlisted authentic RUHSOLD Sexism examples,40,ek randi larki ko itni pazeerai di hai. smjh se bahir hai,dhoka khane k baad oska aitbar uth jata haa sbsee or dosre mard mai b interest ni rehta...ku k aurat jism k ley ni chahti jbk mard jism k ley chahta😌🙂,jahiliyat ki v had hai ye apne ghar me slave ki tarh rahti hai aur bahar kutto jaise bhaunk rhi hai... shame on these ladies,acha tareka dhondha hai larkun ko ganda sabit karny ka but aesi neech harkat larkyan he kar sakti hain larky nahi.,tu ab to randi kehta hai na or yahan nikl,sexism_batch_006.csv,10,False,False,True,False,False,False,False,,True,3,Sexism,True,,0.9319907426834106,0.9253374338150024,sakal se hi randi lagti hai tu,0.9319907426834106,True,,True,,,,
class3_batch006_sample021162,6,21162,3,Sexism,322162,326162,v3_original_demo_boundary_prompt,4-shot random authentic same-class,Shortlisted authentic RUHSOLD Sexism examples,40,tere jaise randiyo ki chudai ke liye to ham mard hain yaha pe,aur jesi ghatia aurat ke mun se ye bat achi ni lagti. logon ko garam karnay wali machine.,#stopauratbarbadimarch who are you for arguing our tradition and islamic manners you bluddy 2 takay ki aurat   .,lalchi aurat paisa dekhti hai aur khandani aurat sirf sehrat dekhti hai,teri maa ka yaar tha jo tu ne hijra banaya,sexism_batch_006.csv,10,False,False,True,False,False,False,False,,True,3,Sexism,True,,0.947248101234436,0.9270825386047364,yahi hijra teri maa per charha to tu peda hua,0.947248101234436,True,,True,,,,
class3_batch006_sample021164,6,21164,3,Sexism,322164,326164,v3_original_demo_boundary_prompt,4-shot random authentic same-class,Shortlisted authentic RUHSOLD Sexism examples,40,phir larky beard ky bagiar khusray q lgty hain  wo bhi beard ky bagiar khubsurat lgny chahiye ?,original attitude boys ma hota ha aur fake girls ma,muslim countries ki leaderships na mard napunsak or hijra hain.. in mein koi dum nahi.. ye kuch nahi kr sakty.. jinnah ki rooh tarapti hogi.. jinnah ne kashmir par attack ka order diya tha..,aisi or kis kis ki lund par uchel uchel kar moja lati ghar me.,randi rona bhi nae krta,sexism_batch_006.csv,5,False,False,True,False,False,False,False,,True,3,Sexism,True,,0.9324342608451844,0.9249719381332396,hamse chudwa le randi aao,0.9324342608451844,True,,True,,,,
class3_batch006_sample021169,6,21169,3,Sexism,322169,326169,v3_original_demo_boundary_prompt,4-shot random authentic same-class,Shortlisted authentic RUHSOLD Sexism examples,40,teri bhosdi or boobs me parda mat kar...logo ko dekne de.dhake hoge to kaise pata chalega ki tu hijra nehi hai.   hijra kahi ki.,your leader  is hijra that's why he is not living with his wife.,tu kyun ro rahe hai hijra? tera buddhe hijra to kamjor mard hai. uska kara nehi hota. 🤣🤣🤣🤣,#auratmarch2020 mera jism allah ki marzi.. allah ka to hukam ha tum char dewari me raho .. nd ya nikl k apni nimaish karna chahten,ab yeh bhenchod hijra bhi nahi hai.,sexism_batch_006.csv,7,False,False,True,False,False,False,False,,True,3,Sexism,True,,0.937896966934204,0.922488808631897,bala sahab nein aapko hijra bola hai,0.937896966934204,True,,True,,,,
class3_batch006_sample021172,6,21172,3,Sexism,322172,326172,v3_original_demo_boundary_prompt,4-shot random authentic same-class,Shortlisted authentic RUHSOLD Sexism examples,40,transgander   madarchood   hijra tu aik bara khoota ha  haram zada,acha tareka dhondha hai larkun ko ganda sabit karny ka but aesi neech harkat larkyan he kar sakti hain larky nahi.,jin ko hizab se nafrat he wo nangi ho k ghoome koi in pe thooke ga bhi nahi  aurat khoobsurat pure libas me lagti he mawazna karlen,r mazy k bat mra jism wo auratn krti hn jin pr thokta bh koi nae.,ye randdi ki aulad,sexism_batch_006.csv,4,False,False,True,False,False,False,False,,True,3,Sexism,True,,0.9449000358581544,0.9306820631027222,randi tairi puuudddd,0.9449000358581544,True,,True,,,,
class3_batch006_sample021174,6,21174,3,Sexism,322174,326174,v3_original_demo_boundary_prompt,4-shot random authentic same-class,Shortlisted authentic RUHSOLD Sexism examples,40,aaaahhhhhh bhenchod.....jese tere is mangalsutra ki sahi jagah tere gale me nai balki mere mote kaale lund pr he.... vese hi tujh jesi chudakkad kuttiya ki jagah kewal mere pairo k niche he saali.... chal inbox me aa.....,tu kyun ro rahe hai hijra? tera buddhe hijra to kamjor mard hai. uska kara nehi hota. 🤣🤣🤣🤣,"ab iska sara credit har anchor le rha h jb k  rape,  ki asal jad h hi media jo mera jism.meri marzi,  hareem.shah , qandeel bloch , valentine day pe program krty hn phr rape hi hn gy",phir larky beard ky bagiar khusray q lgty hain  wo bhi beard ky bagiar khubsurat lgny chahiye ?,randi tere jaise maaron ko to sharam karni hogi na,sexism_batch_006.csv,10,False,False,True,False,False,False,False,,True,3,Sexism,True,,0.953277587890625,0.9374271631240844,tere jaise randiyo ki chudai ke liye to ham mard hain yaha pe,0.953277587890625,True,,True,,,,
class3_batch006_sample021177,6,21177,3,Sexism,322177,326177,v3_original_demo_boundary_prompt,4-shot random authentic same-class,Shortlisted authentic RUHSOLD Sexism examples,40,#auratmarch2020 mera jism allah ki marzi.. allah ka to hukam ha tum char dewari me raho .. nd ya nikl k apni nimaish karna chahten,we are supporting #islam and thank you #khalilurrahmanqamar for your beautiful comments against #gashti .  agar ye #aurat hoti to na me aesi zuban use krta aur na koi gairatmand #admi use krta.,#stopauratbarbadimarch who are you for arguing our tradition and islamic manners you bluddy 2 takay ki aurat   .,aisi or kis kis ki lund par uchel uchel kar moja lati ghar me.,aby kya bakwas ho rhi hai tu randi ke bacho,sexism_batch_006.csv,10,False,False,True,False,False,False,False,,True,3,Sexism,True,,0.9478049874305724,0.9297401309013368,kyu randi tu roz yahi baans dalti hai kya,0.9478049874305724,True,,True,,,,
class3_batch006_sample021179,6,21179,3,Sexism,322179,326179,v3_original_demo_boundary_prompt,4-shot random authentic same-class,Shortlisted authentic RUHSOLD Sexism examples,40,#stopauratbarbadimarch who are you for arguing our tradition and islamic manners you bluddy 2 takay ki aurat   .,teri bhosdi or boobs me parda mat kar...logo ko dekne de.dhake hoge to kaise pata chalega ki tu hijra nehi hai.   hijra kahi ki.,roads pe lab coat b ap ki gender hi pehnti ha 😂,teri chut me sabhi bhaiyo ka lund reply de randi,ye gandu sasti randi,sexism_batch_006.csv,4,False,False,True,False,False,False,False,,True,3,Sexism,True,,0.9499571323394777,0.935500979423523,randi tairi puuudddd,0.9499571323394777,True,,True,,,,
class3_batch006_sample021180,6,21180,3,Sexism,322180,326180,v3_original_demo_boundary_prompt,4-shot random authentic same-class,Shortlisted authentic RUHSOLD Sexism examples,40,lalchi aurat paisa dekhti hai aur khandani aurat sirf sehrat dekhti hai,teri bhosdi or boobs me parda mat kar...logo ko dekne de.dhake hoge to kaise pata chalega ki tu hijra nehi hai.   hijra kahi ki.,mard muhbt kr bhi ly tu aksar aurat he dhoka dy jati h usy 💔,70 saal ka mard is better than a 30 year old hijra😅,mujhe koi bat nahi pta kia randi ho ya ladki,sexism_batch_006.csv,10,False,False,True,False,False,False,False,,True,3,Sexism,True,,0.9531292915344238,0.9415534734725952,chutiye yahi hu gand teng kar apni randi ki nasal,0.9531292915344238,True,,True,,,,
class3_batch006_sample021182,6,21182,3,Sexism,322182,326182,v3_original_demo_boundary_prompt,4-shot random authentic same-class,Shortlisted authentic RUHSOLD Sexism examples,40,mard muhbt kr bhi ly tu aksar aurat he dhoka dy jati h usy 💔,roads pe lab coat b ap ki gender hi pehnti ha 😂,phir larky beard ky bagiar khusray q lgty hain  wo bhi beard ky bagiar khubsurat lgny chahiye ?,aur jesi ghatia aurat ke mun se ye bat achi ni lagti. logon ko garam karnay wali machine.,abey randi kutte,sexism_batch_006.csv,3,False,False,True,False,False,False,False,,True,3,Sexism,True,,0.9006105661392212,0.8928693532943726,aby nikal na randi,0.9006105661392212,True,,True,,,,
class3_batch006_sample021185,6,21185,3,Sexism,322185,326185,v3_original_demo_boundary_prompt,4-shot random authentic same-class,Shortlisted authentic RUHSOLD Sexism examples,40,your leader  is hijra that's why he is not living with his wife.,ek randi larki ko itni pazeerai di hai. smjh se bahir hai,"apko kehna chahye tha na mard hoon, na aurat hoo. main hijra hoon main hijra hoon, main parchi hoon, main defected hoon, main accidental chairman hoon.  #joker420",acha tareka dhondha hai larkun ko ganda sabit karny ka but aesi neech harkat larkyan he kar sakti hain larky nahi.,abe tu hi nhi hijra hai?,sexism_batch_006.csv,6,False,False,True,False,False,False,False,,True,3,Sexism,True,,0.9356793761253356,0.9155588150024414,tu hijra hai,0.9356793761253356,True,,True,,,,
class3_batch006_sample021189,6,21189,3,Sexism,322189,326189,v3_original_demo_boundary_prompt,4-shot random authentic same-class,Shortlisted authentic RUHSOLD Sexism examples,40,acha tareka dhondha hai larkun ko ganda sabit karny ka but aesi neech harkat larkyan he kar sakti hain larky nahi.,you are just girlfriend material no one wants wife like you. itna jism jo sirf admi apni bivi ka dekhta h  apka to sary jahan ne dekha h,muslim countries ki leaderships na mard napunsak or hijra hain.. in mein koi dum nahi.. ye kuch nahi kr sakty.. jinnah ki rooh tarapti hogi.. jinnah ne kashmir par attack ka order diya tha..,your leader  is hijra that's why he is not living with his wife.,chup randi,sexism_batch_006.csv,2,False,False,True,False,False,False,False,,True,3,Sexism,True,,0.9287970066070556,0.904573917388916,chup randi ki nasal,0.9287970066070556,True,,True,,,,
class3_batch006_sample021190,6,21190,3,Sexism,322190,326190,v3_original_demo_boundary_prompt,4-shot random authentic same-class,Shortlisted authentic RUHSOLD Sexism examples,40,jahiliyat ki v had hai ye apne ghar me slave ki tarh rahti hai aur bahar kutto jaise bhaunk rhi hai... shame on these ladies,shazaib apni baji ko b bejna han aurat march ma agr itne he zruri hai to,transgander   madarchood   hijra tu aik bara khoota ha  haram zada,acha tareka dhondha hai larkun ko ganda sabit karny ka but aesi neech harkat larkyan he kar sakti hain larky nahi.,randi ka beta,sexism_batch_006.csv,3,False,False,True,False,False,False,False,,True,3,Sexism,True,,0.9248133897781372,0.9145622253417968,randi hai to randi,0.9248133897781372,True,,True,,,,
class3_batch006_sample021198,6,21198,3,Sexism,322198,326198,v3_original_demo_boundary_prompt,4-shot random authentic same-class,Shortlisted authentic RUHSOLD Sexism examples,40,lalchi aurat paisa dekhti hai aur khandani aurat sirf sehrat dekhti hai,teri bhosdi or boobs me parda mat kar...logo ko dekne de.dhake hoge to kaise pata chalega ki tu hijra nehi hai.   hijra kahi ki.,bc ghar wale bhi soch rahe honge yeh kya system paida ho gya sala lagta programing galat ho gayi.... sabsi badi confusion iske liye ladka dhundheyge yaa ladki😉,apni behn ko bhejo gay na aurat march me??,randi rona hai tumhari,sexism_batch_006.csv,4,False,False,True,False,False,False,False,,True,3,Sexism,True,,0.9369961023330688,0.9190365672111512,randi hai to randi,0.9369961023330688,True,,True,,,,
class3_batch007_sample021200,7,21200,3,Sexism,322200,326200,v3_original_demo_boundary_prompt,4-shot random authentic same-class,Shortlisted authentic RUHSOLD Sexism examples,40,tu kyun ro rahe hai hijra? tera buddhe hijra to kamjor mard hai. uska kara nehi hota. 🤣🤣🤣🤣,shazaib apni baji ko b bejna han aurat march ma agr itne he zruri hai to,teri bhosdi or boobs me parda mat kar...logo ko dekne de.dhake hoge to kaise pata chalega ki tu hijra nehi hai.   hijra kahi ki.,r mazy k bat mra jism wo auratn krti hn jin pr thokta bh koi nae.,mera najaiz kaam hai duniya k kuch logon ko hijra bolte hain,sexism_batch_007.csv,12,False,False,True,False,False,False,False,,True,3,Sexism,True,,0.9345420598983764,0.9238790273666382,ye muh parde ke liye nhi chupaya  ye hijra hai es liye muh chupaya hai😜,0.9345420598983764,True,,True,,,,
class3_batch007_sample021201,7,21201,3,Sexism,322201,326201,v3_original_demo_boundary_prompt,4-shot random authentic same-class,Shortlisted authentic RUHSOLD Sexism examples,40,agar aaj se 40 saal pehley isi tarha ke banner pakarh kar mera jism meri marzi waala naara aapki amma ne maara hota to aap is duniya main ye tweet karney ke liye maujood hi na hoteen 😑😑😑,#stopauratbarbadimarch aurat ghr k andr hi achi lgti he yu sarkon par nikalna kisi bhi aurat ki izzat par daag lga skta he,phir larky beard ky bagiar khusray q lgty hain  wo bhi beard ky bagiar khubsurat lgny chahiye ?,roads pe lab coat b ap ki gender hi pehnti ha 😂,aur tu hijra hai 🙈,sexism_batch_007.csv,5,False,False,True,False,False,False,False,,True,3,Sexism,True,,0.955707311630249,0.9327198266983032,hijra lag rhi hai,0.955707311630249,True,,True,,,,
class3_batch007_sample021204,7,21204,3,Sexism,322204,326204,v3_original_demo_boundary_prompt,4-shot random authentic same-class,Shortlisted authentic RUHSOLD Sexism examples,40,randi kise kahte ha aap hi bata do? ye word ghatiya women ke liye hi use karta ha ab deepika ghatiya ha to randi hi bolenge na,#auratmarch2020 mera jism allah ki marzi.. allah ka to hukam ha tum char dewari me raho .. nd ya nikl k apni nimaish karna chahten,we are supporting #islam and thank you #khalilurrahmanqamar for your beautiful comments against #gashti .  agar ye #aurat hoti to na me aesi zuban use krta aur na koi gairatmand #admi use krta.,#stopauratbarbadimarch aurat ghr k andr hi achi lgti he yu sarkon par nikalna kisi bhi aurat ki izzat par daag lga skta he,#auratmarch2020 bhai wo hijra hai..,sexism_batch_007.csv,5,False,False,True,False,False,False,False,,True,3,Sexism,True,,0.921989917755127,0.9029362797737122,#auratmarch2020 mera jism allah ki marzi.. allah ka to hukam ha tum char dewari me raho .. nd ya nikl k apni nimaish karna chahten,0.921989917755127,True,,True,,,,
class3_batch007_sample021205,7,21205,3,Sexism,322205,326205,v3_original_demo_boundary_prompt,4-shot random authentic same-class,Shortlisted authentic RUHSOLD Sexism examples,40,lalchi aurat paisa dekhti hai aur khandani aurat sirf sehrat dekhti hai,bilo rani tumhari pehchan sirf or sirf hijra huna hai.. na mard,"ab iska sara credit har anchor le rha h jb k  rape,  ki asal jad h hi media jo mera jism.meri marzi,  hareem.shah , qandeel bloch , valentine day pe program krty hn phr rape hi hn gy",transgander   madarchood   hijra tu aik bara khoota ha  haram zada,hijra gandu chup kar,sexism_batch_007.csv,4,False,False,True,False,False,False,False,,True,3,Sexism,True,,0.9382718205451964,0.923321545124054,hijra lag rhi hai,0.9382718205451964,True,,True,,,,
class3_batch007_sample021208,7,21208,3,Sexism,322208,326208,v3_original_demo_boundary_prompt,4-shot random authentic same-class,Shortlisted authentic RUHSOLD Sexism examples,40,bilo rani tumhari pehchan sirf or sirf hijra huna hai.. na mard,we are supporting #islam and thank you #khalilurrahmanqamar for your beautiful comments against #gashti .  agar ye #aurat hoti to na me aesi zuban use krta aur na koi gairatmand #admi use krta.,aisi or kis kis ki lund par uchel uchel kar moja lati ghar me.,#stopauratbarbadimarch who are you for arguing our tradition and islamic manners you bluddy 2 takay ki aurat   .,abe tujhe pata nahi ke tu hijra he or teri maa ka yaar bhi hijra he?,sexism_batch_007.csv,16,False,False,True,False,False,False,False,,True,3,Sexism,True,,0.9351229667663574,0.9182365536689758,tu hijra hai kiya??  ooo theek teri profike pic btatai hai jaakr mujra kr tere baapon k saath,0.9351229667663574,True,,True,,,,
class3_batch007_sample021212,7,21212,3,Sexism,322212,326212,v3_original_demo_boundary_prompt,4-shot random authentic same-class,Shortlisted authentic RUHSOLD Sexism examples,40,ap ko mard banny ki acting pasand i? agr ni to hijra hi bany rahye sir ye mardo k kam hn hijro k ni.,jahiliyat ki v had hai ye apne ghar me slave ki tarh rahti hai aur bahar kutto jaise bhaunk rhi hai... shame on these ladies,roads pe lab coat b ap ki gender hi pehnti ha 😂,teri bhosdi or boobs me parda mat kar...logo ko dekne de.dhake hoge to kaise pata chalega ki tu hijra nehi hai.   hijra kahi ki.,shukla bajwa ka hijra ho,sexism_batch_007.csv,5,False,False,True,False,False,False,False,,True,3,Sexism,True,,0.9425394535064696,0.9194389581680298,aby chal jahil hijra kahi ka,0.9425394535064696,True,,True,,,,
class3_batch007_sample021217,7,21217,3,Sexism,322217,326217,v3_original_demo_boundary_prompt,4-shot random authentic same-class,Shortlisted authentic RUHSOLD Sexism examples,40,teri bhosdi or boobs me parda mat kar...logo ko dekne de.dhake hoge to kaise pata chalega ki tu hijra nehi hai.   hijra kahi ki.,#stopauratbarbadimarch aurat ghr k andr hi achi lgti he yu sarkon par nikalna kisi bhi aurat ki izzat par daag lga skta he,dhoka khane k baad oska aitbar uth jata haa sbsee or dosre mard mai b interest ni rehta...ku k aurat jism k ley ni chahti jbk mard jism k ley chahta😌🙂,lalchi aurat paisa dekhti hai aur khandani aurat sirf sehrat dekhti hai,apni maa ke jesme se pta hai tera jisme kaun si randi hai,sexism_batch_007.csv,13,False,False,True,False,False,False,False,,True,3,Sexism,True,,0.9400860071182252,0.9287590980529784,tere jaise randiyo ki chudai ke liye to ham mard hain yaha pe,0.9400860071182252,True,,True,,,,
class3_batch007_sample021220,7,21220,3,Sexism,322220,326220,v3_original_demo_boundary_prompt,4-shot random authentic same-class,Shortlisted authentic RUHSOLD Sexism examples,40,original attitude boys ma hota ha aur fake girls ma,your leader  is hijra that's why he is not living with his wife.,bilo rani tumhari pehchan sirf or sirf hijra huna hai.. na mard,tu kyun ro rahe hai hijra? tera buddhe hijra to kamjor mard hai. uska kara nehi hota. 🤣🤣🤣🤣,rt : #abhinandanvjsharma #louis_tomlinson #priyankachopra koi baat nahi thi hijra sasti gandu kutta,sexism_batch_007.csv,13,False,False,True,False,False,False,False,,True,3,Sexism,True,,0.8785902261734009,0.8682917356491089,aur yeah hijra #billorani kuch nahin ban sakta. 🤮 baray moun wali looti. 🙄 #bilawajabhutto #accidentalchairman #fakebhutto #abubachao,0.8785902261734009,True,,True,,,,
class3_batch007_sample021222,7,21222,3,Sexism,322222,326222,v3_original_demo_boundary_prompt,4-shot random authentic same-class,Shortlisted authentic RUHSOLD Sexism examples,40,your leader  is hijra that's why he is not living with his wife.,shazaib apni baji ko b bejna han aurat march ma agr itne he zruri hai to,ap ko mard banny ki acting pasand i? agr ni to hijra hi bany rahye sir ye mardo k kam hn hijro k ni.,agar aaj se 40 saal pehley isi tarha ke banner pakarh kar mera jism meri marzi waala naara aapki amma ne maara hota to aap is duniya main ye tweet karney ke liye maujood hi na hoteen 😑😑😑,tu hijra ha to mard bana lo,sexism_batch_007.csv,7,False,False,True,False,False,False,False,,True,3,Sexism,True,,0.9301146268844604,0.9194696545600892,bala sahab nein aapko hijra bola hai,0.9301146268844604,True,,True,,,,
class3_batch007_sample021227,7,21227,3,Sexism,322227,326227,v3_original_demo_boundary_prompt,4-shot random authentic same-class,Shortlisted authentic RUHSOLD Sexism examples,40,you are just girlfriend material no one wants wife like you. itna jism jo sirf admi apni bivi ka dekhta h  apka to sary jahan ne dekha h,"madum ap gharailo maon behno ki terha na blkeh on maon behno ki terha bhi nahi jo moaashrat main ghar sy bahir nikal ker apni , maan baap ki .belky pory moaashry ki izzat ka kgayal rekhti hain .ap oss catogary main ati hain .jisy rundi,jisy tawaif,fahasha, jisy badqar kehty hain",agar aaj se 40 saal pehley isi tarha ke banner pakarh kar mera jism meri marzi waala naara aapki amma ne maara hota to aap is duniya main ye tweet karney ke liye maujood hi na hoteen 😑😑😑,jahiliyat ki v had hai ye apne ghar me slave ki tarh rahti hai aur bahar kutto jaise bhaunk rhi hai... shame on these ladies,randi 😂😂,sexism_batch_007.csv,2,False,False,True,False,False,False,False,,True,3,Sexism,True,,0.9295811653137208,0.9173011779785156,randi hai to randi,0.9295811653137208,True,,True,,,,
class3_batch007_sample021228,7,21228,3,Sexism,322228,326228,v3_original_demo_boundary_prompt,4-shot random authentic same-class,Shortlisted authentic RUHSOLD Sexism examples,40,transgander   madarchood   hijra tu aik bara khoota ha  haram zada,jin ko hizab se nafrat he wo nangi ho k ghoome koi in pe thooke ga bhi nahi  aurat khoobsurat pure libas me lagti he mawazna karlen,"apko kehna chahye tha na mard hoon, na aurat hoo. main hijra hoon main hijra hoon, main parchi hoon, main defected hoon, main accidental chairman hoon.  #joker420",muslim countries ki leaderships na mard napunsak or hijra hain.. in mein koi dum nahi.. ye kuch nahi kr sakty.. jinnah ki rooh tarapti hogi.. jinnah ne kashmir par attack ka order diya tha..,teri maa ka yaar tu hijra hai,sexism_batch_007.csv,7,False,False,True,False,False,False,False,,True,3,Sexism,True,,0.938756227493286,0.9291177988052368,yahi hijra teri maa per charha to tu peda hua,0.938756227493286,True,,False,Synthetic near-duplicate,class3_batch005_sample020988,0.9991848468780518,Earlier accepted Round 2 synthetic
class3_batch007_sample021229,7,21229,3,Sexism,322229,326229,v3_original_demo_boundary_prompt,4-shot random authentic same-class,Shortlisted authentic RUHSOLD Sexism examples,40,"yeh wesy koi bht e zyda ounchi nasal ki randi niqli h wesy , mtlb i can't even imagine koi bughaz or paisy k pechay itna b girr skta h, nehayat e nichly darjay ki baighairat aurat ho, aurat zaat ko b badnaam kea h isny apny wajood sy !! akhh thooo iski zaat pay",you are just girlfriend material no one wants wife like you. itna jism jo sirf admi apni bivi ka dekhta h  apka to sary jahan ne dekha h,muslim countries ki leaderships na mard napunsak or hijra hain.. in mein koi dum nahi.. ye kuch nahi kr sakty.. jinnah ki rooh tarapti hogi.. jinnah ne kashmir par attack ka order diya tha..,#stopauratbarbadimarch aurat ghr k andr hi achi lgti he yu sarkon par nikalna kisi bhi aurat ki izzat par daag lga skta he,randi maa ki aulad,sexism_batch_007.csv,4,False,False,True,False,False,False,False,,True,3,Sexism,True,,0.932058811187744,0.9212967157363892,randi gandi imran ki bandi,0.932058811187744,True,,False,Synthetic near-duplicate,class3_batch004_sample020714,0.9821791648864746,Round 1 accepted synthetic bank
class3_batch007_sample021232,7,21232,3,Sexism,322232,326232,v3_original_demo_boundary_prompt,4-shot random authentic same-class,Shortlisted authentic RUHSOLD Sexism examples,40,70 saal ka mard is better than a 30 year old hijra😅,aur jesi ghatia aurat ke mun se ye bat achi ni lagti. logon ko garam karnay wali machine.,#auratmarch2020 mera jism allah ki marzi.. allah ka to hukam ha tum char dewari me raho .. nd ya nikl k apni nimaish karna chahten,"madum ap gharailo maon behno ki terha na blkeh on maon behno ki terha bhi nahi jo moaashrat main ghar sy bahir nikal ker apni , maan baap ki .belky pory moaashry ki izzat ka kgayal rekhti hain .ap oss catogary main ati hain .jisy rundi,jisy tawaif,fahasha, jisy badqar kehty hain",bc randi,sexism_batch_007.csv,2,False,False,True,False,False,False,False,,True,3,Sexism,True,,0.9140715003013612,0.8992636799812317,bc nasal ki randi,0.9140715003013612,True,,True,,,,
class3_batch007_sample021234,7,21234,3,Sexism,322234,326234,v3_original_demo_boundary_prompt,4-shot random authentic same-class,Shortlisted authentic RUHSOLD Sexism examples,40,lalchi aurat paisa dekhti hai aur khandani aurat sirf sehrat dekhti hai,jin ko hizab se nafrat he wo nangi ho k ghoome koi in pe thooke ga bhi nahi  aurat khoobsurat pure libas me lagti he mawazna karlen,"ab iska sara credit har anchor le rha h jb k  rape,  ki asal jad h hi media jo mera jism.meri marzi,  hareem.shah , qandeel bloch , valentine day pe program krty hn phr rape hi hn gy","yeh wesy koi bht e zyda ounchi nasal ki randi niqli h wesy , mtlb i can't even imagine koi bughaz or paisy k pechay itna b girr skta h, nehayat e nichly darjay ki baighairat aurat ho, aurat zaat ko b badnaam kea h isny apny wajood sy !! akhh thooo iski zaat pay",ye sab randiya,sexism_batch_007.csv,3,False,False,True,False,False,False,False,,True,3,Sexism,True,,0.9309557676315308,0.9201383590698242,kuti randi,0.9309557676315308,True,,False,Synthetic near-duplicate,class3_batch002_sample020231,0.9835091829299927,Round 1 accepted synthetic bank
class3_batch007_sample021240,7,21240,3,Sexism,322240,326240,v3_original_demo_boundary_prompt,4-shot random authentic same-class,Shortlisted authentic RUHSOLD Sexism examples,40,"madum ap gharailo maon behno ki terha na blkeh on maon behno ki terha bhi nahi jo moaashrat main ghar sy bahir nikal ker apni , maan baap ki .belky pory moaashry ki izzat ka kgayal rekhti hain .ap oss catogary main ati hain .jisy rundi,jisy tawaif,fahasha, jisy badqar kehty hain",jin ko hizab se nafrat he wo nangi ho k ghoome koi in pe thooke ga bhi nahi  aurat khoobsurat pure libas me lagti he mawazna karlen,acha tareka dhondha hai larkun ko ganda sabit karny ka but aesi neech harkat larkyan he kar sakti hain larky nahi.,70 saal ka mard is better than a 30 year old hijra😅,haan randi rona mat kr,sexism_batch_007.csv,5,False,False,True,False,False,False,False,,True,3,Sexism,True,,0.9147915840148926,0.9071261286735536,hamse chudwa le randi aao,0.9147915840148926,True,,True,,,,
class3_batch007_sample021245,7,21245,3,Sexism,322245,326245,v3_original_demo_boundary_prompt,4-shot random authentic same-class,Shortlisted authentic RUHSOLD Sexism examples,40,"apko kehna chahye tha na mard hoon, na aurat hoo. main hijra hoon main hijra hoon, main parchi hoon, main defected hoon, main accidental chairman hoon.  #joker420","yeh wesy koi bht e zyda ounchi nasal ki randi niqli h wesy , mtlb i can't even imagine koi bughaz or paisy k pechay itna b girr skta h, nehayat e nichly darjay ki baighairat aurat ho, aurat zaat ko b badnaam kea h isny apny wajood sy !! akhh thooo iski zaat pay",your leader  is hijra that's why he is not living with his wife.,lalchi aurat paisa dekhti hai aur khandani aurat sirf sehrat dekhti hai,ye to gandu kutiya or hijra ka naam hi nahin lekin apni maa ki phudi ki saree py unka ganda name hota ha,sexism_batch_007.csv,23,False,False,True,False,False,False,False,,True,3,Sexism,True,,0.93796306848526,0.9297569394111632,o hijrey tum kesi kam k nahi ho allha ki qasam thok lga k gand pe doob k me jao behare he sala hijra cerrpet treen hijra or iska bap slaa gunda abi tu apki gand phti he or agy mazeed phty gi dkho inshallah,0.93796306848526,True,,True,,,,
class3_batch007_sample021247,7,21247,3,Sexism,322247,326247,v3_original_demo_boundary_prompt,4-shot random authentic same-class,Shortlisted authentic RUHSOLD Sexism examples,40,agar aaj se 40 saal pehley isi tarha ke banner pakarh kar mera jism meri marzi waala naara aapki amma ne maara hota to aap is duniya main ye tweet karney ke liye maujood hi na hoteen 😑😑😑,tum jesi ghatia aurat ka kam hi ni hai media par.kisi kothhay pe ja aur ulta late ja ke.begherat,jin ko hizab se nafrat he wo nangi ho k ghoome koi in pe thooke ga bhi nahi  aurat khoobsurat pure libas me lagti he mawazna karlen,"yeh wesy koi bht e zyda ounchi nasal ki randi niqli h wesy , mtlb i can't even imagine koi bughaz or paisy k pechay itna b girr skta h, nehayat e nichly darjay ki baighairat aurat ho, aurat zaat ko b badnaam kea h isny apny wajood sy !! akhh thooo iski zaat pay","o bhenchod, wo khusray pehlay bolega na",sexism_batch_007.csv,7,False,False,True,False,False,False,False,,True,3,Sexism,True,,0.9323633909225464,0.92239648103714,aao bhabhi safaai aur chudai dono karta hoon,0.9323633909225464,True,,True,,,,
class3_batch007_sample021248,7,21248,3,Sexism,322248,326248,v3_original_demo_boundary_prompt,4-shot random authentic same-class,Shortlisted authentic RUHSOLD Sexism examples,40,muslim countries ki leaderships na mard napunsak or hijra hain.. in mein koi dum nahi.. ye kuch nahi kr sakty.. jinnah ki rooh tarapti hogi.. jinnah ne kashmir par attack ka order diya tha..,ap ko mard banny ki acting pasand i? agr ni to hijra hi bany rahye sir ye mardo k kam hn hijro k ni.,#stopauratbarbadimarch aurat ghr k andr hi achi lgti he yu sarkon par nikalna kisi bhi aurat ki izzat par daag lga skta he,#stopauratbarbadimarch who are you for arguing our tradition and islamic manners you bluddy 2 takay ki aurat   .,haqiqat mai humein tumhari maa baap ke liye koi shok nahi ho sakta jo tumhara sath hai tu yahan pe hijra hai,sexism_batch_007.csv,22,False,False,True,False,False,False,False,,True,3,Sexism,True,,0.9420222640037536,0.9324489831924438,ye muh parde ke liye nhi chupaya  ye hijra hai es liye muh chupaya hai😜,0.9420222640037536,True,,True,,,,
class3_batch007_sample021249,7,21249,3,Sexism,322249,326249,v3_original_demo_boundary_prompt,4-shot random authentic same-class,Shortlisted authentic RUHSOLD Sexism examples,40,r mazy k bat mra jism wo auratn krti hn jin pr thokta bh koi nae.,bilo rani tumhari pehchan sirf or sirf hijra huna hai.. na mard,transgander   madarchood   hijra tu aik bara khoota ha  haram zada,"madum ap gharailo maon behno ki terha na blkeh on maon behno ki terha bhi nahi jo moaashrat main ghar sy bahir nikal ker apni , maan baap ki .belky pory moaashry ki izzat ka kgayal rekhti hain .ap oss catogary main ati hain .jisy rundi,jisy tawaif,fahasha, jisy badqar kehty hain",abey sasti randi tu kya hi krta hai???,sexism_batch_007.csv,8,False,False,True,False,False,False,False,,True,3,Sexism,True,,0.927825093269348,0.9160031080245972,aby han mn bhol gya ye to sasti randi hy 😂😂,0.927825093269348,True,,True,,,,
class3_batch007_sample021253,7,21253,3,Sexism,322253,326253,v3_original_demo_boundary_prompt,4-shot random authentic same-class,Shortlisted authentic RUHSOLD Sexism examples,40,aisi or kis kis ki lund par uchel uchel kar moja lati ghar me.,agar aaj se 40 saal pehley isi tarha ke banner pakarh kar mera jism meri marzi waala naara aapki amma ne maara hota to aap is duniya main ye tweet karney ke liye maujood hi na hoteen 😑😑😑,teri bhosdi or boobs me parda mat kar...logo ko dekne de.dhake hoge to kaise pata chalega ki tu hijra nehi hai.   hijra kahi ki.,"madum ap gharailo maon behno ki terha na blkeh on maon behno ki terha bhi nahi jo moaashrat main ghar sy bahir nikal ker apni , maan baap ki .belky pory moaashry ki izzat ka kgayal rekhti hain .ap oss catogary main ati hain .jisy rundi,jisy tawaif,fahasha, jisy badqar kehty hain",kutty or hijra ki sath bhi darr nahi lagti,sexism_batch_007.csv,9,False,False,True,False,False,False,False,,True,3,Sexism,True,,0.9273173213005066,0.9088560342788696,tm hijra ho or tm khan ke jute k barabar be nahi ho accidental ho,0.9273173213005066,True,,True,,,,
class3_batch007_sample021259,7,21259,3,Sexism,322259,326259,v3_original_demo_boundary_prompt,4-shot random authentic same-class,Shortlisted authentic RUHSOLD Sexism examples,40,agar aaj se 40 saal pehley isi tarha ke banner pakarh kar mera jism meri marzi waala naara aapki amma ne maara hota to aap is duniya main ye tweet karney ke liye maujood hi na hoteen 😑😑😑,aisi or kis kis ki lund par uchel uchel kar moja lati ghar me.,roads pe lab coat b ap ki gender hi pehnti ha 😂,apni behn ko bhejo gay na aurat march me??,aesi randiyon ka koi chamcha nahi tha,sexism_batch_007.csv,7,False,False,True,False,False,False,False,,True,3,Sexism,True,,0.9538369178771972,0.939862072467804,chutiye yahi hu gand teng kar apni randi ki nasal,0.9538369178771972,True,,True,,,,
class3_batch007_sample021263,7,21263,3,Sexism,322263,326263,v3_original_demo_boundary_prompt,4-shot random authentic same-class,Shortlisted authentic RUHSOLD Sexism examples,40,teri bhosdi or boobs me parda mat kar...logo ko dekne de.dhake hoge to kaise pata chalega ki tu hijra nehi hai.   hijra kahi ki.,roads pe lab coat b ap ki gender hi pehnti ha 😂,phir larky beard ky bagiar khusray q lgty hain  wo bhi beard ky bagiar khubsurat lgny chahiye ?,we are supporting #islam and thank you #khalilurrahmanqamar for your beautiful comments against #gashti .  agar ye #aurat hoti to na me aesi zuban use krta aur na koi gairatmand #admi use krta.,tum logon ki tarha kisi aurat ka najaiz rashm se nahi ja sakti.,sexism_batch_007.csv,13,False,False,True,False,False,False,False,,True,3,Sexism,True,,0.9476639032363892,0.9284639358520508, r mazy k bat mra jism wo auratn krti hn jin pr thokta bh koi nae.,0.9476639032363892,True,,True,,,,
class3_batch007_sample021266,7,21266,3,Sexism,322266,326266,v3_original_demo_boundary_prompt,4-shot random authentic same-class,Shortlisted authentic RUHSOLD Sexism examples,40,#auratmarch2020 mera jism allah ki marzi.. allah ka to hukam ha tum char dewari me raho .. nd ya nikl k apni nimaish karna chahten,ek randi larki ko itni pazeerai di hai. smjh se bahir hai,jin ko hizab se nafrat he wo nangi ho k ghoome koi in pe thooke ga bhi nahi  aurat khoobsurat pure libas me lagti he mawazna karlen,randi kise kahte ha aap hi bata do? ye word ghatiya women ke liye hi use karta ha ab deepika ghatiya ha to randi hi bolenge na,bhenchod randi,sexism_batch_007.csv,2,False,False,True,False,False,False,False,,True,3,Sexism,True,,0.9293782711029052,0.9001764059066772,bhag bhsdki randi,0.9293782711029052,True,,False,Synthetic near-duplicate,class3_batch003_sample020421,0.9905493259429932,Round 1 accepted synthetic bank
class3_batch007_sample021267,7,21267,3,Sexism,322267,326267,v3_original_demo_boundary_prompt,4-shot random authentic same-class,Shortlisted authentic RUHSOLD Sexism examples,40,aaaahhhhhh bhenchod.....jese tere is mangalsutra ki sahi jagah tere gale me nai balki mere mote kaale lund pr he.... vese hi tujh jesi chudakkad kuttiya ki jagah kewal mere pairo k niche he saali.... chal inbox me aa.....,"apko kehna chahye tha na mard hoon, na aurat hoo. main hijra hoon main hijra hoon, main parchi hoon, main defected hoon, main accidental chairman hoon.  #joker420",jahiliyat ki v had hai ye apne ghar me slave ki tarh rahti hai aur bahar kutto jaise bhaunk rhi hai... shame on these ladies,dhoka khane k baad oska aitbar uth jata haa sbsee or dosre mard mai b interest ni rehta...ku k aurat jism k ley ni chahti jbk mard jism k ley chahta😌🙂,yeh randi khayal krta hu wo me jis din marunga uska khandan har jagah jaldi se choot jaye ga,sexism_batch_007.csv,19,False,False,True,False,False,False,False,,True,3,Sexism,True,,0.9413458704948424,0.9320647120475768,dekho tmhri sakhi randi naach kr rhi h r baad me randi rona krti h,0.9413458704948424,True,,True,,,,
class3_batch007_sample021269,7,21269,3,Sexism,322269,326269,v3_original_demo_boundary_prompt,4-shot random authentic same-class,Shortlisted authentic RUHSOLD Sexism examples,40,shazaib apni baji ko b bejna han aurat march ma agr itne he zruri hai to,"apko kehna chahye tha na mard hoon, na aurat hoo. main hijra hoon main hijra hoon, main parchi hoon, main defected hoon, main accidental chairman hoon.  #joker420",#auratmarch2020 mera jism allah ki marzi.. allah ka to hukam ha tum char dewari me raho .. nd ya nikl k apni nimaish karna chahten,your leader  is hijra that's why he is not living with his wife.,tujhe pata nahi kis ka yaar hai jo sari duniya ko hijra banayega?,sexism_batch_007.csv,13,False,False,True,False,False,False,False,,True,3,Sexism,True,,0.9232300519943236,0.9086949229240416,tum jesi rundi ka bacha kia hoga ? bechare ko sari zindagi rundi ke bache ke thane sunne parrenge,0.9232300519943236,True,,True,,,,
class3_batch007_sample021272,7,21272,3,Sexism,322272,326272,v3_original_demo_boundary_prompt,4-shot random authentic same-class,Shortlisted authentic RUHSOLD Sexism examples,40,#stopauratbarbadimarch aurat ghr k andr hi achi lgti he yu sarkon par nikalna kisi bhi aurat ki izzat par daag lga skta he,tum jesi ghatia aurat ka kam hi ni hai media par.kisi kothhay pe ja aur ulta late ja ke.begherat,"apko kehna chahye tha na mard hoon, na aurat hoo. main hijra hoon main hijra hoon, main parchi hoon, main defected hoon, main accidental chairman hoon.  #joker420",tu kyun ro rahe hai hijra? tera buddhe hijra to kamjor mard hai. uska kara nehi hota. 🤣🤣🤣🤣,ooh aurat ko koi faida nahin jata ab tak,sexism_batch_007.csv,9,False,False,True,False,False,False,False,,True,3,Sexism,True,,0.939379096031189,0.9190137982368468,aao bhabhi safaai aur chudai dono karta hoon,0.939379096031189,True,,True,,,,
class3_batch007_sample021275,7,21275,3,Sexism,322275,326275,v3_original_demo_boundary_prompt,4-shot random authentic same-class,Shortlisted authentic RUHSOLD Sexism examples,40,transgander   madarchood   hijra tu aik bara khoota ha  haram zada,bc ghar wale bhi soch rahe honge yeh kya system paida ho gya sala lagta programing galat ho gayi.... sabsi badi confusion iske liye ladka dhundheyge yaa ladki😉,lalchi aurat paisa dekhti hai aur khandani aurat sirf sehrat dekhti hai,ap ko mard banny ki acting pasand i? agr ni to hijra hi bany rahye sir ye mardo k kam hn hijro k ni.,rt : tum jaise randiyo ne mara jo kya kar sakte hain ?,sexism_batch_007.csv,13,False,False,True,False,False,False,False,,True,3,Sexism,True,,0.927055299282074,0.9104825854301452,tum jesi randi sy kar k yahi hona hai,0.927055299282074,True,,True,,,,
class3_batch007_sample021276,7,21276,3,Sexism,322276,326276,v3_original_demo_boundary_prompt,4-shot random authentic same-class,Shortlisted authentic RUHSOLD Sexism examples,40,bc ghar wale bhi soch rahe honge yeh kya system paida ho gya sala lagta programing galat ho gayi.... sabsi badi confusion iske liye ladka dhundheyge yaa ladki😉,"aurat ko islam nai galat lagta, ap log lagtay ho jo ye boltay hain k agar aurat ka rape hua to wo uski galtie usne sar par dupatta nai kiya us banday ki nahi wo bechara kesay control karay",ek randi larki ko itni pazeerai di hai. smjh se bahir hai,aisi or kis kis ki lund par uchel uchel kar moja lati ghar me.,hahaha tu teri behno ki randi phudi ke baad sakoon maan rha tha,sexism_batch_007.csv,13,False,False,True,False,False,False,False,,True,3,Sexism,True,,0.9492130279541016,0.9422770738601683,😡😡😡 tujhy abi b kh raha baaz aja samjh ai tu ha hi randi pta b chl raha ha k kesi tarbiat ki ha ap k maa bap ny teri,0.9492130279541016,True,,True,,,,
class3_batch007_sample021277,7,21277,3,Sexism,322277,326277,v3_original_demo_boundary_prompt,4-shot random authentic same-class,Shortlisted authentic RUHSOLD Sexism examples,40,transgander   madarchood   hijra tu aik bara khoota ha  haram zada,"yeh wesy koi bht e zyda ounchi nasal ki randi niqli h wesy , mtlb i can't even imagine koi bughaz or paisy k pechay itna b girr skta h, nehayat e nichly darjay ki baighairat aurat ho, aurat zaat ko b badnaam kea h isny apny wajood sy !! akhh thooo iski zaat pay","ab iska sara credit har anchor le rha h jb k  rape,  ki asal jad h hi media jo mera jism.meri marzi,  hareem.shah , qandeel bloch , valentine day pe program krty hn phr rape hi hn gy",r mazy k bat mra jism wo auratn krti hn jin pr thokta bh koi nae.,ye tujhy pata chaly gashti orat,sexism_batch_007.csv,6,False,False,True,False,False,False,False,,True,3,Sexism,True,,0.9205105304718018,0.9141736030578612,bohat bari chutia ho tum randi ho bohat bari ho,0.9205105304718018,True,,True,,,,
class3_batch007_sample021280,7,21280,3,Sexism,322280,326280,v3_original_demo_boundary_prompt,4-shot random authentic same-class,Shortlisted authentic RUHSOLD Sexism examples,40,bilo rani tumhari pehchan sirf or sirf hijra huna hai.. na mard,shazaib apni baji ko b bejna han aurat march ma agr itne he zruri hai to,teri bhosdi or boobs me parda mat kar...logo ko dekne de.dhake hoge to kaise pata chalega ki tu hijra nehi hai.   hijra kahi ki.,agar aaj se 40 saal pehley isi tarha ke banner pakarh kar mera jism meri marzi waala naara aapki amma ne maara hota to aap is duniya main ye tweet karney ke liye maujood hi na hoteen 😑😑😑,i guess u r also hijra,sexism_batch_007.csv,6,False,False,True,False,False,False,False,,True,3,Sexism,True,,0.9088311195373536,0.8803780674934387,tu hijra hai,0.9088311195373536,True,,True,,,,
class3_batch007_sample021281,7,21281,3,Sexism,322281,326281,v3_original_demo_boundary_prompt,4-shot random authentic same-class,Shortlisted authentic RUHSOLD Sexism examples,40,"madum ap gharailo maon behno ki terha na blkeh on maon behno ki terha bhi nahi jo moaashrat main ghar sy bahir nikal ker apni , maan baap ki .belky pory moaashry ki izzat ka kgayal rekhti hain .ap oss catogary main ati hain .jisy rundi,jisy tawaif,fahasha, jisy badqar kehty hain","apko kehna chahye tha na mard hoon, na aurat hoo. main hijra hoon main hijra hoon, main parchi hoon, main defected hoon, main accidental chairman hoon.  #joker420",your leader  is hijra that's why he is not living with his wife.,tu kyun ro rahe hai hijra? tera buddhe hijra to kamjor mard hai. uska kara nehi hota. 🤣🤣🤣🤣,ye dabbo khan randi rona krny wala,sexism_batch_007.csv,7,False,False,True,False,False,False,False,,True,3,Sexism,True,,0.9358422756195068,0.9281495809555054,or tujhe kothe ki randi bna diya jaye,0.9358422756195068,True,,True,,,,
class3_batch007_sample021283,7,21283,3,Sexism,322283,326283,v3_original_demo_boundary_prompt,4-shot random authentic same-class,Shortlisted authentic RUHSOLD Sexism examples,40,jin ko hizab se nafrat he wo nangi ho k ghoome koi in pe thooke ga bhi nahi  aurat khoobsurat pure libas me lagti he mawazna karlen,ap ko mard banny ki acting pasand i? agr ni to hijra hi bany rahye sir ye mardo k kam hn hijro k ni.,"apko kehna chahye tha na mard hoon, na aurat hoo. main hijra hoon main hijra hoon, main parchi hoon, main defected hoon, main accidental chairman hoon.  #joker420",phir larky beard ky bagiar khusray q lgty hain  wo bhi beard ky bagiar khubsurat lgny chahiye ?,rt :   hahaha.. tu kya hijra hai😂,sexism_batch_007.csv,7,False,False,True,False,False,False,False,,True,3,Sexism,True,,0.929404616355896,0.9161731004714966,rt : bs yhi hai sacchai inki... jnu ki randiyan 😂😂🤣🤣,0.929404616355896,True,,True,,,,
class3_batch007_sample021286,7,21286,3,Sexism,322286,326286,v3_original_demo_boundary_prompt,4-shot random authentic same-class,Shortlisted authentic RUHSOLD Sexism examples,40,aaaahhhhhh bhenchod.....jese tere is mangalsutra ki sahi jagah tere gale me nai balki mere mote kaale lund pr he.... vese hi tujh jesi chudakkad kuttiya ki jagah kewal mere pairo k niche he saali.... chal inbox me aa.....,jin ko hizab se nafrat he wo nangi ho k ghoome koi in pe thooke ga bhi nahi  aurat khoobsurat pure libas me lagti he mawazna karlen,70 saal ka mard is better than a 30 year old hijra😅,phir larky beard ky bagiar khusray q lgty hain  wo bhi beard ky bagiar khubsurat lgny chahiye ?,abe randi saali sare paisay khatam karke 50 rs daala kr k chod rha hai,sexism_batch_007.csv,15,False,False,True,False,False,False,False,,True,3,Sexism,True,,0.923165798187256,0.9112073183059692,farhan khurrak tera wazir e azam kiya hijra ha jiske 7 arab =50 rupee huwe,0.923165798187256,True,,True,,,,
class3_batch007_sample021289,7,21289,3,Sexism,322289,326289,v3_original_demo_boundary_prompt,4-shot random authentic same-class,Shortlisted authentic RUHSOLD Sexism examples,40,"apko kehna chahye tha na mard hoon, na aurat hoo. main hijra hoon main hijra hoon, main parchi hoon, main defected hoon, main accidental chairman hoon.  #joker420",r mazy k bat mra jism wo auratn krti hn jin pr thokta bh koi nae.,teri chut me sabhi bhaiyo ka lund reply de randi,we are supporting #islam and thank you #khalilurrahmanqamar for your beautiful comments against #gashti .  agar ye #aurat hoti to na me aesi zuban use krta aur na koi gairatmand #admi use krta.,tu tu randi ki nasal,sexism_batch_007.csv,5,False,False,True,False,False,False,False,,True,3,Sexism,True,,0.934707522392273,0.9214686155319214,chup randi ki nasal,0.934707522392273,True,,True,,,,
class3_batch007_sample021294,7,21294,3,Sexism,322294,326294,v3_original_demo_boundary_prompt,4-shot random authentic same-class,Shortlisted authentic RUHSOLD Sexism examples,40,70 saal ka mard is better than a 30 year old hijra😅,apni behn ko bhejo gay na aurat march me??,"apko kehna chahye tha na mard hoon, na aurat hoo. main hijra hoon main hijra hoon, main parchi hoon, main defected hoon, main accidental chairman hoon.  #joker420",tere jaise randiyo ki chudai ke liye to ham mard hain yaha pe,bhenchod ye hijra,sexism_batch_007.csv,3,False,False,True,False,False,False,False,,True,3,Sexism,True,,0.9421157240867616,0.9202579259872437,hijra lag rhi hai,0.9421157240867616,True,,True,,,,
class3_batch007_sample021309,7,21309,3,Sexism,322309,326309,v3_original_demo_boundary_prompt,4-shot random authentic same-class,Shortlisted authentic RUHSOLD Sexism examples,40,jahiliyat ki v had hai ye apne ghar me slave ki tarh rahti hai aur bahar kutto jaise bhaunk rhi hai... shame on these ladies,ap ko mard banny ki acting pasand i? agr ni to hijra hi bany rahye sir ye mardo k kam hn hijro k ni.,transgander   madarchood   hijra tu aik bara khoota ha  haram zada,#stopauratbarbadimarch aurat ghr k andr hi achi lgti he yu sarkon par nikalna kisi bhi aurat ki izzat par daag lga skta he,oooooh randi ke bachay,sexism_batch_007.csv,4,False,False,True,False,False,False,False,,True,3,Sexism,True,,0.9333388209342957,0.9217711687088012,ahhh randi marwaogi?,0.9333388209342957,True,,False,Synthetic near-duplicate,class3_batch003_sample020473,0.9819971919059753,Round 1 accepted synthetic bank
class3_batch007_sample021311,7,21311,3,Sexism,322311,326311,v3_original_demo_boundary_prompt,4-shot random authentic same-class,Shortlisted authentic RUHSOLD Sexism examples,40,"apko kehna chahye tha na mard hoon, na aurat hoo. main hijra hoon main hijra hoon, main parchi hoon, main defected hoon, main accidental chairman hoon.  #joker420",shazaib apni baji ko b bejna han aurat march ma agr itne he zruri hai to,tum jesi ghatia aurat ka kam hi ni hai media par.kisi kothhay pe ja aur ulta late ja ke.begherat,teri bhosdi or boobs me parda mat kar...logo ko dekne de.dhake hoge to kaise pata chalega ki tu hijra nehi hai.   hijra kahi ki.,tum jesi ghatia aurat ki nikal,sexism_batch_007.csv,6,False,False,True,False,False,False,False,,True,3,Sexism,True,,0.9071588516235352,0.901575207710266,tum jesi randi sy kar k yahi hona hai,0.9071588516235352,True,,True,,,,
class3_batch007_sample021322,7,21322,3,Sexism,322322,326322,v3_original_demo_boundary_prompt,4-shot random authentic same-class,Shortlisted authentic RUHSOLD Sexism examples,40,aisi or kis kis ki lund par uchel uchel kar moja lati ghar me.,shazaib apni baji ko b bejna han aurat march ma agr itne he zruri hai to,jahiliyat ki v had hai ye apne ghar me slave ki tarh rahti hai aur bahar kutto jaise bhaunk rhi hai... shame on these ladies,teri chut me sabhi bhaiyo ka lund reply de randi,tera baap nahi tha na hijra,sexism_batch_007.csv,6,False,False,True,False,False,False,False,,True,3,Sexism,True,,0.943318247795105,0.9263238906860352,tera baap hijra nikla ?,0.943318247795105,True,,True,,,,
class3_batch007_sample021327,7,21327,3,Sexism,322327,326327,v3_original_demo_boundary_prompt,4-shot random authentic same-class,Shortlisted authentic RUHSOLD Sexism examples,40,tu kyun ro rahe hai hijra? tera buddhe hijra to kamjor mard hai. uska kara nehi hota. 🤣🤣🤣🤣,r mazy k bat mra jism wo auratn krti hn jin pr thokta bh koi nae.,mard muhbt kr bhi ly tu aksar aurat he dhoka dy jati h usy 💔,aaaahhhhhh bhenchod.....jese tere is mangalsutra ki sahi jagah tere gale me nai balki mere mote kaale lund pr he.... vese hi tujh jesi chudakkad kuttiya ki jagah kewal mere pairo k niche he saali.... chal inbox me aa.....,ye randi ki naslon,sexism_batch_007.csv,4,False,False,True,False,False,False,False,,True,3,Sexism,True,,0.9294999837875366,0.921640694141388,randi gandi imran ki bandi,0.9294999837875366,True,,False,Synthetic near-duplicate,class3_batch002_sample020356,0.9839330911636353,Round 1 accepted synthetic bank
class3_batch007_sample021328,7,21328,3,Sexism,322328,326328,v3_original_demo_boundary_prompt,4-shot random authentic same-class,Shortlisted authentic RUHSOLD Sexism examples,40,"aurat ko islam nai galat lagta, ap log lagtay ho jo ye boltay hain k agar aurat ka rape hua to wo uski galtie usne sar par dupatta nai kiya us banday ki nahi wo bechara kesay control karay",tum jesi ghatia aurat ka kam hi ni hai media par.kisi kothhay pe ja aur ulta late ja ke.begherat,dhoka khane k baad oska aitbar uth jata haa sbsee or dosre mard mai b interest ni rehta...ku k aurat jism k ley ni chahti jbk mard jism k ley chahta😌🙂,teri chut me sabhi bhaiyo ka lund reply de randi,ye randi chutiye,sexism_batch_007.csv,3,False,False,True,False,False,False,False,,True,3,Sexism,True,,0.9513844847679138,0.9395464062690736,kuti randi,0.9513844847679138,True,,False,Synthetic near-duplicate,class3_batch006_sample021002,0.982418954372406,Earlier accepted Round 2 synthetic
class3_batch007_sample021329,7,21329,3,Sexism,322329,326329,v3_original_demo_boundary_prompt,4-shot random authentic same-class,Shortlisted authentic RUHSOLD Sexism examples,40,aisi or kis kis ki lund par uchel uchel kar moja lati ghar me.,mard muhbt kr bhi ly tu aksar aurat he dhoka dy jati h usy 💔,lalchi aurat paisa dekhti hai aur khandani aurat sirf sehrat dekhti hai,teri chut me sabhi bhaiyo ka lund reply de randi,aik hi chupai naa tha abe randi,sexism_batch_007.csv,7,False,False,True,False,False,False,False,,True,3,Sexism,True,,0.9421725273132324,0.93499356508255,chutiye yahi hu gand teng kar apni randi ki nasal,0.9421725273132324,True,,True,,,,
class3_batch007_sample021330,7,21330,3,Sexism,322330,326330,v3_original_demo_boundary_prompt,4-shot random authentic same-class,Shortlisted authentic RUHSOLD Sexism examples,40,roads pe lab coat b ap ki gender hi pehnti ha 😂,"madum ap gharailo maon behno ki terha na blkeh on maon behno ki terha bhi nahi jo moaashrat main ghar sy bahir nikal ker apni , maan baap ki .belky pory moaashry ki izzat ka kgayal rekhti hain .ap oss catogary main ati hain .jisy rundi,jisy tawaif,fahasha, jisy badqar kehty hain",acha tareka dhondha hai larkun ko ganda sabit karny ka but aesi neech harkat larkyan he kar sakti hain larky nahi.,aaaahhhhhh bhenchod.....jese tere is mangalsutra ki sahi jagah tere gale me nai balki mere mote kaale lund pr he.... vese hi tujh jesi chudakkad kuttiya ki jagah kewal mere pairo k niche he saali.... chal inbox me aa.....,mera dimag thand ho raha hai aur ye randi kaam karti hai mujhy,sexism_batch_007.csv,13,False,False,True,False,False,False,False,,True,3,Sexism,True,,0.944168210029602,0.9338135719299316,chutiye yahi hu gand teng kar apni randi ki nasal,0.944168210029602,True,,True,,,,
class3_batch007_sample021332,7,21332,3,Sexism,322332,326332,v3_original_demo_boundary_prompt,4-shot random authentic same-class,Shortlisted authentic RUHSOLD Sexism examples,40,agar aaj se 40 saal pehley isi tarha ke banner pakarh kar mera jism meri marzi waala naara aapki amma ne maara hota to aap is duniya main ye tweet karney ke liye maujood hi na hoteen 😑😑😑,dhoka khane k baad oska aitbar uth jata haa sbsee or dosre mard mai b interest ni rehta...ku k aurat jism k ley ni chahti jbk mard jism k ley chahta😌🙂,randi kise kahte ha aap hi bata do? ye word ghatiya women ke liye hi use karta ha ab deepika ghatiya ha to randi hi bolenge na,muslim countries ki leaderships na mard napunsak or hijra hain.. in mein koi dum nahi.. ye kuch nahi kr sakty.. jinnah ki rooh tarapti hogi.. jinnah ne kashmir par attack ka order diya tha..,ye randi ke baare mein kia hoga?,sexism_batch_007.csv,7,False,False,True,False,False,False,False,,True,3,Sexism,True,,0.9612727165222168,0.926318347454071,tu bhi kyu nahi jal gayi saath mein randi ?,0.9612727165222168,True,,True,,,,
class3_batch007_sample021340,7,21340,3,Sexism,322340,326340,v3_original_demo_boundary_prompt,4-shot random authentic same-class,Shortlisted authentic RUHSOLD Sexism examples,40,jin ko hizab se nafrat he wo nangi ho k ghoome koi in pe thooke ga bhi nahi  aurat khoobsurat pure libas me lagti he mawazna karlen,roads pe lab coat b ap ki gender hi pehnti ha 😂,"madum ap gharailo maon behno ki terha na blkeh on maon behno ki terha bhi nahi jo moaashrat main ghar sy bahir nikal ker apni , maan baap ki .belky pory moaashry ki izzat ka kgayal rekhti hain .ap oss catogary main ati hain .jisy rundi,jisy tawaif,fahasha, jisy badqar kehty hain",you are just girlfriend material no one wants wife like you. itna jism jo sirf admi apni bivi ka dekhta h  apka to sary jahan ne dekha h,ek bari charsi randi,sexism_batch_007.csv,4,False,False,True,False,False,False,False,,True,3,Sexism,True,,0.9144580960273744,0.9069257974624634,bhag bhsdki randi,0.9144580960273744,True,,True,,,,
class3_batch007_sample021341,7,21341,3,Sexism,322341,326341,v3_original_demo_boundary_prompt,4-shot random authentic same-class,Shortlisted authentic RUHSOLD Sexism examples,40,aisi or kis kis ki lund par uchel uchel kar moja lati ghar me.,tu kyun ro rahe hai hijra? tera buddhe hijra to kamjor mard hai. uska kara nehi hota. 🤣🤣🤣🤣,teri chut me sabhi bhaiyo ka lund reply de randi,"ab iska sara credit har anchor le rha h jb k  rape,  ki asal jad h hi media jo mera jism.meri marzi,  hareem.shah , qandeel bloch , valentine day pe program krty hn phr rape hi hn gy",o ye tere baap hai hijre,sexism_batch_007.csv,6,False,False,True,False,False,False,False,,True,3,Sexism,True,,0.9521591663360596,0.926832377910614,tere baap hoga hijra !,0.9521591663360596,True,,True,,,,
class3_batch007_sample021343,7,21343,3,Sexism,322343,326343,v3_original_demo_boundary_prompt,4-shot random authentic same-class,Shortlisted authentic RUHSOLD Sexism examples,40,lalchi aurat paisa dekhti hai aur khandani aurat sirf sehrat dekhti hai,"aurat ko islam nai galat lagta, ap log lagtay ho jo ye boltay hain k agar aurat ka rape hua to wo uski galtie usne sar par dupatta nai kiya us banday ki nahi wo bechara kesay control karay",agar aaj se 40 saal pehley isi tarha ke banner pakarh kar mera jism meri marzi waala naara aapki amma ne maara hota to aap is duniya main ye tweet karney ke liye maujood hi na hoteen 😑😑😑,aur jesi ghatia aurat ke mun se ye bat achi ni lagti. logon ko garam karnay wali machine.,teri bahan ko bhi randi samjhta hoon,sexism_batch_007.csv,7,False,False,True,False,False,False,False,,True,3,Sexism,True,,0.9467774629592896,0.9358630180358888,tm sbko apni trah randi bnana chahti ho,0.9467774629592896,True,,True,,,,
class3_batch007_sample021344,7,21344,3,Sexism,322344,326344,v3_original_demo_boundary_prompt,4-shot random authentic same-class,Shortlisted authentic RUHSOLD Sexism examples,40,"madum ap gharailo maon behno ki terha na blkeh on maon behno ki terha bhi nahi jo moaashrat main ghar sy bahir nikal ker apni , maan baap ki .belky pory moaashry ki izzat ka kgayal rekhti hain .ap oss catogary main ati hain .jisy rundi,jisy tawaif,fahasha, jisy badqar kehty hain",tu kyun ro rahe hai hijra? tera buddhe hijra to kamjor mard hai. uska kara nehi hota. 🤣🤣🤣🤣,#auratmarch2020 mera jism allah ki marzi.. allah ka to hukam ha tum char dewari me raho .. nd ya nikl k apni nimaish karna chahten,phir larky beard ky bagiar khusray q lgty hain  wo bhi beard ky bagiar khubsurat lgny chahiye ?,ye randi kya bolti hai??,sexism_batch_007.csv,5,False,False,True,False,False,False,False,,True,3,Sexism,True,,0.9300451278686525,0.9182812571525574,ahhh randi marwaogi?,0.9300451278686525,True,,True,,,,
class3_batch007_sample021347,7,21347,3,Sexism,322347,326347,v3_original_demo_boundary_prompt,4-shot random authentic same-class,Shortlisted authentic RUHSOLD Sexism examples,40,shazaib apni baji ko b bejna han aurat march ma agr itne he zruri hai to,tere jaise randiyo ki chudai ke liye to ham mard hain yaha pe,ek randi larki ko itni pazeerai di hai. smjh se bahir hai,jahiliyat ki v had hai ye apne ghar me slave ki tarh rahti hai aur bahar kutto jaise bhaunk rhi hai... shame on these ladies,tu sasti behanchod hai ya tu phudi,sexism_batch_007.csv,7,False,False,True,False,False,False,False,,True,3,Sexism,True,,0.9385515451431274,0.9252479672431946,bohat bari chutia ho tum randi ho bohat bari ho,0.9385515451431274,True,,True,,,,
class3_batch007_sample021348,7,21348,3,Sexism,322348,326348,v3_original_demo_boundary_prompt,4-shot random authentic same-class,Shortlisted authentic RUHSOLD Sexism examples,40,tum jesi ghatia aurat ka kam hi ni hai media par.kisi kothhay pe ja aur ulta late ja ke.begherat,you are just girlfriend material no one wants wife like you. itna jism jo sirf admi apni bivi ka dekhta h  apka to sary jahan ne dekha h,aur jesi ghatia aurat ke mun se ye bat achi ni lagti. logon ko garam karnay wali machine.,r mazy k bat mra jism wo auratn krti hn jin pr thokta bh koi nae.,abey hijra teri ma ki chudai,sexism_batch_007.csv,6,False,False,True,False,False,False,False,,True,3,Sexism,True,,0.9534863829612732,0.9358507394790648,bala sahab nein aapko hijra bola hai,0.9534863829612732,True,,True,,,,
class3_batch007_sample021350,7,21350,3,Sexism,322350,326350,v3_original_demo_boundary_prompt,4-shot random authentic same-class,Shortlisted authentic RUHSOLD Sexism examples,40,bc ghar wale bhi soch rahe honge yeh kya system paida ho gya sala lagta programing galat ho gayi.... sabsi badi confusion iske liye ladka dhundheyge yaa ladki😉,"madum ap gharailo maon behno ki terha na blkeh on maon behno ki terha bhi nahi jo moaashrat main ghar sy bahir nikal ker apni , maan baap ki .belky pory moaashry ki izzat ka kgayal rekhti hain .ap oss catogary main ati hain .jisy rundi,jisy tawaif,fahasha, jisy badqar kehty hain",randi kise kahte ha aap hi bata do? ye word ghatiya women ke liye hi use karta ha ab deepika ghatiya ha to randi hi bolenge na,you are just girlfriend material no one wants wife like you. itna jism jo sirf admi apni bivi ka dekhta h  apka to sary jahan ne dekha h,chalo bhai ye mera tweet hai aur tu hijra,sexism_batch_007.csv,9,False,False,True,False,False,False,False,,True,3,Sexism,True,,0.9156109094619752,0.9057070016860962,tu hi accept kar liya ki tu hijra hai 😊😉🥴😜😅,0.9156109094619752,True,,True,,,,
class3_batch007_sample021351,7,21351,3,Sexism,322351,326351,v3_original_demo_boundary_prompt,4-shot random authentic same-class,Shortlisted authentic RUHSOLD Sexism examples,40,"madum ap gharailo maon behno ki terha na blkeh on maon behno ki terha bhi nahi jo moaashrat main ghar sy bahir nikal ker apni , maan baap ki .belky pory moaashry ki izzat ka kgayal rekhti hain .ap oss catogary main ati hain .jisy rundi,jisy tawaif,fahasha, jisy badqar kehty hain",mard muhbt kr bhi ly tu aksar aurat he dhoka dy jati h usy 💔,dhoka khane k baad oska aitbar uth jata haa sbsee or dosre mard mai b interest ni rehta...ku k aurat jism k ley ni chahti jbk mard jism k ley chahta😌🙂,"ab iska sara credit har anchor le rha h jb k  rape,  ki asal jad h hi media jo mera jism.meri marzi,  hareem.shah , qandeel bloch , valentine day pe program krty hn phr rape hi hn gy",chup kar randi,sexism_batch_007.csv,3,False,False,True,False,False,False,False,,True,3,Sexism,True,,0.9436572790145874,0.9173253178596495,chup randi ki nasal,0.9436572790145874,True,,True,,,,
class3_batch007_sample021357,7,21357,3,Sexism,322357,326357,v3_original_demo_boundary_prompt,4-shot random authentic same-class,Shortlisted authentic RUHSOLD Sexism examples,40,dhoka khane k baad oska aitbar uth jata haa sbsee or dosre mard mai b interest ni rehta...ku k aurat jism k ley ni chahti jbk mard jism k ley chahta😌🙂,70 saal ka mard is better than a 30 year old hijra😅,#stopauratbarbadimarch aurat ghr k andr hi achi lgti he yu sarkon par nikalna kisi bhi aurat ki izzat par daag lga skta he,we are supporting #islam and thank you #khalilurrahmanqamar for your beautiful comments against #gashti .  agar ye #aurat hoti to na me aesi zuban use krta aur na koi gairatmand #admi use krta.,tera jism tu meri marzi hai ya kya aisee aurat kia baat kar rahi hai?,sexism_batch_007.csv,15,False,False,True,False,False,False,False,,True,3,Sexism,True,,0.9257439374923706,0.9204147458076476,wo ahmaq kitna arsa charha raha tum pe ?  sharam karo jis k nechy itna arsa leti rahi os k bary mein asi batain ?,0.9257439374923706,True,,True,,,,
class3_batch007_sample021358,7,21358,3,Sexism,322358,326358,v3_original_demo_boundary_prompt,4-shot random authentic same-class,Shortlisted authentic RUHSOLD Sexism examples,40,jahiliyat ki v had hai ye apne ghar me slave ki tarh rahti hai aur bahar kutto jaise bhaunk rhi hai... shame on these ladies,bilo rani tumhari pehchan sirf or sirf hijra huna hai.. na mard,aisi or kis kis ki lund par uchel uchel kar moja lati ghar me.,you are just girlfriend material no one wants wife like you. itna jism jo sirf admi apni bivi ka dekhta h  apka to sary jahan ne dekha h,haha hijre randi chod rhe,sexism_batch_007.csv,5,False,False,True,False,False,False,False,,True,3,Sexism,True,,0.9322612285614014,0.926215648651123,bohat bari chutia ho tum randi ho bohat bari ho,0.9322612285614014,True,,True,,,,
class3_batch007_sample021366,7,21366,3,Sexism,322366,326366,v3_original_demo_boundary_prompt,4-shot random authentic same-class,Shortlisted authentic RUHSOLD Sexism examples,40,teri bhosdi or boobs me parda mat kar...logo ko dekne de.dhake hoge to kaise pata chalega ki tu hijra nehi hai.   hijra kahi ki.,#auratmarch2020 mera jism allah ki marzi.. allah ka to hukam ha tum char dewari me raho .. nd ya nikl k apni nimaish karna chahten,tu kyun ro rahe hai hijra? tera buddhe hijra to kamjor mard hai. uska kara nehi hota. 🤣🤣🤣🤣,ek randi larki ko itni pazeerai di hai. smjh se bahir hai,😂😂😂 tu hijra ho.,sexism_batch_007.csv,4,False,False,True,False,False,False,False,,True,3,Sexism,True,,0.9416582584381104,0.926077365875244,tu hi accept kar liya ki tu hijra hai 😊😉🥴😜😅,0.9416582584381104,True,,True,,,,
class3_batch007_sample021367,7,21367,3,Sexism,322367,326367,v3_original_demo_boundary_prompt,4-shot random authentic same-class,Shortlisted authentic RUHSOLD Sexism examples,40,bilo rani tumhari pehchan sirf or sirf hijra huna hai.. na mard,aaaahhhhhh bhenchod.....jese tere is mangalsutra ki sahi jagah tere gale me nai balki mere mote kaale lund pr he.... vese hi tujh jesi chudakkad kuttiya ki jagah kewal mere pairo k niche he saali.... chal inbox me aa.....,r mazy k bat mra jism wo auratn krti hn jin pr thokta bh koi nae.,ap ko mard banny ki acting pasand i? agr ni to hijra hi bany rahye sir ye mardo k kam hn hijro k ni.,abhi tak hijra kya sikha hoga,sexism_batch_007.csv,6,False,False,True,False,False,False,False,,True,3,Sexism,True,,0.9444425702095032,0.9238653182983398,aby chal jahil hijra kahi ka,0.9444425702095032,True,,True,,,,
class3_batch007_sample021368,7,21368,3,Sexism,322368,326368,v3_original_demo_boundary_prompt,4-shot random authentic same-class,Shortlisted authentic RUHSOLD Sexism examples,40,"aurat ko islam nai galat lagta, ap log lagtay ho jo ye boltay hain k agar aurat ka rape hua to wo uski galtie usne sar par dupatta nai kiya us banday ki nahi wo bechara kesay control karay","yeh wesy koi bht e zyda ounchi nasal ki randi niqli h wesy , mtlb i can't even imagine koi bughaz or paisy k pechay itna b girr skta h, nehayat e nichly darjay ki baighairat aurat ho, aurat zaat ko b badnaam kea h isny apny wajood sy !! akhh thooo iski zaat pay",tere jaise randiyo ki chudai ke liye to ham mard hain yaha pe,"madum ap gharailo maon behno ki terha na blkeh on maon behno ki terha bhi nahi jo moaashrat main ghar sy bahir nikal ker apni , maan baap ki .belky pory moaashry ki izzat ka kgayal rekhti hain .ap oss catogary main ati hain .jisy rundi,jisy tawaif,fahasha, jisy badqar kehty hain",abe hijra tu hai jab apke saath hi sare duniya mein tujhe koi baat nai h,sexism_batch_007.csv,16,False,False,True,False,False,False,False,,True,3,Sexism,True,,0.9348735809326172,0.9251217842102052,ye muh parde ke liye nhi chupaya  ye hijra hai es liye muh chupaya hai😜,0.9348735809326172,True,,True,,,,
class3_batch007_sample021370,7,21370,3,Sexism,322370,326370,v3_original_demo_boundary_prompt,4-shot random authentic same-class,Shortlisted authentic RUHSOLD Sexism examples,40,r mazy k bat mra jism wo auratn krti hn jin pr thokta bh koi nae.,transgander   madarchood   hijra tu aik bara khoota ha  haram zada,tum jesi ghatia aurat ka kam hi ni hai media par.kisi kothhay pe ja aur ulta late ja ke.begherat,shazaib apni baji ko b bejna han aurat march ma agr itne he zruri hai to,randi k bachy,sexism_batch_007.csv,3,False,False,True,False,False,False,False,,True,3,Sexism,True,,0.90918630361557,0.8932148814201355,bhag bhsdki randi,0.90918630361557,True,,True,,,,
class3_batch007_sample021375,7,21375,3,Sexism,322375,326375,v3_original_demo_boundary_prompt,4-shot random authentic same-class,Shortlisted authentic RUHSOLD Sexism examples,40,teri chut me sabhi bhaiyo ka lund reply de randi,r mazy k bat mra jism wo auratn krti hn jin pr thokta bh koi nae.,lalchi aurat paisa dekhti hai aur khandani aurat sirf sehrat dekhti hai,aaaahhhhhh bhenchod.....jese tere is mangalsutra ki sahi jagah tere gale me nai balki mere mote kaale lund pr he.... vese hi tujh jesi chudakkad kuttiya ki jagah kewal mere pairo k niche he saali.... chal inbox me aa.....,apni maa ko apne baap ke sath rooh dekh lo. yeh abhi tak tu hijra nahi,sexism_batch_007.csv,16,False,False,True,False,False,False,False,,True,3,Sexism,True,,0.9457001686096193,0.9277531504631042,woh tere baap aur behen hai... lekin tu to hijra paida hua hai,0.9457001686096193,True,,True,,,,
class3_batch007_sample021376,7,21376,3,Sexism,322376,326376,v3_original_demo_boundary_prompt,4-shot random authentic same-class,Shortlisted authentic RUHSOLD Sexism examples,40,you are just girlfriend material no one wants wife like you. itna jism jo sirf admi apni bivi ka dekhta h  apka to sary jahan ne dekha h,aaaahhhhhh bhenchod.....jese tere is mangalsutra ki sahi jagah tere gale me nai balki mere mote kaale lund pr he.... vese hi tujh jesi chudakkad kuttiya ki jagah kewal mere pairo k niche he saali.... chal inbox me aa.....,ek randi larki ko itni pazeerai di hai. smjh se bahir hai,aisi or kis kis ki lund par uchel uchel kar moja lati ghar me.,tu phudi,sexism_batch_007.csv,2,False,False,True,False,False,False,False,,True,3,Sexism,True,,0.8897923827171326,0.8750815391540527,kali kuti rundi pudi,0.8897923827171326,True,,True,,,,
class3_batch007_sample021378,7,21378,3,Sexism,322378,326378,v3_original_demo_boundary_prompt,4-shot random authentic same-class,Shortlisted authentic RUHSOLD Sexism examples,40,tu kyun ro rahe hai hijra? tera buddhe hijra to kamjor mard hai. uska kara nehi hota. 🤣🤣🤣🤣,jin ko hizab se nafrat he wo nangi ho k ghoome koi in pe thooke ga bhi nahi  aurat khoobsurat pure libas me lagti he mawazna karlen,#stopauratbarbadimarch aurat ghr k andr hi achi lgti he yu sarkon par nikalna kisi bhi aurat ki izzat par daag lga skta he,70 saal ka mard is better than a 30 year old hijra😅,abey bc chutiye chup kar keh le apne dost ko hijra bol raha hai,sexism_batch_007.csv,14,False,False,True,False,False,False,False,,True,3,Sexism,True,,0.9171180725097656,0.9072305560112,apni ammi aur bahan ke sath aise hi baat karte hain isiliye tere country mein sab log hijra ha🤣🤣🤣🐐,0.9171180725097656,True,,True,,,,
class3_batch007_sample021385,7,21385,3,Sexism,322385,326385,v3_original_demo_boundary_prompt,4-shot random authentic same-class,Shortlisted authentic RUHSOLD Sexism examples,40,acha tareka dhondha hai larkun ko ganda sabit karny ka but aesi neech harkat larkyan he kar sakti hain larky nahi.,apni behn ko bhejo gay na aurat march me??,tum jesi ghatia aurat ka kam hi ni hai media par.kisi kothhay pe ja aur ulta late ja ke.begherat,70 saal ka mard is better than a 30 year old hijra😅,ye tu chutiye tha jo randi rona krte tha,sexism_batch_007.csv,9,False,False,True,False,False,False,False,,True,3,Sexism,True,,0.9365488886833192,0.9254042506217957,bohat bari chutia ho tum randi ho bohat bari ho,0.9365488886833192,True,,True,,,,
class3_batch007_sample021392,7,21392,3,Sexism,322392,326392,v3_original_demo_boundary_prompt,4-shot random authentic same-class,Shortlisted authentic RUHSOLD Sexism examples,40,#stopauratbarbadimarch aurat ghr k andr hi achi lgti he yu sarkon par nikalna kisi bhi aurat ki izzat par daag lga skta he,"madum ap gharailo maon behno ki terha na blkeh on maon behno ki terha bhi nahi jo moaashrat main ghar sy bahir nikal ker apni , maan baap ki .belky pory moaashry ki izzat ka kgayal rekhti hain .ap oss catogary main ati hain .jisy rundi,jisy tawaif,fahasha, jisy badqar kehty hain",70 saal ka mard is better than a 30 year old hijra😅,r mazy k bat mra jism wo auratn krti hn jin pr thokta bh koi nae.,abey randi,sexism_batch_007.csv,2,False,False,True,False,False,False,False,,True,3,Sexism,True,,0.8981513381004333,0.8893114924430847,aby nikal na randi,0.8981513381004333,True,,False,Synthetic near-duplicate,class3_batch001_sample020062,1.0,Round 1 accepted synthetic bank
class3_batch007_sample021393,7,21393,3,Sexism,322393,326393,v3_original_demo_boundary_prompt,4-shot random authentic same-class,Shortlisted authentic RUHSOLD Sexism examples,40,ap ko mard banny ki acting pasand i? agr ni to hijra hi bany rahye sir ye mardo k kam hn hijro k ni.,teri bhosdi or boobs me parda mat kar...logo ko dekne de.dhake hoge to kaise pata chalega ki tu hijra nehi hai.   hijra kahi ki.,#auratmarch2020 mera jism allah ki marzi.. allah ka to hukam ha tum char dewari me raho .. nd ya nikl k apni nimaish karna chahten,lalchi aurat paisa dekhti hai aur khandani aurat sirf sehrat dekhti hai,saali randi ki nasal,sexism_batch_007.csv,4,False,False,True,False,False,False,False,,True,3,Sexism,True,,0.9511381387710572,0.9287940859794616,randi saali,0.9511381387710572,True,,True,,,,
class3_batch007_sample021398,7,21398,3,Sexism,322398,326398,v3_original_demo_boundary_prompt,4-shot random authentic same-class,Shortlisted authentic RUHSOLD Sexism examples,40,ap ko mard banny ki acting pasand i? agr ni to hijra hi bany rahye sir ye mardo k kam hn hijro k ni.,jahiliyat ki v had hai ye apne ghar me slave ki tarh rahti hai aur bahar kutto jaise bhaunk rhi hai... shame on these ladies,#auratmarch2020 mera jism allah ki marzi.. allah ka to hukam ha tum char dewari me raho .. nd ya nikl k apni nimaish karna chahten,acha tareka dhondha hai larkun ko ganda sabit karny ka but aesi neech harkat larkyan he kar sakti hain larky nahi.,wtf is this!?! hijra ke paas apna bacha nhi milta,sexism_batch_007.csv,10,False,False,True,False,False,False,False,,True,3,Sexism,True,,0.9171028137207032,0.9071806073188782,bala sahab nein aapko hijra bola hai,0.9171028137207032,True,,True,,,,
class3_batch007_sample021399,7,21399,3,Sexism,322399,326399,v3_original_demo_boundary_prompt,4-shot random authentic same-class,Shortlisted authentic RUHSOLD Sexism examples,40,aisi or kis kis ki lund par uchel uchel kar moja lati ghar me.,ek randi larki ko itni pazeerai di hai. smjh se bahir hai,shazaib apni baji ko b bejna han aurat march ma agr itne he zruri hai to,muslim countries ki leaderships na mard napunsak or hijra hain.. in mein koi dum nahi.. ye kuch nahi kr sakty.. jinnah ki rooh tarapti hogi.. jinnah ne kashmir par attack ka order diya tha..,tu phuddi ka bacha hy kia,sexism_batch_007.csv,6,False,False,True,False,False,False,False,,True,3,Sexism,True,,0.932857871055603,0.9269603490829468,aaja tjhe phir se maza dun,0.932857871055603,True,,True,,,,
class3_batch008_sample021400,8,21400,3,Sexism,322400,326400,v3_original_demo_boundary_prompt,4-shot random authentic same-class,Shortlisted authentic RUHSOLD Sexism examples,40,teri bhosdi or boobs me parda mat kar...logo ko dekne de.dhake hoge to kaise pata chalega ki tu hijra nehi hai.   hijra kahi ki.,you are just girlfriend material no one wants wife like you. itna jism jo sirf admi apni bivi ka dekhta h  apka to sary jahan ne dekha h,aisi or kis kis ki lund par uchel uchel kar moja lati ghar me.,tu kyun ro rahe hai hijra? tera buddhe hijra to kamjor mard hai. uska kara nehi hota. 🤣🤣🤣🤣,oooo randi nawaz sharif,sexism_batch_008.csv,4,False,False,True,False,False,False,False,,True,3,Sexism,True,,0.8992396593093872,0.8870032429695129,randi hai to randi,0.8992396593093872,True,,True,,,,
class3_batch008_sample021405,8,21405,3,Sexism,322405,326405,v3_original_demo_boundary_prompt,4-shot random authentic same-class,Shortlisted authentic RUHSOLD Sexism examples,40,shazaib apni baji ko b bejna han aurat march ma agr itne he zruri hai to,aaaahhhhhh bhenchod.....jese tere is mangalsutra ki sahi jagah tere gale me nai balki mere mote kaale lund pr he.... vese hi tujh jesi chudakkad kuttiya ki jagah kewal mere pairo k niche he saali.... chal inbox me aa.....,"apko kehna chahye tha na mard hoon, na aurat hoo. main hijra hoon main hijra hoon, main parchi hoon, main defected hoon, main accidental chairman hoon.  #joker420","madum ap gharailo maon behno ki terha na blkeh on maon behno ki terha bhi nahi jo moaashrat main ghar sy bahir nikal ker apni , maan baap ki .belky pory moaashry ki izzat ka kgayal rekhti hain .ap oss catogary main ati hain .jisy rundi,jisy tawaif,fahasha, jisy badqar kehty hain",randi rona tu mar ja,sexism_batch_008.csv,5,False,False,True,False,False,False,False,,True,3,Sexism,True,,0.9450238943099976,0.9327205419540404,haha randi saali geeli hoae tu,0.9450238943099976,True,,True,,,,
class3_batch008_sample021412,8,21412,3,Sexism,322412,326412,v3_original_demo_boundary_prompt,4-shot random authentic same-class,Shortlisted authentic RUHSOLD Sexism examples,40,aur jesi ghatia aurat ke mun se ye bat achi ni lagti. logon ko garam karnay wali machine.,"apko kehna chahye tha na mard hoon, na aurat hoo. main hijra hoon main hijra hoon, main parchi hoon, main defected hoon, main accidental chairman hoon.  #joker420",apni behn ko bhejo gay na aurat march me??,aaaahhhhhh bhenchod.....jese tere is mangalsutra ki sahi jagah tere gale me nai balki mere mote kaale lund pr he.... vese hi tujh jesi chudakkad kuttiya ki jagah kewal mere pairo k niche he saali.... chal inbox me aa.....,ab ye aisi randi rona krte hain ke unke mard sath hona chahte hain,sexism_batch_008.csv,14,False,False,True,False,False,False,False,,True,3,Sexism,True,,0.9478799700737,0.9319792985916138,dekho tmhri sakhi randi naach kr rhi h r baad me randi rona krti h,0.9478799700737,True,,True,,,,
class3_batch008_sample021415,8,21415,3,Sexism,322415,326415,v3_original_demo_boundary_prompt,4-shot random authentic same-class,Shortlisted authentic RUHSOLD Sexism examples,40,ap ko mard banny ki acting pasand i? agr ni to hijra hi bany rahye sir ye mardo k kam hn hijro k ni.,#auratmarch2020 mera jism allah ki marzi.. allah ka to hukam ha tum char dewari me raho .. nd ya nikl k apni nimaish karna chahten,#stopauratbarbadimarch who are you for arguing our tradition and islamic manners you bluddy 2 takay ki aurat   .,dhoka khane k baad oska aitbar uth jata haa sbsee or dosre mard mai b interest ni rehta...ku k aurat jism k ley ni chahti jbk mard jism k ley chahta😌🙂,abe saale gashti....,sexism_batch_008.csv,3,False,False,True,False,False,False,False,,True,3,Sexism,True,,0.9278981685638428,0.902920424938202,chudai ho jati saali ki....,0.9278981685638428,True,,True,,,,
class3_batch008_sample021417,8,21417,3,Sexism,322417,326417,v3_original_demo_boundary_prompt,4-shot random authentic same-class,Shortlisted authentic RUHSOLD Sexism examples,40,tum jesi ghatia aurat ka kam hi ni hai media par.kisi kothhay pe ja aur ulta late ja ke.begherat,"yeh wesy koi bht e zyda ounchi nasal ki randi niqli h wesy , mtlb i can't even imagine koi bughaz or paisy k pechay itna b girr skta h, nehayat e nichly darjay ki baighairat aurat ho, aurat zaat ko b badnaam kea h isny apny wajood sy !! akhh thooo iski zaat pay",teri chut me sabhi bhaiyo ka lund reply de randi,we are supporting #islam and thank you #khalilurrahmanqamar for your beautiful comments against #gashti .  agar ye #aurat hoti to na me aesi zuban use krta aur na koi gairatmand #admi use krta.,tere jaise gashti ki aulad humein dikhany di hai,sexism_batch_008.csv,9,False,False,True,False,False,False,False,,True,3,Sexism,True,,0.9255885481834412,0.9203777313232422,aisi ghatia aurat hai na tu gero tu azlon ka begairat jai sath tu v,0.9255885481834412,True,,True,,,,
class3_batch008_sample021424,8,21424,3,Sexism,322424,326424,v3_original_demo_boundary_prompt,4-shot random authentic same-class,Shortlisted authentic RUHSOLD Sexism examples,40,apni behn ko bhejo gay na aurat march me??,bilo rani tumhari pehchan sirf or sirf hijra huna hai.. na mard,aaaahhhhhh bhenchod.....jese tere is mangalsutra ki sahi jagah tere gale me nai balki mere mote kaale lund pr he.... vese hi tujh jesi chudakkad kuttiya ki jagah kewal mere pairo k niche he saali.... chal inbox me aa.....,#stopauratbarbadimarch who are you for arguing our tradition and islamic manners you bluddy 2 takay ki aurat   .,"i am sorry but u are wrong 😂 randiyo ko bolne se koi problem nahi hai , tu ek bat yahi samjhae usmein humara sath bhi nahi hai",sexism_batch_008.csv,28,False,False,True,False,False,False,False,,True,3,Sexism,True,,0.9206501245498656,0.9030041694641112,aap keh rhi hai toh kuch soch kr hi keh rhi hongi mujhe sboot nhi chaiye ki aap randi ho 😁,0.9206501245498656,True,,True,,,,
class3_batch008_sample021430,8,21430,3,Sexism,322430,326430,v3_original_demo_boundary_prompt,4-shot random authentic same-class,Shortlisted authentic RUHSOLD Sexism examples,40,shazaib apni baji ko b bejna han aurat march ma agr itne he zruri hai to,teri bhosdi or boobs me parda mat kar...logo ko dekne de.dhake hoge to kaise pata chalega ki tu hijra nehi hai.   hijra kahi ki.,r mazy k bat mra jism wo auratn krti hn jin pr thokta bh koi nae.,apni behn ko bhejo gay na aurat march me??,teri maa ka yaar ha ye hijra,sexism_batch_008.csv,7,False,False,True,False,False,False,False,,True,3,Sexism,True,,0.9349147081375122,0.9251245260238647,teri ma ki saali raand ,0.9349147081375122,True,,False,Synthetic near-duplicate,class3_batch005_sample020988,0.9826269149780273,Earlier accepted Round 2 synthetic
class3_batch008_sample021435,8,21435,3,Sexism,322435,326435,v3_original_demo_boundary_prompt,4-shot random authentic same-class,Shortlisted authentic RUHSOLD Sexism examples,40,bilo rani tumhari pehchan sirf or sirf hijra huna hai.. na mard,agar aaj se 40 saal pehley isi tarha ke banner pakarh kar mera jism meri marzi waala naara aapki amma ne maara hota to aap is duniya main ye tweet karney ke liye maujood hi na hoteen 😑😑😑,aaaahhhhhh bhenchod.....jese tere is mangalsutra ki sahi jagah tere gale me nai balki mere mote kaale lund pr he.... vese hi tujh jesi chudakkad kuttiya ki jagah kewal mere pairo k niche he saali.... chal inbox me aa.....,acha tareka dhondha hai larkun ko ganda sabit karny ka but aesi neech harkat larkyan he kar sakti hain larky nahi.,bhenchod aurat ko randi ki paidaish hai,sexism_batch_008.csv,7,False,False,True,False,False,False,False,,True,3,Sexism,True,,0.9526098966598512,0.9284534454345704,benchod randi ke aur marege tumhe smajhe,0.9526098966598512,True,,True,,,,
class3_batch008_sample021437,8,21437,3,Sexism,322437,326437,v3_original_demo_boundary_prompt,4-shot random authentic same-class,Shortlisted authentic RUHSOLD Sexism examples,40,agar aaj se 40 saal pehley isi tarha ke banner pakarh kar mera jism meri marzi waala naara aapki amma ne maara hota to aap is duniya main ye tweet karney ke liye maujood hi na hoteen 😑😑😑,teri chut me sabhi bhaiyo ka lund reply de randi,aaaahhhhhh bhenchod.....jese tere is mangalsutra ki sahi jagah tere gale me nai balki mere mote kaale lund pr he.... vese hi tujh jesi chudakkad kuttiya ki jagah kewal mere pairo k niche he saali.... chal inbox me aa.....,bc ghar wale bhi soch rahe honge yeh kya system paida ho gya sala lagta programing galat ho gayi.... sabsi badi confusion iske liye ladka dhundheyge yaa ladki😉,koi aurat kisi randi ki nasal ko chod raha hai,sexism_batch_008.csv,10,False,False,True,False,False,False,False,,True,3,Sexism,True,,0.9558852910995485,0.9315282106399536,chutiye yahi hu gand teng kar apni randi ki nasal,0.9558852910995485,True,,True,,,,
class3_batch008_sample021439,8,21439,3,Sexism,322439,326439,v3_original_demo_boundary_prompt,4-shot random authentic same-class,Shortlisted authentic RUHSOLD Sexism examples,40,lalchi aurat paisa dekhti hai aur khandani aurat sirf sehrat dekhti hai,acha tareka dhondha hai larkun ko ganda sabit karny ka but aesi neech harkat larkyan he kar sakti hain larky nahi.,"madum ap gharailo maon behno ki terha na blkeh on maon behno ki terha bhi nahi jo moaashrat main ghar sy bahir nikal ker apni , maan baap ki .belky pory moaashry ki izzat ka kgayal rekhti hain .ap oss catogary main ati hain .jisy rundi,jisy tawaif,fahasha, jisy badqar kehty hain",teri bhosdi or boobs me parda mat kar...logo ko dekne de.dhake hoge to kaise pata chalega ki tu hijra nehi hai.   hijra kahi ki.,saali teri khusray ko hi milta hai yahan,sexism_batch_008.csv,8,False,False,True,False,False,False,False,,True,3,Sexism,True,,0.945708394050598,0.92483252286911,esiooo kooo khusrey hi miltey hen,0.945708394050598,True,,True,,,,
class3_batch008_sample021442,8,21442,3,Sexism,322442,326442,v3_original_demo_boundary_prompt,4-shot random authentic same-class,Shortlisted authentic RUHSOLD Sexism examples,40,your leader  is hijra that's why he is not living with his wife.,tu kyun ro rahe hai hijra? tera buddhe hijra to kamjor mard hai. uska kara nehi hota. 🤣🤣🤣🤣,phir larky beard ky bagiar khusray q lgty hain  wo bhi beard ky bagiar khubsurat lgny chahiye ?,"apko kehna chahye tha na mard hoon, na aurat hoo. main hijra hoon main hijra hoon, main parchi hoon, main defected hoon, main accidental chairman hoon.  #joker420","abe o chutiya , tu jesi hijra ki paidaish hogayi ha...",sexism_batch_008.csv,11,False,False,True,False,False,False,False,,True,3,Sexism,True,,0.9289960861206056,0.9183155298233032,woh tere baap aur behen hai... lekin tu to hijra paida hua hai,0.9289960861206056,True,,True,,,,
class3_batch008_sample021445,8,21445,3,Sexism,322445,326445,v3_original_demo_boundary_prompt,4-shot random authentic same-class,Shortlisted authentic RUHSOLD Sexism examples,40,transgander   madarchood   hijra tu aik bara khoota ha  haram zada,tum jesi ghatia aurat ka kam hi ni hai media par.kisi kothhay pe ja aur ulta late ja ke.begherat,roads pe lab coat b ap ki gender hi pehnti ha 😂,bc ghar wale bhi soch rahe honge yeh kya system paida ho gya sala lagta programing galat ho gayi.... sabsi badi confusion iske liye ladka dhundheyge yaa ladki😉,ye randi ki nasl ki maut thi,sexism_batch_008.csv,7,False,False,True,False,False,False,False,,True,3,Sexism,True,,0.9423678517341614,0.9353259801864624,chutiye yahi hu gand teng kar apni randi ki nasal,0.9423678517341614,True,,True,,,,
class3_batch008_sample021450,8,21450,3,Sexism,322450,326450,v3_original_demo_boundary_prompt,4-shot random authentic same-class,Shortlisted authentic RUHSOLD Sexism examples,40,"aurat ko islam nai galat lagta, ap log lagtay ho jo ye boltay hain k agar aurat ka rape hua to wo uski galtie usne sar par dupatta nai kiya us banday ki nahi wo bechara kesay control karay",your leader  is hijra that's why he is not living with his wife.,#stopauratbarbadimarch aurat ghr k andr hi achi lgti he yu sarkon par nikalna kisi bhi aurat ki izzat par daag lga skta he,tere jaise randiyo ki chudai ke liye to ham mard hain yaha pe,mujhe bhi pata ha aurat ki tarah koi aurat nai hota,sexism_batch_008.csv,11,False,False,True,False,False,False,False,,True,3,Sexism,True,,0.9408247470855712,0.9341155290603638,aap he bata do kitne mullo me halala kiya tha tumara,0.9408247470855712,True,,True,,,,
class3_batch008_sample021453,8,21453,3,Sexism,322453,326453,v3_original_demo_boundary_prompt,4-shot random authentic same-class,Shortlisted authentic RUHSOLD Sexism examples,40,tu kyun ro rahe hai hijra? tera buddhe hijra to kamjor mard hai. uska kara nehi hota. 🤣🤣🤣🤣,lalchi aurat paisa dekhti hai aur khandani aurat sirf sehrat dekhti hai,"aurat ko islam nai galat lagta, ap log lagtay ho jo ye boltay hain k agar aurat ka rape hua to wo uski galtie usne sar par dupatta nai kiya us banday ki nahi wo bechara kesay control karay","madum ap gharailo maon behno ki terha na blkeh on maon behno ki terha bhi nahi jo moaashrat main ghar sy bahir nikal ker apni , maan baap ki .belky pory moaashry ki izzat ka kgayal rekhti hain .ap oss catogary main ati hain .jisy rundi,jisy tawaif,fahasha, jisy badqar kehty hain",randi wali kya paidaish hai isko 😂,sexism_batch_008.csv,7,False,False,True,False,False,False,False,,True,3,Sexism,True,,0.9439109563827516,0.9332024455070496,aby han mn bhol gya ye to sasti randi hy 😂😂,0.9439109563827516,True,,True,,,,
class3_batch008_sample021454,8,21454,3,Sexism,322454,326454,v3_original_demo_boundary_prompt,4-shot random authentic same-class,Shortlisted authentic RUHSOLD Sexism examples,40,70 saal ka mard is better than a 30 year old hijra😅,teri chut me sabhi bhaiyo ka lund reply de randi,dhoka khane k baad oska aitbar uth jata haa sbsee or dosre mard mai b interest ni rehta...ku k aurat jism k ley ni chahti jbk mard jism k ley chahta😌🙂,ek randi larki ko itni pazeerai di hai. smjh se bahir hai,abe tu randi ki nasal hai😂😂,sexism_batch_008.csv,6,False,False,True,False,False,False,False,,True,3,Sexism,True,,0.9425770044326782,0.9292374849319458,sakal se hi randi lagti hai tu,0.9425770044326782,True,,True,,,,
class3_batch008_sample021455,8,21455,3,Sexism,322455,326455,v3_original_demo_boundary_prompt,4-shot random authentic same-class,Shortlisted authentic RUHSOLD Sexism examples,40,70 saal ka mard is better than a 30 year old hijra😅,lalchi aurat paisa dekhti hai aur khandani aurat sirf sehrat dekhti hai,"yeh wesy koi bht e zyda ounchi nasal ki randi niqli h wesy , mtlb i can't even imagine koi bughaz or paisy k pechay itna b girr skta h, nehayat e nichly darjay ki baighairat aurat ho, aurat zaat ko b badnaam kea h isny apny wajood sy !! akhh thooo iski zaat pay",muslim countries ki leaderships na mard napunsak or hijra hain.. in mein koi dum nahi.. ye kuch nahi kr sakty.. jinnah ki rooh tarapti hogi.. jinnah ne kashmir par attack ka order diya tha..,ab tu tere jaise randion ki jaan se chali gae 😂,sexism_batch_008.csv,11,False,False,True,False,False,False,False,,True,3,Sexism,True,,0.9430788159370422,0.9306175112724304,aby han mn bhol gya ye to sasti randi hy 😂😂,0.9430788159370422,True,,True,,,,
class3_batch008_sample021463,8,21463,3,Sexism,322463,326463,v3_original_demo_boundary_prompt,4-shot random authentic same-class,Shortlisted authentic RUHSOLD Sexism examples,40,shazaib apni baji ko b bejna han aurat march ma agr itne he zruri hai to,tere jaise randiyo ki chudai ke liye to ham mard hain yaha pe,#stopauratbarbadimarch aurat ghr k andr hi achi lgti he yu sarkon par nikalna kisi bhi aurat ki izzat par daag lga skta he,jin ko hizab se nafrat he wo nangi ho k ghoome koi in pe thooke ga bhi nahi  aurat khoobsurat pure libas me lagti he mawazna karlen,haan tu hijra hai?,sexism_batch_008.csv,4,False,False,True,False,False,False,False,,True,3,Sexism,True,,0.9552464485168456,0.9030026197433472,tu hijra hai,0.9552464485168456,True,,True,,,,
class3_batch008_sample021476,8,21476,3,Sexism,322476,326476,v3_original_demo_boundary_prompt,4-shot random authentic same-class,Shortlisted authentic RUHSOLD Sexism examples,40,agar aaj se 40 saal pehley isi tarha ke banner pakarh kar mera jism meri marzi waala naara aapki amma ne maara hota to aap is duniya main ye tweet karney ke liye maujood hi na hoteen 😑😑😑,tu kyun ro rahe hai hijra? tera buddhe hijra to kamjor mard hai. uska kara nehi hota. 🤣🤣🤣🤣,"ab iska sara credit har anchor le rha h jb k  rape,  ki asal jad h hi media jo mera jism.meri marzi,  hareem.shah , qandeel bloch , valentine day pe program krty hn phr rape hi hn gy",ap ko mard banny ki acting pasand i? agr ni to hijra hi bany rahye sir ye mardo k kam hn hijro k ni.,koi nahin yeh nanga randi ka bacha,sexism_batch_008.csv,7,False,False,True,False,False,False,False,,True,3,Sexism,True,,0.9566121101379396,0.9446954727172852,or tujhe kothe ki randi bna diya jaye,0.9566121101379396,True,,True,,,,
class3_batch008_sample021480,8,21480,3,Sexism,322480,326480,v3_original_demo_boundary_prompt,4-shot random authentic same-class,Shortlisted authentic RUHSOLD Sexism examples,40,you are just girlfriend material no one wants wife like you. itna jism jo sirf admi apni bivi ka dekhta h  apka to sary jahan ne dekha h,tu kyun ro rahe hai hijra? tera buddhe hijra to kamjor mard hai. uska kara nehi hota. 🤣🤣🤣🤣,apni behn ko bhejo gay na aurat march me??,aaaahhhhhh bhenchod.....jese tere is mangalsutra ki sahi jagah tere gale me nai balki mere mote kaale lund pr he.... vese hi tujh jesi chudakkad kuttiya ki jagah kewal mere pairo k niche he saali.... chal inbox me aa.....,wo tiktok se chod raha hai kisi randdi ke bache mein,sexism_batch_008.csv,11,False,False,True,False,False,False,False,,True,3,Sexism,True,,0.9362001419067384,0.9195514917373656,tik tok na achy bhla larka khusray bana diye hn,0.9362001419067384,True,,True,,,,
class3_batch008_sample021481,8,21481,3,Sexism,322481,326481,v3_original_demo_boundary_prompt,4-shot random authentic same-class,Shortlisted authentic RUHSOLD Sexism examples,40,ek randi larki ko itni pazeerai di hai. smjh se bahir hai,tu kyun ro rahe hai hijra? tera buddhe hijra to kamjor mard hai. uska kara nehi hota. 🤣🤣🤣🤣,#stopauratbarbadimarch who are you for arguing our tradition and islamic manners you bluddy 2 takay ki aurat   .,lalchi aurat paisa dekhti hai aur khandani aurat sirf sehrat dekhti hai,apko niklna chaye tha wo jo jhoot bolta ha... randi rona kabhi kar sakte ho,sexism_batch_008.csv,15,False,False,True,False,False,False,False,,True,3,Sexism,True,,0.945997714996338,0.9365832209587096,tu kyu apni maa chudwane aa jati hai... apne mulle ki apne ghar mein rakh ke chudwa le... randi,0.945997714996338,True,,True,,,,
class3_batch008_sample021482,8,21482,3,Sexism,322482,326482,v3_original_demo_boundary_prompt,4-shot random authentic same-class,Shortlisted authentic RUHSOLD Sexism examples,40,tu kyun ro rahe hai hijra? tera buddhe hijra to kamjor mard hai. uska kara nehi hota. 🤣🤣🤣🤣,original attitude boys ma hota ha aur fake girls ma,transgander   madarchood   hijra tu aik bara khoota ha  haram zada,shazaib apni baji ko b bejna han aurat march ma agr itne he zruri hai to,abe hijra chup kar,sexism_batch_008.csv,4,False,False,True,False,False,False,False,,True,3,Sexism,True,,0.9454579949378968,0.9216273427009584,hijra lag rhi hai,0.9454579949378968,True,,True,,,,
class3_batch008_sample021484,8,21484,3,Sexism,322484,326484,v3_original_demo_boundary_prompt,4-shot random authentic same-class,Shortlisted authentic RUHSOLD Sexism examples,40,your leader  is hijra that's why he is not living with his wife.,tum jesi ghatia aurat ka kam hi ni hai media par.kisi kothhay pe ja aur ulta late ja ke.begherat,randi kise kahte ha aap hi bata do? ye word ghatiya women ke liye hi use karta ha ab deepika ghatiya ha to randi hi bolenge na,roads pe lab coat b ap ki gender hi pehnti ha 😂,sahi hai mein aik mard ho aur hijra lag rha hai,sexism_batch_008.csv,11,False,False,True,False,False,False,False,,True,3,Sexism,True,,0.9301440119743348,0.9210782051086426,ye mard nai hijra lag raha vishal mera ko😂😂,0.9301440119743348,True,,True,,,,
class3_batch008_sample021488,8,21488,3,Sexism,322488,326488,v3_original_demo_boundary_prompt,4-shot random authentic same-class,Shortlisted authentic RUHSOLD Sexism examples,40,"madum ap gharailo maon behno ki terha na blkeh on maon behno ki terha bhi nahi jo moaashrat main ghar sy bahir nikal ker apni , maan baap ki .belky pory moaashry ki izzat ka kgayal rekhti hain .ap oss catogary main ati hain .jisy rundi,jisy tawaif,fahasha, jisy badqar kehty hain",muslim countries ki leaderships na mard napunsak or hijra hain.. in mein koi dum nahi.. ye kuch nahi kr sakty.. jinnah ki rooh tarapti hogi.. jinnah ne kashmir par attack ka order diya tha..,teri chut me sabhi bhaiyo ka lund reply de randi,aisi or kis kis ki lund par uchel uchel kar moja lati ghar me.,tumhari ammi ki randi,sexism_batch_008.csv,4,False,False,True,False,False,False,False,,True,3,Sexism,True,,0.9312807321548462,0.9103389978408812,randi gandi imran ki bandi,0.9312807321548462,True,,True,,,,
class3_batch008_sample021489,8,21489,3,Sexism,322489,326489,v3_original_demo_boundary_prompt,4-shot random authentic same-class,Shortlisted authentic RUHSOLD Sexism examples,40,agar aaj se 40 saal pehley isi tarha ke banner pakarh kar mera jism meri marzi waala naara aapki amma ne maara hota to aap is duniya main ye tweet karney ke liye maujood hi na hoteen 😑😑😑,aisi or kis kis ki lund par uchel uchel kar moja lati ghar me.,tum jesi ghatia aurat ka kam hi ni hai media par.kisi kothhay pe ja aur ulta late ja ke.begherat,bilo rani tumhari pehchan sirf or sirf hijra huna hai.. na mard,randi rona wali,sexism_batch_008.csv,3,False,False,True,False,False,False,False,,True,3,Sexism,True,,0.9442538022994996,0.9229092597961426,kuti randi,0.9442538022994996,True,,True,,,,
class3_batch008_sample021493,8,21493,3,Sexism,322493,326493,v3_original_demo_boundary_prompt,4-shot random authentic same-class,Shortlisted authentic RUHSOLD Sexism examples,40,"yeh wesy koi bht e zyda ounchi nasal ki randi niqli h wesy , mtlb i can't even imagine koi bughaz or paisy k pechay itna b girr skta h, nehayat e nichly darjay ki baighairat aurat ho, aurat zaat ko b badnaam kea h isny apny wajood sy !! akhh thooo iski zaat pay",tu kyun ro rahe hai hijra? tera buddhe hijra to kamjor mard hai. uska kara nehi hota. 🤣🤣🤣🤣,#stopauratbarbadimarch aurat ghr k andr hi achi lgti he yu sarkon par nikalna kisi bhi aurat ki izzat par daag lga skta he,jin ko hizab se nafrat he wo nangi ho k ghoome koi in pe thooke ga bhi nahi  aurat khoobsurat pure libas me lagti he mawazna karlen,abe chup kr de randi,sexism_batch_008.csv,5,False,False,True,False,False,False,False,,True,3,Sexism,True,,0.9363107681274414,0.9218319058418274,chup randi ki nasal,0.9363107681274414,True,,True,,,,
class3_batch008_sample021494,8,21494,3,Sexism,322494,326494,v3_original_demo_boundary_prompt,4-shot random authentic same-class,Shortlisted authentic RUHSOLD Sexism examples,40,r mazy k bat mra jism wo auratn krti hn jin pr thokta bh koi nae.,bilo rani tumhari pehchan sirf or sirf hijra huna hai.. na mard,"yeh wesy koi bht e zyda ounchi nasal ki randi niqli h wesy , mtlb i can't even imagine koi bughaz or paisy k pechay itna b girr skta h, nehayat e nichly darjay ki baighairat aurat ho, aurat zaat ko b badnaam kea h isny apny wajood sy !! akhh thooo iski zaat pay",jin ko hizab se nafrat he wo nangi ho k ghoome koi in pe thooke ga bhi nahi  aurat khoobsurat pure libas me lagti he mawazna karlen,kutty randi ki bachy,sexism_batch_008.csv,4,False,False,True,False,False,False,False,,True,3,Sexism,True,,0.906190037727356,0.8871027231216431,bhag bhsdki randi,0.906190037727356,True,,True,,,,
class3_batch008_sample021498,8,21498,3,Sexism,322498,326498,v3_original_demo_boundary_prompt,4-shot random authentic same-class,Shortlisted authentic RUHSOLD Sexism examples,40,lalchi aurat paisa dekhti hai aur khandani aurat sirf sehrat dekhti hai,ap ko mard banny ki acting pasand i? agr ni to hijra hi bany rahye sir ye mardo k kam hn hijro k ni.,aur jesi ghatia aurat ke mun se ye bat achi ni lagti. logon ko garam karnay wali machine.,#stopauratbarbadimarch who are you for arguing our tradition and islamic manners you bluddy 2 takay ki aurat   .,sahi ha nawaz sharif ko phir bhej dena chahiee jo hijra ha,sexism_batch_008.csv,12,False,False,True,False,False,False,False,,True,3,Sexism,True,,0.9475091099739076,0.9321983456611632,ye muh parde ke liye nhi chupaya  ye hijra hai es liye muh chupaya hai😜,0.9475091099739076,True,,True,,,,
class3_batch008_sample021502,8,21502,3,Sexism,322502,326502,v3_original_demo_boundary_prompt,4-shot random authentic same-class,Shortlisted authentic RUHSOLD Sexism examples,40,#auratmarch2020 mera jism allah ki marzi.. allah ka to hukam ha tum char dewari me raho .. nd ya nikl k apni nimaish karna chahten,r mazy k bat mra jism wo auratn krti hn jin pr thokta bh koi nae.,your leader  is hijra that's why he is not living with his wife.,muslim countries ki leaderships na mard napunsak or hijra hain.. in mein koi dum nahi.. ye kuch nahi kr sakty.. jinnah ki rooh tarapti hogi.. jinnah ne kashmir par attack ka order diya tha..,oye hijra charsi ko kia pata hai,sexism_batch_008.csv,7,False,False,True,False,False,False,False,,True,3,Sexism,True,,0.9436760544776917,0.9321985244750975,aby chal jahil hijra kahi ka,0.9436760544776917,True,,True,,,,
class3_batch008_sample021503,8,21503,3,Sexism,322503,326503,v3_original_demo_boundary_prompt,4-shot random authentic same-class,Shortlisted authentic RUHSOLD Sexism examples,40,tum jesi ghatia aurat ka kam hi ni hai media par.kisi kothhay pe ja aur ulta late ja ke.begherat,r mazy k bat mra jism wo auratn krti hn jin pr thokta bh koi nae.,70 saal ka mard is better than a 30 year old hijra😅,teri bhosdi or boobs me parda mat kar...logo ko dekne de.dhake hoge to kaise pata chalega ki tu hijra nehi hai.   hijra kahi ki.,ye randi se bachcha hai,sexism_batch_008.csv,5,False,False,True,False,False,False,False,,True,3,Sexism,True,,0.9404680728912354,0.930996298789978,randi hai to randi,0.9404680728912354,True,,True,,,,
class3_batch008_sample021506,8,21506,3,Sexism,322506,326506,v3_original_demo_boundary_prompt,4-shot random authentic same-class,Shortlisted authentic RUHSOLD Sexism examples,40,teri bhosdi or boobs me parda mat kar...logo ko dekne de.dhake hoge to kaise pata chalega ki tu hijra nehi hai.   hijra kahi ki.,bc ghar wale bhi soch rahe honge yeh kya system paida ho gya sala lagta programing galat ho gayi.... sabsi badi confusion iske liye ladka dhundheyge yaa ladki😉,jin ko hizab se nafrat he wo nangi ho k ghoome koi in pe thooke ga bhi nahi  aurat khoobsurat pure libas me lagti he mawazna karlen,you are just girlfriend material no one wants wife like you. itna jism jo sirf admi apni bivi ka dekhta h  apka to sary jahan ne dekha h,tmhri maa ki phudi parrwa rhy.,sexism_batch_008.csv,6,False,False,True,False,False,False,False,,True,3,Sexism,True,,0.9324374198913574,0.9275304675102234,tmhri baaaaay ka phuda maa lori ghasti,0.9324374198913574,True,,True,,,,
class3_batch008_sample021521,8,21521,3,Sexism,322521,326521,v3_original_demo_boundary_prompt,4-shot random authentic same-class,Shortlisted authentic RUHSOLD Sexism examples,40,we are supporting #islam and thank you #khalilurrahmanqamar for your beautiful comments against #gashti .  agar ye #aurat hoti to na me aesi zuban use krta aur na koi gairatmand #admi use krta.,original attitude boys ma hota ha aur fake girls ma,bilo rani tumhari pehchan sirf or sirf hijra huna hai.. na mard,agar aaj se 40 saal pehley isi tarha ke banner pakarh kar mera jism meri marzi waala naara aapki amma ne maara hota to aap is duniya main ye tweet karney ke liye maujood hi na hoteen 😑😑😑,randiyon ki bhi chutia,sexism_batch_008.csv,4,False,False,True,False,False,False,False,,True,3,Sexism,True,,0.9351595044136048,0.9239231944084167,bohat bari chutia ho tum randi ho bohat bari ho,0.9351595044136048,True,,True,,,,
class3_batch008_sample021524,8,21524,3,Sexism,322524,326524,v3_original_demo_boundary_prompt,4-shot random authentic same-class,Shortlisted authentic RUHSOLD Sexism examples,40,"madum ap gharailo maon behno ki terha na blkeh on maon behno ki terha bhi nahi jo moaashrat main ghar sy bahir nikal ker apni , maan baap ki .belky pory moaashry ki izzat ka kgayal rekhti hain .ap oss catogary main ati hain .jisy rundi,jisy tawaif,fahasha, jisy badqar kehty hain",#stopauratbarbadimarch aurat ghr k andr hi achi lgti he yu sarkon par nikalna kisi bhi aurat ki izzat par daag lga skta he,tere jaise randiyo ki chudai ke liye to ham mard hain yaha pe,roads pe lab coat b ap ki gender hi pehnti ha 😂,gashti aurat,sexism_batch_008.csv,2,False,False,True,False,False,False,False,,True,3,Sexism,True,,0.9036250114440918,0.8854856491088867,gashti no 1,0.9036250114440918,True,,True,,,,
class3_batch008_sample021531,8,21531,3,Sexism,322531,326531,v3_original_demo_boundary_prompt,4-shot random authentic same-class,Shortlisted authentic RUHSOLD Sexism examples,40,"apko kehna chahye tha na mard hoon, na aurat hoo. main hijra hoon main hijra hoon, main parchi hoon, main defected hoon, main accidental chairman hoon.  #joker420",muslim countries ki leaderships na mard napunsak or hijra hain.. in mein koi dum nahi.. ye kuch nahi kr sakty.. jinnah ki rooh tarapti hogi.. jinnah ne kashmir par attack ka order diya tha..,teri chut me sabhi bhaiyo ka lund reply de randi,#stopauratbarbadimarch who are you for arguing our tradition and islamic manners you bluddy 2 takay ki aurat   .,wtf happened to ur pics. u look like a hijra,sexism_batch_008.csv,10,False,False,True,False,False,False,False,,True,3,Sexism,True,,0.8850457668304443,0.8745779991149902,is that a bad thing? what if the person wearing the sari is a hijra?,0.8850457668304443,True,,True,,,,
class3_batch008_sample021536,8,21536,3,Sexism,322536,326536,v3_original_demo_boundary_prompt,4-shot random authentic same-class,Shortlisted authentic RUHSOLD Sexism examples,40,r mazy k bat mra jism wo auratn krti hn jin pr thokta bh koi nae.,acha tareka dhondha hai larkun ko ganda sabit karny ka but aesi neech harkat larkyan he kar sakti hain larky nahi.,apni behn ko bhejo gay na aurat march me??,#stopauratbarbadimarch who are you for arguing our tradition and islamic manners you bluddy 2 takay ki aurat   .,pakistan mein baat hai ab..! islamabad main aik hijra ka mazar hai...,sexism_batch_008.csv,12,False,False,True,False,False,False,False,,True,3,Sexism,True,,0.9163554906845092,0.9070301055908204,bilawal hijra hai hijra pakistan ki awam ko chahiye jahan ye hijra bilawal zardari fazlul rehman pmnl ki kuttay milien inko pakar kar mar mar k mar do,0.9163554906845092,True,,True,,,,
class3_batch008_sample021537,8,21537,3,Sexism,322537,326537,v3_original_demo_boundary_prompt,4-shot random authentic same-class,Shortlisted authentic RUHSOLD Sexism examples,40,#stopauratbarbadimarch aurat ghr k andr hi achi lgti he yu sarkon par nikalna kisi bhi aurat ki izzat par daag lga skta he,"madum ap gharailo maon behno ki terha na blkeh on maon behno ki terha bhi nahi jo moaashrat main ghar sy bahir nikal ker apni , maan baap ki .belky pory moaashry ki izzat ka kgayal rekhti hain .ap oss catogary main ati hain .jisy rundi,jisy tawaif,fahasha, jisy badqar kehty hain",jahiliyat ki v had hai ye apne ghar me slave ki tarh rahti hai aur bahar kutto jaise bhaunk rhi hai... shame on these ladies,original attitude boys ma hota ha aur fake girls ma,randi kutiya ki nasal,sexism_batch_008.csv,4,False,False,True,False,False,False,False,,True,3,Sexism,True,,0.9556710720062256,0.9217925071716307,chup randi ki nasal,0.9556710720062256,True,,True,,,,
class3_batch008_sample021539,8,21539,3,Sexism,322539,326539,v3_original_demo_boundary_prompt,4-shot random authentic same-class,Shortlisted authentic RUHSOLD Sexism examples,40,"aurat ko islam nai galat lagta, ap log lagtay ho jo ye boltay hain k agar aurat ka rape hua to wo uski galtie usne sar par dupatta nai kiya us banday ki nahi wo bechara kesay control karay",we are supporting #islam and thank you #khalilurrahmanqamar for your beautiful comments against #gashti .  agar ye #aurat hoti to na me aesi zuban use krta aur na koi gairatmand #admi use krta.,jahiliyat ki v had hai ye apne ghar me slave ki tarh rahti hai aur bahar kutto jaise bhaunk rhi hai... shame on these ladies,tere jaise randiyo ki chudai ke liye to ham mard hain yaha pe,gashti ki paidaish,sexism_batch_008.csv,3,False,False,True,False,False,False,False,,True,3,Sexism,True,,0.9333462715148926,0.9061790704727172,tu gandi gashti,0.9333462715148926,True,,True,,,,
class3_batch008_sample021542,8,21542,3,Sexism,322542,326542,v3_original_demo_boundary_prompt,4-shot random authentic same-class,Shortlisted authentic RUHSOLD Sexism examples,40,we are supporting #islam and thank you #khalilurrahmanqamar for your beautiful comments against #gashti .  agar ye #aurat hoti to na me aesi zuban use krta aur na koi gairatmand #admi use krta.,you are just girlfriend material no one wants wife like you. itna jism jo sirf admi apni bivi ka dekhta h  apka to sary jahan ne dekha h,tu kyun ro rahe hai hijra? tera buddhe hijra to kamjor mard hai. uska kara nehi hota. 🤣🤣🤣🤣,"ab iska sara credit har anchor le rha h jb k  rape,  ki asal jad h hi media jo mera jism.meri marzi,  hareem.shah , qandeel bloch , valentine day pe program krty hn phr rape hi hn gy",rt :  aise gashtiyon ko humara pata nahi ha ke unko kya baat ho rhi h..,sexism_batch_008.csv,16,False,False,True,False,False,False,False,,True,3,Sexism,True,,0.9185059666633606,0.9142610430717468,"gashti orat tujhy koi amreci ni mila abi tak jo teri garmi ko thik kry kise gashti maa ki baiti,",0.9185059666633606,True,,True,,,,
class3_batch008_sample021547,8,21547,3,Sexism,322547,326547,v3_original_demo_boundary_prompt,4-shot random authentic same-class,Shortlisted authentic RUHSOLD Sexism examples,40,ap ko mard banny ki acting pasand i? agr ni to hijra hi bany rahye sir ye mardo k kam hn hijro k ni.,phir larky beard ky bagiar khusray q lgty hain  wo bhi beard ky bagiar khubsurat lgny chahiye ?,"ab iska sara credit har anchor le rha h jb k  rape,  ki asal jad h hi media jo mera jism.meri marzi,  hareem.shah , qandeel bloch , valentine day pe program krty hn phr rape hi hn gy",dhoka khane k baad oska aitbar uth jata haa sbsee or dosre mard mai b interest ni rehta...ku k aurat jism k ley ni chahti jbk mard jism k ley chahta😌🙂,tu hijra na ho,sexism_batch_008.csv,4,False,False,True,False,False,False,False,,True,3,Sexism,True,,0.9542035460472108,0.918225646018982,tu hijra hai,0.9542035460472108,True,,True,,,,
class3_batch008_sample021549,8,21549,3,Sexism,322549,326549,v3_original_demo_boundary_prompt,4-shot random authentic same-class,Shortlisted authentic RUHSOLD Sexism examples,40,tu kyun ro rahe hai hijra? tera buddhe hijra to kamjor mard hai. uska kara nehi hota. 🤣🤣🤣🤣,teri bhosdi or boobs me parda mat kar...logo ko dekne de.dhake hoge to kaise pata chalega ki tu hijra nehi hai.   hijra kahi ki.,"aurat ko islam nai galat lagta, ap log lagtay ho jo ye boltay hain k agar aurat ka rape hua to wo uski galtie usne sar par dupatta nai kiya us banday ki nahi wo bechara kesay control karay",tum jesi ghatia aurat ka kam hi ni hai media par.kisi kothhay pe ja aur ulta late ja ke.begherat,abe randi apni duniya mein kahan laga hai,sexism_batch_008.csv,8,False,False,True,False,False,False,False,,True,3,Sexism,True,,0.9373369216918944,0.9334195852279664,chutiye yahi hu gand teng kar apni randi ki nasal,0.9373369216918944,True,,True,,,,
class3_batch008_sample021552,8,21552,3,Sexism,322552,326552,v3_original_demo_boundary_prompt,4-shot random authentic same-class,Shortlisted authentic RUHSOLD Sexism examples,40,dhoka khane k baad oska aitbar uth jata haa sbsee or dosre mard mai b interest ni rehta...ku k aurat jism k ley ni chahti jbk mard jism k ley chahta😌🙂,"apko kehna chahye tha na mard hoon, na aurat hoo. main hijra hoon main hijra hoon, main parchi hoon, main defected hoon, main accidental chairman hoon.  #joker420",acha tareka dhondha hai larkun ko ganda sabit karny ka but aesi neech harkat larkyan he kar sakti hain larky nahi.,apni behn ko bhejo gay na aurat march me??,ye randi ka bacha jo tu sahi bol raha ha,sexism_batch_008.csv,10,False,False,True,False,False,False,False,,True,3,Sexism,True,,0.9553922414779664,0.9414881467819214,bohat bari chutia ho tum randi ho bohat bari ho,0.9553922414779664,True,,True,,,,
class3_batch008_sample021556,8,21556,3,Sexism,322556,326556,v3_original_demo_boundary_prompt,4-shot random authentic same-class,Shortlisted authentic RUHSOLD Sexism examples,40,70 saal ka mard is better than a 30 year old hijra😅,"madum ap gharailo maon behno ki terha na blkeh on maon behno ki terha bhi nahi jo moaashrat main ghar sy bahir nikal ker apni , maan baap ki .belky pory moaashry ki izzat ka kgayal rekhti hain .ap oss catogary main ati hain .jisy rundi,jisy tawaif,fahasha, jisy badqar kehty hain",we are supporting #islam and thank you #khalilurrahmanqamar for your beautiful comments against #gashti .  agar ye #aurat hoti to na me aesi zuban use krta aur na koi gairatmand #admi use krta.,you are just girlfriend material no one wants wife like you. itna jism jo sirf admi apni bivi ka dekhta h  apka to sary jahan ne dekha h,ap ny phudi ko chupa diya tha 😂😂,sexism_batch_008.csv,8,False,False,True,False,False,False,False,,True,3,Sexism,True,,0.9466228485107422,0.9329522848129272,aby han mn bhol gya ye to sasti randi hy 😂😂,0.9466228485107422,True,,True,,,,
class3_batch008_sample021557,8,21557,3,Sexism,322557,326557,v3_original_demo_boundary_prompt,4-shot random authentic same-class,Shortlisted authentic RUHSOLD Sexism examples,40,#stopauratbarbadimarch aurat ghr k andr hi achi lgti he yu sarkon par nikalna kisi bhi aurat ki izzat par daag lga skta he,jahiliyat ki v had hai ye apne ghar me slave ki tarh rahti hai aur bahar kutto jaise bhaunk rhi hai... shame on these ladies,phir larky beard ky bagiar khusray q lgty hain  wo bhi beard ky bagiar khubsurat lgny chahiye ?,aur jesi ghatia aurat ke mun se ye bat achi ni lagti. logon ko garam karnay wali machine.,jb mard ka aaam nafrat hai tu randi ki naslain jab tak uska dil khush nahi hua tab tak hamari zindagi dhumas krte hain,sexism_batch_008.csv,24,False,False,True,False,False,False,False,,True,3,Sexism,True,,0.9170016050338744,0.9126350283622742,bhen chod tu asay hi bhonkti rahy gi.... tujhy pata kuch hai nhi bas randi k bachi yahan pti ki spport mein bhonkne aa jati hai....,0.9170016050338744,True,,True,,,,
class3_batch008_sample021566,8,21566,3,Sexism,322566,326566,v3_original_demo_boundary_prompt,4-shot random authentic same-class,Shortlisted authentic RUHSOLD Sexism examples,40,apni behn ko bhejo gay na aurat march me??,bilo rani tumhari pehchan sirf or sirf hijra huna hai.. na mard,jahiliyat ki v had hai ye apne ghar me slave ki tarh rahti hai aur bahar kutto jaise bhaunk rhi hai... shame on these ladies,aaaahhhhhh bhenchod.....jese tere is mangalsutra ki sahi jagah tere gale me nai balki mere mote kaale lund pr he.... vese hi tujh jesi chudakkad kuttiya ki jagah kewal mere pairo k niche he saali.... chal inbox me aa.....,abe randi kuta......,sexism_batch_008.csv,3,False,False,True,False,False,False,False,,True,3,Sexism,True,,0.9205951690673828,0.9062498807907104,kuti randi,0.9205951690673828,True,,True,,,,
class3_batch008_sample021570,8,21570,3,Sexism,322570,326570,v3_original_demo_boundary_prompt,4-shot random authentic same-class,Shortlisted authentic RUHSOLD Sexism examples,40,"apko kehna chahye tha na mard hoon, na aurat hoo. main hijra hoon main hijra hoon, main parchi hoon, main defected hoon, main accidental chairman hoon.  #joker420",we are supporting #islam and thank you #khalilurrahmanqamar for your beautiful comments against #gashti .  agar ye #aurat hoti to na me aesi zuban use krta aur na koi gairatmand #admi use krta.,roads pe lab coat b ap ki gender hi pehnti ha 😂,muslim countries ki leaderships na mard napunsak or hijra hain.. in mein koi dum nahi.. ye kuch nahi kr sakty.. jinnah ki rooh tarapti hogi.. jinnah ne kashmir par attack ka order diya tha..,rt :  gashti bhenchod,sexism_batch_008.csv,4,False,False,True,False,False,False,False,,True,3,Sexism,True,,0.8964297771453857,0.8799442052841187,rt : kabira bhenchod maan ja pls 🎶,0.8964297771453857,True,,True,,,,
class3_batch008_sample021578,8,21578,3,Sexism,322578,326578,v3_original_demo_boundary_prompt,4-shot random authentic same-class,Shortlisted authentic RUHSOLD Sexism examples,40,shazaib apni baji ko b bejna han aurat march ma agr itne he zruri hai to,roads pe lab coat b ap ki gender hi pehnti ha 😂,jahiliyat ki v had hai ye apne ghar me slave ki tarh rahti hai aur bahar kutto jaise bhaunk rhi hai... shame on these ladies,bilo rani tumhari pehchan sirf or sirf hijra huna hai.. na mard,oy chup kr randi ka beta,sexism_batch_008.csv,6,False,False,True,False,False,False,False,,True,3,Sexism,True,,0.94207102060318,0.9345593452453612,bohat bari chutia ho tum randi ho bohat bari ho,0.94207102060318,True,,True,,,,
class3_batch008_sample021580,8,21580,3,Sexism,322580,326580,v3_original_demo_boundary_prompt,4-shot random authentic same-class,Shortlisted authentic RUHSOLD Sexism examples,40,randi kise kahte ha aap hi bata do? ye word ghatiya women ke liye hi use karta ha ab deepika ghatiya ha to randi hi bolenge na,aur jesi ghatia aurat ke mun se ye bat achi ni lagti. logon ko garam karnay wali machine.,original attitude boys ma hota ha aur fake girls ma,70 saal ka mard is better than a 30 year old hijra😅,tumhari behno ki phudi hai na or aisa hi chor kar marne ka ghalat kam hoga,sexism_batch_008.csv,16,False,False,True,False,False,False,False,,True,3,Sexism,True,,0.939395308494568,0.9323955774307252,"lagta hai bauhat dard hoa hai kheeray ka abhi tumara abu mian sanp bhee marnay wala haramzadi, gashtee😁😁😁 randi salee",0.939395308494568,True,,True,,,,
class3_batch008_sample021581,8,21581,3,Sexism,322581,326581,v3_original_demo_boundary_prompt,4-shot random authentic same-class,Shortlisted authentic RUHSOLD Sexism examples,40,tum jesi ghatia aurat ka kam hi ni hai media par.kisi kothhay pe ja aur ulta late ja ke.begherat,"apko kehna chahye tha na mard hoon, na aurat hoo. main hijra hoon main hijra hoon, main parchi hoon, main defected hoon, main accidental chairman hoon.  #joker420",ek randi larki ko itni pazeerai di hai. smjh se bahir hai,"yeh wesy koi bht e zyda ounchi nasal ki randi niqli h wesy , mtlb i can't even imagine koi bughaz or paisy k pechay itna b girr skta h, nehayat e nichly darjay ki baighairat aurat ho, aurat zaat ko b badnaam kea h isny apny wajood sy !! akhh thooo iski zaat pay",randi rona kar le,sexism_batch_008.csv,4,False,False,True,False,False,False,False,,True,3,Sexism,True,,0.9321455955505372,0.92451810836792,randi tairi puuudddd,0.9321455955505372,True,,True,,,,
class3_batch008_sample021583,8,21583,3,Sexism,322583,326583,v3_original_demo_boundary_prompt,4-shot random authentic same-class,Shortlisted authentic RUHSOLD Sexism examples,40,ek randi larki ko itni pazeerai di hai. smjh se bahir hai,ap ko mard banny ki acting pasand i? agr ni to hijra hi bany rahye sir ye mardo k kam hn hijro k ni.,apni behn ko bhejo gay na aurat march me??,your leader  is hijra that's why he is not living with his wife.,sacha chutiya hijra ha tu,sexism_batch_008.csv,5,False,False,True,False,False,False,False,,True,3,Sexism,True,,0.942167580127716,0.9274908304214478,aby chal jahil hijra kahi ka,0.942167580127716,True,,True,,,,
class3_batch008_sample021584,8,21584,3,Sexism,322584,326584,v3_original_demo_boundary_prompt,4-shot random authentic same-class,Shortlisted authentic RUHSOLD Sexism examples,40,phir larky beard ky bagiar khusray q lgty hain  wo bhi beard ky bagiar khubsurat lgny chahiye ?,apni behn ko bhejo gay na aurat march me??,"aurat ko islam nai galat lagta, ap log lagtay ho jo ye boltay hain k agar aurat ka rape hua to wo uski galtie usne sar par dupatta nai kiya us banday ki nahi wo bechara kesay control karay","apko kehna chahye tha na mard hoon, na aurat hoo. main hijra hoon main hijra hoon, main parchi hoon, main defected hoon, main accidental chairman hoon.  #joker420","abe randi, tere jaisi aurat hi saali hai",sexism_batch_008.csv,8,False,False,True,False,False,False,False,,True,3,Sexism,True,,0.931416630744934,0.926558792591095,sakal se hi randi lagti hai tu,0.931416630744934,True,,True,,,,
class3_batch008_sample021586,8,21586,3,Sexism,322586,326586,v3_original_demo_boundary_prompt,4-shot random authentic same-class,Shortlisted authentic RUHSOLD Sexism examples,40,original attitude boys ma hota ha aur fake girls ma,apni behn ko bhejo gay na aurat march me??,your leader  is hijra that's why he is not living with his wife.,teri bhosdi or boobs me parda mat kar...logo ko dekne de.dhake hoge to kaise pata chalega ki tu hijra nehi hai.   hijra kahi ki.,"i don't want any girl , i like hijras",sexism_batch_008.csv,9,False,False,True,False,False,False,False,,True,3,Sexism,True,,0.8926651477813721,0.8535932302474976,he isnt worthy of a man. he is hijra,0.8926651477813721,True,,True,,,,
class3_batch008_sample021587,8,21587,3,Sexism,322587,326587,v3_original_demo_boundary_prompt,4-shot random authentic same-class,Shortlisted authentic RUHSOLD Sexism examples,40,shazaib apni baji ko b bejna han aurat march ma agr itne he zruri hai to,we are supporting #islam and thank you #khalilurrahmanqamar for your beautiful comments against #gashti .  agar ye #aurat hoti to na me aesi zuban use krta aur na koi gairatmand #admi use krta.,70 saal ka mard is better than a 30 year old hijra😅,muslim countries ki leaderships na mard napunsak or hijra hain.. in mein koi dum nahi.. ye kuch nahi kr sakty.. jinnah ki rooh tarapti hogi.. jinnah ne kashmir par attack ka order diya tha..,wo nhi jo gashti hai,sexism_batch_008.csv,5,False,False,True,False,False,False,False,,True,3,Sexism,True,,0.9326499700546264,0.9166434407234192,tu gandi gashti,0.9326499700546264,True,,True,,,,
class3_batch008_sample021592,8,21592,3,Sexism,322592,326592,v3_original_demo_boundary_prompt,4-shot random authentic same-class,Shortlisted authentic RUHSOLD Sexism examples,40,phir larky beard ky bagiar khusray q lgty hain  wo bhi beard ky bagiar khubsurat lgny chahiye ?,bc ghar wale bhi soch rahe honge yeh kya system paida ho gya sala lagta programing galat ho gayi.... sabsi badi confusion iske liye ladka dhundheyge yaa ladki😉,#stopauratbarbadimarch who are you for arguing our tradition and islamic manners you bluddy 2 takay ki aurat   .,#stopauratbarbadimarch aurat ghr k andr hi achi lgti he yu sarkon par nikalna kisi bhi aurat ki izzat par daag lga skta he,bhai tu to teri ma ko pata ha apne jesi hijra kuch nahi kr rha,sexism_batch_008.csv,15,False,False,True,False,False,False,False,,True,3,Sexism,True,,0.9410829544067384,0.9321269989013672,ye muh parde ke liye nhi chupaya  ye hijra hai es liye muh chupaya hai😜,0.9410829544067384,True,,True,,,,
class3_batch008_sample021595,8,21595,3,Sexism,322595,326595,v3_original_demo_boundary_prompt,4-shot random authentic same-class,Shortlisted authentic RUHSOLD Sexism examples,40,mard muhbt kr bhi ly tu aksar aurat he dhoka dy jati h usy 💔,jin ko hizab se nafrat he wo nangi ho k ghoome koi in pe thooke ga bhi nahi  aurat khoobsurat pure libas me lagti he mawazna karlen,we are supporting #islam and thank you #khalilurrahmanqamar for your beautiful comments against #gashti .  agar ye #aurat hoti to na me aesi zuban use krta aur na koi gairatmand #admi use krta.,muslim countries ki leaderships na mard napunsak or hijra hain.. in mein koi dum nahi.. ye kuch nahi kr sakty.. jinnah ki rooh tarapti hogi.. jinnah ne kashmir par attack ka order diya tha..,randi rona krwa lo,sexism_batch_008.csv,4,False,False,True,False,False,False,False,,True,3,Sexism,True,,0.935960292816162,0.9228733777999878,kuti randi,0.935960292816162,True,,True,,,,
class3_batch008_sample021596,8,21596,3,Sexism,322596,326596,v3_original_demo_boundary_prompt,4-shot random authentic same-class,Shortlisted authentic RUHSOLD Sexism examples,40,#auratmarch2020 mera jism allah ki marzi.. allah ka to hukam ha tum char dewari me raho .. nd ya nikl k apni nimaish karna chahten,transgander   madarchood   hijra tu aik bara khoota ha  haram zada,dhoka khane k baad oska aitbar uth jata haa sbsee or dosre mard mai b interest ni rehta...ku k aurat jism k ley ni chahti jbk mard jism k ley chahta😌🙂,your leader  is hijra that's why he is not living with his wife.,i mean how can you call someone hijra when they have nothing to do with it?,sexism_batch_008.csv,16,False,False,True,False,False,False,False,,True,3,Sexism,True,,0.8935352563858032,0.8584052324295044,is that a bad thing? what if the person wearing the sari is a hijra?,0.8935352563858032,True,,True,,,,
class3_batch008_sample021599,8,21599,3,Sexism,322599,326599,v3_original_demo_boundary_prompt,4-shot random authentic same-class,Shortlisted authentic RUHSOLD Sexism examples,40,jahiliyat ki v had hai ye apne ghar me slave ki tarh rahti hai aur bahar kutto jaise bhaunk rhi hai... shame on these ladies,tu kyun ro rahe hai hijra? tera buddhe hijra to kamjor mard hai. uska kara nehi hota. 🤣🤣🤣🤣,tum jesi ghatia aurat ka kam hi ni hai media par.kisi kothhay pe ja aur ulta late ja ke.begherat,tere jaise randiyo ki chudai ke liye to ham mard hain yaha pe,abe bhenchod tu hijra thodi to nahin hai na,sexism_batch_008.csv,9,False,False,True,False,False,False,False,,True,3,Sexism,True,,0.9488900899887084,0.9345448613166808,bala sahab nein aapko hijra bola hai,0.9488900899887084,True,,True,,,,
class3_batch009_sample021600,9,21600,3,Sexism,322600,326600,v3_original_demo_boundary_prompt,4-shot random authentic same-class,Shortlisted authentic RUHSOLD Sexism examples,40,shazaib apni baji ko b bejna han aurat march ma agr itne he zruri hai to,you are just girlfriend material no one wants wife like you. itna jism jo sirf admi apni bivi ka dekhta h  apka to sary jahan ne dekha h,ap ko mard banny ki acting pasand i? agr ni to hijra hi bany rahye sir ye mardo k kam hn hijro k ni.,randi kise kahte ha aap hi bata do? ye word ghatiya women ke liye hi use karta ha ab deepika ghatiya ha to randi hi bolenge na,rt : shazeb ko hijra banana chahiye thi,sexism_batch_009.csv,8,False,False,True,False,False,False,False,,True,3,Sexism,True,,0.911228597164154,0.8900963068008423,rt :   sonia ne aaj badla le liya balasaheb ke bete ko hijra banaa diya,0.911228597164154,True,,True,,,,
class3_batch009_sample021602,9,21602,3,Sexism,322602,326602,v3_original_demo_boundary_prompt,4-shot random authentic same-class,Shortlisted authentic RUHSOLD Sexism examples,40,bc ghar wale bhi soch rahe honge yeh kya system paida ho gya sala lagta programing galat ho gayi.... sabsi badi confusion iske liye ladka dhundheyge yaa ladki😉,muslim countries ki leaderships na mard napunsak or hijra hain.. in mein koi dum nahi.. ye kuch nahi kr sakty.. jinnah ki rooh tarapti hogi.. jinnah ne kashmir par attack ka order diya tha..,dhoka khane k baad oska aitbar uth jata haa sbsee or dosre mard mai b interest ni rehta...ku k aurat jism k ley ni chahti jbk mard jism k ley chahta😌🙂,original attitude boys ma hota ha aur fake girls ma,isse phir teri niklaui randi ko pata chaly ga,sexism_batch_009.csv,9,False,False,True,False,False,False,False,,True,3,Sexism,True,,0.9440399408340454,0.9367243051528932,chutiye yahi hu gand teng kar apni randi ki nasal,0.9440399408340454,True,,True,,,,
class3_batch009_sample021604,9,21604,3,Sexism,322604,326604,v3_original_demo_boundary_prompt,4-shot random authentic same-class,Shortlisted authentic RUHSOLD Sexism examples,40,teri chut me sabhi bhaiyo ka lund reply de randi,jahiliyat ki v had hai ye apne ghar me slave ki tarh rahti hai aur bahar kutto jaise bhaunk rhi hai... shame on these ladies,your leader  is hijra that's why he is not living with his wife.,tu kyun ro rahe hai hijra? tera buddhe hijra to kamjor mard hai. uska kara nehi hota. 🤣🤣🤣🤣,rt : hareem shah ki maa behno ke liye pakistan ki sari siyasat hogayi hai hijre ki,sexism_batch_009.csv,17,False,False,True,False,False,False,False,,True,3,Sexism,True,,0.8986930847167969,0.8824513554573059,rt : sala aik nawaz shareef pori judiciary ko hijra bana gaya...  #nbc #justiceforsaleinpakistan,0.8986930847167969,True,,True,,,,
class3_batch009_sample021607,9,21607,3,Sexism,322607,326607,v3_original_demo_boundary_prompt,4-shot random authentic same-class,Shortlisted authentic RUHSOLD Sexism examples,40,"ab iska sara credit har anchor le rha h jb k  rape,  ki asal jad h hi media jo mera jism.meri marzi,  hareem.shah , qandeel bloch , valentine day pe program krty hn phr rape hi hn gy",you are just girlfriend material no one wants wife like you. itna jism jo sirf admi apni bivi ka dekhta h  apka to sary jahan ne dekha h,agar aaj se 40 saal pehley isi tarha ke banner pakarh kar mera jism meri marzi waala naara aapki amma ne maara hota to aap is duniya main ye tweet karney ke liye maujood hi na hoteen 😑😑😑,70 saal ka mard is better than a 30 year old hijra😅,tum kyun socha ho randi ko samjhne ki zaroorat thi,sexism_batch_009.csv,10,False,False,True,False,False,False,False,,True,3,Sexism,True,,0.9397943615913392,0.9345344305038452,tm sbko apni trah randi bnana chahti ho,0.9397943615913392,True,,True,,,,
class3_batch009_sample021610,9,21610,3,Sexism,322610,326610,v3_original_demo_boundary_prompt,4-shot random authentic same-class,Shortlisted authentic RUHSOLD Sexism examples,40,we are supporting #islam and thank you #khalilurrahmanqamar for your beautiful comments against #gashti .  agar ye #aurat hoti to na me aesi zuban use krta aur na koi gairatmand #admi use krta.,#auratmarch2020 mera jism allah ki marzi.. allah ka to hukam ha tum char dewari me raho .. nd ya nikl k apni nimaish karna chahten,aaaahhhhhh bhenchod.....jese tere is mangalsutra ki sahi jagah tere gale me nai balki mere mote kaale lund pr he.... vese hi tujh jesi chudakkad kuttiya ki jagah kewal mere pairo k niche he saali.... chal inbox me aa.....,jahiliyat ki v had hai ye apne ghar me slave ki tarh rahti hai aur bahar kutto jaise bhaunk rhi hai... shame on these ladies,mujhe pata nahi kaisi aurat hai jo dushmano ko goli maarenge,sexism_batch_009.csv,11,False,False,True,False,False,False,False,,True,3,Sexism,True,,0.93352210521698,0.923580527305603,sale hijde kuch bhi gire nahi neeche warna teri maa chod dungi,0.93352210521698,True,,True,,,,
class3_batch009_sample021616,9,21616,3,Sexism,322616,326616,v3_original_demo_boundary_prompt,4-shot random authentic same-class,Shortlisted authentic RUHSOLD Sexism examples,40,bilo rani tumhari pehchan sirf or sirf hijra huna hai.. na mard,original attitude boys ma hota ha aur fake girls ma,70 saal ka mard is better than a 30 year old hijra😅,dhoka khane k baad oska aitbar uth jata haa sbsee or dosre mard mai b interest ni rehta...ku k aurat jism k ley ni chahti jbk mard jism k ley chahta😌🙂,nhi ab apni bahan ko hijra chahye,sexism_batch_009.csv,7,False,False,True,False,False,False,False,,True,3,Sexism,True,,0.950494945049286,0.9327375292778016,bala sahab nein aapko hijra bola hai,0.950494945049286,True,,True,,,,
class3_batch009_sample021617,9,21617,3,Sexism,322617,326617,v3_original_demo_boundary_prompt,4-shot random authentic same-class,Shortlisted authentic RUHSOLD Sexism examples,40,"aurat ko islam nai galat lagta, ap log lagtay ho jo ye boltay hain k agar aurat ka rape hua to wo uski galtie usne sar par dupatta nai kiya us banday ki nahi wo bechara kesay control karay",ek randi larki ko itni pazeerai di hai. smjh se bahir hai,aur jesi ghatia aurat ke mun se ye bat achi ni lagti. logon ko garam karnay wali machine.,#stopauratbarbadimarch aurat ghr k andr hi achi lgti he yu sarkon par nikalna kisi bhi aurat ki izzat par daag lga skta he,jinhe aurat march k bhi samajhta hai unko koi dusre bacho ne chup kr dena chahiy,sexism_batch_009.csv,16,False,False,True,False,False,False,False,,True,3,Sexism,True,,0.936016082763672,0.9123021960258484, shazaib apni baji ko b bejna han aurat march ma agr itne he zruri hai to,0.936016082763672,True,,True,,,,
class3_batch009_sample021618,9,21618,3,Sexism,322618,326618,v3_original_demo_boundary_prompt,4-shot random authentic same-class,Shortlisted authentic RUHSOLD Sexism examples,40,"yeh wesy koi bht e zyda ounchi nasal ki randi niqli h wesy , mtlb i can't even imagine koi bughaz or paisy k pechay itna b girr skta h, nehayat e nichly darjay ki baighairat aurat ho, aurat zaat ko b badnaam kea h isny apny wajood sy !! akhh thooo iski zaat pay",aur jesi ghatia aurat ke mun se ye bat achi ni lagti. logon ko garam karnay wali machine.,you are just girlfriend material no one wants wife like you. itna jism jo sirf admi apni bivi ka dekhta h  apka to sary jahan ne dekha h,#stopauratbarbadimarch who are you for arguing our tradition and islamic manners you bluddy 2 takay ki aurat   .,#auratmarch what about hijra march,sexism_batch_009.csv,5,False,False,True,False,False,False,False,,True,3,Sexism,True,,0.8678534626960754,0.8550471067428589,#stopauratbarbadimarch who are you for arguing our tradition and islamic manners you bluddy 2 takay ki aurat   .,0.8678534626960754,True,,True,,,,
class3_batch009_sample021621,9,21621,3,Sexism,322621,326621,v3_original_demo_boundary_prompt,4-shot random authentic same-class,Shortlisted authentic RUHSOLD Sexism examples,40,aur jesi ghatia aurat ke mun se ye bat achi ni lagti. logon ko garam karnay wali machine.,70 saal ka mard is better than a 30 year old hijra😅,phir larky beard ky bagiar khusray q lgty hain  wo bhi beard ky bagiar khubsurat lgny chahiye ?,bc ghar wale bhi soch rahe honge yeh kya system paida ho gya sala lagta programing galat ho gayi.... sabsi badi confusion iske liye ladka dhundheyge yaa ladki😉,bhenchod randiyo ki nasl,sexism_batch_009.csv,4,False,False,True,False,False,False,False,,True,3,Sexism,True,,0.9275252223014832,0.9193790555000304,benchod randi ke aur marege tumhe smajhe,0.9275252223014832,True,,False,Synthetic near-duplicate,class3_batch003_sample020572,0.9818142652511597,Round 1 accepted synthetic bank
class3_batch009_sample021623,9,21623,3,Sexism,322623,326623,v3_original_demo_boundary_prompt,4-shot random authentic same-class,Shortlisted authentic RUHSOLD Sexism examples,40,#auratmarch2020 mera jism allah ki marzi.. allah ka to hukam ha tum char dewari me raho .. nd ya nikl k apni nimaish karna chahten,r mazy k bat mra jism wo auratn krti hn jin pr thokta bh koi nae.,original attitude boys ma hota ha aur fake girls ma,tu kyun ro rahe hai hijra? tera buddhe hijra to kamjor mard hai. uska kara nehi hota. 🤣🤣🤣🤣,mery liye randi rona ki waja se aaj kal hi gharwaali hui hain,sexism_batch_009.csv,13,False,False,True,False,False,False,False,,True,3,Sexism,True,,0.9406275749206544,0.930772602558136,tere jaise randiyo ki chudai ke liye to ham mard hain yaha pe,0.9406275749206544,True,,True,,,,
class3_batch009_sample021629,9,21629,3,Sexism,322629,326629,v3_original_demo_boundary_prompt,4-shot random authentic same-class,Shortlisted authentic RUHSOLD Sexism examples,40,70 saal ka mard is better than a 30 year old hijra😅,"ab iska sara credit har anchor le rha h jb k  rape,  ki asal jad h hi media jo mera jism.meri marzi,  hareem.shah , qandeel bloch , valentine day pe program krty hn phr rape hi hn gy",muslim countries ki leaderships na mard napunsak or hijra hain.. in mein koi dum nahi.. ye kuch nahi kr sakty.. jinnah ki rooh tarapti hogi.. jinnah ne kashmir par attack ka order diya tha..,dhoka khane k baad oska aitbar uth jata haa sbsee or dosre mard mai b interest ni rehta...ku k aurat jism k ley ni chahti jbk mard jism k ley chahta😌🙂,i will marry my mom with you if u are a hijra 😂,sexism_batch_009.csv,13,False,False,True,False,False,False,False,,True,3,Sexism,True,,0.883276104927063,0.8661514520645142,70 saal ka mard is better than a 30 year old hijra😅,0.883276104927063,True,,True,,,,
class3_batch009_sample021632,9,21632,3,Sexism,322632,326632,v3_original_demo_boundary_prompt,4-shot random authentic same-class,Shortlisted authentic RUHSOLD Sexism examples,40,#stopauratbarbadimarch aurat ghr k andr hi achi lgti he yu sarkon par nikalna kisi bhi aurat ki izzat par daag lga skta he,aur jesi ghatia aurat ke mun se ye bat achi ni lagti. logon ko garam karnay wali machine.,tu kyun ro rahe hai hijra? tera buddhe hijra to kamjor mard hai. uska kara nehi hota. 🤣🤣🤣🤣,70 saal ka mard is better than a 30 year old hijra😅,wo hijra tha na,sexism_batch_009.csv,4,False,False,True,False,False,False,False,,True,3,Sexism,True,,0.9469784498214722,0.9226861000061036,hijra lag rhi hai,0.9469784498214722,True,,True,,,,
class3_batch009_sample021634,9,21634,3,Sexism,322634,326634,v3_original_demo_boundary_prompt,4-shot random authentic same-class,Shortlisted authentic RUHSOLD Sexism examples,40,bilo rani tumhari pehchan sirf or sirf hijra huna hai.. na mard,ap ko mard banny ki acting pasand i? agr ni to hijra hi bany rahye sir ye mardo k kam hn hijro k ni.,#stopauratbarbadimarch who are you for arguing our tradition and islamic manners you bluddy 2 takay ki aurat   .,aur jesi ghatia aurat ke mun se ye bat achi ni lagti. logon ko garam karnay wali machine.,acha... randi k bachy wo hmara ha jo hamne 400 saal phele yahan pakistan bana dia hai....,sexism_batch_009.csv,17,False,False,True,False,False,False,False,,True,3,Sexism,True,,0.9057378172874452,0.9018629789352416,bhen chod tu asay hi bhonkti rahy gi.... tujhy pata kuch hai nhi bas randi k bachi yahan pti ki spport mein bhonkne aa jati hai....,0.9057378172874452,True,,True,,,,
class3_batch009_sample021638,9,21638,3,Sexism,322638,326638,v3_original_demo_boundary_prompt,4-shot random authentic same-class,Shortlisted authentic RUHSOLD Sexism examples,40,your leader  is hijra that's why he is not living with his wife.,you are just girlfriend material no one wants wife like you. itna jism jo sirf admi apni bivi ka dekhta h  apka to sary jahan ne dekha h,muslim countries ki leaderships na mard napunsak or hijra hain.. in mein koi dum nahi.. ye kuch nahi kr sakty.. jinnah ki rooh tarapti hogi.. jinnah ne kashmir par attack ka order diya tha..,transgander   madarchood   hijra tu aik bara khoota ha  haram zada,abay hijra teri maa chod do tum,sexism_batch_009.csv,7,False,False,True,False,False,False,False,,True,3,Sexism,True,,0.9450992345809937,0.9291366338729858,yahi hijra teri maa per charha to tu peda hua,0.9450992345809937,True,,True,,,,
class3_batch009_sample021641,9,21641,3,Sexism,322641,326641,v3_original_demo_boundary_prompt,4-shot random authentic same-class,Shortlisted authentic RUHSOLD Sexism examples,40,r mazy k bat mra jism wo auratn krti hn jin pr thokta bh koi nae.,teri bhosdi or boobs me parda mat kar...logo ko dekne de.dhake hoge to kaise pata chalega ki tu hijra nehi hai.   hijra kahi ki.,acha tareka dhondha hai larkun ko ganda sabit karny ka but aesi neech harkat larkyan he kar sakti hain larky nahi.,tere jaise randiyo ki chudai ke liye to ham mard hain yaha pe,bc mujhe nai paata esay hi tu hijra ho,sexism_batch_009.csv,9,False,False,True,False,False,False,False,,True,3,Sexism,True,,0.9468338489532472,0.9330987930297852,yahi hijra teri maa per charha to tu peda hua,0.9468338489532472,True,,True,,,,
class3_batch009_sample021642,9,21642,3,Sexism,322642,326642,v3_original_demo_boundary_prompt,4-shot random authentic same-class,Shortlisted authentic RUHSOLD Sexism examples,40,phir larky beard ky bagiar khusray q lgty hain  wo bhi beard ky bagiar khubsurat lgny chahiye ?,bilo rani tumhari pehchan sirf or sirf hijra huna hai.. na mard,mard muhbt kr bhi ly tu aksar aurat he dhoka dy jati h usy 💔,"ab iska sara credit har anchor le rha h jb k  rape,  ki asal jad h hi media jo mera jism.meri marzi,  hareem.shah , qandeel bloch , valentine day pe program krty hn phr rape hi hn gy",abey randi kutta,sexism_batch_009.csv,3,False,False,True,False,False,False,False,,True,3,Sexism,True,,0.895430326461792,0.8904668688774109,randi hai to randi,0.895430326461792,True,,False,Synthetic near-duplicate,class3_batch006_sample021182,0.9802291393280029,Earlier accepted Round 2 synthetic
class3_batch009_sample021643,9,21643,3,Sexism,322643,326643,v3_original_demo_boundary_prompt,4-shot random authentic same-class,Shortlisted authentic RUHSOLD Sexism examples,40,jin ko hizab se nafrat he wo nangi ho k ghoome koi in pe thooke ga bhi nahi  aurat khoobsurat pure libas me lagti he mawazna karlen,we are supporting #islam and thank you #khalilurrahmanqamar for your beautiful comments against #gashti .  agar ye #aurat hoti to na me aesi zuban use krta aur na koi gairatmand #admi use krta.,aisi or kis kis ki lund par uchel uchel kar moja lati ghar me.,"apko kehna chahye tha na mard hoon, na aurat hoo. main hijra hoon main hijra hoon, main parchi hoon, main defected hoon, main accidental chairman hoon.  #joker420",abe randi kya chutiye ho tum log?,sexism_batch_009.csv,7,False,False,True,False,False,False,False,,True,3,Sexism,True,,0.93735271692276,0.921116828918457,tu bhi kyu nahi jal gayi saath mein randi ?,0.93735271692276,True,,True,,,,
class3_batch009_sample021649,9,21649,3,Sexism,322649,326649,v3_original_demo_boundary_prompt,4-shot random authentic same-class,Shortlisted authentic RUHSOLD Sexism examples,40,aisi or kis kis ki lund par uchel uchel kar moja lati ghar me.,we are supporting #islam and thank you #khalilurrahmanqamar for your beautiful comments against #gashti .  agar ye #aurat hoti to na me aesi zuban use krta aur na koi gairatmand #admi use krta.,tere jaise randiyo ki chudai ke liye to ham mard hain yaha pe,apni behn ko bhejo gay na aurat march me??,rt : i am proud of my brother who is a hijra,sexism_batch_009.csv,12,False,False,True,False,False,False,False,,True,3,Sexism,True,,0.8762484192848206,0.8481788635253906,bro seriously you made you slogan that you are a hijra bts are proud of you 😂😂😂🤘🤘🤘🤘,0.8762484192848206,True,,True,,,,
class3_batch009_sample021650,9,21650,3,Sexism,322650,326650,v3_original_demo_boundary_prompt,4-shot random authentic same-class,Shortlisted authentic RUHSOLD Sexism examples,40,phir larky beard ky bagiar khusray q lgty hain  wo bhi beard ky bagiar khubsurat lgny chahiye ?,bc ghar wale bhi soch rahe honge yeh kya system paida ho gya sala lagta programing galat ho gayi.... sabsi badi confusion iske liye ladka dhundheyge yaa ladki😉,r mazy k bat mra jism wo auratn krti hn jin pr thokta bh koi nae.,"madum ap gharailo maon behno ki terha na blkeh on maon behno ki terha bhi nahi jo moaashrat main ghar sy bahir nikal ker apni , maan baap ki .belky pory moaashry ki izzat ka kgayal rekhti hain .ap oss catogary main ati hain .jisy rundi,jisy tawaif,fahasha, jisy badqar kehty hain",chup kr sasti randi,sexism_batch_009.csv,4,False,False,True,False,False,False,False,,True,3,Sexism,True,,0.9462298154830932,0.9193832278251648,chup randi ki nasal,0.9462298154830932,True,,True,,,,
class3_batch009_sample021653,9,21653,3,Sexism,322653,326653,v3_original_demo_boundary_prompt,4-shot random authentic same-class,Shortlisted authentic RUHSOLD Sexism examples,40,aaaahhhhhh bhenchod.....jese tere is mangalsutra ki sahi jagah tere gale me nai balki mere mote kaale lund pr he.... vese hi tujh jesi chudakkad kuttiya ki jagah kewal mere pairo k niche he saali.... chal inbox me aa.....,jin ko hizab se nafrat he wo nangi ho k ghoome koi in pe thooke ga bhi nahi  aurat khoobsurat pure libas me lagti he mawazna karlen,#stopauratbarbadimarch who are you for arguing our tradition and islamic manners you bluddy 2 takay ki aurat   .,tere jaise randiyo ki chudai ke liye to ham mard hain yaha pe,ohh..chutiye...randi rona mat karte...,sexism_batch_009.csv,4,False,False,True,False,False,False,False,,True,3,Sexism,True,,0.9329096674919128,0.9113699793815612,hi kutia... randi ban k chudegi.  ya bhabhi,0.9329096674919128,True,,True,,,,
class3_batch009_sample021656,9,21656,3,Sexism,322656,326656,v3_original_demo_boundary_prompt,4-shot random authentic same-class,Shortlisted authentic RUHSOLD Sexism examples,40,apni behn ko bhejo gay na aurat march me??,acha tareka dhondha hai larkun ko ganda sabit karny ka but aesi neech harkat larkyan he kar sakti hain larky nahi.,shazaib apni baji ko b bejna han aurat march ma agr itne he zruri hai to,phir larky beard ky bagiar khusray q lgty hain  wo bhi beard ky bagiar khubsurat lgny chahiye ?,yeh pata nahi hoga koi hijra kabse hiya hua ha,sexism_batch_009.csv,10,False,False,True,False,False,False,False,,True,3,Sexism,True,,0.9367153644561768,0.9191858172416688,billi nahi in sab ko hijra bana dia ha. sab choutia hain,0.9367153644561768,True,,True,,,,
class3_batch009_sample021663,9,21663,3,Sexism,322663,326663,v3_original_demo_boundary_prompt,4-shot random authentic same-class,Shortlisted authentic RUHSOLD Sexism examples,40,jin ko hizab se nafrat he wo nangi ho k ghoome koi in pe thooke ga bhi nahi  aurat khoobsurat pure libas me lagti he mawazna karlen,#stopauratbarbadimarch who are you for arguing our tradition and islamic manners you bluddy 2 takay ki aurat   .,you are just girlfriend material no one wants wife like you. itna jism jo sirf admi apni bivi ka dekhta h  apka to sary jahan ne dekha h,muslim countries ki leaderships na mard napunsak or hijra hain.. in mein koi dum nahi.. ye kuch nahi kr sakty.. jinnah ki rooh tarapti hogi.. jinnah ne kashmir par attack ka order diya tha..,oh my god i am so angry how can u do this? randi,sexism_batch_009.csv,13,False,False,True,False,False,False,False,,True,3,Sexism,True,,0.8843446969985962,0.8572753667831421,shut up randi please shut up ,0.8843446969985962,True,,True,,,,
class3_batch009_sample021666,9,21666,3,Sexism,322666,326666,v3_original_demo_boundary_prompt,4-shot random authentic same-class,Shortlisted authentic RUHSOLD Sexism examples,40,r mazy k bat mra jism wo auratn krti hn jin pr thokta bh koi nae.,you are just girlfriend material no one wants wife like you. itna jism jo sirf admi apni bivi ka dekhta h  apka to sary jahan ne dekha h,bilo rani tumhari pehchan sirf or sirf hijra huna hai.. na mard,mard muhbt kr bhi ly tu aksar aurat he dhoka dy jati h usy 💔,chup ho ja apko randi,sexism_batch_009.csv,5,False,False,True,False,False,False,False,,True,3,Sexism,True,,0.9467172622680664,0.9298596382141112,chup randi ki nasal,0.9467172622680664,True,,True,,,,
class3_batch009_sample021667,9,21667,3,Sexism,322667,326667,v3_original_demo_boundary_prompt,4-shot random authentic same-class,Shortlisted authentic RUHSOLD Sexism examples,40,lalchi aurat paisa dekhti hai aur khandani aurat sirf sehrat dekhti hai,jahiliyat ki v had hai ye apne ghar me slave ki tarh rahti hai aur bahar kutto jaise bhaunk rhi hai... shame on these ladies,teri bhosdi or boobs me parda mat kar...logo ko dekne de.dhake hoge to kaise pata chalega ki tu hijra nehi hai.   hijra kahi ki.,r mazy k bat mra jism wo auratn krti hn jin pr thokta bh koi nae.,tu hijra ha.,sexism_batch_009.csv,3,False,False,True,False,False,False,False,,True,3,Sexism,True,,0.9428880214691162,0.9087719917297364,tu hijra hai,0.9428880214691162,True,,True,,,,
class3_batch009_sample021678,9,21678,3,Sexism,322678,326678,v3_original_demo_boundary_prompt,4-shot random authentic same-class,Shortlisted authentic RUHSOLD Sexism examples,40,70 saal ka mard is better than a 30 year old hijra😅,teri bhosdi or boobs me parda mat kar...logo ko dekne de.dhake hoge to kaise pata chalega ki tu hijra nehi hai.   hijra kahi ki.,#stopauratbarbadimarch who are you for arguing our tradition and islamic manners you bluddy 2 takay ki aurat   .,mard muhbt kr bhi ly tu aksar aurat he dhoka dy jati h usy 💔,😂😂😂  ajeeb hi hijra ho tum,sexism_batch_009.csv,6,False,False,True,False,False,False,False,,True,3,Sexism,True,,0.9433598518371582,0.930841624736786,aby chal jahil hijra kahi ka,0.9433598518371582,True,,True,,,,
class3_batch009_sample021681,9,21681,3,Sexism,322681,326681,v3_original_demo_boundary_prompt,4-shot random authentic same-class,Shortlisted authentic RUHSOLD Sexism examples,40,"ab iska sara credit har anchor le rha h jb k  rape,  ki asal jad h hi media jo mera jism.meri marzi,  hareem.shah , qandeel bloch , valentine day pe program krty hn phr rape hi hn gy",ek randi larki ko itni pazeerai di hai. smjh se bahir hai,tere jaise randiyo ki chudai ke liye to ham mard hain yaha pe,apni behn ko bhejo gay na aurat march me??,rt : aik hi randi saali ha,sexism_batch_009.csv,7,False,False,True,False,False,False,False,,True,3,Sexism,True,,0.923552393913269,0.9130595922470092,randi hai saali,0.923552393913269,True,,True,,,,
class3_batch009_sample021683,9,21683,3,Sexism,322683,326683,v3_original_demo_boundary_prompt,4-shot random authentic same-class,Shortlisted authentic RUHSOLD Sexism examples,40,muslim countries ki leaderships na mard napunsak or hijra hain.. in mein koi dum nahi.. ye kuch nahi kr sakty.. jinnah ki rooh tarapti hogi.. jinnah ne kashmir par attack ka order diya tha..,tu kyun ro rahe hai hijra? tera buddhe hijra to kamjor mard hai. uska kara nehi hota. 🤣🤣🤣🤣,apni behn ko bhejo gay na aurat march me??,"aurat ko islam nai galat lagta, ap log lagtay ho jo ye boltay hain k agar aurat ka rape hua to wo uski galtie usne sar par dupatta nai kiya us banday ki nahi wo bechara kesay control karay",ye hijra hai..,sexism_batch_009.csv,3,False,False,True,False,False,False,False,,True,3,Sexism,True,,0.9479037523269652,0.9138553738594056,hijra lag rhi hai,0.9479037523269652,True,,True,,,,
class3_batch009_sample021686,9,21686,3,Sexism,322686,326686,v3_original_demo_boundary_prompt,4-shot random authentic same-class,Shortlisted authentic RUHSOLD Sexism examples,40,#auratmarch2020 mera jism allah ki marzi.. allah ka to hukam ha tum char dewari me raho .. nd ya nikl k apni nimaish karna chahten,you are just girlfriend material no one wants wife like you. itna jism jo sirf admi apni bivi ka dekhta h  apka to sary jahan ne dekha h,we are supporting #islam and thank you #khalilurrahmanqamar for your beautiful comments against #gashti .  agar ye #aurat hoti to na me aesi zuban use krta aur na koi gairatmand #admi use krta.,70 saal ka mard is better than a 30 year old hijra😅,rt : hijra,sexism_batch_009.csv,3,False,False,True,False,False,False,False,,True,3,Sexism,True,,0.9000930786132812,0.8720440864562988,says a hijra,0.9000930786132812,True,,True,,,,
class3_batch009_sample021687,9,21687,3,Sexism,322687,326687,v3_original_demo_boundary_prompt,4-shot random authentic same-class,Shortlisted authentic RUHSOLD Sexism examples,40,randi kise kahte ha aap hi bata do? ye word ghatiya women ke liye hi use karta ha ab deepika ghatiya ha to randi hi bolenge na,you are just girlfriend material no one wants wife like you. itna jism jo sirf admi apni bivi ka dekhta h  apka to sary jahan ne dekha h,shazaib apni baji ko b bejna han aurat march ma agr itne he zruri hai to,tum jesi ghatia aurat ka kam hi ni hai media par.kisi kothhay pe ja aur ulta late ja ke.begherat,ye tu bhi randi ki nasal,sexism_batch_009.csv,6,False,False,True,False,False,False,False,,True,3,Sexism,True,,0.9381120800971984,0.9296337962150574,haha randi saali geeli hoae tu,0.9381120800971984,True,,True,,,,
class3_batch009_sample021697,9,21697,3,Sexism,322697,326697,v3_original_demo_boundary_prompt,4-shot random authentic same-class,Shortlisted authentic RUHSOLD Sexism examples,40,jin ko hizab se nafrat he wo nangi ho k ghoome koi in pe thooke ga bhi nahi  aurat khoobsurat pure libas me lagti he mawazna karlen,"yeh wesy koi bht e zyda ounchi nasal ki randi niqli h wesy , mtlb i can't even imagine koi bughaz or paisy k pechay itna b girr skta h, nehayat e nichly darjay ki baighairat aurat ho, aurat zaat ko b badnaam kea h isny apny wajood sy !! akhh thooo iski zaat pay",bc ghar wale bhi soch rahe honge yeh kya system paida ho gya sala lagta programing galat ho gayi.... sabsi badi confusion iske liye ladka dhundheyge yaa ladki😉,tu kyun ro rahe hai hijra? tera buddhe hijra to kamjor mard hai. uska kara nehi hota. 🤣🤣🤣🤣,chup kar rundi 😂,sexism_batch_009.csv,4,False,False,True,False,False,False,False,,True,3,Sexism,True,,0.9361017942428588,0.9209153056144714,kali kuti rundi pudi,0.9361017942428588,True,,True,,,,
class3_batch009_sample021698,9,21698,3,Sexism,322698,326698,v3_original_demo_boundary_prompt,4-shot random authentic same-class,Shortlisted authentic RUHSOLD Sexism examples,40,jin ko hizab se nafrat he wo nangi ho k ghoome koi in pe thooke ga bhi nahi  aurat khoobsurat pure libas me lagti he mawazna karlen,mard muhbt kr bhi ly tu aksar aurat he dhoka dy jati h usy 💔,tum jesi ghatia aurat ka kam hi ni hai media par.kisi kothhay pe ja aur ulta late ja ke.begherat,aur jesi ghatia aurat ke mun se ye bat achi ni lagti. logon ko garam karnay wali machine.,sahi baat ha ghatia kya hota ha aurat,sexism_batch_009.csv,8,False,False,True,False,False,False,False,,True,3,Sexism,True,,0.9428144097328186,0.9304298162460328,aao bhabhi safaai aur chudai dono karta hoon,0.9428144097328186,True,,True,,,,
class3_batch009_sample021699,9,21699,3,Sexism,322699,326699,v3_original_demo_boundary_prompt,4-shot random authentic same-class,Shortlisted authentic RUHSOLD Sexism examples,40,acha tareka dhondha hai larkun ko ganda sabit karny ka but aesi neech harkat larkyan he kar sakti hain larky nahi.,you are just girlfriend material no one wants wife like you. itna jism jo sirf admi apni bivi ka dekhta h  apka to sary jahan ne dekha h,"aurat ko islam nai galat lagta, ap log lagtay ho jo ye boltay hain k agar aurat ka rape hua to wo uski galtie usne sar par dupatta nai kiya us banday ki nahi wo bechara kesay control karay",dhoka khane k baad oska aitbar uth jata haa sbsee or dosre mard mai b interest ni rehta...ku k aurat jism k ley ni chahti jbk mard jism k ley chahta😌🙂,randi hai tum,sexism_batch_009.csv,3,False,False,True,False,False,False,False,,True,3,Sexism,True,,0.9668049216270448,0.93971985578537,randi ho tum,0.9668049216270448,True,,True,,,,
class3_batch009_sample021705,9,21705,3,Sexism,322705,326705,v3_original_demo_boundary_prompt,4-shot random authentic same-class,Shortlisted authentic RUHSOLD Sexism examples,40,teri chut me sabhi bhaiyo ka lund reply de randi,bc ghar wale bhi soch rahe honge yeh kya system paida ho gya sala lagta programing galat ho gayi.... sabsi badi confusion iske liye ladka dhundheyge yaa ladki😉,tu kyun ro rahe hai hijra? tera buddhe hijra to kamjor mard hai. uska kara nehi hota. 🤣🤣🤣🤣,original attitude boys ma hota ha aur fake girls ma,bc tu kuch nai kehta hijra hai na. ab ye saali jaisa bhenchod hi goli maaro,sexism_batch_009.csv,16,False,False,True,False,False,False,False,,True,3,Sexism,True,,0.9274372458457948,0.9186474680900574,ye muh parde ke liye nhi chupaya  ye hijra hai es liye muh chupaya hai😜,0.9274372458457948,True,,True,,,,
class3_batch009_sample021712,9,21712,3,Sexism,322712,326712,v3_original_demo_boundary_prompt,4-shot random authentic same-class,Shortlisted authentic RUHSOLD Sexism examples,40,teri chut me sabhi bhaiyo ka lund reply de randi,#stopauratbarbadimarch who are you for arguing our tradition and islamic manners you bluddy 2 takay ki aurat   .,phir larky beard ky bagiar khusray q lgty hain  wo bhi beard ky bagiar khubsurat lgny chahiye ?,your leader  is hijra that's why he is not living with his wife.,aurat bar badi marzi ha jisne apni behno ko mukhlis nafrat se pakar rakh diya tha,sexism_batch_009.csv,16,False,False,True,False,False,False,False,,True,3,Sexism,True,,0.9282192587852478,0.9144072532653807,jin ko hizab se nafrat he wo nangi ho k ghoome koi in pe thooke ga bhi nahi  aurat khoobsurat pure libas me lagti he mawazna karlen,0.9282192587852478,True,,True,,,,
class3_batch009_sample021713,9,21713,3,Sexism,322713,326713,v3_original_demo_boundary_prompt,4-shot random authentic same-class,Shortlisted authentic RUHSOLD Sexism examples,40,tu kyun ro rahe hai hijra? tera buddhe hijra to kamjor mard hai. uska kara nehi hota. 🤣🤣🤣🤣,"apko kehna chahye tha na mard hoon, na aurat hoo. main hijra hoon main hijra hoon, main parchi hoon, main defected hoon, main accidental chairman hoon.  #joker420",muslim countries ki leaderships na mard napunsak or hijra hain.. in mein koi dum nahi.. ye kuch nahi kr sakty.. jinnah ki rooh tarapti hogi.. jinnah ne kashmir par attack ka order diya tha..,teri bhosdi or boobs me parda mat kar...logo ko dekne de.dhake hoge to kaise pata chalega ki tu hijra nehi hai.   hijra kahi ki.,tu kis se hijra ho gaya hai,sexism_batch_009.csv,7,False,False,True,False,False,False,False,,True,3,Sexism,True,,0.927034556865692,0.9133688807487488,hijra lag rhi hai,0.927034556865692,True,,True,,,,
class3_batch009_sample021715,9,21715,3,Sexism,322715,326715,v3_original_demo_boundary_prompt,4-shot random authentic same-class,Shortlisted authentic RUHSOLD Sexism examples,40,#auratmarch2020 mera jism allah ki marzi.. allah ka to hukam ha tum char dewari me raho .. nd ya nikl k apni nimaish karna chahten,original attitude boys ma hota ha aur fake girls ma,"apko kehna chahye tha na mard hoon, na aurat hoo. main hijra hoon main hijra hoon, main parchi hoon, main defected hoon, main accidental chairman hoon.  #joker420",muslim countries ki leaderships na mard napunsak or hijra hain.. in mein koi dum nahi.. ye kuch nahi kr sakty.. jinnah ki rooh tarapti hogi.. jinnah ne kashmir par attack ka order diya tha..,tere jaise hijre se mjhe pta hai bhi kesa hi ho,sexism_batch_009.csv,11,False,False,True,False,False,False,False,,True,3,Sexism,True,,0.9531911611557008,0.9376100301742554,ye muh parde ke liye nhi chupaya  ye hijra hai es liye muh chupaya hai😜,0.9531911611557008,True,,True,,,,
class3_batch009_sample021725,9,21725,3,Sexism,322725,326725,v3_original_demo_boundary_prompt,4-shot random authentic same-class,Shortlisted authentic RUHSOLD Sexism examples,40,#stopauratbarbadimarch aurat ghr k andr hi achi lgti he yu sarkon par nikalna kisi bhi aurat ki izzat par daag lga skta he,roads pe lab coat b ap ki gender hi pehnti ha 😂,"madum ap gharailo maon behno ki terha na blkeh on maon behno ki terha bhi nahi jo moaashrat main ghar sy bahir nikal ker apni , maan baap ki .belky pory moaashry ki izzat ka kgayal rekhti hain .ap oss catogary main ati hain .jisy rundi,jisy tawaif,fahasha, jisy badqar kehty hain",jin ko hizab se nafrat he wo nangi ho k ghoome koi in pe thooke ga bhi nahi  aurat khoobsurat pure libas me lagti he mawazna karlen,aurat barbadiyo ne marzi ko qatal kr diya hai,sexism_batch_009.csv,9,False,False,True,False,False,False,False,,True,3,Sexism,True,,0.9315974116325378,0.9208937883377076,ye wo lady's he jinhe halala or roj naye naye mardo ka shok he,0.9315974116325378,True,,True,,,,
class3_batch009_sample021726,9,21726,3,Sexism,322726,326726,v3_original_demo_boundary_prompt,4-shot random authentic same-class,Shortlisted authentic RUHSOLD Sexism examples,40,aaaahhhhhh bhenchod.....jese tere is mangalsutra ki sahi jagah tere gale me nai balki mere mote kaale lund pr he.... vese hi tujh jesi chudakkad kuttiya ki jagah kewal mere pairo k niche he saali.... chal inbox me aa.....,teri bhosdi or boobs me parda mat kar...logo ko dekne de.dhake hoge to kaise pata chalega ki tu hijra nehi hai.   hijra kahi ki.,ap ko mard banny ki acting pasand i? agr ni to hijra hi bany rahye sir ye mardo k kam hn hijro k ni.,70 saal ka mard is better than a 30 year old hijra😅,sari jindgi tujhe randiyon se baat krtey rehte hain..,sexism_batch_009.csv,9,False,False,True,False,False,False,False,,True,3,Sexism,True,,0.946533203125,0.9274979829788208,dekho tmhri sakhi randi naach kr rhi h r baad me randi rona krti h,0.946533203125,True,,True,,,,
class3_batch009_sample021728,9,21728,3,Sexism,322728,326728,v3_original_demo_boundary_prompt,4-shot random authentic same-class,Shortlisted authentic RUHSOLD Sexism examples,40,apni behn ko bhejo gay na aurat march me??,jin ko hizab se nafrat he wo nangi ho k ghoome koi in pe thooke ga bhi nahi  aurat khoobsurat pure libas me lagti he mawazna karlen,acha tareka dhondha hai larkun ko ganda sabit karny ka but aesi neech harkat larkyan he kar sakti hain larky nahi.,roads pe lab coat b ap ki gender hi pehnti ha 😂,randi rona ke baad tum logon ko kya pata hai,sexism_batch_009.csv,10,False,False,True,False,False,False,False,,True,3,Sexism,True,,0.9462581872940063,0.939639687538147,bohat bari chutia ho tum randi ho bohat bari ho,0.9462581872940063,True,,True,,,,
class3_batch009_sample021730,9,21730,3,Sexism,322730,326730,v3_original_demo_boundary_prompt,4-shot random authentic same-class,Shortlisted authentic RUHSOLD Sexism examples,40,we are supporting #islam and thank you #khalilurrahmanqamar for your beautiful comments against #gashti .  agar ye #aurat hoti to na me aesi zuban use krta aur na koi gairatmand #admi use krta.,phir larky beard ky bagiar khusray q lgty hain  wo bhi beard ky bagiar khubsurat lgny chahiye ?,dhoka khane k baad oska aitbar uth jata haa sbsee or dosre mard mai b interest ni rehta...ku k aurat jism k ley ni chahti jbk mard jism k ley chahta😌🙂,#stopauratbarbadimarch who are you for arguing our tradition and islamic manners you bluddy 2 takay ki aurat   .,nakli aik gashti,sexism_batch_009.csv,3,False,False,True,False,False,False,False,,True,3,Sexism,True,,0.9134342670440674,0.8865441083908081,tu gandi gashti,0.9134342670440674,True,,True,,,,
class3_batch009_sample021737,9,21737,3,Sexism,322737,326737,v3_original_demo_boundary_prompt,4-shot random authentic same-class,Shortlisted authentic RUHSOLD Sexism examples,40,teri chut me sabhi bhaiyo ka lund reply de randi,#stopauratbarbadimarch who are you for arguing our tradition and islamic manners you bluddy 2 takay ki aurat   .,muslim countries ki leaderships na mard napunsak or hijra hain.. in mein koi dum nahi.. ye kuch nahi kr sakty.. jinnah ki rooh tarapti hogi.. jinnah ne kashmir par attack ka order diya tha..,roads pe lab coat b ap ki gender hi pehnti ha 😂,oooo woh hijra ho..😂,sexism_batch_009.csv,4,False,False,True,False,False,False,False,,True,3,Sexism,True,,0.9405734539031982,0.9194127917289734,hijra lag rhi hai,0.9405734539031982,True,,True,,,,
class3_batch009_sample021739,9,21739,3,Sexism,322739,326739,v3_original_demo_boundary_prompt,4-shot random authentic same-class,Shortlisted authentic RUHSOLD Sexism examples,40,shazaib apni baji ko b bejna han aurat march ma agr itne he zruri hai to,aur jesi ghatia aurat ke mun se ye bat achi ni lagti. logon ko garam karnay wali machine.,you are just girlfriend material no one wants wife like you. itna jism jo sirf admi apni bivi ka dekhta h  apka to sary jahan ne dekha h,tum jesi ghatia aurat ka kam hi ni hai media par.kisi kothhay pe ja aur ulta late ja ke.begherat,tum jesi ghatia aurat ki baji hain,sexism_batch_009.csv,7,False,False,True,False,False,False,False,,True,3,Sexism,True,,0.9291129112243652,0.9193695187568665,tum jesi randi sy kar k yahi hona hai,0.9291129112243652,True,,True,,,,
class3_batch009_sample021741,9,21741,3,Sexism,322741,326741,v3_original_demo_boundary_prompt,4-shot random authentic same-class,Shortlisted authentic RUHSOLD Sexism examples,40,phir larky beard ky bagiar khusray q lgty hain  wo bhi beard ky bagiar khubsurat lgny chahiye ?,aur jesi ghatia aurat ke mun se ye bat achi ni lagti. logon ko garam karnay wali machine.,you are just girlfriend material no one wants wife like you. itna jism jo sirf admi apni bivi ka dekhta h  apka to sary jahan ne dekha h,bc ghar wale bhi soch rahe honge yeh kya system paida ho gya sala lagta programing galat ho gayi.... sabsi badi confusion iske liye ladka dhundheyge yaa ladki😉,ye randi ki nasal,sexism_batch_009.csv,4,False,False,True,False,False,False,False,,True,3,Sexism,True,,0.9525505900382996,0.9299468994140624,chup randi ki nasal,0.9525505900382996,True,,False,Synthetic near-duplicate,class3_batch006_sample021043,0.9807897806167603,Earlier accepted Round 2 synthetic
class3_batch009_sample021742,9,21742,3,Sexism,322742,326742,v3_original_demo_boundary_prompt,4-shot random authentic same-class,Shortlisted authentic RUHSOLD Sexism examples,40,mard muhbt kr bhi ly tu aksar aurat he dhoka dy jati h usy 💔,roads pe lab coat b ap ki gender hi pehnti ha 😂,bc ghar wale bhi soch rahe honge yeh kya system paida ho gya sala lagta programing galat ho gayi.... sabsi badi confusion iske liye ladka dhundheyge yaa ladki😉,agar aaj se 40 saal pehley isi tarha ke banner pakarh kar mera jism meri marzi waala naara aapki amma ne maara hota to aap is duniya main ye tweet karney ke liye maujood hi na hoteen 😑😑😑,rt : chup randi,sexism_batch_009.csv,4,False,False,True,False,False,False,False,,True,3,Sexism,True,,0.9202022552490234,0.8978293538093567,chup randi ki nasal,0.9202022552490234,True,,True,,,,
class3_batch009_sample021746,9,21746,3,Sexism,322746,326746,v3_original_demo_boundary_prompt,4-shot random authentic same-class,Shortlisted authentic RUHSOLD Sexism examples,40,tere jaise randiyo ki chudai ke liye to ham mard hain yaha pe,bilo rani tumhari pehchan sirf or sirf hijra huna hai.. na mard,roads pe lab coat b ap ki gender hi pehnti ha 😂,"madum ap gharailo maon behno ki terha na blkeh on maon behno ki terha bhi nahi jo moaashrat main ghar sy bahir nikal ker apni , maan baap ki .belky pory moaashry ki izzat ka kgayal rekhti hain .ap oss catogary main ati hain .jisy rundi,jisy tawaif,fahasha, jisy badqar kehty hain",roadside girls nee randi k sath bhool gayi ho,sexism_batch_009.csv,9,False,False,True,False,False,False,False,,True,3,Sexism,True,,0.9191004037857056,0.9090784192085266,chutiye yahi hu gand teng kar apni randi ki nasal,0.9191004037857056,True,,True,,,,
class3_batch009_sample021747,9,21747,3,Sexism,322747,326747,v3_original_demo_boundary_prompt,4-shot random authentic same-class,Shortlisted authentic RUHSOLD Sexism examples,40,"apko kehna chahye tha na mard hoon, na aurat hoo. main hijra hoon main hijra hoon, main parchi hoon, main defected hoon, main accidental chairman hoon.  #joker420",original attitude boys ma hota ha aur fake girls ma,70 saal ka mard is better than a 30 year old hijra😅,tum jesi ghatia aurat ka kam hi ni hai media par.kisi kothhay pe ja aur ulta late ja ke.begherat,bhai ye toh humari marzi hai... mujhe pata nhi tu hijra ho ya mard ho,sexism_batch_009.csv,15,False,False,True,False,False,False,False,,True,3,Sexism,True,,0.9326549768447876,0.9255636930465698,tu kyun ro rahe hai hijra? tera buddhe hijra to kamjor mard hai. uska kara nehi hota. 🤣🤣🤣🤣,0.9326549768447876,True,,True,,,,
class3_batch009_sample021750,9,21750,3,Sexism,322750,326750,v3_original_demo_boundary_prompt,4-shot random authentic same-class,Shortlisted authentic RUHSOLD Sexism examples,40,randi kise kahte ha aap hi bata do? ye word ghatiya women ke liye hi use karta ha ab deepika ghatiya ha to randi hi bolenge na,"aurat ko islam nai galat lagta, ap log lagtay ho jo ye boltay hain k agar aurat ka rape hua to wo uski galtie usne sar par dupatta nai kiya us banday ki nahi wo bechara kesay control karay",phir larky beard ky bagiar khusray q lgty hain  wo bhi beard ky bagiar khubsurat lgny chahiye ?,bilo rani tumhari pehchan sirf or sirf hijra huna hai.. na mard,randi kisi kahta ha,sexism_batch_009.csv,4,False,False,True,False,False,False,False,,True,3,Sexism,True,,0.9352288842201232,0.9262831807136536,randi tairi puuudddd,0.9352288842201232,True,,True,,,,
class3_batch009_sample021753,9,21753,3,Sexism,322753,326753,v3_original_demo_boundary_prompt,4-shot random authentic same-class,Shortlisted authentic RUHSOLD Sexism examples,40,phir larky beard ky bagiar khusray q lgty hain  wo bhi beard ky bagiar khubsurat lgny chahiye ?,jahiliyat ki v had hai ye apne ghar me slave ki tarh rahti hai aur bahar kutto jaise bhaunk rhi hai... shame on these ladies,dhoka khane k baad oska aitbar uth jata haa sbsee or dosre mard mai b interest ni rehta...ku k aurat jism k ley ni chahti jbk mard jism k ley chahta😌🙂,shazaib apni baji ko b bejna han aurat march ma agr itne he zruri hai to,pakistan ka yeh saari gashti walo ka paisa nikal dia hai,sexism_batch_009.csv,11,False,False,True,False,False,False,False,,True,3,Sexism,True,,0.9277242422103882,0.9019543528556824,gashti pakistan ao na ap log ajent ho india k,0.9277242422103882,True,,True,,,,
class3_batch009_sample021754,9,21754,3,Sexism,322754,326754,v3_original_demo_boundary_prompt,4-shot random authentic same-class,Shortlisted authentic RUHSOLD Sexism examples,40,aisi or kis kis ki lund par uchel uchel kar moja lati ghar me.,phir larky beard ky bagiar khusray q lgty hain  wo bhi beard ky bagiar khubsurat lgny chahiye ?,#auratmarch2020 mera jism allah ki marzi.. allah ka to hukam ha tum char dewari me raho .. nd ya nikl k apni nimaish karna chahten,teri chut me sabhi bhaiyo ka lund reply de randi,ye jo hijra ho... uska baap nae bhoola,sexism_batch_009.csv,8,False,False,True,False,False,False,False,,True,3,Sexism,True,,0.9396762251853944,0.923504650592804,bala sahab nein aapko hijra bola hai,0.9396762251853944,True,,True,,,,
class3_batch009_sample021758,9,21758,3,Sexism,322758,326758,v3_original_demo_boundary_prompt,4-shot random authentic same-class,Shortlisted authentic RUHSOLD Sexism examples,40,muslim countries ki leaderships na mard napunsak or hijra hain.. in mein koi dum nahi.. ye kuch nahi kr sakty.. jinnah ki rooh tarapti hogi.. jinnah ne kashmir par attack ka order diya tha..,"apko kehna chahye tha na mard hoon, na aurat hoo. main hijra hoon main hijra hoon, main parchi hoon, main defected hoon, main accidental chairman hoon.  #joker420",ek randi larki ko itni pazeerai di hai. smjh se bahir hai,mard muhbt kr bhi ly tu aksar aurat he dhoka dy jati h usy 💔,bhenchod tere jaise hijra ho raha hai,sexism_batch_009.csv,7,False,False,True,False,False,False,False,,True,3,Sexism,True,,0.9428998231887816,0.9276526570320128,hijra lag rhi hai,0.9428998231887816,True,,True,,,,
class3_batch009_sample021760,9,21760,3,Sexism,322760,326760,v3_original_demo_boundary_prompt,4-shot random authentic same-class,Shortlisted authentic RUHSOLD Sexism examples,40,you are just girlfriend material no one wants wife like you. itna jism jo sirf admi apni bivi ka dekhta h  apka to sary jahan ne dekha h,#stopauratbarbadimarch aurat ghr k andr hi achi lgti he yu sarkon par nikalna kisi bhi aurat ki izzat par daag lga skta he,your leader  is hijra that's why he is not living with his wife.,roads pe lab coat b ap ki gender hi pehnti ha 😂,randi khud bachon ko bolo pata nahi na,sexism_batch_009.csv,8,False,False,True,False,False,False,False,,True,3,Sexism,True,,0.9356435537338256,0.9233568906784058,chutiye yahi hu gand teng kar apni randi ki nasal,0.9356435537338256,True,,True,,,,
class3_batch009_sample021761,9,21761,3,Sexism,322761,326761,v3_original_demo_boundary_prompt,4-shot random authentic same-class,Shortlisted authentic RUHSOLD Sexism examples,40,"yeh wesy koi bht e zyda ounchi nasal ki randi niqli h wesy , mtlb i can't even imagine koi bughaz or paisy k pechay itna b girr skta h, nehayat e nichly darjay ki baighairat aurat ho, aurat zaat ko b badnaam kea h isny apny wajood sy !! akhh thooo iski zaat pay",randi kise kahte ha aap hi bata do? ye word ghatiya women ke liye hi use karta ha ab deepika ghatiya ha to randi hi bolenge na,roads pe lab coat b ap ki gender hi pehnti ha 😂,jahiliyat ki v had hai ye apne ghar me slave ki tarh rahti hai aur bahar kutto jaise bhaunk rhi hai... shame on these ladies,sana sab randi,sexism_batch_009.csv,3,False,False,True,False,False,False,False,,True,3,Sexism,True,,0.9289534091949464,0.919237732887268,kuti randi,0.9289534091949464,True,,True,,,,
class3_batch009_sample021764,9,21764,3,Sexism,322764,326764,v3_original_demo_boundary_prompt,4-shot random authentic same-class,Shortlisted authentic RUHSOLD Sexism examples,40,teri chut me sabhi bhaiyo ka lund reply de randi,tu kyun ro rahe hai hijra? tera buddhe hijra to kamjor mard hai. uska kara nehi hota. 🤣🤣🤣🤣,aisi or kis kis ki lund par uchel uchel kar moja lati ghar me.,ek randi larki ko itni pazeerai di hai. smjh se bahir hai,ye bachon ki tarha hote han jinko hijra na kehna chahte,sexism_batch_009.csv,11,False,False,True,False,False,False,False,,True,3,Sexism,True,,0.9445801973342896,0.9313992261886596,ye muh parde ke liye nhi chupaya  ye hijra hai es liye muh chupaya hai😜,0.9445801973342896,True,,True,,,,
class3_batch009_sample021766,9,21766,3,Sexism,322766,326766,v3_original_demo_boundary_prompt,4-shot random authentic same-class,Shortlisted authentic RUHSOLD Sexism examples,40,"apko kehna chahye tha na mard hoon, na aurat hoo. main hijra hoon main hijra hoon, main parchi hoon, main defected hoon, main accidental chairman hoon.  #joker420",tu kyun ro rahe hai hijra? tera buddhe hijra to kamjor mard hai. uska kara nehi hota. 🤣🤣🤣🤣,jahiliyat ki v had hai ye apne ghar me slave ki tarh rahti hai aur bahar kutto jaise bhaunk rhi hai... shame on these ladies,original attitude boys ma hota ha aur fake girls ma,"ajao, duniya se badla lein tujhe.... hijra ka pata nhi huwa",sexism_batch_009.csv,11,False,False,True,False,False,False,False,,True,3,Sexism,True,,0.9338165521621704,0.9199872016906738,ye muh parde ke liye nhi chupaya  ye hijra hai es liye muh chupaya hai😜,0.9338165521621704,True,,True,,,,
class3_batch009_sample021768,9,21768,3,Sexism,322768,326768,v3_original_demo_boundary_prompt,4-shot random authentic same-class,Shortlisted authentic RUHSOLD Sexism examples,40,ap ko mard banny ki acting pasand i? agr ni to hijra hi bany rahye sir ye mardo k kam hn hijro k ni.,70 saal ka mard is better than a 30 year old hijra😅,"apko kehna chahye tha na mard hoon, na aurat hoo. main hijra hoon main hijra hoon, main parchi hoon, main defected hoon, main accidental chairman hoon.  #joker420",bc ghar wale bhi soch rahe honge yeh kya system paida ho gya sala lagta programing galat ho gayi.... sabsi badi confusion iske liye ladka dhundheyge yaa ladki😉,lakin hijro nee pata tha ke jab tum mard hoke usky baad mein tu phir mard nahi ho ga,sexism_batch_009.csv,19,False,False,True,False,False,False,False,,True,3,Sexism,True,,0.9283517599105836,0.9243271946907043,aap keh rhi hai toh kuch soch kr hi keh rhi hongi mujhe sboot nhi chaiye ki aap randi ho 😁,0.9283517599105836,True,,True,,,,
class3_batch009_sample021771,9,21771,3,Sexism,322771,326771,v3_original_demo_boundary_prompt,4-shot random authentic same-class,Shortlisted authentic RUHSOLD Sexism examples,40,tum jesi ghatia aurat ka kam hi ni hai media par.kisi kothhay pe ja aur ulta late ja ke.begherat,bilo rani tumhari pehchan sirf or sirf hijra huna hai.. na mard,tere jaise randiyo ki chudai ke liye to ham mard hain yaha pe,#stopauratbarbadimarch who are you for arguing our tradition and islamic manners you bluddy 2 takay ki aurat   .,mujhe pata nahi hai koi insaaf nhi hota ye randi ki nasal se,sexism_batch_009.csv,13,False,False,True,False,False,False,False,,True,3,Sexism,True,,0.9436020851135254,0.9201184511184692,chutiye yahi hu gand teng kar apni randi ki nasal,0.9436020851135254,True,,True,,,,
class3_batch009_sample021781,9,21781,3,Sexism,322781,326781,v3_original_demo_boundary_prompt,4-shot random authentic same-class,Shortlisted authentic RUHSOLD Sexism examples,40,dhoka khane k baad oska aitbar uth jata haa sbsee or dosre mard mai b interest ni rehta...ku k aurat jism k ley ni chahti jbk mard jism k ley chahta😌🙂,#stopauratbarbadimarch aurat ghr k andr hi achi lgti he yu sarkon par nikalna kisi bhi aurat ki izzat par daag lga skta he,jahiliyat ki v had hai ye apne ghar me slave ki tarh rahti hai aur bahar kutto jaise bhaunk rhi hai... shame on these ladies,apni behn ko bhejo gay na aurat march me??,tu bhool gaye thi apne maa chodke bethi thi.. tu hijra,sexism_batch_009.csv,11,False,False,True,False,False,False,False,,True,3,Sexism,True,,0.951489806175232,0.9381924867630004,aisi ghatia aurat hai na tu gero tu azlon ka begairat jai sath tu v,0.951489806175232,True,,True,,,,
class3_batch009_sample021784,9,21784,3,Sexism,322784,326784,v3_original_demo_boundary_prompt,4-shot random authentic same-class,Shortlisted authentic RUHSOLD Sexism examples,40,r mazy k bat mra jism wo auratn krti hn jin pr thokta bh koi nae.,ek randi larki ko itni pazeerai di hai. smjh se bahir hai,randi kise kahte ha aap hi bata do? ye word ghatiya women ke liye hi use karta ha ab deepika ghatiya ha to randi hi bolenge na,shazaib apni baji ko b bejna han aurat march ma agr itne he zruri hai to,tu sach me tere jaise hijra hi karti ha..😜😂,sexism_batch_009.csv,9,False,False,True,False,False,False,False,,True,3,Sexism,True,,0.9442546367645264,0.9275468587875366,tu hi accept kar liya ki tu hijra hai 😊😉🥴😜😅,0.9442546367645264,True,,True,,,,
class3_batch009_sample021787,9,21787,3,Sexism,322787,326787,v3_original_demo_boundary_prompt,4-shot random authentic same-class,Shortlisted authentic RUHSOLD Sexism examples,40,roads pe lab coat b ap ki gender hi pehnti ha 😂,"apko kehna chahye tha na mard hoon, na aurat hoo. main hijra hoon main hijra hoon, main parchi hoon, main defected hoon, main accidental chairman hoon.  #joker420",acha tareka dhondha hai larkun ko ganda sabit karny ka but aesi neech harkat larkyan he kar sakti hain larky nahi.,tum jesi ghatia aurat ka kam hi ni hai media par.kisi kothhay pe ja aur ulta late ja ke.begherat,rt : randi rona krta hai,sexism_batch_009.csv,6,False,False,True,False,False,False,False,,True,3,Sexism,True,,0.9211503267288208,0.9070332646369934,randi hai to randi,0.9211503267288208,True,,True,,,,
class3_batch009_sample021795,9,21795,3,Sexism,322795,326795,v3_original_demo_boundary_prompt,4-shot random authentic same-class,Shortlisted authentic RUHSOLD Sexism examples,40,r mazy k bat mra jism wo auratn krti hn jin pr thokta bh koi nae.,aisi or kis kis ki lund par uchel uchel kar moja lati ghar me.,your leader  is hijra that's why he is not living with his wife.,lalchi aurat paisa dekhti hai aur khandani aurat sirf sehrat dekhti hai,tu bhi apni ammi ko chodna chahega randi ke paidaish,sexism_batch_009.csv,10,False,False,True,False,False,False,False,,True,3,Sexism,True,,0.9460492134094238,0.939303696155548,chutiye yahi hu gand teng kar apni randi ki nasal,0.9460492134094238,True,,True,,,,
class3_batch010_sample021801,10,21801,3,Sexism,322801,326801,v3_original_demo_boundary_prompt,4-shot random authentic same-class,Shortlisted authentic RUHSOLD Sexism examples,40,you are just girlfriend material no one wants wife like you. itna jism jo sirf admi apni bivi ka dekhta h  apka to sary jahan ne dekha h,ap ko mard banny ki acting pasand i? agr ni to hijra hi bany rahye sir ye mardo k kam hn hijro k ni.,#auratmarch2020 mera jism allah ki marzi.. allah ka to hukam ha tum char dewari me raho .. nd ya nikl k apni nimaish karna chahten,tu kyun ro rahe hai hijra? tera buddhe hijra to kamjor mard hai. uska kara nehi hota. 🤣🤣🤣🤣,randi rona ki nasal,sexism_batch_010.csv,4,False,False,True,False,False,False,False,,True,3,Sexism,True,,0.9567695260047911,0.9137309789657592,chup randi ki nasal,0.9567695260047911,True,,True,,,,
class3_batch010_sample021802,10,21802,3,Sexism,322802,326802,v3_original_demo_boundary_prompt,4-shot random authentic same-class,Shortlisted authentic RUHSOLD Sexism examples,40,tum jesi ghatia aurat ka kam hi ni hai media par.kisi kothhay pe ja aur ulta late ja ke.begherat,70 saal ka mard is better than a 30 year old hijra😅,#stopauratbarbadimarch who are you for arguing our tradition and islamic manners you bluddy 2 takay ki aurat   .,"aurat ko islam nai galat lagta, ap log lagtay ho jo ye boltay hain k agar aurat ka rape hua to wo uski galtie usne sar par dupatta nai kiya us banday ki nahi wo bechara kesay control karay",randi rona,sexism_batch_010.csv,2,False,False,True,False,False,False,False,,True,3,Sexism,True,,0.9224286079406738,0.9085870981216432,yo randi,0.9224286079406738,True,,False,Synthetic near-duplicate,class3_batch001_sample020002,1.0000001192092896,Round 1 accepted synthetic bank
class3_batch010_sample021803,10,21803,3,Sexism,322803,326803,v3_original_demo_boundary_prompt,4-shot random authentic same-class,Shortlisted authentic RUHSOLD Sexism examples,40,ap ko mard banny ki acting pasand i? agr ni to hijra hi bany rahye sir ye mardo k kam hn hijro k ni.,"aurat ko islam nai galat lagta, ap log lagtay ho jo ye boltay hain k agar aurat ka rape hua to wo uski galtie usne sar par dupatta nai kiya us banday ki nahi wo bechara kesay control karay",apni behn ko bhejo gay na aurat march me??,aaaahhhhhh bhenchod.....jese tere is mangalsutra ki sahi jagah tere gale me nai balki mere mote kaale lund pr he.... vese hi tujh jesi chudakkad kuttiya ki jagah kewal mere pairo k niche he saali.... chal inbox me aa.....,ye hijra hai jo kisi randi k bachay hai..,sexism_batch_010.csv,9,False,False,True,False,False,False,False,,True,3,Sexism,True,,0.9326257109642028,0.9257926940917968,ye muh parde ke liye nhi chupaya  ye hijra hai es liye muh chupaya hai😜,0.9326257109642028,True,,True,,,,
class3_batch010_sample021807,10,21807,3,Sexism,322807,326807,v3_original_demo_boundary_prompt,4-shot random authentic same-class,Shortlisted authentic RUHSOLD Sexism examples,40,aur jesi ghatia aurat ke mun se ye bat achi ni lagti. logon ko garam karnay wali machine.,randi kise kahte ha aap hi bata do? ye word ghatiya women ke liye hi use karta ha ab deepika ghatiya ha to randi hi bolenge na,#auratmarch2020 mera jism allah ki marzi.. allah ka to hukam ha tum char dewari me raho .. nd ya nikl k apni nimaish karna chahten,your leader  is hijra that's why he is not living with his wife.,aur pakistan mein hijra baaz nawaz shrif sahab ek aurat ka khandaan hy.,sexism_batch_010.csv,13,False,False,True,False,False,False,False,,True,3,Sexism,True,,0.9205279350280762,0.911828637123108,o gashti ki bachi tum bahir baith kar mazay karo hum hain yahan pakistan ki khatir jaan dainay kay liay.,0.9205279350280762,True,,True,,,,
class3_batch010_sample021808,10,21808,3,Sexism,322808,326808,v3_original_demo_boundary_prompt,4-shot random authentic same-class,Shortlisted authentic RUHSOLD Sexism examples,40,teri chut me sabhi bhaiyo ka lund reply de randi,"ab iska sara credit har anchor le rha h jb k  rape,  ki asal jad h hi media jo mera jism.meri marzi,  hareem.shah , qandeel bloch , valentine day pe program krty hn phr rape hi hn gy",dhoka khane k baad oska aitbar uth jata haa sbsee or dosre mard mai b interest ni rehta...ku k aurat jism k ley ni chahti jbk mard jism k ley chahta😌🙂,apni behn ko bhejo gay na aurat march me??,abe hijra,sexism_batch_010.csv,2,False,False,True,False,False,False,False,,True,3,Sexism,True,,0.9096855521202089,0.8908315896987915,hijra lag rhi hai,0.9096855521202089,True,,True,,,,
class3_batch010_sample021809,10,21809,3,Sexism,322809,326809,v3_original_demo_boundary_prompt,4-shot random authentic same-class,Shortlisted authentic RUHSOLD Sexism examples,40,aur jesi ghatia aurat ke mun se ye bat achi ni lagti. logon ko garam karnay wali machine.,#stopauratbarbadimarch aurat ghr k andr hi achi lgti he yu sarkon par nikalna kisi bhi aurat ki izzat par daag lga skta he,#auratmarch2020 mera jism allah ki marzi.. allah ka to hukam ha tum char dewari me raho .. nd ya nikl k apni nimaish karna chahten,you are just girlfriend material no one wants wife like you. itna jism jo sirf admi apni bivi ka dekhta h  apka to sary jahan ne dekha h,aby randi ho aurat,sexism_batch_010.csv,4,False,False,True,False,False,False,False,,True,3,Sexism,True,,0.9205206632614136,0.9036948084831238,aby nikal na randi,0.9205206632614136,True,,True,,,,
class3_batch010_sample021812,10,21812,3,Sexism,322812,326812,v3_original_demo_boundary_prompt,4-shot random authentic same-class,Shortlisted authentic RUHSOLD Sexism examples,40,#stopauratbarbadimarch who are you for arguing our tradition and islamic manners you bluddy 2 takay ki aurat   .,"madum ap gharailo maon behno ki terha na blkeh on maon behno ki terha bhi nahi jo moaashrat main ghar sy bahir nikal ker apni , maan baap ki .belky pory moaashry ki izzat ka kgayal rekhti hain .ap oss catogary main ati hain .jisy rundi,jisy tawaif,fahasha, jisy badqar kehty hain",your leader  is hijra that's why he is not living with his wife.,aaaahhhhhh bhenchod.....jese tere is mangalsutra ki sahi jagah tere gale me nai balki mere mote kaale lund pr he.... vese hi tujh jesi chudakkad kuttiya ki jagah kewal mere pairo k niche he saali.... chal inbox me aa.....,mujhe sarey randi k bachay lag raha hai,sexism_batch_010.csv,8,False,False,True,False,False,False,False,,True,3,Sexism,True,,0.9369887113571168,0.9270097017288208,chutiye yahi hu gand teng kar apni randi ki nasal,0.9369887113571168,True,,True,,,,
class3_batch010_sample021814,10,21814,3,Sexism,322814,326814,v3_original_demo_boundary_prompt,4-shot random authentic same-class,Shortlisted authentic RUHSOLD Sexism examples,40,bilo rani tumhari pehchan sirf or sirf hijra huna hai.. na mard,lalchi aurat paisa dekhti hai aur khandani aurat sirf sehrat dekhti hai,original attitude boys ma hota ha aur fake girls ma,apni behn ko bhejo gay na aurat march me??,wo ek randi ki nasal hai,sexism_batch_010.csv,6,False,False,True,False,False,False,False,,True,3,Sexism,True,,0.9524643421173096,0.922899603843689,chup randi ki nasal,0.9524643421173096,True,,True,,,,
class3_batch010_sample021815,10,21815,3,Sexism,322815,326815,v3_original_demo_boundary_prompt,4-shot random authentic same-class,Shortlisted authentic RUHSOLD Sexism examples,40,tu kyun ro rahe hai hijra? tera buddhe hijra to kamjor mard hai. uska kara nehi hota. 🤣🤣🤣🤣,"apko kehna chahye tha na mard hoon, na aurat hoo. main hijra hoon main hijra hoon, main parchi hoon, main defected hoon, main accidental chairman hoon.  #joker420",mard muhbt kr bhi ly tu aksar aurat he dhoka dy jati h usy 💔,acha tareka dhondha hai larkun ko ganda sabit karny ka but aesi neech harkat larkyan he kar sakti hain larky nahi.,teri maa ki phudi marunga randi,sexism_batch_010.csv,6,False,False,True,False,False,False,False,,True,3,Sexism,True,,0.9494531154632568,0.938930869102478,hamse chudwa le randi aao,0.9494531154632568,True,,True,,,,
class3_batch010_sample021819,10,21819,3,Sexism,322819,326819,v3_original_demo_boundary_prompt,4-shot random authentic same-class,Shortlisted authentic RUHSOLD Sexism examples,40,original attitude boys ma hota ha aur fake girls ma,transgander   madarchood   hijra tu aik bara khoota ha  haram zada,agar aaj se 40 saal pehley isi tarha ke banner pakarh kar mera jism meri marzi waala naara aapki amma ne maara hota to aap is duniya main ye tweet karney ke liye maujood hi na hoteen 😑😑😑,#stopauratbarbadimarch aurat ghr k andr hi achi lgti he yu sarkon par nikalna kisi bhi aurat ki izzat par daag lga skta he,aby randdi rona dekh k chup kr dete hain,sexism_batch_010.csv,9,False,False,True,False,False,False,False,,True,3,Sexism,True,,0.9377104043960572,0.928987681865692,chutiye yahi hu gand teng kar apni randi ki nasal,0.9377104043960572,True,,True,,,,
class3_batch010_sample021820,10,21820,3,Sexism,322820,326820,v3_original_demo_boundary_prompt,4-shot random authentic same-class,Shortlisted authentic RUHSOLD Sexism examples,40,"yeh wesy koi bht e zyda ounchi nasal ki randi niqli h wesy , mtlb i can't even imagine koi bughaz or paisy k pechay itna b girr skta h, nehayat e nichly darjay ki baighairat aurat ho, aurat zaat ko b badnaam kea h isny apny wajood sy !! akhh thooo iski zaat pay",aisi or kis kis ki lund par uchel uchel kar moja lati ghar me.,"apko kehna chahye tha na mard hoon, na aurat hoo. main hijra hoon main hijra hoon, main parchi hoon, main defected hoon, main accidental chairman hoon.  #joker420",transgander   madarchood   hijra tu aik bara khoota ha  haram zada,saali utho randi,sexism_batch_010.csv,3,False,False,True,False,False,False,False,,True,3,Sexism,True,,0.9601193070411682,0.9281142950057985,randi saali,0.9601193070411682,True,,True,,,,
class3_batch010_sample021831,10,21831,3,Sexism,322831,326831,v3_original_demo_boundary_prompt,4-shot random authentic same-class,Shortlisted authentic RUHSOLD Sexism examples,40,70 saal ka mard is better than a 30 year old hijra😅,bilo rani tumhari pehchan sirf or sirf hijra huna hai.. na mard,aaaahhhhhh bhenchod.....jese tere is mangalsutra ki sahi jagah tere gale me nai balki mere mote kaale lund pr he.... vese hi tujh jesi chudakkad kuttiya ki jagah kewal mere pairo k niche he saali.... chal inbox me aa.....,ap ko mard banny ki acting pasand i? agr ni to hijra hi bany rahye sir ye mardo k kam hn hijro k ni.,apne randi k bache ki aukat kisi hijre se barabar hn.,sexism_batch_010.csv,11,False,False,True,False,False,False,False,,True,3,Sexism,True,,0.9282766580581664,0.918867290019989,iske paas koi izzat kaha hai ye randi se bhi gayi gujari hai,0.9282766580581664,True,,True,,,,
class3_batch010_sample021835,10,21835,3,Sexism,322835,326835,v3_original_demo_boundary_prompt,4-shot random authentic same-class,Shortlisted authentic RUHSOLD Sexism examples,40,acha tareka dhondha hai larkun ko ganda sabit karny ka but aesi neech harkat larkyan he kar sakti hain larky nahi.,"aurat ko islam nai galat lagta, ap log lagtay ho jo ye boltay hain k agar aurat ka rape hua to wo uski galtie usne sar par dupatta nai kiya us banday ki nahi wo bechara kesay control karay",#auratmarch2020 mera jism allah ki marzi.. allah ka to hukam ha tum char dewari me raho .. nd ya nikl k apni nimaish karna chahten,you are just girlfriend material no one wants wife like you. itna jism jo sirf admi apni bivi ka dekhta h  apka to sary jahan ne dekha h,aurat march ki jagah bhi jaldi chalo,sexism_batch_010.csv,7,False,False,True,False,False,False,False,,True,3,Sexism,True,,0.9238248467445374,0.9101881980895996, shazaib apni baji ko b bejna han aurat march ma agr itne he zruri hai to,0.9238248467445374,True,,True,,,,
class3_batch010_sample021837,10,21837,3,Sexism,322837,326837,v3_original_demo_boundary_prompt,4-shot random authentic same-class,Shortlisted authentic RUHSOLD Sexism examples,40,bilo rani tumhari pehchan sirf or sirf hijra huna hai.. na mard,teri bhosdi or boobs me parda mat kar...logo ko dekne de.dhake hoge to kaise pata chalega ki tu hijra nehi hai.   hijra kahi ki.,tum jesi ghatia aurat ka kam hi ni hai media par.kisi kothhay pe ja aur ulta late ja ke.begherat,ek randi larki ko itni pazeerai di hai. smjh se bahir hai,bhenchod mujhe to hijra lagti thi,sexism_batch_010.csv,6,False,False,True,False,False,False,False,,True,3,Sexism,True,,0.934316873550415,0.9208627939224244,aby chal jahil hijra kahi ka,0.934316873550415,True,,True,,,,
class3_batch010_sample021840,10,21840,3,Sexism,322840,326840,v3_original_demo_boundary_prompt,4-shot random authentic same-class,Shortlisted authentic RUHSOLD Sexism examples,40,muslim countries ki leaderships na mard napunsak or hijra hain.. in mein koi dum nahi.. ye kuch nahi kr sakty.. jinnah ki rooh tarapti hogi.. jinnah ne kashmir par attack ka order diya tha..,original attitude boys ma hota ha aur fake girls ma,teri bhosdi or boobs me parda mat kar...logo ko dekne de.dhake hoge to kaise pata chalega ki tu hijra nehi hai.   hijra kahi ki.,bilo rani tumhari pehchan sirf or sirf hijra huna hai.. na mard,kaha jaon gandu hijra,sexism_batch_010.csv,4,False,False,True,False,False,False,False,,True,3,Sexism,True,,0.8941382169723511,0.8802919387817383,yeh hijra hai dhokay main na mara jain,0.8941382169723511,True,,True,,,,
class3_batch010_sample021844,10,21844,3,Sexism,322844,326844,v3_original_demo_boundary_prompt,4-shot random authentic same-class,Shortlisted authentic RUHSOLD Sexism examples,40,"madum ap gharailo maon behno ki terha na blkeh on maon behno ki terha bhi nahi jo moaashrat main ghar sy bahir nikal ker apni , maan baap ki .belky pory moaashry ki izzat ka kgayal rekhti hain .ap oss catogary main ati hain .jisy rundi,jisy tawaif,fahasha, jisy badqar kehty hain",dhoka khane k baad oska aitbar uth jata haa sbsee or dosre mard mai b interest ni rehta...ku k aurat jism k ley ni chahti jbk mard jism k ley chahta😌🙂,agar aaj se 40 saal pehley isi tarha ke banner pakarh kar mera jism meri marzi waala naara aapki amma ne maara hota to aap is duniya main ye tweet karney ke liye maujood hi na hoteen 😑😑😑,#auratmarch2020 mera jism allah ki marzi.. allah ka to hukam ha tum char dewari me raho .. nd ya nikl k apni nimaish karna chahten,rt : aurat march 2020 hum sab randi ho,sexism_batch_010.csv,9,False,False,True,False,False,False,False,,True,3,Sexism,True,,0.8770757913589478,0.8661659359931946,paagal rundi aurat,0.8770757913589478,True,,True,,,,
class3_batch010_sample021848,10,21848,3,Sexism,322848,326848,v3_original_demo_boundary_prompt,4-shot random authentic same-class,Shortlisted authentic RUHSOLD Sexism examples,40,"yeh wesy koi bht e zyda ounchi nasal ki randi niqli h wesy , mtlb i can't even imagine koi bughaz or paisy k pechay itna b girr skta h, nehayat e nichly darjay ki baighairat aurat ho, aurat zaat ko b badnaam kea h isny apny wajood sy !! akhh thooo iski zaat pay",your leader  is hijra that's why he is not living with his wife.,teri bhosdi or boobs me parda mat kar...logo ko dekne de.dhake hoge to kaise pata chalega ki tu hijra nehi hai.   hijra kahi ki.,"aurat ko islam nai galat lagta, ap log lagtay ho jo ye boltay hain k agar aurat ka rape hua to wo uski galtie usne sar par dupatta nai kiya us banday ki nahi wo bechara kesay control karay",tumhary qoum ki aurat to sab kuch karti hain lakin ye sab khud hi nahi hoti,sexism_batch_010.csv,16,False,False,True,False,False,False,False,,True,3,Sexism,True,,0.9215302467346193,0.9160772562026978,tum khusray aur dhoghlay insan  tum kush be nahin karo sirf thook kay chaat saktay ho,0.9215302467346193,True,,True,,,,
class3_batch010_sample021851,10,21851,3,Sexism,322851,326851,v3_original_demo_boundary_prompt,4-shot random authentic same-class,Shortlisted authentic RUHSOLD Sexism examples,40,apni behn ko bhejo gay na aurat march me??,teri bhosdi or boobs me parda mat kar...logo ko dekne de.dhake hoge to kaise pata chalega ki tu hijra nehi hai.   hijra kahi ki.,your leader  is hijra that's why he is not living with his wife.,70 saal ka mard is better than a 30 year old hijra😅,rt : randi rona se sharam aana chahiye,sexism_batch_010.csv,8,False,False,True,False,False,False,False,,True,3,Sexism,True,,0.918549418449402,0.9069768190383912,rt : bs yhi hai sacchai inki... jnu ki randiyan 😂😂🤣🤣,0.918549418449402,True,,True,,,,
class3_batch010_sample021859,10,21859,3,Sexism,322859,326859,v3_original_demo_boundary_prompt,4-shot random authentic same-class,Shortlisted authentic RUHSOLD Sexism examples,40,bc ghar wale bhi soch rahe honge yeh kya system paida ho gya sala lagta programing galat ho gayi.... sabsi badi confusion iske liye ladka dhundheyge yaa ladki😉,you are just girlfriend material no one wants wife like you. itna jism jo sirf admi apni bivi ka dekhta h  apka to sary jahan ne dekha h,your leader  is hijra that's why he is not living with his wife.,"madum ap gharailo maon behno ki terha na blkeh on maon behno ki terha bhi nahi jo moaashrat main ghar sy bahir nikal ker apni , maan baap ki .belky pory moaashry ki izzat ka kgayal rekhti hain .ap oss catogary main ati hain .jisy rundi,jisy tawaif,fahasha, jisy badqar kehty hain",rt :   randi rona bana lo ab,sexism_batch_010.csv,7,False,False,True,False,False,False,False,,True,3,Sexism,True,,0.9117904901504515,0.9044299125671388,randi gandi imran ki bandi,0.9117904901504515,True,,True,,,,
class3_batch010_sample021865,10,21865,3,Sexism,322865,326865,v3_original_demo_boundary_prompt,4-shot random authentic same-class,Shortlisted authentic RUHSOLD Sexism examples,40,"yeh wesy koi bht e zyda ounchi nasal ki randi niqli h wesy , mtlb i can't even imagine koi bughaz or paisy k pechay itna b girr skta h, nehayat e nichly darjay ki baighairat aurat ho, aurat zaat ko b badnaam kea h isny apny wajood sy !! akhh thooo iski zaat pay",aur jesi ghatia aurat ke mun se ye bat achi ni lagti. logon ko garam karnay wali machine.,aaaahhhhhh bhenchod.....jese tere is mangalsutra ki sahi jagah tere gale me nai balki mere mote kaale lund pr he.... vese hi tujh jesi chudakkad kuttiya ki jagah kewal mere pairo k niche he saali.... chal inbox me aa.....,bilo rani tumhari pehchan sirf or sirf hijra huna hai.. na mard,abe sasti randi,sexism_batch_010.csv,3,False,False,True,False,False,False,False,,True,3,Sexism,True,,0.9279035329818726,0.908936619758606,aby sasti randi bol 😂,0.9279035329818726,True,,True,,,,
class3_batch010_sample021870,10,21870,3,Sexism,322870,326870,v3_original_demo_boundary_prompt,4-shot random authentic same-class,Shortlisted authentic RUHSOLD Sexism examples,40,ek randi larki ko itni pazeerai di hai. smjh se bahir hai,teri bhosdi or boobs me parda mat kar...logo ko dekne de.dhake hoge to kaise pata chalega ki tu hijra nehi hai.   hijra kahi ki.,#stopauratbarbadimarch who are you for arguing our tradition and islamic manners you bluddy 2 takay ki aurat   .,aisi or kis kis ki lund par uchel uchel kar moja lati ghar me.,tum bhi hi randi ho,sexism_batch_010.csv,5,False,False,True,False,False,False,False,,True,3,Sexism,True,,0.9453811049461364,0.9377974271774292,kuti randi,0.9453811049461364,True,,True,,,,
class3_batch010_sample021872,10,21872,3,Sexism,322872,326872,v3_original_demo_boundary_prompt,4-shot random authentic same-class,Shortlisted authentic RUHSOLD Sexism examples,40,bilo rani tumhari pehchan sirf or sirf hijra huna hai.. na mard,dhoka khane k baad oska aitbar uth jata haa sbsee or dosre mard mai b interest ni rehta...ku k aurat jism k ley ni chahti jbk mard jism k ley chahta😌🙂,roads pe lab coat b ap ki gender hi pehnti ha 😂,mard muhbt kr bhi ly tu aksar aurat he dhoka dy jati h usy 💔,sara sher huwa gashti ke sath ha,sexism_batch_010.csv,7,False,False,True,False,False,False,False,,True,3,Sexism,True,,0.907633662223816,0.9017218351364136,oye  ghatiya aurat be haya ghashti bhenr chod begairat aurat sharm kr,0.907633662223816,True,,True,,,,
class3_batch010_sample021875,10,21875,3,Sexism,322875,326875,v3_original_demo_boundary_prompt,4-shot random authentic same-class,Shortlisted authentic RUHSOLD Sexism examples,40,tum jesi ghatia aurat ka kam hi ni hai media par.kisi kothhay pe ja aur ulta late ja ke.begherat,teri bhosdi or boobs me parda mat kar...logo ko dekne de.dhake hoge to kaise pata chalega ki tu hijra nehi hai.   hijra kahi ki.,we are supporting #islam and thank you #khalilurrahmanqamar for your beautiful comments against #gashti .  agar ye #aurat hoti to na me aesi zuban use krta aur na koi gairatmand #admi use krta.,your leader  is hijra that's why he is not living with his wife.,yeh nikl gaya hijra abb,sexism_batch_010.csv,5,False,False,True,False,False,False,False,,True,3,Sexism,True,,0.9276975393295288,0.9139162302017212,aby chal jahil hijra kahi ka,0.9276975393295288,True,,True,,,,
class3_batch010_sample021877,10,21877,3,Sexism,322877,326877,v3_original_demo_boundary_prompt,4-shot random authentic same-class,Shortlisted authentic RUHSOLD Sexism examples,40,"aurat ko islam nai galat lagta, ap log lagtay ho jo ye boltay hain k agar aurat ka rape hua to wo uski galtie usne sar par dupatta nai kiya us banday ki nahi wo bechara kesay control karay",jin ko hizab se nafrat he wo nangi ho k ghoome koi in pe thooke ga bhi nahi  aurat khoobsurat pure libas me lagti he mawazna karlen,tu kyun ro rahe hai hijra? tera buddhe hijra to kamjor mard hai. uska kara nehi hota. 🤣🤣🤣🤣,r mazy k bat mra jism wo auratn krti hn jin pr thokta bh koi nae.,aurat k ho sakty hn,sexism_batch_010.csv,5,False,False,True,False,False,False,False,,True,3,Sexism,True,,0.924675464630127,0.903127670288086,  bata ab aurat ke naam ke kalakh,0.924675464630127,True,,True,,,,
class3_batch010_sample021878,10,21878,3,Sexism,322878,326878,v3_original_demo_boundary_prompt,4-shot random authentic same-class,Shortlisted authentic RUHSOLD Sexism examples,40,we are supporting #islam and thank you #khalilurrahmanqamar for your beautiful comments against #gashti .  agar ye #aurat hoti to na me aesi zuban use krta aur na koi gairatmand #admi use krta.,agar aaj se 40 saal pehley isi tarha ke banner pakarh kar mera jism meri marzi waala naara aapki amma ne maara hota to aap is duniya main ye tweet karney ke liye maujood hi na hoteen 😑😑😑,ap ko mard banny ki acting pasand i? agr ni to hijra hi bany rahye sir ye mardo k kam hn hijro k ni.,jin ko hizab se nafrat he wo nangi ho k ghoome koi in pe thooke ga bhi nahi  aurat khoobsurat pure libas me lagti he mawazna karlen,mujhe bata do kaun si gashti ha jo tum logon ko abhi tak yeh baat nahi samjhti,sexism_batch_010.csv,17,False,False,True,False,False,False,False,,True,3,Sexism,True,,0.950587809085846,0.9395845532417296,"gashti orat tujhy koi amreci ni mila abi tak jo teri garmi ko thik kry kise gashti maa ki baiti,",0.950587809085846,True,,True,,,,
class3_batch010_sample021880,10,21880,3,Sexism,322880,326880,v3_original_demo_boundary_prompt,4-shot random authentic same-class,Shortlisted authentic RUHSOLD Sexism examples,40,transgander   madarchood   hijra tu aik bara khoota ha  haram zada,muslim countries ki leaderships na mard napunsak or hijra hain.. in mein koi dum nahi.. ye kuch nahi kr sakty.. jinnah ki rooh tarapti hogi.. jinnah ne kashmir par attack ka order diya tha..,we are supporting #islam and thank you #khalilurrahmanqamar for your beautiful comments against #gashti .  agar ye #aurat hoti to na me aesi zuban use krta aur na koi gairatmand #admi use krta.,you are just girlfriend material no one wants wife like you. itna jism jo sirf admi apni bivi ka dekhta h  apka to sary jahan ne dekha h,i am sorry but how can you call him hijra? he was born as a man,sexism_batch_010.csv,16,False,False,True,False,False,False,False,,True,3,Sexism,True,,0.9063916802406312,0.8636835217475891,he isnt worthy of a man. he is hijra,0.9063916802406312,True,,True,,,,
class3_batch010_sample021885,10,21885,3,Sexism,322885,326885,v3_original_demo_boundary_prompt,4-shot random authentic same-class,Shortlisted authentic RUHSOLD Sexism examples,40,#stopauratbarbadimarch who are you for arguing our tradition and islamic manners you bluddy 2 takay ki aurat   .,original attitude boys ma hota ha aur fake girls ma,#auratmarch2020 mera jism allah ki marzi.. allah ka to hukam ha tum char dewari me raho .. nd ya nikl k apni nimaish karna chahten,"aurat ko islam nai galat lagta, ap log lagtay ho jo ye boltay hain k agar aurat ka rape hua to wo uski galtie usne sar par dupatta nai kiya us banday ki nahi wo bechara kesay control karay",hijra chutiye,sexism_batch_010.csv,2,False,False,True,False,False,False,False,,True,3,Sexism,True,,0.9412766695022584,0.9155939817428588,hijra lag rhi hai,0.9412766695022584,True,,True,,,,
class3_batch010_sample021891,10,21891,3,Sexism,322891,326891,v3_original_demo_boundary_prompt,4-shot random authentic same-class,Shortlisted authentic RUHSOLD Sexism examples,40,randi kise kahte ha aap hi bata do? ye word ghatiya women ke liye hi use karta ha ab deepika ghatiya ha to randi hi bolenge na,jahiliyat ki v had hai ye apne ghar me slave ki tarh rahti hai aur bahar kutto jaise bhaunk rhi hai... shame on these ladies,"madum ap gharailo maon behno ki terha na blkeh on maon behno ki terha bhi nahi jo moaashrat main ghar sy bahir nikal ker apni , maan baap ki .belky pory moaashry ki izzat ka kgayal rekhti hain .ap oss catogary main ati hain .jisy rundi,jisy tawaif,fahasha, jisy badqar kehty hain",we are supporting #islam and thank you #khalilurrahmanqamar for your beautiful comments against #gashti .  agar ye #aurat hoti to na me aesi zuban use krta aur na koi gairatmand #admi use krta.,randi kise kaha aap hi bata do?,sexism_batch_010.csv,7,False,False,True,False,False,False,False,,True,3,Sexism,True,,0.9250850081443788,0.9063620567321776,tu bhi kyu nahi jal gayi saath mein randi ?,0.9250850081443788,True,,True,,,,
class3_batch010_sample021893,10,21893,3,Sexism,322893,326893,v3_original_demo_boundary_prompt,4-shot random authentic same-class,Shortlisted authentic RUHSOLD Sexism examples,40,ek randi larki ko itni pazeerai di hai. smjh se bahir hai,muslim countries ki leaderships na mard napunsak or hijra hain.. in mein koi dum nahi.. ye kuch nahi kr sakty.. jinnah ki rooh tarapti hogi.. jinnah ne kashmir par attack ka order diya tha..,"ab iska sara credit har anchor le rha h jb k  rape,  ki asal jad h hi media jo mera jism.meri marzi,  hareem.shah , qandeel bloch , valentine day pe program krty hn phr rape hi hn gy",roads pe lab coat b ap ki gender hi pehnti ha 😂,randi kutiya,sexism_batch_010.csv,2,False,False,True,False,False,False,False,,True,3,Sexism,True,,0.933358073234558,0.9142842292785645,kuti randi,0.933358073234558,True,,True,,,,
class3_batch010_sample021903,10,21903,3,Sexism,322903,326903,v3_original_demo_boundary_prompt,4-shot random authentic same-class,Shortlisted authentic RUHSOLD Sexism examples,40,"madum ap gharailo maon behno ki terha na blkeh on maon behno ki terha bhi nahi jo moaashrat main ghar sy bahir nikal ker apni , maan baap ki .belky pory moaashry ki izzat ka kgayal rekhti hain .ap oss catogary main ati hain .jisy rundi,jisy tawaif,fahasha, jisy badqar kehty hain",70 saal ka mard is better than a 30 year old hijra😅,tum jesi ghatia aurat ka kam hi ni hai media par.kisi kothhay pe ja aur ulta late ja ke.begherat,lalchi aurat paisa dekhti hai aur khandani aurat sirf sehrat dekhti hai,ye randi ko kabhi sakoon milna chahiye thi ?,sexism_batch_010.csv,9,False,False,True,False,False,False,False,,True,3,Sexism,True,,0.9530926942825316,0.920802891254425,tu bhi kyu nahi jal gayi saath mein randi ?,0.9530926942825316,True,,True,,,,
class3_batch010_sample021905,10,21905,3,Sexism,322905,326905,v3_original_demo_boundary_prompt,4-shot random authentic same-class,Shortlisted authentic RUHSOLD Sexism examples,40,aaaahhhhhh bhenchod.....jese tere is mangalsutra ki sahi jagah tere gale me nai balki mere mote kaale lund pr he.... vese hi tujh jesi chudakkad kuttiya ki jagah kewal mere pairo k niche he saali.... chal inbox me aa.....,#stopauratbarbadimarch aurat ghr k andr hi achi lgti he yu sarkon par nikalna kisi bhi aurat ki izzat par daag lga skta he,aisi or kis kis ki lund par uchel uchel kar moja lati ghar me.,"apko kehna chahye tha na mard hoon, na aurat hoo. main hijra hoon main hijra hoon, main parchi hoon, main defected hoon, main accidental chairman hoon.  #joker420",aaj se pehle dikhne wala hijra nahi dekh raha,sexism_batch_010.csv,9,False,False,True,False,False,False,False,,True,3,Sexism,True,,0.9280111789703368,0.9220702052116394,apni maan k name pe be chona laga gya bilawal hijra,0.9280111789703368,True,,True,,,,
class3_batch010_sample021909,10,21909,3,Sexism,322909,326909,v3_original_demo_boundary_prompt,4-shot random authentic same-class,Shortlisted authentic RUHSOLD Sexism examples,40,bc ghar wale bhi soch rahe honge yeh kya system paida ho gya sala lagta programing galat ho gayi.... sabsi badi confusion iske liye ladka dhundheyge yaa ladki😉,ap ko mard banny ki acting pasand i? agr ni to hijra hi bany rahye sir ye mardo k kam hn hijro k ni.,jin ko hizab se nafrat he wo nangi ho k ghoome koi in pe thooke ga bhi nahi  aurat khoobsurat pure libas me lagti he mawazna karlen,transgander   madarchood   hijra tu aik bara khoota ha  haram zada,jab tak hijraon ke baare mene ek dusre ki tatti maarne ka bat kr diya uske baad mere piche naraazi ho jaati hai,sexism_batch_010.csv,23,False,False,True,False,False,False,False,,True,3,Sexism,True,,0.9179357290267944,0.9131782650947572,jin ko hizab se nafrat he wo nangi ho k ghoome koi in pe thooke ga bhi nahi  aurat khoobsurat pure libas me lagti he mawazna karlen,0.9179357290267944,True,,True,,,,
class3_batch010_sample021910,10,21910,3,Sexism,322910,326910,v3_original_demo_boundary_prompt,4-shot random authentic same-class,Shortlisted authentic RUHSOLD Sexism examples,40,"madum ap gharailo maon behno ki terha na blkeh on maon behno ki terha bhi nahi jo moaashrat main ghar sy bahir nikal ker apni , maan baap ki .belky pory moaashry ki izzat ka kgayal rekhti hain .ap oss catogary main ati hain .jisy rundi,jisy tawaif,fahasha, jisy badqar kehty hain",agar aaj se 40 saal pehley isi tarha ke banner pakarh kar mera jism meri marzi waala naara aapki amma ne maara hota to aap is duniya main ye tweet karney ke liye maujood hi na hoteen 😑😑😑,phir larky beard ky bagiar khusray q lgty hain  wo bhi beard ky bagiar khubsurat lgny chahiye ?,aisi or kis kis ki lund par uchel uchel kar moja lati ghar me.,kia acha he salman sir...dusri tarhy randi rona krwa rahe ho..,sexism_batch_010.csv,11,False,False,True,False,False,False,False,,True,3,Sexism,True,,0.9223368167877196,0.910900890827179,tu kyu apni maa chudwane aa jati hai... apne mulle ki apne ghar mein rakh ke chudwa le... randi,0.9223368167877196,True,,True,,,,
class3_batch010_sample021914,10,21914,3,Sexism,322914,326914,v3_original_demo_boundary_prompt,4-shot random authentic same-class,Shortlisted authentic RUHSOLD Sexism examples,40,acha tareka dhondha hai larkun ko ganda sabit karny ka but aesi neech harkat larkyan he kar sakti hain larky nahi.,shazaib apni baji ko b bejna han aurat march ma agr itne he zruri hai to,teri chut me sabhi bhaiyo ka lund reply de randi,original attitude boys ma hota ha aur fake girls ma,tumhari jani tu mard ho ya aurat hai..???,sexism_batch_010.csv,8,False,False,True,False,False,False,False,,True,3,Sexism,True,,0.9121842980384828,0.9065458178520204,tu bhi kyu nahi jal gayi saath mein randi ?,0.9121842980384828,True,,True,,,,
class3_batch010_sample021920,10,21920,3,Sexism,322920,326920,v3_original_demo_boundary_prompt,4-shot random authentic same-class,Shortlisted authentic RUHSOLD Sexism examples,40,teri bhosdi or boobs me parda mat kar...logo ko dekne de.dhake hoge to kaise pata chalega ki tu hijra nehi hai.   hijra kahi ki.,70 saal ka mard is better than a 30 year old hijra😅,bilo rani tumhari pehchan sirf or sirf hijra huna hai.. na mard,acha tareka dhondha hai larkun ko ganda sabit karny ka but aesi neech harkat larkyan he kar sakti hain larky nahi.,abe randi kutte,sexism_batch_010.csv,3,False,False,True,False,False,False,False,,True,3,Sexism,True,,0.9140470623970032,0.9045300483703612,randi tairi puuudddd,0.9140470623970032,True,,True,,,,
class3_batch010_sample021922,10,21922,3,Sexism,322922,326922,v3_original_demo_boundary_prompt,4-shot random authentic same-class,Shortlisted authentic RUHSOLD Sexism examples,40,we are supporting #islam and thank you #khalilurrahmanqamar for your beautiful comments against #gashti .  agar ye #aurat hoti to na me aesi zuban use krta aur na koi gairatmand #admi use krta.,"ab iska sara credit har anchor le rha h jb k  rape,  ki asal jad h hi media jo mera jism.meri marzi,  hareem.shah , qandeel bloch , valentine day pe program krty hn phr rape hi hn gy",phir larky beard ky bagiar khusray q lgty hain  wo bhi beard ky bagiar khubsurat lgny chahiye ?,#stopauratbarbadimarch who are you for arguing our tradition and islamic manners you bluddy 2 takay ki aurat   .,rt : yeh gashti ka shikar ha,sexism_batch_010.csv,7,False,False,True,False,False,False,False,,True,3,Sexism,True,,0.908850908279419,0.9022897481918336,rt : bs yhi hai sacchai inki... jnu ki randiyan 😂😂🤣🤣,0.908850908279419,True,,True,,,,
class3_batch010_sample021924,10,21924,3,Sexism,322924,326924,v3_original_demo_boundary_prompt,4-shot random authentic same-class,Shortlisted authentic RUHSOLD Sexism examples,40,jahiliyat ki v had hai ye apne ghar me slave ki tarh rahti hai aur bahar kutto jaise bhaunk rhi hai... shame on these ladies,70 saal ka mard is better than a 30 year old hijra😅,"madum ap gharailo maon behno ki terha na blkeh on maon behno ki terha bhi nahi jo moaashrat main ghar sy bahir nikal ker apni , maan baap ki .belky pory moaashry ki izzat ka kgayal rekhti hain .ap oss catogary main ati hain .jisy rundi,jisy tawaif,fahasha, jisy badqar kehty hain",ap ko mard banny ki acting pasand i? agr ni to hijra hi bany rahye sir ye mardo k kam hn hijro k ni.,ye apko lgta ha apny ghar sy bahir nikal kr duniya main aik randi ho,sexism_batch_010.csv,15,False,False,True,False,False,False,False,,True,3,Sexism,True,,0.944347321987152,0.9347356557846068,chutiye yahi hu gand teng kar apni randi ki nasal,0.944347321987152,True,,True,,,,
class3_batch010_sample021925,10,21925,3,Sexism,322925,326925,v3_original_demo_boundary_prompt,4-shot random authentic same-class,Shortlisted authentic RUHSOLD Sexism examples,40,your leader  is hijra that's why he is not living with his wife.,"aurat ko islam nai galat lagta, ap log lagtay ho jo ye boltay hain k agar aurat ka rape hua to wo uski galtie usne sar par dupatta nai kiya us banday ki nahi wo bechara kesay control karay","yeh wesy koi bht e zyda ounchi nasal ki randi niqli h wesy , mtlb i can't even imagine koi bughaz or paisy k pechay itna b girr skta h, nehayat e nichly darjay ki baighairat aurat ho, aurat zaat ko b badnaam kea h isny apny wajood sy !! akhh thooo iski zaat pay",we are supporting #islam and thank you #khalilurrahmanqamar for your beautiful comments against #gashti .  agar ye #aurat hoti to na me aesi zuban use krta aur na koi gairatmand #admi use krta.,abe randi kutty,sexism_batch_010.csv,3,False,False,True,False,False,False,False,,True,3,Sexism,True,,0.8897053003311157,0.8834052085876465,bollywood ki randi,0.8897053003311157,True,,True,,,,
class3_batch010_sample021935,10,21935,3,Sexism,322935,326935,v3_original_demo_boundary_prompt,4-shot random authentic same-class,Shortlisted authentic RUHSOLD Sexism examples,40,tere jaise randiyo ki chudai ke liye to ham mard hain yaha pe,shazaib apni baji ko b bejna han aurat march ma agr itne he zruri hai to,tu kyun ro rahe hai hijra? tera buddhe hijra to kamjor mard hai. uska kara nehi hota. 🤣🤣🤣🤣,transgander   madarchood   hijra tu aik bara khoota ha  haram zada,abe hijra duniya mein aise hi logon ko apke sath hote rehte hain...,sexism_batch_010.csv,13,False,False,True,False,False,False,False,,True,3,Sexism,True,,0.918326497077942,0.911053478717804,ye randiya desh mein gand hi failati hain inko aisi saja do ke inki pushte yaad krein ...,0.918326497077942,True,,True,,,,
class3_batch010_sample021940,10,21940,3,Sexism,322940,326940,v3_original_demo_boundary_prompt,4-shot random authentic same-class,Shortlisted authentic RUHSOLD Sexism examples,40,#stopauratbarbadimarch aurat ghr k andr hi achi lgti he yu sarkon par nikalna kisi bhi aurat ki izzat par daag lga skta he,"aurat ko islam nai galat lagta, ap log lagtay ho jo ye boltay hain k agar aurat ka rape hua to wo uski galtie usne sar par dupatta nai kiya us banday ki nahi wo bechara kesay control karay",bc ghar wale bhi soch rahe honge yeh kya system paida ho gya sala lagta programing galat ho gayi.... sabsi badi confusion iske liye ladka dhundheyge yaa ladki😉,"apko kehna chahye tha na mard hoon, na aurat hoo. main hijra hoon main hijra hoon, main parchi hoon, main defected hoon, main accidental chairman hoon.  #joker420",yahan jab tak humari randi rona choti nahi hoti tab tak pata nahin tum log kya cheez kr rha hai,sexism_batch_010.csv,20,False,False,True,False,False,False,False,,True,3,Sexism,True,,0.9273688793182372,0.9196075201034546,bhen chod tu asay hi bhonkti rahy gi.... tujhy pata kuch hai nhi bas randi k bachi yahan pti ki spport mein bhonkne aa jati hai....,0.9273688793182372,True,,True,,,,
class3_batch010_sample021944,10,21944,3,Sexism,322944,326944,v3_original_demo_boundary_prompt,4-shot random authentic same-class,Shortlisted authentic RUHSOLD Sexism examples,40,"yeh wesy koi bht e zyda ounchi nasal ki randi niqli h wesy , mtlb i can't even imagine koi bughaz or paisy k pechay itna b girr skta h, nehayat e nichly darjay ki baighairat aurat ho, aurat zaat ko b badnaam kea h isny apny wajood sy !! akhh thooo iski zaat pay",aur jesi ghatia aurat ke mun se ye bat achi ni lagti. logon ko garam karnay wali machine.,bilo rani tumhari pehchan sirf or sirf hijra huna hai.. na mard,"madum ap gharailo maon behno ki terha na blkeh on maon behno ki terha bhi nahi jo moaashrat main ghar sy bahir nikal ker apni , maan baap ki .belky pory moaashry ki izzat ka kgayal rekhti hain .ap oss catogary main ati hain .jisy rundi,jisy tawaif,fahasha, jisy badqar kehty hain",kuttya phuddya randi bhonka,sexism_batch_010.csv,4,False,False,True,False,False,False,False,,True,3,Sexism,True,,0.9345022439956664,0.9231590032577516,bohat bari chutia ho tum randi ho bohat bari ho,0.9345022439956664,True,,True,,,,
class3_batch010_sample021946,10,21946,3,Sexism,322946,326946,v3_original_demo_boundary_prompt,4-shot random authentic same-class,Shortlisted authentic RUHSOLD Sexism examples,40,your leader  is hijra that's why he is not living with his wife.,bilo rani tumhari pehchan sirf or sirf hijra huna hai.. na mard,acha tareka dhondha hai larkun ko ganda sabit karny ka but aesi neech harkat larkyan he kar sakti hain larky nahi.,tu kyun ro rahe hai hijra? tera buddhe hijra to kamjor mard hai. uska kara nehi hota. 🤣🤣🤣🤣,oooohhhhh hijra ki maa chod dete hain,sexism_batch_010.csv,7,False,False,True,False,False,False,False,,True,3,Sexism,True,,0.9240546822547911,0.9099023938179016,hijra lag rhi hai,0.9240546822547911,True,,True,,,,
class3_batch010_sample021949,10,21949,3,Sexism,322949,326949,v3_original_demo_boundary_prompt,4-shot random authentic same-class,Shortlisted authentic RUHSOLD Sexism examples,40,aaaahhhhhh bhenchod.....jese tere is mangalsutra ki sahi jagah tere gale me nai balki mere mote kaale lund pr he.... vese hi tujh jesi chudakkad kuttiya ki jagah kewal mere pairo k niche he saali.... chal inbox me aa.....,muslim countries ki leaderships na mard napunsak or hijra hain.. in mein koi dum nahi.. ye kuch nahi kr sakty.. jinnah ki rooh tarapti hogi.. jinnah ne kashmir par attack ka order diya tha..,"madum ap gharailo maon behno ki terha na blkeh on maon behno ki terha bhi nahi jo moaashrat main ghar sy bahir nikal ker apni , maan baap ki .belky pory moaashry ki izzat ka kgayal rekhti hain .ap oss catogary main ati hain .jisy rundi,jisy tawaif,fahasha, jisy badqar kehty hain",transgander   madarchood   hijra tu aik bara khoota ha  haram zada,chalo randi,sexism_batch_010.csv,2,False,False,True,False,False,False,False,,True,3,Sexism,True,,0.9176052808761596,0.9070627093315125,sali randi,0.9176052808761596,True,,True,,,,
class3_batch010_sample021951,10,21951,3,Sexism,322951,326951,v3_original_demo_boundary_prompt,4-shot random authentic same-class,Shortlisted authentic RUHSOLD Sexism examples,40,bilo rani tumhari pehchan sirf or sirf hijra huna hai.. na mard,tere jaise randiyo ki chudai ke liye to ham mard hain yaha pe,"ab iska sara credit har anchor le rha h jb k  rape,  ki asal jad h hi media jo mera jism.meri marzi,  hareem.shah , qandeel bloch , valentine day pe program krty hn phr rape hi hn gy",muslim countries ki leaderships na mard napunsak or hijra hain.. in mein koi dum nahi.. ye kuch nahi kr sakty.. jinnah ki rooh tarapti hogi.. jinnah ne kashmir par attack ka order diya tha..,rt :   randi aurat ko support karne se pata nhi hota apke khandane ma,sexism_batch_010.csv,14,False,False,True,False,False,False,False,,True,3,Sexism,True,,0.8949333429336548,0.8809793591499329,rt : bs yhi hai sacchai inki... jnu ki randiyan 😂😂🤣🤣,0.8949333429336548,True,,True,,,,
class3_batch010_sample021952,10,21952,3,Sexism,322952,326952,v3_original_demo_boundary_prompt,4-shot random authentic same-class,Shortlisted authentic RUHSOLD Sexism examples,40,lalchi aurat paisa dekhti hai aur khandani aurat sirf sehrat dekhti hai,shazaib apni baji ko b bejna han aurat march ma agr itne he zruri hai to,you are just girlfriend material no one wants wife like you. itna jism jo sirf admi apni bivi ka dekhta h  apka to sary jahan ne dekha h,apni behn ko bhejo gay na aurat march me??,tu chup kar dikha randi,sexism_batch_010.csv,5,False,False,True,False,False,False,False,,True,3,Sexism,True,,0.9372240900993348,0.9295714497566224,tu kohd baoht bari randi hay,0.9372240900993348,True,,True,,,,
class3_batch010_sample021955,10,21955,3,Sexism,322955,326955,v3_original_demo_boundary_prompt,4-shot random authentic same-class,Shortlisted authentic RUHSOLD Sexism examples,40,r mazy k bat mra jism wo auratn krti hn jin pr thokta bh koi nae.,lalchi aurat paisa dekhti hai aur khandani aurat sirf sehrat dekhti hai,aisi or kis kis ki lund par uchel uchel kar moja lati ghar me.,acha tareka dhondha hai larkun ko ganda sabit karny ka but aesi neech harkat larkyan he kar sakti hain larky nahi.,yahoodi agent or hijra,sexism_batch_010.csv,4,False,False,True,False,False,False,False,,True,3,Sexism,True,,0.8743582963943481,0.8476211428642273,says a hijra,0.8743582963943481,True,,True,,,,
class3_batch010_sample021957,10,21957,3,Sexism,322957,326957,v3_original_demo_boundary_prompt,4-shot random authentic same-class,Shortlisted authentic RUHSOLD Sexism examples,40,we are supporting #islam and thank you #khalilurrahmanqamar for your beautiful comments against #gashti .  agar ye #aurat hoti to na me aesi zuban use krta aur na koi gairatmand #admi use krta.,r mazy k bat mra jism wo auratn krti hn jin pr thokta bh koi nae.,aaaahhhhhh bhenchod.....jese tere is mangalsutra ki sahi jagah tere gale me nai balki mere mote kaale lund pr he.... vese hi tujh jesi chudakkad kuttiya ki jagah kewal mere pairo k niche he saali.... chal inbox me aa.....,tu kyun ro rahe hai hijra? tera buddhe hijra to kamjor mard hai. uska kara nehi hota. 🤣🤣🤣🤣,marna chaheye tha aise gashti ko,sexism_batch_010.csv,6,False,False,True,False,False,False,False,,True,3,Sexism,True,,0.9316972494125366,0.9262006878852844,haha randi saali geeli hoae tu,0.9316972494125366,True,,True,,,,
class3_batch010_sample021965,10,21965,3,Sexism,322965,326965,v3_original_demo_boundary_prompt,4-shot random authentic same-class,Shortlisted authentic RUHSOLD Sexism examples,40,transgander   madarchood   hijra tu aik bara khoota ha  haram zada,acha tareka dhondha hai larkun ko ganda sabit karny ka but aesi neech harkat larkyan he kar sakti hain larky nahi.,r mazy k bat mra jism wo auratn krti hn jin pr thokta bh koi nae.,apni behn ko bhejo gay na aurat march me??,oye randi,sexism_batch_010.csv,2,False,False,True,False,False,False,False,,True,3,Sexism,True,,0.9405175447463988,0.9130712747573853,yo randi,0.9405175447463988,True,,False,Synthetic near-duplicate,class3_batch003_sample020403,1.0000001192092896,Round 1 accepted synthetic bank
class3_batch010_sample021977,10,21977,3,Sexism,322977,326977,v3_original_demo_boundary_prompt,4-shot random authentic same-class,Shortlisted authentic RUHSOLD Sexism examples,40,shazaib apni baji ko b bejna han aurat march ma agr itne he zruri hai to,"apko kehna chahye tha na mard hoon, na aurat hoo. main hijra hoon main hijra hoon, main parchi hoon, main defected hoon, main accidental chairman hoon.  #joker420",apni behn ko bhejo gay na aurat march me??,teri chut me sabhi bhaiyo ka lund reply de randi,saali kehte hain ye bat kya hoti hai aurat ki marzi,sexism_batch_010.csv,11,False,False,True,False,False,False,False,,True,3,Sexism,True,,0.9428412914276124,0.932776153087616,oye  ghatiya aurat be haya ghashti bhenr chod begairat aurat sharm kr,0.9428412914276124,True,,True,,,,
class3_batch010_sample021985,10,21985,3,Sexism,322985,326985,v3_original_demo_boundary_prompt,4-shot random authentic same-class,Shortlisted authentic RUHSOLD Sexism examples,40,"apko kehna chahye tha na mard hoon, na aurat hoo. main hijra hoon main hijra hoon, main parchi hoon, main defected hoon, main accidental chairman hoon.  #joker420",muslim countries ki leaderships na mard napunsak or hijra hain.. in mein koi dum nahi.. ye kuch nahi kr sakty.. jinnah ki rooh tarapti hogi.. jinnah ne kashmir par attack ka order diya tha..,jin ko hizab se nafrat he wo nangi ho k ghoome koi in pe thooke ga bhi nahi  aurat khoobsurat pure libas me lagti he mawazna karlen,tere jaise randiyo ki chudai ke liye to ham mard hain yaha pe,"oye chup raho aurat walo, har ik din humein pata chl jayega kia larkiyan ko kis bat krtey hn",sexism_batch_010.csv,19,False,False,True,False,False,False,False,,True,3,Sexism,True,,0.934196710586548,0.9299753308296204, acha tareka dhondha hai larkun ko ganda sabit karny ka but aesi neech harkat larkyan he kar sakti hain larky nahi.,0.934196710586548,True,,True,,,,
class3_batch010_sample021986,10,21986,3,Sexism,322986,326986,v3_original_demo_boundary_prompt,4-shot random authentic same-class,Shortlisted authentic RUHSOLD Sexism examples,40,teri bhosdi or boobs me parda mat kar...logo ko dekne de.dhake hoge to kaise pata chalega ki tu hijra nehi hai.   hijra kahi ki.,mard muhbt kr bhi ly tu aksar aurat he dhoka dy jati h usy 💔,tu kyun ro rahe hai hijra? tera buddhe hijra to kamjor mard hai. uska kara nehi hota. 🤣🤣🤣🤣,muslim countries ki leaderships na mard napunsak or hijra hain.. in mein koi dum nahi.. ye kuch nahi kr sakty.. jinnah ki rooh tarapti hogi.. jinnah ne kashmir par attack ka order diya tha..,nikl gandu tu hijra,sexism_batch_010.csv,4,False,False,True,False,False,False,False,,True,3,Sexism,True,,0.9188212156295776,0.9072216153144836,tera baap hijra nikla ?,0.9188212156295776,True,,True,,,,
class3_batch010_sample021993,10,21993,3,Sexism,322993,326993,v3_original_demo_boundary_prompt,4-shot random authentic same-class,Shortlisted authentic RUHSOLD Sexism examples,40,"yeh wesy koi bht e zyda ounchi nasal ki randi niqli h wesy , mtlb i can't even imagine koi bughaz or paisy k pechay itna b girr skta h, nehayat e nichly darjay ki baighairat aurat ho, aurat zaat ko b badnaam kea h isny apny wajood sy !! akhh thooo iski zaat pay",transgander   madarchood   hijra tu aik bara khoota ha  haram zada,your leader  is hijra that's why he is not living with his wife.,mard muhbt kr bhi ly tu aksar aurat he dhoka dy jati h usy 💔,tum logon ka lund khol k tery jesi randiyo ko bolnay walay khud hi rakh lein,sexism_batch_010.csv,16,False,False,True,False,False,False,False,,True,3,Sexism,True,,0.9454668760299684,0.9301902651786804,tere jesi randi ko me chodta bhi nhi hu line ki baat kr rhi ha,0.9454668760299684,True,,True,,,,
class3_batch010_sample021994,10,21994,3,Sexism,322994,326994,v3_original_demo_boundary_prompt,4-shot random authentic same-class,Shortlisted authentic RUHSOLD Sexism examples,40,aur jesi ghatia aurat ke mun se ye bat achi ni lagti. logon ko garam karnay wali machine.,dhoka khane k baad oska aitbar uth jata haa sbsee or dosre mard mai b interest ni rehta...ku k aurat jism k ley ni chahti jbk mard jism k ley chahta😌🙂,apni behn ko bhejo gay na aurat march me??,#stopauratbarbadimarch who are you for arguing our tradition and islamic manners you bluddy 2 takay ki aurat   .,chal abhi baat mat krna aur bachchein niklao  randiyo,sexism_batch_010.csv,9,False,False,True,False,False,False,False,,True,3,Sexism,True,,0.944988489151001,0.9334704279899596,aao bhabhi safaai aur chudai dono karta hoon,0.944988489151001,True,,True,,,,
class3_batch010_sample021997,10,21997,3,Sexism,322997,326997,v3_original_demo_boundary_prompt,4-shot random authentic same-class,Shortlisted authentic RUHSOLD Sexism examples,40,teri bhosdi or boobs me parda mat kar...logo ko dekne de.dhake hoge to kaise pata chalega ki tu hijra nehi hai.   hijra kahi ki.,dhoka khane k baad oska aitbar uth jata haa sbsee or dosre mard mai b interest ni rehta...ku k aurat jism k ley ni chahti jbk mard jism k ley chahta😌🙂,transgander   madarchood   hijra tu aik bara khoota ha  haram zada,shazaib apni baji ko b bejna han aurat march ma agr itne he zruri hai to,aisay to ye logon k pass hi nai hota ab ye kanjar,sexism_batch_010.csv,12,False,False,True,False,False,False,False,,True,3,Sexism,True,,0.9406265616416932,0.9253217577934264,agr  kanjeri ka koi face hota to wo ye kanjeri ka hota,0.9406265616416932,True,,True,,,,
class3_batch010_sample021999,10,21999,3,Sexism,322999,326999,v3_original_demo_boundary_prompt,4-shot random authentic same-class,Shortlisted authentic RUHSOLD Sexism examples,40,ap ko mard banny ki acting pasand i? agr ni to hijra hi bany rahye sir ye mardo k kam hn hijro k ni.,#stopauratbarbadimarch who are you for arguing our tradition and islamic manners you bluddy 2 takay ki aurat   .,apni behn ko bhejo gay na aurat march me??,"apko kehna chahye tha na mard hoon, na aurat hoo. main hijra hoon main hijra hoon, main parchi hoon, main defected hoon, main accidental chairman hoon.  #joker420",sari jaisi randi kutti ki maa ki beti,sexism_batch_010.csv,8,False,False,True,False,False,False,False,,True,3,Sexism,True,,0.9349342584609984,0.9295285940170288,haha randi saali geeli hoae tu,0.9349342584609984,True,,True,,,,
class3_batch011_sample022005,11,22005,3,Sexism,323005,327005,v3_original_demo_boundary_prompt,4-shot random authentic same-class,Shortlisted authentic RUHSOLD Sexism examples,40,teri bhosdi or boobs me parda mat kar...logo ko dekne de.dhake hoge to kaise pata chalega ki tu hijra nehi hai.   hijra kahi ki.,transgander   madarchood   hijra tu aik bara khoota ha  haram zada,jahiliyat ki v had hai ye apne ghar me slave ki tarh rahti hai aur bahar kutto jaise bhaunk rhi hai... shame on these ladies,bilo rani tumhari pehchan sirf or sirf hijra huna hai.. na mard,tere baap ka pakistani hai hijra,sexism_batch_011.csv,6,False,False,True,False,False,False,False,,True,3,Sexism,True,,0.9242358803749084,0.8928295373916626,tere baap hoga hijra !,0.9242358803749084,True,,True,,,,
class3_batch011_sample022008,11,22008,3,Sexism,323008,327008,v3_original_demo_boundary_prompt,4-shot random authentic same-class,Shortlisted authentic RUHSOLD Sexism examples,40,agar aaj se 40 saal pehley isi tarha ke banner pakarh kar mera jism meri marzi waala naara aapki amma ne maara hota to aap is duniya main ye tweet karney ke liye maujood hi na hoteen 😑😑😑,teri chut me sabhi bhaiyo ka lund reply de randi,we are supporting #islam and thank you #khalilurrahmanqamar for your beautiful comments against #gashti .  agar ye #aurat hoti to na me aesi zuban use krta aur na koi gairatmand #admi use krta.,jin ko hizab se nafrat he wo nangi ho k ghoome koi in pe thooke ga bhi nahi  aurat khoobsurat pure libas me lagti he mawazna karlen,woh randi hy jo apni behno ki cheezain rakh rahy,sexism_batch_011.csv,10,False,False,True,False,False,False,False,,True,3,Sexism,True,,0.9389358758926392,0.929465651512146,bohat bari chutia ho tum randi ho bohat bari ho,0.9389358758926392,True,,True,,,,
class3_batch011_sample022010,11,22010,3,Sexism,323010,327010,v3_original_demo_boundary_prompt,4-shot random authentic same-class,Shortlisted authentic RUHSOLD Sexism examples,40,original attitude boys ma hota ha aur fake girls ma,teri bhosdi or boobs me parda mat kar...logo ko dekne de.dhake hoge to kaise pata chalega ki tu hijra nehi hai.   hijra kahi ki.,#stopauratbarbadimarch aurat ghr k andr hi achi lgti he yu sarkon par nikalna kisi bhi aurat ki izzat par daag lga skta he,bilo rani tumhari pehchan sirf or sirf hijra huna hai.. na mard,jisko apnay dost ny hijra bol diya he woh hijra hy,sexism_batch_011.csv,11,False,False,True,False,False,False,False,,True,3,Sexism,True,,0.9470094442367554,0.9347106218338012,ye muh parde ke liye nhi chupaya  ye hijra hai es liye muh chupaya hai😜,0.9470094442367554,True,,True,,,,
class3_batch011_sample022013,11,22013,3,Sexism,323013,327013,v3_original_demo_boundary_prompt,4-shot random authentic same-class,Shortlisted authentic RUHSOLD Sexism examples,40,your leader  is hijra that's why he is not living with his wife.,shazaib apni baji ko b bejna han aurat march ma agr itne he zruri hai to,acha tareka dhondha hai larkun ko ganda sabit karny ka but aesi neech harkat larkyan he kar sakti hain larky nahi.,tum jesi ghatia aurat ka kam hi ni hai media par.kisi kothhay pe ja aur ulta late ja ke.begherat,chutiya kanjar randi saali,sexism_batch_011.csv,4,False,False,True,False,False,False,False,,True,3,Sexism,True,,0.921000838279724,0.9164413213729858,haha randi saali geeli hoae tu,0.921000838279724,True,,True,,,,
class3_batch011_sample022015,11,22015,3,Sexism,323015,327015,v3_original_demo_boundary_prompt,4-shot random authentic same-class,Shortlisted authentic RUHSOLD Sexism examples,40,ap ko mard banny ki acting pasand i? agr ni to hijra hi bany rahye sir ye mardo k kam hn hijro k ni.,apni behn ko bhejo gay na aurat march me??,teri chut me sabhi bhaiyo ka lund reply de randi,"yeh wesy koi bht e zyda ounchi nasal ki randi niqli h wesy , mtlb i can't even imagine koi bughaz or paisy k pechay itna b girr skta h, nehayat e nichly darjay ki baighairat aurat ho, aurat zaat ko b badnaam kea h isny apny wajood sy !! akhh thooo iski zaat pay",bharwe tu hijra h teri maa chodu thaa,sexism_batch_011.csv,8,False,False,True,False,False,False,False,,True,3,Sexism,True,,0.9472581744194032,0.9247801899909972,yahi hijra teri maa per charha to tu peda hua,0.9472581744194032,True,,True,,,,
class3_batch011_sample022017,11,22017,3,Sexism,323017,327017,v3_original_demo_boundary_prompt,4-shot random authentic same-class,Shortlisted authentic RUHSOLD Sexism examples,40,teri chut me sabhi bhaiyo ka lund reply de randi,jin ko hizab se nafrat he wo nangi ho k ghoome koi in pe thooke ga bhi nahi  aurat khoobsurat pure libas me lagti he mawazna karlen,your leader  is hijra that's why he is not living with his wife.,randi kise kahte ha aap hi bata do? ye word ghatiya women ke liye hi use karta ha ab deepika ghatiya ha to randi hi bolenge na,tere jaise randiyon ko kuch bhi bolega..kahan se nikl rahi ho ?,sexism_batch_011.csv,12,False,False,True,False,False,False,False,,True,3,Sexism,True,,0.9338454604148864,0.9263280630111694,tu bhi kyu nahi jal gayi saath mein randi ?,0.9338454604148864,True,,True,,,,
class3_batch011_sample022019,11,22019,3,Sexism,323019,327019,v3_original_demo_boundary_prompt,4-shot random authentic same-class,Shortlisted authentic RUHSOLD Sexism examples,40,"yeh wesy koi bht e zyda ounchi nasal ki randi niqli h wesy , mtlb i can't even imagine koi bughaz or paisy k pechay itna b girr skta h, nehayat e nichly darjay ki baighairat aurat ho, aurat zaat ko b badnaam kea h isny apny wajood sy !! akhh thooo iski zaat pay",bc ghar wale bhi soch rahe honge yeh kya system paida ho gya sala lagta programing galat ho gayi.... sabsi badi confusion iske liye ladka dhundheyge yaa ladki😉,"apko kehna chahye tha na mard hoon, na aurat hoo. main hijra hoon main hijra hoon, main parchi hoon, main defected hoon, main accidental chairman hoon.  #joker420",tu kyun ro rahe hai hijra? tera buddhe hijra to kamjor mard hai. uska kara nehi hota. 🤣🤣🤣🤣,wo bhenchod hijre ki jaldi kar raha hai,sexism_batch_011.csv,8,False,False,True,False,False,False,False,,True,3,Sexism,True,,0.9381375312805176,0.9262741208076476,aby chal jahil hijra kahi ka,0.9381375312805176,True,,True,,,,
class3_batch011_sample022021,11,22021,3,Sexism,323021,327021,v3_original_demo_boundary_prompt,4-shot random authentic same-class,Shortlisted authentic RUHSOLD Sexism examples,40,ek randi larki ko itni pazeerai di hai. smjh se bahir hai,acha tareka dhondha hai larkun ko ganda sabit karny ka but aesi neech harkat larkyan he kar sakti hain larky nahi.,apni behn ko bhejo gay na aurat march me??,jin ko hizab se nafrat he wo nangi ho k ghoome koi in pe thooke ga bhi nahi  aurat khoobsurat pure libas me lagti he mawazna karlen,tum khanzeeri randiyon ki jaga mard ban liya ho,sexism_batch_011.csv,9,False,False,True,False,False,False,False,,True,3,Sexism,True,,0.9448155164718628,0.9350838661193848,tere jaise randiyo ki chudai ke liye to ham mard hain yaha pe,0.9448155164718628,True,,True,,,,
class3_batch011_sample022029,11,22029,3,Sexism,323029,327029,v3_original_demo_boundary_prompt,4-shot random authentic same-class,Shortlisted authentic RUHSOLD Sexism examples,40,transgander   madarchood   hijra tu aik bara khoota ha  haram zada,tum jesi ghatia aurat ka kam hi ni hai media par.kisi kothhay pe ja aur ulta late ja ke.begherat,teri bhosdi or boobs me parda mat kar...logo ko dekne de.dhake hoge to kaise pata chalega ki tu hijra nehi hai.   hijra kahi ki.,bc ghar wale bhi soch rahe honge yeh kya system paida ho gya sala lagta programing galat ho gayi.... sabsi badi confusion iske liye ladka dhundheyge yaa ladki😉,mujhe ye shakal nai pasand krti tu hi randi rona krna chahti ho,sexism_batch_011.csv,13,False,False,True,False,False,False,False,,True,3,Sexism,True,,0.968737244606018,0.9398797154426576,dekho tmhri sakhi randi naach kr rhi h r baad me randi rona krti h,0.968737244606018,True,,True,,,,
class3_batch011_sample022030,11,22030,3,Sexism,323030,327030,v3_original_demo_boundary_prompt,4-shot random authentic same-class,Shortlisted authentic RUHSOLD Sexism examples,40,apni behn ko bhejo gay na aurat march me??,ap ko mard banny ki acting pasand i? agr ni to hijra hi bany rahye sir ye mardo k kam hn hijro k ni.,bilo rani tumhari pehchan sirf or sirf hijra huna hai.. na mard,original attitude boys ma hota ha aur fake girls ma,pata chlty ho gya tha tu hijra hu,sexism_batch_011.csv,8,False,False,True,False,False,False,False,,True,3,Sexism,True,,0.9444275498390198,0.9297453761100768,aby chal jahil hijra kahi ka,0.9444275498390198,True,,True,,,,
class3_batch011_sample022039,11,22039,3,Sexism,323039,327039,v3_original_demo_boundary_prompt,4-shot random authentic same-class,Shortlisted authentic RUHSOLD Sexism examples,40,phir larky beard ky bagiar khusray q lgty hain  wo bhi beard ky bagiar khubsurat lgny chahiye ?,agar aaj se 40 saal pehley isi tarha ke banner pakarh kar mera jism meri marzi waala naara aapki amma ne maara hota to aap is duniya main ye tweet karney ke liye maujood hi na hoteen 😑😑😑,70 saal ka mard is better than a 30 year old hijra😅,original attitude boys ma hota ha aur fake girls ma,ooooh randi rona kr raha hai gandu,sexism_batch_011.csv,7,False,False,True,False,False,False,False,,True,3,Sexism,True,,0.9346985816955566,0.9281152486801147,sakal se hi randi lagti hai tu,0.9346985816955566,True,,True,,,,
class3_batch011_sample022045,11,22045,3,Sexism,323045,327045,v3_original_demo_boundary_prompt,4-shot random authentic same-class,Shortlisted authentic RUHSOLD Sexism examples,40,agar aaj se 40 saal pehley isi tarha ke banner pakarh kar mera jism meri marzi waala naara aapki amma ne maara hota to aap is duniya main ye tweet karney ke liye maujood hi na hoteen 😑😑😑,transgander   madarchood   hijra tu aik bara khoota ha  haram zada,lalchi aurat paisa dekhti hai aur khandani aurat sirf sehrat dekhti hai,#auratmarch2020 mera jism allah ki marzi.. allah ka to hukam ha tum char dewari me raho .. nd ya nikl k apni nimaish karna chahten,tere jaisy randi ko koi chutiyaa waja hai?,sexism_batch_011.csv,8,False,False,True,False,False,False,False,,True,3,Sexism,True,,0.9253709316253662,0.9084701538085938,tu bhi kyu nahi jal gayi saath mein randi ?,0.9253709316253662,True,,True,,,,
class3_batch011_sample022048,11,22048,3,Sexism,323048,327048,v3_original_demo_boundary_prompt,4-shot random authentic same-class,Shortlisted authentic RUHSOLD Sexism examples,40,ap ko mard banny ki acting pasand i? agr ni to hijra hi bany rahye sir ye mardo k kam hn hijro k ni.,tu kyun ro rahe hai hijra? tera buddhe hijra to kamjor mard hai. uska kara nehi hota. 🤣🤣🤣🤣,lalchi aurat paisa dekhti hai aur khandani aurat sirf sehrat dekhti hai,aur jesi ghatia aurat ke mun se ye bat achi ni lagti. logon ko garam karnay wali machine.,teri maa ka yaar kisi hijre nh milta. teri maa chodu gaye,sexism_batch_011.csv,12,False,False,True,False,False,False,False,,True,3,Sexism,True,,0.9419618248939514,0.9320141673088074,sale hijde kuch bhi gire nahi neeche warna teri maa chod dungi,0.9419618248939514,True,,True,,,,
class3_batch011_sample022050,11,22050,3,Sexism,323050,327050,v3_original_demo_boundary_prompt,4-shot random authentic same-class,Shortlisted authentic RUHSOLD Sexism examples,40,jin ko hizab se nafrat he wo nangi ho k ghoome koi in pe thooke ga bhi nahi  aurat khoobsurat pure libas me lagti he mawazna karlen,#stopauratbarbadimarch aurat ghr k andr hi achi lgti he yu sarkon par nikalna kisi bhi aurat ki izzat par daag lga skta he,"apko kehna chahye tha na mard hoon, na aurat hoo. main hijra hoon main hijra hoon, main parchi hoon, main defected hoon, main accidental chairman hoon.  #joker420",acha tareka dhondha hai larkun ko ganda sabit karny ka but aesi neech harkat larkyan he kar sakti hain larky nahi.,ab ye gandi nangi randi ki tarah he aurat khanzeer he,sexism_batch_011.csv,11,False,False,True,False,False,False,False,,True,3,Sexism,True,,0.9502115845680236,0.940988063812256,chutiye yahi hu gand teng kar apni randi ki nasal,0.9502115845680236,True,,True,,,,
class3_batch011_sample022051,11,22051,3,Sexism,323051,327051,v3_original_demo_boundary_prompt,4-shot random authentic same-class,Shortlisted authentic RUHSOLD Sexism examples,40,phir larky beard ky bagiar khusray q lgty hain  wo bhi beard ky bagiar khubsurat lgny chahiye ?,we are supporting #islam and thank you #khalilurrahmanqamar for your beautiful comments against #gashti .  agar ye #aurat hoti to na me aesi zuban use krta aur na koi gairatmand #admi use krta.,#stopauratbarbadimarch aurat ghr k andr hi achi lgti he yu sarkon par nikalna kisi bhi aurat ki izzat par daag lga skta he,70 saal ka mard is better than a 30 year old hijra😅,randi rona kar lo,sexism_batch_011.csv,4,False,False,True,False,False,False,False,,True,3,Sexism,True,,0.937781810760498,0.9241811633110046,hamse chudwa le randi aao,0.937781810760498,True,,False,Synthetic near-duplicate,class3_batch008_sample021581,0.9914337992668152,Earlier accepted Round 2 synthetic
class3_batch011_sample022054,11,22054,3,Sexism,323054,327054,v3_original_demo_boundary_prompt,4-shot random authentic same-class,Shortlisted authentic RUHSOLD Sexism examples,40,ek randi larki ko itni pazeerai di hai. smjh se bahir hai,bilo rani tumhari pehchan sirf or sirf hijra huna hai.. na mard,tu kyun ro rahe hai hijra? tera buddhe hijra to kamjor mard hai. uska kara nehi hota. 🤣🤣🤣🤣,jin ko hizab se nafrat he wo nangi ho k ghoome koi in pe thooke ga bhi nahi  aurat khoobsurat pure libas me lagti he mawazna karlen,abe yeh to sach ka sach he hijra he salman sir,sexism_batch_011.csv,11,False,False,True,False,False,False,False,,True,3,Sexism,True,,0.9115604162216188,0.904144287109375,bala sahab nein aapko hijra bola hai,0.9115604162216188,True,,True,,,,
class3_batch011_sample022060,11,22060,3,Sexism,323060,327060,v3_original_demo_boundary_prompt,4-shot random authentic same-class,Shortlisted authentic RUHSOLD Sexism examples,40,jin ko hizab se nafrat he wo nangi ho k ghoome koi in pe thooke ga bhi nahi  aurat khoobsurat pure libas me lagti he mawazna karlen,tum jesi ghatia aurat ka kam hi ni hai media par.kisi kothhay pe ja aur ulta late ja ke.begherat,phir larky beard ky bagiar khusray q lgty hain  wo bhi beard ky bagiar khubsurat lgny chahiye ?,original attitude boys ma hota ha aur fake girls ma,randi rona mat kar..😂,sexism_batch_011.csv,4,False,False,True,False,False,False,False,,True,3,Sexism,True,,0.9365074634552002,0.9235986471176147,randi chali kothe par thumka lagane...😂😂😂,0.9365074634552002,True,,True,,,,
class3_batch011_sample022061,11,22061,3,Sexism,323061,327061,v3_original_demo_boundary_prompt,4-shot random authentic same-class,Shortlisted authentic RUHSOLD Sexism examples,40,aaaahhhhhh bhenchod.....jese tere is mangalsutra ki sahi jagah tere gale me nai balki mere mote kaale lund pr he.... vese hi tujh jesi chudakkad kuttiya ki jagah kewal mere pairo k niche he saali.... chal inbox me aa.....,aisi or kis kis ki lund par uchel uchel kar moja lati ghar me.,your leader  is hijra that's why he is not living with his wife.,randi kise kahte ha aap hi bata do? ye word ghatiya women ke liye hi use karta ha ab deepika ghatiya ha to randi hi bolenge na,maa ki phudi,sexism_batch_011.csv,3,False,False,True,False,False,False,False,,True,3,Sexism,True,,0.91821551322937,0.9061896204948424,kali kuti rundi pudi,0.91821551322937,True,,True,,,,
class3_batch011_sample022063,11,22063,3,Sexism,323063,327063,v3_original_demo_boundary_prompt,4-shot random authentic same-class,Shortlisted authentic RUHSOLD Sexism examples,40,#stopauratbarbadimarch aurat ghr k andr hi achi lgti he yu sarkon par nikalna kisi bhi aurat ki izzat par daag lga skta he,teri bhosdi or boobs me parda mat kar...logo ko dekne de.dhake hoge to kaise pata chalega ki tu hijra nehi hai.   hijra kahi ki.,r mazy k bat mra jism wo auratn krti hn jin pr thokta bh koi nae.,shazaib apni baji ko b bejna han aurat march ma agr itne he zruri hai to,rt :  randi ki nasl,sexism_batch_011.csv,5,False,False,True,False,False,False,False,,True,3,Sexism,True,,0.9130303859710692,0.9037801027297974,chup randi ki nasal,0.9130303859710692,True,,True,,,,
class3_batch011_sample022066,11,22066,3,Sexism,323066,327066,v3_original_demo_boundary_prompt,4-shot random authentic same-class,Shortlisted authentic RUHSOLD Sexism examples,40,tu kyun ro rahe hai hijra? tera buddhe hijra to kamjor mard hai. uska kara nehi hota. 🤣🤣🤣🤣,#stopauratbarbadimarch who are you for arguing our tradition and islamic manners you bluddy 2 takay ki aurat   .,your leader  is hijra that's why he is not living with his wife.,jin ko hizab se nafrat he wo nangi ho k ghoome koi in pe thooke ga bhi nahi  aurat khoobsurat pure libas me lagti he mawazna karlen,hijra sacha chor diya,sexism_batch_011.csv,4,False,False,True,False,False,False,False,,True,3,Sexism,True,,0.9417058229446412,0.9241488575935364,hijra lag rhi hai,0.9417058229446412,True,,True,,,,
class3_batch011_sample022075,11,22075,3,Sexism,323075,327075,v3_original_demo_boundary_prompt,4-shot random authentic same-class,Shortlisted authentic RUHSOLD Sexism examples,40,#stopauratbarbadimarch aurat ghr k andr hi achi lgti he yu sarkon par nikalna kisi bhi aurat ki izzat par daag lga skta he,mard muhbt kr bhi ly tu aksar aurat he dhoka dy jati h usy 💔,roads pe lab coat b ap ki gender hi pehnti ha 😂,aaaahhhhhh bhenchod.....jese tere is mangalsutra ki sahi jagah tere gale me nai balki mere mote kaale lund pr he.... vese hi tujh jesi chudakkad kuttiya ki jagah kewal mere pairo k niche he saali.... chal inbox me aa.....,tum ek ladki ho to woh aurat marzi ko support kar lete,sexism_batch_011.csv,12,False,False,True,False,False,False,False,,True,3,Sexism,True,,0.9198138117790222,0.911415696144104,mard muhbt kr bhi ly tu aksar aurat he dhoka dy jati h usy 💔,0.9198138117790222,True,,True,,,,
class3_batch011_sample022079,11,22079,3,Sexism,323079,327079,v3_original_demo_boundary_prompt,4-shot random authentic same-class,Shortlisted authentic RUHSOLD Sexism examples,40,bc ghar wale bhi soch rahe honge yeh kya system paida ho gya sala lagta programing galat ho gayi.... sabsi badi confusion iske liye ladka dhundheyge yaa ladki😉,aur jesi ghatia aurat ke mun se ye bat achi ni lagti. logon ko garam karnay wali machine.,dhoka khane k baad oska aitbar uth jata haa sbsee or dosre mard mai b interest ni rehta...ku k aurat jism k ley ni chahti jbk mard jism k ley chahta😌🙂,"ab iska sara credit har anchor le rha h jb k  rape,  ki asal jad h hi media jo mera jism.meri marzi,  hareem.shah , qandeel bloch , valentine day pe program krty hn phr rape hi hn gy",chup kar randiyo,sexism_batch_011.csv,3,False,False,True,False,False,False,False,,True,3,Sexism,True,,0.946998655796051,0.9269493222236632,chup kar kanjeri,0.946998655796051,True,,True,,,,
class3_batch011_sample022081,11,22081,3,Sexism,323081,327081,v3_original_demo_boundary_prompt,4-shot random authentic same-class,Shortlisted authentic RUHSOLD Sexism examples,40,aaaahhhhhh bhenchod.....jese tere is mangalsutra ki sahi jagah tere gale me nai balki mere mote kaale lund pr he.... vese hi tujh jesi chudakkad kuttiya ki jagah kewal mere pairo k niche he saali.... chal inbox me aa.....,apni behn ko bhejo gay na aurat march me??,acha tareka dhondha hai larkun ko ganda sabit karny ka but aesi neech harkat larkyan he kar sakti hain larky nahi.,you are just girlfriend material no one wants wife like you. itna jism jo sirf admi apni bivi ka dekhta h  apka to sary jahan ne dekha h,aaanddrrrrr randi,sexism_batch_011.csv,2,False,False,True,False,False,False,False,,True,3,Sexism,True,,0.949877142906189,0.9323213696479796,randi tairi puuudddd,0.949877142906189,True,,True,,,,
class3_batch011_sample022085,11,22085,3,Sexism,323085,327085,v3_original_demo_boundary_prompt,4-shot random authentic same-class,Shortlisted authentic RUHSOLD Sexism examples,40,lalchi aurat paisa dekhti hai aur khandani aurat sirf sehrat dekhti hai,aaaahhhhhh bhenchod.....jese tere is mangalsutra ki sahi jagah tere gale me nai balki mere mote kaale lund pr he.... vese hi tujh jesi chudakkad kuttiya ki jagah kewal mere pairo k niche he saali.... chal inbox me aa.....,tere jaise randiyo ki chudai ke liye to ham mard hain yaha pe,70 saal ka mard is better than a 30 year old hijra😅,ye jo kia hua tha usko apne ghar se ek baar ghum lo na hijra,sexism_batch_011.csv,15,False,False,True,False,False,False,False,,True,3,Sexism,True,,0.96539044380188,0.942252516746521,ye muh parde ke liye nhi chupaya  ye hijra hai es liye muh chupaya hai😜,0.96539044380188,True,,True,,,,
class3_batch011_sample022088,11,22088,3,Sexism,323088,327088,v3_original_demo_boundary_prompt,4-shot random authentic same-class,Shortlisted authentic RUHSOLD Sexism examples,40,ap ko mard banny ki acting pasand i? agr ni to hijra hi bany rahye sir ye mardo k kam hn hijro k ni.,transgander   madarchood   hijra tu aik bara khoota ha  haram zada,"yeh wesy koi bht e zyda ounchi nasal ki randi niqli h wesy , mtlb i can't even imagine koi bughaz or paisy k pechay itna b girr skta h, nehayat e nichly darjay ki baighairat aurat ho, aurat zaat ko b badnaam kea h isny apny wajood sy !! akhh thooo iski zaat pay",you are just girlfriend material no one wants wife like you. itna jism jo sirf admi apni bivi ka dekhta h  apka to sary jahan ne dekha h,me ny bhi uni mein phudi ke dushman ko chod dia,sexism_batch_011.csv,11,False,False,True,False,False,False,False,,True,3,Sexism,True,,0.9272552728652954,0.9165234565734864,sale hijde kuch bhi gire nahi neeche warna teri maa chod dungi,0.9272552728652954,True,,True,,,,
class3_batch011_sample022098,11,22098,3,Sexism,323098,327098,v3_original_demo_boundary_prompt,4-shot random authentic same-class,Shortlisted authentic RUHSOLD Sexism examples,40,ek randi larki ko itni pazeerai di hai. smjh se bahir hai,dhoka khane k baad oska aitbar uth jata haa sbsee or dosre mard mai b interest ni rehta...ku k aurat jism k ley ni chahti jbk mard jism k ley chahta😌🙂,we are supporting #islam and thank you #khalilurrahmanqamar for your beautiful comments against #gashti .  agar ye #aurat hoti to na me aesi zuban use krta aur na koi gairatmand #admi use krta.,muslim countries ki leaderships na mard napunsak or hijra hain.. in mein koi dum nahi.. ye kuch nahi kr sakty.. jinnah ki rooh tarapti hogi.. jinnah ne kashmir par attack ka order diya tha..,randi k najaiz bachay,sexism_batch_011.csv,4,False,False,True,False,False,False,False,,True,3,Sexism,True,,0.9176193475723268,0.9046042561531068,bhag bhsdki randi,0.9176193475723268,True,,True,,,,
class3_batch011_sample022099,11,22099,3,Sexism,323099,327099,v3_original_demo_boundary_prompt,4-shot random authentic same-class,Shortlisted authentic RUHSOLD Sexism examples,40,we are supporting #islam and thank you #khalilurrahmanqamar for your beautiful comments against #gashti .  agar ye #aurat hoti to na me aesi zuban use krta aur na koi gairatmand #admi use krta.,"apko kehna chahye tha na mard hoon, na aurat hoo. main hijra hoon main hijra hoon, main parchi hoon, main defected hoon, main accidental chairman hoon.  #joker420",aur jesi ghatia aurat ke mun se ye bat achi ni lagti. logon ko garam karnay wali machine.,original attitude boys ma hota ha aur fake girls ma,gashti ki tarah baat kar raha hai.,sexism_batch_011.csv,7,False,False,True,False,False,False,False,,True,3,Sexism,True,,0.930193305015564,0.9115573763847352,ye mujay kisi khusray ka hand lag raha..😂😂,0.930193305015564,True,,True,,,,
