production_candidate_id,batch_number,sample_index,class_id,target_label,generation_seed,demonstration_seed,prompt_version,prompting_strategy,demonstration_source,demonstration_pool_size,demo_1,demo_2,demo_3,demo_4,generated_text
class2_batch009_sample011600,9,11600,2,Religious Hate,212600,216600,v3_original_demo_boundary_prompt,4-shot random authentic same-class,Shortlisted authentic RUHSOLD Religious Hate examples,118,tumri ma buhat hanzir hy jis ne tum jaise  yahodi kafir rhandi hanzir aurat ko paida kiya,#khuda ki qasam agar mey hota tu zinda nahe bach sakta ta muj sey ye beghairat kafir yahoodi.,chal fosdi ke mohammad kabile wale ki halala ki aulad,in beghairto israel yahodi khanzeer kai bacho nai kia kuch nahen kia hain lekhin alhamdulillah islam wahid deen jo mohabbat sikhati hain nakai nafrat aur ye sab sai tezi sai phelta huwa deen hain is liye inko jalan ho rahi hain aur har koshish kar bhe chukai hain aur kar bhe,tumhary baap jinke ghar mai tu dard nahi kr raha tha uss waqt bhi muslimon ki zameen per laga raha tha aur tum wo muslimon ka shikar hai
class2_batch009_sample011601,9,11601,2,Religious Hate,212601,216601,v3_original_demo_boundary_prompt,4-shot random authentic same-class,Shortlisted authentic RUHSOLD Religious Hate examples,118,ye lode teri maa or bahan ke shohar hai or jyada bolega to de denge teri maa or bahan ko hum denge talaq or fir halala wow kya baat hai mullo wow lund chuss lo ðÿ˜œðÿ˜œðÿ˜œðÿ˜œ,lul bukhari ye tum nahe tumaray yahoodi or hindu thuku bol rahay hain jin ko army sey bahot hi zeda takleef hai...🖕,"bilkul,itny lecture milny hain jese christmas or new year pe milty hain ,kya apko pata bhi hai k kaafir janwaro k haqq main dua bhi nahi krni chahye",#stopisraeliterror   yahoodi mulk jisey israel ka naam diya gaya najaiz hai yahoodi sabse bada dahshatgard,o qurbani tu kitna acha lagta hai
class2_batch009_sample011602,9,11602,2,Religious Hate,212602,216602,v3_original_demo_boundary_prompt,4-shot random authentic same-class,Shortlisted authentic RUHSOLD Religious Hate examples,118,phir kehty hum bhot badry #muslim hn aur #ashaq_e_rasool sawm hain lanat hai un sab #haramio py jinho ny bibi fatima zahra ko shahheed kia aur #haq khaya 🖐🏻😡🐕 aur lanat un sab py jo un #haramio ky hamdard hain,yes they are involved in bomb blast... halala and bakrigiri,lant hy teri aagli pecchli tweet pe or tum pe or qadyanion pe or kuch ?,bus ya aur tafseel bataao  ahmdi aurtain beach pe bikini b pehnti hain  jalse aur ijlaas pe burqa b boht hai 🤫,aur tum logon ka ghar ki baat nhi krty
class2_batch009_sample011603,9,11603,2,Religious Hate,212603,216603,v3_original_demo_boundary_prompt,4-shot random authentic same-class,Shortlisted authentic RUHSOLD Religious Hate examples,118,"gau mutr peeyo tum log lodu awkat bna phir aake muh lag, randwa saala",jahil k bachy kahan likha h k gair mazhb sy nikaah jaiz ha... tmari gand me jo keera ha wo nhi merna... khoty khany waly... yahoodi kahan sy hogaey ahle kitaab ....tm.b yahoodi to nhi,tum log yahoodi ho kisi ko shuck nahi hona chaheye bus kafi hogae musalmanon ko aur dhoka na dou👹,kafir yahodi kafir hindo same thinking,sara pakistan ka qaid e azam wasi zia ul haq tha or us ne imran chore kaha 🤣🤣
class2_batch009_sample011604,9,11604,2,Religious Hate,212604,216604,v3_original_demo_boundary_prompt,4-shot random authentic same-class,Shortlisted authentic RUHSOLD Religious Hate examples,118,kaafir tujhe kuch nai malum,sirf momin aya to yahoodi kum nasal marny laggaye agr sawa crore momin agaye to sochen kya hoga?hamen jagna hoga,ahmedi mirziee qadiyani hargiz kuleedi uhdu pe nhee janay chahien warna hmari agencies pe swalia nishan hey,"tum vahi karo jo aata hai ,namaz or bakri chudai",pta tha na jab ye halala aur polygamy ki bat kr rha tha wo muslim nahi tha
class2_batch009_sample011605,9,11605,2,Religious Hate,212605,216605,v3_original_demo_boundary_prompt,4-shot random authentic same-class,Shortlisted authentic RUHSOLD Religious Hate examples,118,yahoodi ko hitler ne chora or general ne in jaajoon ko chor k dhkya k ye kai hain.😂,ho gaye hy aur han aj jo ye sekhon k liye kar raha hy ye whoi sekh hy jub pakistan azad howa tha aur muslmano ne jub india sa hijrat ki tub sub zada qatal muslim ko in sekhon ne kiya tha par afsos ap jesy log is yahodi e agent ko ek islami leader mante ho phir kasm khao k allah,typical muslim randi-rona taqia.,ye lode teri maa or bahan ke shohar hai or jyada bolega to de denge teri maa or bahan ko hum denge talaq or fir halala wow kya baat hai mullo wow lund chuss lo ðÿ˜œðÿ˜œðÿ˜œðÿ˜œ,yahoodi sazish mein sabse bara bura haal hai unki bhi sath mein nashay kaam hi nahi hota
class2_batch009_sample011606,9,11606,2,Religious Hate,212606,216606,v3_original_demo_boundary_prompt,4-shot random authentic same-class,Shortlisted authentic RUHSOLD Religious Hate examples,118,that's for foolish act and the ahmedi you highlighted they were equal to jews for us so alhmdurallah we save quran ! . and about hindus and christians its was a false news !  and if it is real then show me !  if you don't have anything then shut up and run !,"surprise!  surprise!  majority of the muslims are at just in different levels of ""usman khan"" ranging from mild to extreme (except ahmadiya may be, but they are not ""real muslims"")  that's from a person living in a country with 95% muslim    https://t.co/hq35u2xrrk,2009-05-25 17:25:26,sydney, new south wales",ho gaye hy aur han aj jo ye sekhon k liye kar raha hy ye whoi sekh hy jub pakistan azad howa tha aur muslmano ne jub india sa hijrat ki tub sub zada qatal muslim ko in sekhon ne kiya tha par afsos ap jesy log is yahodi e agent ko ek islami leader mante ho phir kasm khao k allah,pehle america jaiga ue begairaat musliman kehlwane kai laiq nh pehle he logh kehty h eske bary me ye yahoodi hai,tu to wo musalmaan he jo imran khan ka qabza kartay hein
class2_batch009_sample011607,9,11607,2,Religious Hate,212607,216607,v3_original_demo_boundary_prompt,4-shot random authentic same-class,Shortlisted authentic RUHSOLD Religious Hate examples,118,o madadarchod: tum tu farigh ho aur yeh gashti tu waisay he sari raat jagti hay. o dallay o kanjar hum tu iran jatay hotay hain tu bata apni behan kitni baar mbs aur us kay wahabi sheikhon ko bhaijta hay.,tw kaafir tera peo kaafir tera pura khandaan kaafir ooo churry trump🐱🐱,bosdk yeh tumhare ghar me hota hai. saari k blouse me mote mote doodh dikhati firti hain tumhare dharam ki orate or hindu orat ko musalman ka l#nd aachaa lagta hai. yeh baat puri dunia janti hai,get lost you kaafir.,ye gandu khan zinda hay?
class2_batch009_sample011608,9,11608,2,Religious Hate,212608,216608,v3_original_demo_boundary_prompt,4-shot random authentic same-class,Shortlisted authentic RUHSOLD Religious Hate examples,118,"huh wut you say u imbecile, i shat on you...toh toh toh kaafir",in beghairto israel yahodi khanzeer kai bacho nai kia kuch nahen kia hain lekhin alhamdulillah islam wahid deen jo mohabbat sikhati hain nakai nafrat aur ye sab sai tezi sai phelta huwa deen hain is liye inko jalan ho rahi hain aur har koshish kar bhe chukai hain aur kar bhe,madarchod muslaman ki kaum madarchod saalo ka imaan nahi hai bheno ko chod te hai bhen ke lode harmazaade uskiye apni  maa ki chut bhi chodta hoga aur chuswata hoga logo se saare musalamaan raand ki olad islam ki maa ki chut,yes they are involved in bomb blast... halala and bakrigiri,israael kia jisne kya he gaddar khud ko samjhao
class2_batch009_sample011609,9,11609,2,Religious Hate,212609,216609,v3_original_demo_boundary_prompt,4-shot random authentic same-class,Shortlisted authentic RUHSOLD Religious Hate examples,118,tumri ma buhat hanzir hy jis ne tum jaise  yahodi kafir rhandi hanzir aurat ko paida kiya,get lost you kaafir.,plz sir hamy in say koi khtra nahi hamy is imran khan yahodi our kadiyanion say bachny pay gor karen pak army tayri azmat ko salam,sali muslims randi. jihadi sali,rt : jb tu larkiyo ke sath mard hi nhi dekhta tab teri maa chodta tha. bhosdiwala.
class2_batch009_sample011610,9,11610,2,Religious Hate,212610,216610,v3_original_demo_boundary_prompt,4-shot random authentic same-class,Shortlisted authentic RUHSOLD Religious Hate examples,118,abe halala ki paidaish..  tumhara to wajood hi 800 years purana hai..  jab bhagwan ram ko kagaj dikhane ki jarurat par gayi to tum kaun ho.. kagaj to dikhana hi parega.. #nrc_caa_npr,ye pagliya gyi h saali... kuttiya ye ab bhul gyi h jisne #halala or #teentlaaq se aazadi dilwayi usko bhul gyi h ye mullli....,get lost you kaafir.,"obviously we muslims hate ahmedi's . 😡 we don't care whatever happens to them ! we just hate them. if their is oppression over other minorities in pakistan which is not usual alhamdolillah, then i condemn that.",ye sach mein jo bhi ho rha hai yeh to hindustani charsi ki kamiyabiyat hai
class2_batch009_sample011611,9,11611,2,Religious Hate,212611,216611,v3_original_demo_boundary_prompt,4-shot random authentic same-class,Shortlisted authentic RUHSOLD Religious Hate examples,118,"afghanio ne tme hindu se bachaya,randi k aulaad tareekh paro tm wo ganda khoon ho,jo siko aour hindu ki rape se paida woe ho,tme kalima tho sikaya afghano ne,magar tmari gandi dna wai ranjeet sing wali a,randi k aulaad tm ne kah pana di,am pashtono ne di,apnay bio ko hera mandi",shia kaafir hai aur hum naam k musalmaan.,tmri taraj animals ki potty n khate... tm jaake  bomb fodo jaake.......halala ke masala.  niklo.. yaha tm atankiyo k liy jagah ni h bhai. yaha atank n failaooo,pehle apni aurto ko halala se bachao ye bhi modi kar raha hai. agar sahi tum logo ka dna kiya jaye to pata nhi baap kon niklega,"apny munafiqat ka kuch nae bolo,tm logon nay quran mein apny qabilay ki bat krwa leye hae"
class2_batch009_sample011612,9,11612,2,Religious Hate,212612,216612,v3_original_demo_boundary_prompt,4-shot random authentic same-class,Shortlisted authentic RUHSOLD Religious Hate examples,118,bus ya aur tafseel bataao  ahmdi aurtain beach pe bikini b pehnti hain  jalse aur ijlaas pe burqa b boht hai 🤫,"just the ten thousandth ""isolated"" instance of christian /jewish/hindu/ahmedi places of worship being attacked by crybabies who themselves can't handle some nutcase burning a book full of fiction stories.",iran shia mulk ha or ye munafik log han,halala ki padayish ho aap aur kya expect karenge hum aapse,bhenchod muslims ne yahoodi ko attack kar raha hai
class2_batch009_sample011613,9,11613,2,Religious Hate,212613,216613,v3_original_demo_boundary_prompt,4-shot random authentic same-class,Shortlisted authentic RUHSOLD Religious Hate examples,118,tw kaafir tera peo kaafir tera pura khandaan kaafir ooo churry trump🐱🐱,o madadarchod: tum tu farigh ho aur yeh gashti tu waisay he sari raat jagti hay. o dallay o kanjar hum tu iran jatay hotay hain tu bata apni behan kitni baar mbs aur us kay wahabi sheikhon ko bhaijta hay.,that's for foolish act and the ahmedi you highlighted they were equal to jews for us so alhmdurallah we save quran ! . and about hindus and christians its was a false news !  and if it is real then show me !  if you don't have anything then shut up and run !,is cult  mein kisi boht hi pyare ko kho dene k baad uski qaber pe phool rakhna b jurm hai west mein qaberisat se phool chura k un ko sale kr k ahmdi chanda dia karte hain takey ragister se naam na kut jaye,ye qadyani imran khan
class2_batch009_sample011614,9,11614,2,Religious Hate,212614,216614,v3_original_demo_boundary_prompt,4-shot random authentic same-class,Shortlisted authentic RUHSOLD Religious Hate examples,118,jaa bhen k lory tum harrami ki nasal ho.. dewband maslak pe kutty ki tareh bhoonkty ho..,lant hy teri aagli pecchli tweet pe or tum pe or qadyanion pe or kuch ?,ye pagliya gyi h saali... kuttiya ye ab bhul gyi h jisne #halala or #teentlaaq se aazadi dilwayi usko bhul gyi h ye mullli....,"abbey halala ki paidaish, 5 baap ki aulaad. patthar baazi ke alawa kuchh kaam kara kabhi teri kaum ne ?",tum logon ko nai pata kia kaun koi aurat ko chod raha ha
class2_batch009_sample011615,9,11615,2,Religious Hate,212615,216615,v3_original_demo_boundary_prompt,4-shot random authentic same-class,Shortlisted authentic RUHSOLD Religious Hate examples,118,"rt : q. woh kaun si qome he,jis ne such bhi bola phr bhi jahnum mein jayegi? ans: yahoodi or nasara qome. shahid sindh",yahoodi ko hitler ne chora or general ne in jaajoon ko chor k dhkya k ye kai hain.😂,"not surprised comment came from ahmedi. tbh, i won't be surprised when some christians will argue that they r included in muslim category too. just bcoz they believe there is only one god.",sali muslims randi. jihadi sali,ye sab haramkhoron ko zinda rehna chahty hen or unki koi zindagi nahi thi aur kabhi hi nahi thi
class2_batch009_sample011616,9,11616,2,Religious Hate,212616,216616,v3_original_demo_boundary_prompt,4-shot random authentic same-class,Shortlisted authentic RUHSOLD Religious Hate examples,118,"rt : q. woh kaun si qome he,jis ne such bhi bola phr bhi jahnum mein jayegi? ans: yahoodi or nasara qome. shahid sindh",benchod randi  islam,"bilkul,itny lecture milny hain jese christmas or new year pe milty hain ,kya apko pata bhi hai k kaafir janwaro k haqq main dua bhi nahi krni chahye",chhor bhen chod hrami hindu chhor esko😠😠😠,tum yahodi ho ya na koi bat
class2_batch009_sample011617,9,11617,2,Religious Hate,212617,216617,v3_original_demo_boundary_prompt,4-shot random authentic same-class,Shortlisted authentic RUHSOLD Religious Hate examples,118,sunni killing a shia....what's new?  thank god he wasn't a ahmedi muslim otherwise the motive would have been to acquire a passport to migrate to western countries and continue their islamic jihadi work after retirement,kabi bi nai jo sakta ya shia log pora ka pora yahodi hn,hindu dharm ka matlab samajh pehle puppet khali bhaunk aur bhaunk iam enjoying ur bark 😂😂😂😂,another endian hijra coward hindu terrorist army soldier dispatched to shamshangarh by pakistan army i want more endian hindu terrorist dead so keep it up pakistan,"allah munafiqon ko qurban kar dein, ye log humara maqsad nahi khud ko ghalt se bana detay hain"
class2_batch009_sample011618,9,11618,2,Religious Hate,212618,216618,v3_original_demo_boundary_prompt,4-shot random authentic same-class,Shortlisted authentic RUHSOLD Religious Hate examples,118,o madadarchod: tum tu farigh ho aur yeh gashti tu waisay he sari raat jagti hay. o dallay o kanjar hum tu iran jatay hotay hain tu bata apni behan kitni baar mbs aur us kay wahabi sheikhon ko bhaijta hay.,ho gaye hy aur han aj jo ye sekhon k liye kar raha hy ye whoi sekh hy jub pakistan azad howa tha aur muslmano ne jub india sa hijrat ki tub sub zada qatal muslim ko in sekhon ne kiya tha par afsos ap jesy log is yahodi e agent ko ek islami leader mante ho phir kasm khao k allah,ye lode teri maa or bahan ke shohar hai or jyada bolega to de denge teri maa or bahan ko hum denge talaq or fir halala wow kya baat hai mullo wow lund chuss lo ðÿ˜œðÿ˜œðÿ˜œðÿ˜œ,aye yahudiyo jitna zulm karna hai kar lo in sha allah woh din bhi zaroor aayega ke tumhe chun chun ke maara jayega yahan tak ke tum darakht ya pattharoñ ke piche chhup jaoge to bejan chizen bhi kahengi yahan yahoodi chhupa hai.hadees ka farman hai ho kar rahega #israeliterrorism,ager inko kashmiri khanzeer firaasch say bachana pasand ha to ab bhaunk lein hum to yahodi hai koi naya bhaunkna nahi chahtey
class2_batch009_sample011619,9,11619,2,Religious Hate,212619,216619,v3_original_demo_boundary_prompt,4-shot random authentic same-class,Shortlisted authentic RUHSOLD Religious Hate examples,118,phir in yahodi khanzeer logo ko pata chalaiga kai kia ta aur kia nahen ye sirf dajjal kai liye aisa kar rahai hain kyunkai ye yahodi log khazeer log dajjal ko apna leader samjhtai hain aur tumhara pura bollywood bollyminati ban chuka hain tumharai dimagh ko programming ki ja rah,"gau mutr peeyo tum log lodu awkat bna phir aake muh lag, randwa saala",abe mc mein bheju teri maa cow ka photo kat te hue bc. chod teri tarah andhbhakt nhi hu aur nhi illiterate.. go and drink cow piss.,sunni killing a shia....what's new?  thank god he wasn't a ahmedi muslim otherwise the motive would have been to acquire a passport to migrate to western countries and continue their islamic jihadi work after retirement,jab tak imran ne qandeel baloch ko marta hua usse baad nikla nahin usne 5000 kashmir frosh ko goli mar diya tha
class2_batch009_sample011620,9,11620,2,Religious Hate,212620,216620,v3_original_demo_boundary_prompt,4-shot random authentic same-class,Shortlisted authentic RUHSOLD Religious Hate examples,118,ahmedi mirziee qadiyani hargiz kuleedi uhdu pe nhee janay chahien warna hmari agencies pe swalia nishan hey,pehle america jaiga ue begairaat musliman kehlwane kai laiq nh pehle he logh kehty h eske bary me ye yahoodi hai,wise halala ki paidaish tumse yhi ummid ki ja sakti hai madarsa chhhap suarðÿ˜‚ðÿ¤£ðÿ¤£ðÿ¤£ðÿ¤£,please don't share his obnoxious face to me. below is the image of the book rohani khzain from ahmedi's official website see what your evil messiah has declared god but you had said you have read the books of mirza and accepted him mehdi may god give you hidyath,ahmadiya jesy muslimeen ko pakistan se bachaya huwa tha
class2_batch009_sample011621,9,11621,2,Religious Hate,212621,216621,v3_original_demo_boundary_prompt,4-shot random authentic same-class,Shortlisted authentic RUHSOLD Religious Hate examples,118,"how did an ahmadiya get to the top in the army of sunnis, in the first place?",tum log yahoodi ho kisi ko shuck nahi hona chaheye bus kafi hogae musalmanon ko aur dhoka na dou👹,abe halala ki paidaish..  tumhara to wajood hi 800 years purana hai..  jab bhagwan ram ko kagaj dikhane ki jarurat par gayi to tum kaun ho.. kagaj to dikhana hi parega.. #nrc_caa_npr,meri tarbiyat yehi hai k jo amreca ko apna baap manta hai na wo muslman hai or na us s koi hanra taloq hai tum nasl e yazeedi ho masl e yahodi or yahoodio ki olad ho,hareem sharif ki zindagi mein ghaibi kahaniyan kuch nahi hoti.
class2_batch009_sample011622,9,11622,2,Religious Hate,212622,216622,v3_original_demo_boundary_prompt,4-shot random authentic same-class,Shortlisted authentic RUHSOLD Religious Hate examples,118,or mujhe un ladkiyo se utni hi nafrat hai jo mullo se shadi karti hai jitni kisi normal hindu ko😡 or mujhe hindu ladko se bhi itni hi nafrat hai jo muslim ladkiyo se shadi karte hai... dharam me koi milawat mujhe pasand nahi,ho gaye hy aur han aj jo ye sekhon k liye kar raha hy ye whoi sekh hy jub pakistan azad howa tha aur muslmano ne jub india sa hijrat ki tub sub zada qatal muslim ko in sekhon ne kiya tha par afsos ap jesy log is yahodi e agent ko ek islami leader mante ho phir kasm khao k allah,"waise madarso mein bahut achhi taaleem di jaati hai tum jihadi hijdo ko, asar dikh rha hai yahan, khud toh khud ki bhen chodte hi ho aur dusro ko bhi bhenchod samajhte ho.",iran shia mulk ha or ye munafik log han,abi tak imran nay chupaya lia hua khanzeer qadyani ka najaiz qabza talaq karwa laga
class2_batch009_sample011623,9,11623,2,Religious Hate,212623,216623,v3_original_demo_boundary_prompt,4-shot random authentic same-class,Shortlisted authentic RUHSOLD Religious Hate examples,118,no no ...... hindu na kah mujhe ........islam bura maan jayega .......kaafir kah kaafir...,or mujhe un ladkiyo se utni hi nafrat hai jo mullo se shadi karti hai jitni kisi normal hindu ko😡 or mujhe hindu ladko se bhi itni hi nafrat hai jo muslim ladkiyo se shadi karte hai... dharam me koi milawat mujhe pasand nahi,#khuda ki qasam agar mey hota tu zinda nahe bach sakta ta muj sey ye beghairat kafir yahoodi.,"waise madarso mein bahut achhi taaleem di jaati hai tum jihadi hijdo ko, asar dikh rha hai yahan, khud toh khud ki bhen chodte hi ho aur dusro ko bhi bhenchod samajhte ho.",apni maa behn kehna chaheye toh islami tere liye hi dekhlega...
class2_batch009_sample011624,9,11624,2,Religious Hate,212624,216624,v3_original_demo_boundary_prompt,4-shot random authentic same-class,Shortlisted authentic RUHSOLD Religious Hate examples,118,tum log yahoodi ho kisi ko shuck nahi hona chaheye bus kafi hogae musalmanon ko aur dhoka na dou👹,"path of cruelty , path of violence, path of halala , path of tripe talaq, path of marrying 6 years old aisha,path to discipline their wives by beating them,path of hurun,path of apostasy,path of punishable apostasy, path of beheading. what a pissful religion izlam is ðÿ‘",hindoo wo qom ha jinper koi nabi koi kitaab nazil nahi hoi. ye to yahoodi se bhi bad tar hen,ye bat tum yahoodi ko bolo atankwadi tum ho jo musalman se nafrat ki aag me insaniyat ke sabse bade dushman yahoodi ko support karte ho ye log to face to face mara hai unlog chote bache ka upar bom feka kisi aurat ya admi bacha ko goli mar diya wi bhi waha ke civilian hi hai,apne pakistan ki gandi naslain jahan yahoodi agent mullo ne qoum e madina ki gandi naslain gulami rakh kar tayar kia hai ye muslims
class2_batch009_sample011625,9,11625,2,Religious Hate,212625,216625,v3_original_demo_boundary_prompt,4-shot random authentic same-class,Shortlisted authentic RUHSOLD Religious Hate examples,118,hey are fighting amongst each other. #bajwa is compromise candidate. thats only reason why he a ahmadiya is a coas.,wehshi darandy easai yahodi hindo islam amanka ka mazhab,please don't share his obnoxious face to me. below is the image of the book rohani khzain from ahmedi's official website see what your evil messiah has declared god but you had said you have read the books of mirza and accepted him mehdi may god give you hidyath,tm jeso ki jb g**nd mari jaye na fir tm log thek rehty ho bc k bachy jb wo yahoodi lanti marty hn na wo muslim dekhty hn air kuch ni dekhty baki tm na toh apni pesh krni hoti ha unhy.,rt : wow u r so cool!! i wanna hang out with u at a park! i mean ur pics are so dope! just like my own pics n shyt...😂
class2_batch009_sample011626,9,11626,2,Religious Hate,212626,216626,v3_original_demo_boundary_prompt,4-shot random authentic same-class,Shortlisted authentic RUHSOLD Religious Hate examples,118,typical muslim randi-rona taqia.,phir kehty hum bhot badry #muslim hn aur #ashaq_e_rasool sawm hain lanat hai un sab #haramio py jinho ny bibi fatima zahra ko shahheed kia aur #haq khaya 🖐🏻😡🐕 aur lanat un sab py jo un #haramio ky hamdard hain,"waise madarso mein bahut achhi taaleem di jaati hai tum jihadi hijdo ko, asar dikh rha hai yahan, khud toh khud ki bhen chodte hi ho aur dusro ko bhi bhenchod samajhte ho.",sunni killing a shia....what's new?  thank god he wasn't a ahmedi muslim otherwise the motive would have been to acquire a passport to migrate to western countries and continue their islamic jihadi work after retirement,ye wo harami hy jo pakistan k mazhab ka apna qabil na kar saka hy
class2_batch009_sample011627,9,11627,2,Religious Hate,212627,216627,v3_original_demo_boundary_prompt,4-shot random authentic same-class,Shortlisted authentic RUHSOLD Religious Hate examples,118,kaafir tujhe kuch nai malum,imran qadyani yahoodi agent hy pti ki 18 bank account hy jis may qadyani yahoodi hondo ny funding ki hy . gold smith jimaima aneel musrst . atif miaan sub qadyani yahoodi hy,phir kehty hum bhot badry #muslim hn aur #ashaq_e_rasool sawm hain lanat hai un sab #haramio py jinho ny bibi fatima zahra ko shahheed kia aur #haq khaya 🖐🏻😡🐕 aur lanat un sab py jo un #haramio ky hamdard hain,"rt : q. woh kaun si qome he,jis ne such bhi bola phr bhi jahnum mein jayegi? ans: yahoodi or nasara qome. shahid sindh",imran chore zakat khore yahodi agent hy
class2_batch009_sample011628,9,11628,2,Religious Hate,212628,216628,v3_original_demo_boundary_prompt,4-shot random authentic same-class,Shortlisted authentic RUHSOLD Religious Hate examples,118,phir kehty hum bhot badry #muslim hn aur #ashaq_e_rasool sawm hain lanat hai un sab #haramio py jinho ny bibi fatima zahra ko shahheed kia aur #haq khaya 🖐🏻😡🐕 aur lanat un sab py jo un #haramio ky hamdard hain,phir in yahodi khanzeer logo ko pata chalaiga kai kia ta aur kia nahen ye sirf dajjal kai liye aisa kar rahai hain kyunkai ye yahodi log khazeer log dajjal ko apna leader samjhtai hain aur tumhara pura bollywood bollyminati ban chuka hain tumharai dimagh ko programming ki ja rah,or mujhe un ladkiyo se utni hi nafrat hai jo mullo se shadi karti hai jitni kisi normal hindu ko😡 or mujhe hindu ladko se bhi itni hi nafrat hai jo muslim ladkiyo se shadi karte hai... dharam me koi milawat mujhe pasand nahi,1 balatkari muslim 3 balatkari tera baap hindu h uske bare m kuch bol  be,or mujhe hindu ladko se bhi itni hi nafrat hai jo muslim ladkiyo se shadi karte hai...
class2_batch009_sample011629,9,11629,2,Religious Hate,212629,216629,v3_original_demo_boundary_prompt,4-shot random authentic same-class,Shortlisted authentic RUHSOLD Religious Hate examples,118,hindu sirf gooli ki zuban smjta ha,chutiya azam ny kia kia ha ab tk sawa saal mein sirf 11600 arab ka izfa qarzoun mein kia or kuch nhi badlo apni soch ko yahodi na bano or ek muslim ki tarh socho,quaid azam was right ky hindu muslim kabhi sth nhi rhy sgty aaj hindu apni hasli shakl dekha rhy hn. agar kisi muslim ny aisa kia hota to india media ki maa mar gi hoti pr ab nhi boly gy. aagy ka ky yehi bol dn gy ky mentally disturb tha or case khtm .#jamia,"waise madarso mein bahut achhi taaleem di jaati hai tum jihadi hijdo ko, asar dikh rha hai yahan, khud toh khud ki bhen chodte hi ho aur dusro ko bhi bhenchod samajhte ho.",allah pak sab ko khuda nahi
class2_batch009_sample011630,9,11630,2,Religious Hate,212630,216630,v3_original_demo_boundary_prompt,4-shot random authentic same-class,Shortlisted authentic RUHSOLD Religious Hate examples,118,poocho hamarai imam sai kai quran mein kaha likha huwa hain aisai ye sirf yahodi khanzeer logo ki chaal hainmuslims ko badnaam karkai liye  zara socho na tumharai hinduism ko badnaam kyun nahen kartai islam kai peechai kyun parai huwai hain zara dimagh ko khol kai socho,that's for foolish act and the ahmedi you highlighted they were equal to jews for us so alhmdurallah we save quran ! . and about hindus and christians its was a false news !  and if it is real then show me !  if you don't have anything then shut up and run !,"just the ten thousandth ""isolated"" instance of christian /jewish/hindu/ahmedi places of worship being attacked by crybabies who themselves can't handle some nutcase burning a book full of fiction stories.",imran qadyani yahoodi agent hy pti ki 18 bank account hy jis may qadyani yahoodi hondo ny funding ki hy . gold smith jimaima aneel musrst . atif miaan sub qadyani yahoodi hy,bhenchod india mein shakal dekh kar nikla yaad aya tha mujhe apni maa behn ke
class2_batch009_sample011631,9,11631,2,Religious Hate,212631,216631,v3_original_demo_boundary_prompt,4-shot random authentic same-class,Shortlisted authentic RUHSOLD Religious Hate examples,118,chutiya azam ny kia kia ha ab tk sawa saal mein sirf 11600 arab ka izfa qarzoun mein kia or kuch nhi badlo apni soch ko yahodi na bano or ek muslim ki tarh socho,tmri taraj animals ki potty n khate... tm jaake  bomb fodo jaake.......halala ke masala.  niklo.. yaha tm atankiyo k liy jagah ni h bhai. yaha atank n failaooo,lul bukhari ye tum nahe tumaray yahoodi or hindu thuku bol rahay hain jin ko army sey bahot hi zeda takleef hai...🖕,hey are fighting amongst each other. #bajwa is compromise candidate. thats only reason why he a ahmadiya is a coas.,teri maa ki choot marunga
class2_batch009_sample011632,9,11632,2,Religious Hate,212632,216632,v3_original_demo_boundary_prompt,4-shot random authentic same-class,Shortlisted authentic RUHSOLD Religious Hate examples,118,is cult  mein kisi boht hi pyare ko kho dene k baad uski qaber pe phool rakhna b jurm hai west mein qaberisat se phool chura k un ko sale kr k ahmdi chanda dia karte hain takey ragister se naam na kut jaye,sunni killing a shia....what's new?  thank god he wasn't a ahmedi muslim otherwise the motive would have been to acquire a passport to migrate to western countries and continue their islamic jihadi work after retirement,kadiyani kafir thay hain aur hamesha harain gay. ye dajjali fitnay ki ek kari hain. aur inkay supporters hum main bhe jo chupay howay hain wo bhe khanzeer kafir he hain. lannat beshomar kadiyanio pr.,ye bat tum yahoodi ko bolo atankwadi tum ho jo musalman se nafrat ki aag me insaniyat ke sabse bade dushman yahoodi ko support karte ho ye log to face to face mara hai unlog chote bache ka upar bom feka kisi aurat ya admi bacha ko goli mar diya wi bhi waha ke civilian hi hai,sunni killing a shia.....that's the normal thing in pakistan..
class2_batch009_sample011633,9,11633,2,Religious Hate,212633,216633,v3_original_demo_boundary_prompt,4-shot random authentic same-class,Shortlisted authentic RUHSOLD Religious Hate examples,118,no no ...... hindu na kah mujhe ........islam bura maan jayega .......kaafir kah kaafir...,wise halala ki paidaish tumse yhi ummid ki ja sakti hai madarsa chhhap suarðÿ˜‚ðÿ¤£ðÿ¤£ðÿ¤£ðÿ¤£,phir kehty hum bhot badry #muslim hn aur #ashaq_e_rasool sawm hain lanat hai un sab #haramio py jinho ny bibi fatima zahra ko shahheed kia aur #haq khaya 🖐🏻😡🐕 aur lanat un sab py jo un #haramio ky hamdard hain,aor hamary hkmran in k sath mily huy en ....yahudi aor hindun hmary sb sy bry dushman en,tere maa ko chodta ho
class2_batch009_sample011634,9,11634,2,Religious Hate,212634,216634,v3_original_demo_boundary_prompt,4-shot random authentic same-class,Shortlisted authentic RUHSOLD Religious Hate examples,118,dekh le madarch*d islam ka nanga naach..babri par fate hue bawaseer ki tarah bhaunk raha tha na..us par bhi ab apne manhoos muh se kuch hag de..blood cousins ke incest ki paidaish,lul bukhari ye tum nahe tumaray yahoodi or hindu thuku bol rahay hain jin ko army sey bahot hi zeda takleef hai...🖕,hey are fighting amongst each other. #bajwa is compromise candidate. thats only reason why he a ahmadiya is a coas.,sirf momin aya to yahoodi kum nasal marny laggaye agr sawa crore momin agaye to sochen kya hoga?hamen jagna hoga,imran chore zakat khore yahodi agent niazi
class2_batch009_sample011635,9,11635,2,Religious Hate,212635,216635,v3_original_demo_boundary_prompt,4-shot random authentic same-class,Shortlisted authentic RUHSOLD Religious Hate examples,118,get lost you kaafir.,oy ahmdi kuty. tum log smjhty ho k is trah kr k hm awam ko pagl bnao gy?? beta bajwa ne tere jeso ko nanga nachana he sbr kr. kahi ni ja rha hmara army chief. tum logo ne agly 3 sal me ye duniya hi chor jani bajwa k dar se. ye army chief nahi pakistan ka muhafiz he.,that nigga was yahoodi he probably lied to all the employees,yahoodi kabhi hamara dost nhi ho sakta,tu islam ko mazboot nahe dekh raha
class2_batch009_sample011636,9,11636,2,Religious Hate,212636,216636,v3_original_demo_boundary_prompt,4-shot random authentic same-class,Shortlisted authentic RUHSOLD Religious Hate examples,118,israel yahoodi sabse bade atankwaadi hai,bosdk yeh tumhare ghar me hota hai. saari k blouse me mote mote doodh dikhati firti hain tumhare dharam ki orate or hindu orat ko musalman ka l#nd aachaa lagta hai. yeh baat puri dunia janti hai,wise halala ki paidaish tumse yhi ummid ki ja sakti hai madarsa chhhap suarðÿ˜‚ðÿ¤£ðÿ¤£ðÿ¤£ðÿ¤£,"surprise!  surprise!  majority of the muslims are at just in different levels of ""usman khan"" ranging from mild to extreme (except ahmadiya may be, but they are not ""real muslims"")  that's from a person living in a country with 95% muslim    https://t.co/hq35u2xrrk,2009-05-25 17:25:26,sydney, new south wales",kuttey tere liye bhi nhi paisay milne ki shakat nahi
class2_batch009_sample011637,9,11637,2,Religious Hate,212637,216637,v3_original_demo_boundary_prompt,4-shot random authentic same-class,Shortlisted authentic RUHSOLD Religious Hate examples,118,o madadarchod: tum tu farigh ho aur yeh gashti tu waisay he sari raat jagti hay. o dallay o kanjar hum tu iran jatay hotay hain tu bata apni behan kitni baar mbs aur us kay wahabi sheikhon ko bhaijta hay.,kabi bi nai jo sakta ya shia log pora ka pora yahodi hn,poocho hamarai imam sai kai quran mein kaha likha huwa hain aisai ye sirf yahodi khanzeer logo ki chaal hainmuslims ko badnaam karkai liye  zara socho na tumharai hinduism ko badnaam kyun nahen kartai islam kai peechai kyun parai huwai hain zara dimagh ko khol kai socho,#khuda ki qasam agar mey hota tu zinda nahe bach sakta ta muj sey ye beghairat kafir yahoodi.,tere pichay tumhari maa ko chodo gay ab kuch din tak laga diya ha
class2_batch009_sample011638,9,11638,2,Religious Hate,212638,216638,v3_original_demo_boundary_prompt,4-shot random authentic same-class,Shortlisted authentic RUHSOLD Religious Hate examples,118,teri maa ka halala kra rha tha koi problem madarjat bhosdike mulle,abe halala ki paidaish..  tumhara to wajood hi 800 years purana hai..  jab bhagwan ram ko kagaj dikhane ki jarurat par gayi to tum kaun ho.. kagaj to dikhana hi parega.. #nrc_caa_npr,tw kaafir tera peo kaafir tera pura khandaan kaafir ooo churry trump🐱🐱,sirf momin aya to yahoodi kum nasal marny laggaye agr sawa crore momin agaye to sochen kya hoga?hamen jagna hoga,ajeeb tareeqay se hamari maa chodte rehte ho halala ki sath
class2_batch009_sample011639,9,11639,2,Religious Hate,212639,216639,v3_original_demo_boundary_prompt,4-shot random authentic same-class,Shortlisted authentic RUHSOLD Religious Hate examples,118,or wahan tumhara jahanumi ahmedi jo naaowz billah nabi hona ka dawa dar tha wo wo case hara tha or court sa bhag gya tha.nabi pak p.b.u.h allah ka akhri nabi han or on ka bad koi nabi nahi ae ga.ya ak haqeqat ha jo quran ma bhi ha.or 1947 ma pak islam ka name par bana tha.,tmri taraj animals ki potty n khate... tm jaake  bomb fodo jaake.......halala ke masala.  niklo.. yaha tm atankiyo k liy jagah ni h bhai. yaha atank n failaooo,yahodi agent qadyani chamcha,yahoodi ko hitler ne chora or general ne in jaajoon ko chor k dhkya k ye kai hain.😂,tum ho yahodi agents
class2_batch009_sample011640,9,11640,2,Religious Hate,212640,216640,v3_original_demo_boundary_prompt,4-shot random authentic same-class,Shortlisted authentic RUHSOLD Religious Hate examples,118,please all muslims come one page and unite  insha allah   yahoodi isreal finished all,lanat abbtknews k khilaf trend bnane walye yazeedion pe r bibi k dushmano p bhi,madarchod muslaman ki kaum madarchod saalo ka imaan nahi hai bheno ko chod te hai bhen ke lode harmazaade uskiye apni  maa ki chut bhi chodta hoga aur chuswata hoga logo se saare musalamaan raand ki olad islam ki maa ki chut,lant hy teri aagli pecchli tweet pe or tum pe or qadyanion pe or kuch ?,mr. tasneem shawaz ahmdi gadhee ka ghar walo ne jitna chutiya bana diya ha.
class2_batch009_sample011641,9,11641,2,Religious Hate,212641,216641,v3_original_demo_boundary_prompt,4-shot random authentic same-class,Shortlisted authentic RUHSOLD Religious Hate examples,118,yahoodi kabhi hamara dost nhi ho sakta,oy ahmdi kuty. tum log smjhty ho k is trah kr k hm awam ko pagl bnao gy?? beta bajwa ne tere jeso ko nanga nachana he sbr kr. kahi ni ja rha hmara army chief. tum logo ne agly 3 sal me ye duniya hi chor jani bajwa k dar se. ye army chief nahi pakistan ka muhafiz he.,ye pagliya gyi h saali... kuttiya ye ab bhul gyi h jisne #halala or #teentlaaq se aazadi dilwayi usko bhul gyi h ye mullli....,"abbey halala ki paidaish, 5 baap ki aulaad. patthar baazi ke alawa kuchh kaam kara kabhi teri kaum ne ?",bajwa apni beti ki trah tu wahan jo khud kashmir k bachay koi shadi kar sakte ho ya nahi
class2_batch009_sample011642,9,11642,2,Religious Hate,212642,216642,v3_original_demo_boundary_prompt,4-shot random authentic same-class,Shortlisted authentic RUHSOLD Religious Hate examples,118,or wahan tumhara jahanumi ahmedi jo naaowz billah nabi hona ka dawa dar tha wo wo case hara tha or court sa bhag gya tha.nabi pak p.b.u.h allah ka akhri nabi han or on ka bad koi nabi nahi ae ga.ya ak haqeqat ha jo quran ma bhi ha.or 1947 ma pak islam ka name par bana tha.,lant hy teri aagli pecchli tweet pe or tum pe or qadyanion pe or kuch ?,plz sir hamy in say koi khtra nahi hamy is imran khan yahodi our kadiyanion say bachny pay gor karen pak army tayri azmat ko salam,"waise madarso mein bahut achhi taaleem di jaati hai tum jihadi hijdo ko, asar dikh rha hai yahan, khud toh khud ki bhen chodte hi ho aur dusro ko bhi bhenchod samajhte ho.",yeh logon ki aulaad hain ye qadyani hain
class2_batch009_sample011643,9,11643,2,Religious Hate,212643,216643,v3_original_demo_boundary_prompt,4-shot random authentic same-class,Shortlisted authentic RUHSOLD Religious Hate examples,118,tumhri maa kk chodu sale apni maa ko chod ke paida hone wale randi ki aulad sale apni behan ko biwi bana ke rkhne wale muhammad ki nazayaj aulad,"waise madarso mein bahut achhi taaleem di jaati hai tum jihadi hijdo ko, asar dikh rha hai yahan, khud toh khud ki bhen chodte hi ho aur dusro ko bhi bhenchod samajhte ho.","bilkul,itny lecture milny hain jese christmas or new year pe milty hain ,kya apko pata bhi hai k kaafir janwaro k haqq main dua bhi nahi krni chahye","how did an ahmadiya get to the top in the army of sunnis, in the first place?",tere maa ki phudi mai tu koi saali nawaz ne jo jihadi hai na harami
class2_batch009_sample011644,9,11644,2,Religious Hate,212644,216644,v3_original_demo_boundary_prompt,4-shot random authentic same-class,Shortlisted authentic RUHSOLD Religious Hate examples,118,oeyy randdii k bachay ganddu hindu.. kyun jhoott baq raha hai gashti maa k ganndduu bachay. peshaab p k palnay wali qoum.,"rt : q. woh kaun si qome he,jis ne such bhi bola phr bhi jahnum mein jayegi? ans: yahoodi or nasara qome. shahid sindh","surprise!  surprise!  majority of the muslims are at just in different levels of ""usman khan"" ranging from mild to extreme (except ahmadiya may be, but they are not ""real muslims"")  that's from a person living in a country with 95% muslim    https://t.co/hq35u2xrrk,2009-05-25 17:25:26,sydney, new south wales",kutto ki tarah america maar raha hai tumhari kaum ko...aasmani kitab walo...israel roj filistin may maa chod raha hai tumhari.... pahle unse nipto....dare hue log😂😂,allah apny nabi say bara koi azeem insaaf di hai jo quran mein nahi tha
class2_batch009_sample011645,9,11645,2,Religious Hate,212645,216645,v3_original_demo_boundary_prompt,4-shot random authentic same-class,Shortlisted authentic RUHSOLD Religious Hate examples,118,q teri bhen ko chuda hy dewbandion ny ..harami ki nasal,chal na randi ! we have spiritual connection with supreme leader imam khamnae !  we have our hearts and souls for holy cities of najaf and karbala !  dont give a fck to wahabi chutiyas,"not surprised comment came from ahmedi. tbh, i won't be surprised when some christians will argue that they r included in muslim category too. just bcoz they believe there is only one god.",1 balatkari muslim 3 balatkari tera baap hindu h uske bare m kuch bol  be,bhenchod ye lanati yahoodi agent ki tweet nhi krne se pata tha ye chutiya hai
class2_batch009_sample011646,9,11646,2,Religious Hate,212646,216646,v3_original_demo_boundary_prompt,4-shot random authentic same-class,Shortlisted authentic RUHSOLD Religious Hate examples,118,aye yahudiyo jitna zulm karna hai kar lo in sha allah woh din bhi zaroor aayega ke tumhe chun chun ke maara jayega yahan tak ke tum darakht ya pattharoñ ke piche chhup jaoge to bejan chizen bhi kahengi yahan yahoodi chhupa hai.hadees ka farman hai ho kar rahega #israeliterrorism,benchod randi  islam,tum log yahoodi ho kisi ko shuck nahi hona chaheye bus kafi hogae musalmanon ko aur dhoka na dou👹,"hogai izzat? mera jism meri marzi jc ghaleez or ghatiya terminologies hamare muslim muashrey me dene ki koshish me aapki so-called,vahiyat or ikhlaq se giri support ko khud ne hi reject kardiya.  apne yahoodi gods ko khush krne k liey kuch or karien",abe teri maa chodunga ye baat karke
class2_batch009_sample011647,9,11647,2,Religious Hate,212647,216647,v3_original_demo_boundary_prompt,4-shot random authentic same-class,Shortlisted authentic RUHSOLD Religious Hate examples,118,"gau mutr peeyo tum log lodu awkat bna phir aake muh lag, randwa saala",oy ahmdi kuty. tum log smjhty ho k is trah kr k hm awam ko pagl bnao gy?? beta bajwa ne tere jeso ko nanga nachana he sbr kr. kahi ni ja rha hmara army chief. tum logo ne agly 3 sal me ye duniya hi chor jani bajwa k dar se. ye army chief nahi pakistan ka muhafiz he.,wow halala's product on fire as usual porkistaniðÿ˜‚ðÿ˜‚ðÿ˜‚,q teri bhen ko chuda hy dewbandion ny ..harami ki nasal,tu yahodi kuta ha
class2_batch009_sample011648,9,11648,2,Religious Hate,212648,216648,v3_original_demo_boundary_prompt,4-shot random authentic same-class,Shortlisted authentic RUHSOLD Religious Hate examples,118,#khuda ki qasam agar mey hota tu zinda nahe bach sakta ta muj sey ye beghairat kafir yahoodi.,"waise madarso mein bahut achhi taaleem di jaati hai tum jihadi hijdo ko, asar dikh rha hai yahan, khud toh khud ki bhen chodte hi ho aur dusro ko bhi bhenchod samajhte ho.",uff pakiza muslim randi 😉😍,"just the ten thousandth ""isolated"" instance of christian /jewish/hindu/ahmedi places of worship being attacked by crybabies who themselves can't handle some nutcase burning a book full of fiction stories.",ab bas apne paida karwao tum logon ne apni maa chod ke ghar mein yeh koi nahi socha tha.
class2_batch009_sample011649,9,11649,2,Religious Hate,212649,216649,v3_original_demo_boundary_prompt,4-shot random authentic same-class,Shortlisted authentic RUHSOLD Religious Hate examples,118,please don't share his obnoxious face to me. below is the image of the book rohani khzain from ahmedi's official website see what your evil messiah has declared god but you had said you have read the books of mirza and accepted him mehdi may god give you hidyath,no no ...... hindu na kah mujhe ........islam bura maan jayega .......kaafir kah kaafir...,tum log yahoodi ho kisi ko shuck nahi hona chaheye bus kafi hogae musalmanon ko aur dhoka na dou👹,tmri taraj animals ki potty n khate... tm jaake  bomb fodo jaake.......halala ke masala.  niklo.. yaha tm atankiyo k liy jagah ni h bhai. yaha atank n failaooo,oohh wahan bhi ajeeb khanzeerat hai
class2_batch009_sample011650,9,11650,2,Religious Hate,212650,216650,v3_original_demo_boundary_prompt,4-shot random authentic same-class,Shortlisted authentic RUHSOLD Religious Hate examples,118,jisko bhi hindu ki chudai par shak hai to ek baar mujh se chudwa kar dekho sab bhram dur ho jayega,tmri taraj animals ki potty n khate... tm jaake  bomb fodo jaake.......halala ke masala.  niklo.. yaha tm atankiyo k liy jagah ni h bhai. yaha atank n failaooo,1 balatkari muslim 3 balatkari tera baap hindu h uske bare m kuch bol  be,uff pakiza muslim randi 😉😍,munafiqat wo hi hain jo aisa bola hota hai
class2_batch009_sample011651,9,11651,2,Religious Hate,212651,216651,v3_original_demo_boundary_prompt,4-shot random authentic same-class,Shortlisted authentic RUHSOLD Religious Hate examples,118,"waise madarso mein bahut achhi taaleem di jaati hai tum jihadi hijdo ko, asar dikh rha hai yahan, khud toh khud ki bhen chodte hi ho aur dusro ko bhi bhenchod samajhte ho.",kadiyani kafir thay hain aur hamesha harain gay. ye dajjali fitnay ki ek kari hain. aur inkay supporters hum main bhe jo chupay howay hain wo bhe khanzeer kafir he hain. lannat beshomar kadiyanio pr.,shia kaafir hai aur hum naam k musalmaan.,wow halala's product on fire as usual porkistaniðÿ˜‚ðÿ˜‚ðÿ˜‚,gandu kafir sazish hindustani
class2_batch009_sample011652,9,11652,2,Religious Hate,212652,216652,v3_original_demo_boundary_prompt,4-shot random authentic same-class,Shortlisted authentic RUHSOLD Religious Hate examples,118,chal fosdi ke mohammad kabile wale ki halala ki aulad,well said.lanati hain ye qadyani kafir,qadiani ahmedi mirziee kaafir jo hen,ho gaye hy aur han aj jo ye sekhon k liye kar raha hy ye whoi sekh hy jub pakistan azad howa tha aur muslmano ne jub india sa hijrat ki tub sub zada qatal muslim ko in sekhon ne kiya tha par afsos ap jesy log is yahodi e agent ko ek islami leader mante ho phir kasm khao k allah,rt : lanat tery jaisy yahodi agent k khandan per
class2_batch009_sample011653,9,11653,2,Religious Hate,212653,216653,v3_original_demo_boundary_prompt,4-shot random authentic same-class,Shortlisted authentic RUHSOLD Religious Hate examples,118,"bilkul,itny lecture milny hain jese christmas or new year pe milty hain ,kya apko pata bhi hai k kaafir janwaro k haqq main dua bhi nahi krni chahye",tmri taraj animals ki potty n khate... tm jaake  bomb fodo jaake.......halala ke masala.  niklo.. yaha tm atankiyo k liy jagah ni h bhai. yaha atank n failaooo,bosdk yeh tumhare ghar me hota hai. saari k blouse me mote mote doodh dikhati firti hain tumhare dharam ki orate or hindu orat ko musalman ka l#nd aachaa lagta hai. yeh baat puri dunia janti hai,plz sir hamy in say koi khtra nahi hamy is imran khan yahodi our kadiyanion say bachny pay gor karen pak army tayri azmat ko salam,rt : plzzz plzzz yar allah ney jo quran pak ko diya tha woh kahan gay?
class2_batch009_sample011654,9,11654,2,Religious Hate,212654,216654,v3_original_demo_boundary_prompt,4-shot random authentic same-class,Shortlisted authentic RUHSOLD Religious Hate examples,118,kutto ki tarah america maar raha hai tumhari kaum ko...aasmani kitab walo...israel roj filistin may maa chod raha hai tumhari.... pahle unse nipto....dare hue log😂😂,"gau mutr peeyo tum log lodu awkat bna phir aake muh lag, randwa saala","huh wut you say u imbecile, i shat on you...toh toh toh kaafir",yahodi agent qadyani chamcha,abe pakistan mein bhaunk rahe ho aur darr ke nahi jaa rha?
class2_batch009_sample011655,9,11655,2,Religious Hate,212655,216655,v3_original_demo_boundary_prompt,4-shot random authentic same-class,Shortlisted authentic RUHSOLD Religious Hate examples,118,yes they are involved in bomb blast... halala and bakrigiri,madarchod muslaman ki kaum madarchod saalo ka imaan nahi hai bheno ko chod te hai bhen ke lode harmazaade uskiye apni  maa ki chut bhi chodta hoga aur chuswata hoga logo se saare musalamaan raand ki olad islam ki maa ki chut,imran qadyani yahoodi agent hy pti ki 18 bank account hy jis may qadyani yahoodi hondo ny funding ki hy . gold smith jimaima aneel musrst . atif miaan sub qadyani yahoodi hy,pislam me media ka estemal kerna haram hai  halala ki paidais,sikh chup kr do nikal lein wo aise hain jo iska naam likha hai
class2_batch009_sample011656,9,11656,2,Religious Hate,212656,216656,v3_original_demo_boundary_prompt,4-shot random authentic same-class,Shortlisted authentic RUHSOLD Religious Hate examples,118,"waise madarso mein bahut achhi taaleem di jaati hai tum jihadi hijdo ko, asar dikh rha hai yahan, khud toh khud ki bhen chodte hi ho aur dusro ko bhi bhenchod samajhte ho.",chutiya azam ny kia kia ha ab tk sawa saal mein sirf 11600 arab ka izfa qarzoun mein kia or kuch nhi badlo apni soch ko yahodi na bano or ek muslim ki tarh socho,get lost you kaafir.,that nigga was yahoodi he probably lied to all the employees,ye pakistan mai gaddari kar raha hai.
class2_batch009_sample011657,9,11657,2,Religious Hate,212657,216657,v3_original_demo_boundary_prompt,4-shot random authentic same-class,Shortlisted authentic RUHSOLD Religious Hate examples,118,poocho hamarai imam sai kai quran mein kaha likha huwa hain aisai ye sirf yahodi khanzeer logo ki chaal hainmuslims ko badnaam karkai liye  zara socho na tumharai hinduism ko badnaam kyun nahen kartai islam kai peechai kyun parai huwai hain zara dimagh ko khol kai socho,imran qadyani yahoodi agent hy pti ki 18 bank account hy jis may qadyani yahoodi hondo ny funding ki hy . gold smith jimaima aneel musrst . atif miaan sub qadyani yahoodi hy,kaafir tujhe kuch nai malum,apne profile mein whats app me fb twitter mein is bahadur nojawaan ki pic lga kr islam se or nabi ke din se mhbt ka izhaar kren or itna share kren ek yahoodi apne na pak iradoon se baaz ajaye is shakhs ne quraan pak ki hifazahat mein ek bhtareen mhbt ka jita jagta sabot dia hai,i don't know why they call him yahoodi khan. he doesn't look like a jewish person..!!
class2_batch009_sample011658,9,11658,2,Religious Hate,212658,216658,v3_original_demo_boundary_prompt,4-shot random authentic same-class,Shortlisted authentic RUHSOLD Religious Hate examples,118,iran shia mulk ha or ye munafik log han,yahodi agent qadyani chamcha,"abbey halala ki paidaish, 5 baap ki aulaad. patthar baazi ke alawa kuchh kaam kara kabhi teri kaum ne ?","malala the product of halala pehle burke se, halala se, bacche paida kerne se or gulami ki jindgi se to azadi lelo hindustaan se azadi to tumhare kukarm tumhe dilwa hi denge. kyuki terrorism failaoge to lat mar ke desh se bhagae jaoge. i am with my country and support caa, nrcðÿ˜‰.",imran chore zakat khore yahodi saazish hain
class2_batch009_sample011659,9,11659,2,Religious Hate,212659,216659,v3_original_demo_boundary_prompt,4-shot random authentic same-class,Shortlisted authentic RUHSOLD Religious Hate examples,118,yahoodi kabhi hamara dost nhi ho sakta,israel yahoodi sabse bade atankwaadi hai,pehle america jaiga ue begairaat musliman kehlwane kai laiq nh pehle he logh kehty h eske bary me ye yahoodi hai,"how did an ahmadiya get to the top in the army of sunnis, in the first place?",tum aise hi apni maa ki choot maro
class2_batch009_sample011660,9,11660,2,Religious Hate,212660,216660,v3_original_demo_boundary_prompt,4-shot random authentic same-class,Shortlisted authentic RUHSOLD Religious Hate examples,118,chal na randi ! we have spiritual connection with supreme leader imam khamnae !  we have our hearts and souls for holy cities of najaf and karbala !  dont give a fck to wahabi chutiyas,abe bharwe tum hindu hi duniya k sub se bara atankwaz ho haramiyon bt krte ho hamare age tumhari country me hindu k elawa koi safe nhi he  tumhari country ka name isi liye  lynchistan he  isi king all the world,"afghanio ne tme hindu se bachaya,randi k aulaad tareekh paro tm wo ganda khoon ho,jo siko aour hindu ki rape se paida woe ho,tme kalima tho sikaya afghano ne,magar tmari gandi dna wai ranjeet sing wali a,randi k aulaad tm ne kah pana di,am pashtono ne di,apnay bio ko hera mandi","abbey halala ki paidaish, 5 baap ki aulaad. patthar baazi ke alawa kuchh kaam kara kabhi teri kaum ne ?",ooo i want to go to iran and see these beautiful women
class2_batch009_sample011661,9,11661,2,Religious Hate,212661,216661,v3_original_demo_boundary_prompt,4-shot random authentic same-class,Shortlisted authentic RUHSOLD Religious Hate examples,118,qadiyani pe lanat mirza khinzeer harami pe lanat.,"how did an ahmadiya get to the top in the army of sunnis, in the first place?","rt : q. woh kaun si qome he,jis ne such bhi bola phr bhi jahnum mein jayegi? ans: yahoodi or nasara qome. shahid sindh",chutiya azam ny kia kia ha ab tk sawa saal mein sirf 11600 arab ka izfa qarzoun mein kia or kuch nhi badlo apni soch ko yahodi na bano or ek muslim ki tarh socho,rt : ghar ki maa behn ko qadiyani khanzeeri nahi bolo ye gandu qadyani
class2_batch009_sample011662,9,11662,2,Religious Hate,212662,216662,v3_original_demo_boundary_prompt,4-shot random authentic same-class,Shortlisted authentic RUHSOLD Religious Hate examples,118,aye yahudiyo jitna zulm karna hai kar lo in sha allah woh din bhi zaroor aayega ke tumhe chun chun ke maara jayega yahan tak ke tum darakht ya pattharoñ ke piche chhup jaoge to bejan chizen bhi kahengi yahan yahoodi chhupa hai.hadees ka farman hai ho kar rahega #israeliterrorism,kutto ki tarah america maar raha hai tumhari kaum ko...aasmani kitab walo...israel roj filistin may maa chod raha hai tumhari.... pahle unse nipto....dare hue log😂😂,tm jeso ki jb g**nd mari jaye na fir tm log thek rehty ho bc k bachy jb wo yahoodi lanti marty hn na wo muslim dekhty hn air kuch ni dekhty baki tm na toh apni pesh krni hoti ha unhy.,that's for foolish act and the ahmedi you highlighted they were equal to jews for us so alhmdurallah we save quran ! . and about hindus and christians its was a false news !  and if it is real then show me !  if you don't have anything then shut up and run !,jisko india se talaq diya jata hai unke saath ek muslim raatish aurat ka dard hai..
class2_batch009_sample011663,9,11663,2,Religious Hate,212663,216663,v3_original_demo_boundary_prompt,4-shot random authentic same-class,Shortlisted authentic RUHSOLD Religious Hate examples,118,"malala the product of halala pehle burke se, halala se, bacche paida kerne se or gulami ki jindgi se to azadi lelo hindustaan se azadi to tumhare kukarm tumhe dilwa hi denge. kyuki terrorism failaoge to lat mar ke desh se bhagae jaoge. i am with my country and support caa, nrcðÿ˜‰.",abe bharwe tum hindu hi duniya k sub se bara atankwaz ho haramiyon bt krte ho hamare age tumhari country me hindu k elawa koi safe nhi he  tumhari country ka name isi liye  lynchistan he  isi king all the world,yahoodi ko hitler ne chora or general ne in jaajoon ko chor k dhkya k ye kai hain.😂,is cult  mein kisi boht hi pyare ko kho dene k baad uski qaber pe phool rakhna b jurm hai west mein qaberisat se phool chura k un ko sale kr k ahmdi chanda dia karte hain takey ragister se naam na kut jaye,tu aur tere jaise logon ko pakistan jana hoga bhenchod
class2_batch009_sample011664,9,11664,2,Religious Hate,212664,216664,v3_original_demo_boundary_prompt,4-shot random authentic same-class,Shortlisted authentic RUHSOLD Religious Hate examples,118,well said.lanati hain ye qadyani kafir,please sell up you yahoodi bastards,kabi bi nai jo sakta ya shia log pora ka pora yahodi hn,pislam me media ka estemal kerna haram hai  halala ki paidais,lanat bhe jaise hi humari galti hogaye thi..
class2_batch009_sample011665,9,11665,2,Religious Hate,212665,216665,v3_original_demo_boundary_prompt,4-shot random authentic same-class,Shortlisted authentic RUHSOLD Religious Hate examples,118,lant hy teri aagli pecchli tweet pe or tum pe or qadyanion pe or kuch ?,chhor bhen chod hrami hindu chhor esko😠😠😠,kisi randi maa ki olad ap ki hindu aurtain jab pooja karti hn tab wo bagwan ka lund mounh me b leti hn?,o madadarchod: tum tu farigh ho aur yeh gashti tu waisay he sari raat jagti hay. o dallay o kanjar hum tu iran jatay hotay hain tu bata apni behan kitni baar mbs aur us kay wahabi sheikhon ko bhaijta hay.,haramkhor khanzeer kuttay kuttiyon ke aulad
class2_batch009_sample011666,9,11666,2,Religious Hate,212666,216666,v3_original_demo_boundary_prompt,4-shot random authentic same-class,Shortlisted authentic RUHSOLD Religious Hate examples,118,abe bharwe tum hindu hi duniya k sub se bara atankwaz ho haramiyon bt krte ho hamare age tumhari country me hindu k elawa koi safe nhi he  tumhari country ka name isi liye  lynchistan he  isi king all the world,pehle apni aurto ko halala se bachao ye bhi modi kar raha hai. agar sahi tum logo ka dna kiya jaye to pata nhi baap kon niklega,chal fosdi ke mohammad kabile wale ki halala ki aulad,please all muslims come one page and unite  insha allah   yahoodi isreal finished all,sach mein tu shakhs e khanzeer tha wo kisi ko dekhe to uski zindagi kiya hai
class2_batch009_sample011667,9,11667,2,Religious Hate,212667,216667,v3_original_demo_boundary_prompt,4-shot random authentic same-class,Shortlisted authentic RUHSOLD Religious Hate examples,118,well said.lanati hain ye qadyani kafir,please all muslims come one page and unite  insha allah   yahoodi isreal finished all,that nigga was yahoodi he probably lied to all the employees,o madadarchod: tum tu farigh ho aur yeh gashti tu waisay he sari raat jagti hay. o dallay o kanjar hum tu iran jatay hotay hain tu bata apni behan kitni baar mbs aur us kay wahabi sheikhon ko bhaijta hay.,lanati chutiye khanzeer
class2_batch009_sample011668,9,11668,2,Religious Hate,212668,216668,v3_original_demo_boundary_prompt,4-shot random authentic same-class,Shortlisted authentic RUHSOLD Religious Hate examples,118,"ye manhoos hinduon ki diwali k chakkar mai har jaga ki aur quality kharab hogai, bharwe",that nigga was yahoodi he probably lied to all the employees,or wahan tumhara jahanumi ahmedi jo naaowz billah nabi hona ka dawa dar tha wo wo case hara tha or court sa bhag gya tha.nabi pak p.b.u.h allah ka akhri nabi han or on ka bad koi nabi nahi ae ga.ya ak haqeqat ha jo quran ma bhi ha.or 1947 ma pak islam ka name par bana tha.,#stopisraeliterror   yahoodi mulk jisey israel ka naam diya gaya najaiz hai yahoodi sabse bada dahshatgard,kutte se akela chale tu samne chala ke maru mera baap ka lund dekh liya tujhe
class2_batch009_sample011669,9,11669,2,Religious Hate,212669,216669,v3_original_demo_boundary_prompt,4-shot random authentic same-class,Shortlisted authentic RUHSOLD Religious Hate examples,118,ye insan ik chaaal haaa dostoo .........zra smj k chliye gaa...sb jaanty hn qadyaani kaafir hn ......ye sb k sentiments gain kr rhaa haa......bad me ye apna chehra dikhiye gaaa fasad kii shkal me.....in chaaalo sy hosyar rhy baseerat paida kry sb apny andr.. shukria...,yahoodi ko hitler ne chora or general ne in jaajoon ko chor k dhkya k ye kai hain.😂,that nigga was yahoodi he probably lied to all the employees,tm jeso ki jb g**nd mari jaye na fir tm log thek rehty ho bc k bachy jb wo yahoodi lanti marty hn na wo muslim dekhty hn air kuch ni dekhty baki tm na toh apni pesh krni hoti ha unhy.,tum tere baap k mazhab ka samne nahi aa rahe ho
class2_batch009_sample011670,9,11670,2,Religious Hate,212670,216670,v3_original_demo_boundary_prompt,4-shot random authentic same-class,Shortlisted authentic RUHSOLD Religious Hate examples,118,"malala the product of halala pehle burke se, halala se, bacche paida kerne se or gulami ki jindgi se to azadi lelo hindustaan se azadi to tumhare kukarm tumhe dilwa hi denge. kyuki terrorism failaoge to lat mar ke desh se bhagae jaoge. i am with my country and support caa, nrcðÿ˜‰.",pehle apni aurto ko halala se bachao ye bhi modi kar raha hai. agar sahi tum logo ka dna kiya jaye to pata nhi baap kon niklega,please sell up you yahoodi bastards,well said.lanati hain ye qadyani kafir,rt :   #halalapehlehalala kabhi apne patidev ko halale ki zaroorat nahi?
class2_batch009_sample011671,9,11671,2,Religious Hate,212671,216671,v3_original_demo_boundary_prompt,4-shot random authentic same-class,Shortlisted authentic RUHSOLD Religious Hate examples,118,"just the ten thousandth ""isolated"" instance of christian /jewish/hindu/ahmedi places of worship being attacked by crybabies who themselves can't handle some nutcase burning a book full of fiction stories.",abe halala ki paidaish..  tumhara to wajood hi 800 years purana hai..  jab bhagwan ram ko kagaj dikhane ki jarurat par gayi to tum kaun ho.. kagaj to dikhana hi parega.. #nrc_caa_npr,wehshi darandy easai yahodi hindo islam amanka ka mazhab,ye bat tum yahoodi ko bolo atankwadi tum ho jo musalman se nafrat ki aag me insaniyat ke sabse bade dushman yahoodi ko support karte ho ye log to face to face mara hai unlog chote bache ka upar bom feka kisi aurat ya admi bacha ko goli mar diya wi bhi waha ke civilian hi hai,sachaa pakistan dekhna tha
class2_batch009_sample011672,9,11672,2,Religious Hate,212672,216672,v3_original_demo_boundary_prompt,4-shot random authentic same-class,Shortlisted authentic RUHSOLD Religious Hate examples,118,oy ahmdi kuty. tum log smjhty ho k is trah kr k hm awam ko pagl bnao gy?? beta bajwa ne tere jeso ko nanga nachana he sbr kr. kahi ni ja rha hmara army chief. tum logo ne agly 3 sal me ye duniya hi chor jani bajwa k dar se. ye army chief nahi pakistan ka muhafiz he.,"just the ten thousandth ""isolated"" instance of christian /jewish/hindu/ahmedi places of worship being attacked by crybabies who themselves can't handle some nutcase burning a book full of fiction stories.",that nigga was yahoodi he probably lied to all the employees,lul bukhari ye tum nahe tumaray yahoodi or hindu thuku bol rahay hain jin ko army sey bahot hi zeda takleef hai...🖕,islam ki wja sy qurbani aur maut k baad islam ki wja sy farman e ijazat dey jati hai.
class2_batch009_sample011673,9,11673,2,Religious Hate,212673,216673,v3_original_demo_boundary_prompt,4-shot random authentic same-class,Shortlisted authentic RUHSOLD Religious Hate examples,118,"pta nhi kon si uni se graduate hote ho aap log jnha aesi wahiyat education di jati hðÿ˜‚ðÿ˜‚ðÿ˜‚ halala, gazwa-e-hind, camel urine or pta nhi kya kyaðÿ˜‚ðÿ˜‚ðÿ˜‚ðÿ¤£ðÿ¤£ðÿ¤£ðÿ¤£ðÿ‘ðÿ»",iran shia mulk ha or ye munafik log han,sirf momin aya to yahoodi kum nasal marny laggaye agr sawa crore momin agaye to sochen kya hoga?hamen jagna hoga,"abbey halala ki paidaish, 5 baap ki aulaad. patthar baazi ke alawa kuchh kaam kara kabhi teri kaum ne ?",ye gandu bachay jo madarchod quran pr thak gaye hain wo koi nahi samjhtay
class2_batch009_sample011674,9,11674,2,Religious Hate,212674,216674,v3_original_demo_boundary_prompt,4-shot random authentic same-class,Shortlisted authentic RUHSOLD Religious Hate examples,118,kisi randi maa ki olad ap ki hindu aurtain jab pooja karti hn tab wo bagwan ka lund mounh me b leti hn?,"tum vahi karo jo aata hai ,namaz or bakri chudai",chhor bhen chod hrami hindu chhor esko😠😠😠,abe jaana mullle sale bhikari !! halala k maje krwa apni maa ko,ye gandu nawaz shareef imran khan ko sharam kar raha hai
class2_batch009_sample011675,9,11675,2,Religious Hate,212675,216675,v3_original_demo_boundary_prompt,4-shot random authentic same-class,Shortlisted authentic RUHSOLD Religious Hate examples,118,sali muslims randi. jihadi sali,poocho hamarai imam sai kai quran mein kaha likha huwa hain aisai ye sirf yahodi khanzeer logo ki chaal hainmuslims ko badnaam karkai liye  zara socho na tumharai hinduism ko badnaam kyun nahen kartai islam kai peechai kyun parai huwai hain zara dimagh ko khol kai socho,chal na randi ! we have spiritual connection with supreme leader imam khamnae !  we have our hearts and souls for holy cities of najaf and karbala !  dont give a fck to wahabi chutiyas,phir kehty hum bhot badry #muslim hn aur #ashaq_e_rasool sawm hain lanat hai un sab #haramio py jinho ny bibi fatima zahra ko shahheed kia aur #haq khaya 🖐🏻😡🐕 aur lanat un sab py jo un #haramio ky hamdard hain,nay kuch nahi bola tha ab tery ghar ka door rakh lena
class2_batch009_sample011676,9,11676,2,Religious Hate,212676,216676,v3_original_demo_boundary_prompt,4-shot random authentic same-class,Shortlisted authentic RUHSOLD Religious Hate examples,118,hey are fighting amongst each other. #bajwa is compromise candidate. thats only reason why he a ahmadiya is a coas.,kaafir tujhe kuch nai malum,please don't share his obnoxious face to me. below is the image of the book rohani khzain from ahmedi's official website see what your evil messiah has declared god but you had said you have read the books of mirza and accepted him mehdi may god give you hidyath,uff pakiza muslim randi 😉😍,yar bata do jisne apni gandi maa chod ke dikhaya hua tha wo mujra ko kar raha hy woh jo munafiqat hain
class2_batch009_sample011677,9,11677,2,Religious Hate,212677,216677,v3_original_demo_boundary_prompt,4-shot random authentic same-class,Shortlisted authentic RUHSOLD Religious Hate examples,118,hindu dharm ka matlab samajh pehle puppet khali bhaunk aur bhaunk iam enjoying ur bark 😂😂😂😂,"rt : q. woh kaun si qome he,jis ne such bhi bola phr bhi jahnum mein jayegi? ans: yahoodi or nasara qome. shahid sindh",sale halala molvi se tum karvao apni oorto ka or apni ma bahan ka bol heme rhe ho molvi kamre m apni bahan ko bej kar sina choda hota hoga tumhara,or mujhe un ladkiyo se utni hi nafrat hai jo mullo se shadi karti hai jitni kisi normal hindu ko😡 or mujhe hindu ladko se bhi itni hi nafrat hai jo muslim ladkiyo se shadi karte hai... dharam me koi milawat mujhe pasand nahi,abe halala ki paidaish teri gand mara jaoon.
class2_batch009_sample011678,9,11678,2,Religious Hate,212678,216678,v3_original_demo_boundary_prompt,4-shot random authentic same-class,Shortlisted authentic RUHSOLD Religious Hate examples,118,lant hy teri aagli pecchli tweet pe or tum pe or qadyanion pe or kuch ?,"rt : q. woh kaun si qome he,jis ne such bhi bola phr bhi jahnum mein jayegi? ans: yahoodi or nasara qome. shahid sindh","hogai izzat? mera jism meri marzi jc ghaleez or ghatiya terminologies hamare muslim muashrey me dene ki koshish me aapki so-called,vahiyat or ikhlaq se giri support ko khud ne hi reject kardiya.  apne yahoodi gods ko khush krne k liey kuch or karien",please sell up you yahoodi bastards,"abey chutiye kuttey ka pata nahi kya kar raha hai ye log, chod dunga bharwe"
class2_batch009_sample011679,9,11679,2,Religious Hate,212679,216679,v3_original_demo_boundary_prompt,4-shot random authentic same-class,Shortlisted authentic RUHSOLD Religious Hate examples,118,#stopisraeliterror   yahoodi mulk jisey israel ka naam diya gaya najaiz hai yahoodi sabse bada dahshatgard,kutto ki tarah america maar raha hai tumhari kaum ko...aasmani kitab walo...israel roj filistin may maa chod raha hai tumhari.... pahle unse nipto....dare hue log😂😂,"m firqa wariyat m nahi parhna chahta, muslims mjo ahktlaf hen wo apni jaga , lekin pichly 200 saal sy muslim is liye mar kha rhy hen k sunni shia wahabi dayobandi bla bla ,,yahodi or nasara ny na koi sunni mulk chora ha na koi shia,  wo bs yehi dekhtay ye muslman ha ..bs maro isk",pislam me media ka estemal kerna haram hai  halala ki paidais,sachai muhammad (s.w.w) ne kaha tha jo insan kharab banay ga uske pas kuch nahi hota
class2_batch009_sample011680,9,11680,2,Religious Hate,212680,216680,v3_original_demo_boundary_prompt,4-shot random authentic same-class,Shortlisted authentic RUHSOLD Religious Hate examples,118,ho gaye hy aur han aj jo ye sekhon k liye kar raha hy ye whoi sekh hy jub pakistan azad howa tha aur muslmano ne jub india sa hijrat ki tub sub zada qatal muslim ko in sekhon ne kiya tha par afsos ap jesy log is yahodi e agent ko ek islami leader mante ho phir kasm khao k allah,hey are fighting amongst each other. #bajwa is compromise candidate. thats only reason why he a ahmadiya is a coas.,iran shia mulk ha or ye munafik log han,"obviously we muslims hate ahmedi's . 😡 we don't care whatever happens to them ! we just hate them. if their is oppression over other minorities in pakistan which is not usual alhamdolillah, then i condemn that.",yar allah tumhary jism ko bachane waali nai woh allah hain jis ny tu ni maloom.
class2_batch009_sample011681,9,11681,2,Religious Hate,212681,216681,v3_original_demo_boundary_prompt,4-shot random authentic same-class,Shortlisted authentic RUHSOLD Religious Hate examples,118,"malala the product of halala pehle burke se, halala se, bacche paida kerne se or gulami ki jindgi se to azadi lelo hindustaan se azadi to tumhare kukarm tumhe dilwa hi denge. kyuki terrorism failaoge to lat mar ke desh se bhagae jaoge. i am with my country and support caa, nrcðÿ˜‰.",tumhri maa kk chodu sale apni maa ko chod ke paida hone wale randi ki aulad sale apni behan ko biwi bana ke rkhne wale muhammad ki nazayaj aulad,dekh le madarch*d islam ka nanga naach..babri par fate hue bawaseer ki tarah bhaunk raha tha na..us par bhi ab apne manhoos muh se kuch hag de..blood cousins ke incest ki paidaish,typical muslim randi-rona taqia.,charsi randi
class2_batch009_sample011682,9,11682,2,Religious Hate,212682,216682,v3_original_demo_boundary_prompt,4-shot random authentic same-class,Shortlisted authentic RUHSOLD Religious Hate examples,118,wow halala's product on fire as usual porkistaniðÿ˜‚ðÿ˜‚ðÿ˜‚,#khuda ki qasam agar mey hota tu zinda nahe bach sakta ta muj sey ye beghairat kafir yahoodi.,"rt : q. woh kaun si qome he,jis ne such bhi bola phr bhi jahnum mein jayegi? ans: yahoodi or nasara qome. shahid sindh",kisi randi maa ki olad ap ki hindu aurtain jab pooja karti hn tab wo bagwan ka lund mounh me b leti hn?,tum logon ko bhi kya samajha raha ha ise tere bheno ke bache ho
class2_batch009_sample011683,9,11683,2,Religious Hate,212683,216683,v3_original_demo_boundary_prompt,4-shot random authentic same-class,Shortlisted authentic RUHSOLD Religious Hate examples,118,well said.lanati hain ye qadyani kafir,"obviously we muslims hate ahmedi's . 😡 we don't care whatever happens to them ! we just hate them. if their is oppression over other minorities in pakistan which is not usual alhamdolillah, then i condemn that.",ho gaye hy aur han aj jo ye sekhon k liye kar raha hy ye whoi sekh hy jub pakistan azad howa tha aur muslmano ne jub india sa hijrat ki tub sub zada qatal muslim ko in sekhon ne kiya tha par afsos ap jesy log is yahodi e agent ko ek islami leader mante ho phir kasm khao k allah,jahil k bachy kahan likha h k gair mazhb sy nikaah jaiz ha... tmari gand me jo keera ha wo nhi merna... khoty khany waly... yahoodi kahan sy hogaey ahle kitaab ....tm.b yahoodi to nhi,kya dekho kashmir frosh kr rhe hai
class2_batch009_sample011684,9,11684,2,Religious Hate,212684,216684,v3_original_demo_boundary_prompt,4-shot random authentic same-class,Shortlisted authentic RUHSOLD Religious Hate examples,118,benchod randi  islam,kabi bi nai jo sakta ya shia log pora ka pora yahodi hn,"afghanio ne tme hindu se bachaya,randi k aulaad tareekh paro tm wo ganda khoon ho,jo siko aour hindu ki rape se paida woe ho,tme kalima tho sikaya afghano ne,magar tmari gandi dna wai ranjeet sing wali a,randi k aulaad tm ne kah pana di,am pashtono ne di,apnay bio ko hera mandi",phir kehty hum bhot badry #muslim hn aur #ashaq_e_rasool sawm hain lanat hai un sab #haramio py jinho ny bibi fatima zahra ko shahheed kia aur #haq khaya 🖐🏻😡🐕 aur lanat un sab py jo un #haramio ky hamdard hain,randi rona krny walon ko chup karne ke liye apni gf ko kisi ka lund pe ghatya azaab ki hai
class2_batch009_sample011685,9,11685,2,Religious Hate,212685,216685,v3_original_demo_boundary_prompt,4-shot random authentic same-class,Shortlisted authentic RUHSOLD Religious Hate examples,118,"how did an ahmadiya get to the top in the army of sunnis, in the first place?","not surprised comment came from ahmedi. tbh, i won't be surprised when some christians will argue that they r included in muslim category too. just bcoz they believe there is only one god.",tum log yahoodi ho kisi ko shuck nahi hona chaheye bus kafi hogae musalmanon ko aur dhoka na dou👹,kaafir tujhe kuch nai malum,rt : mera jism meri marzi ki tarha teri gand mein jism meri marzi
class2_batch009_sample011686,9,11686,2,Religious Hate,212686,216686,v3_original_demo_boundary_prompt,4-shot random authentic same-class,Shortlisted authentic RUHSOLD Religious Hate examples,118,well said.lanati hain ye qadyani kafir,please sell up you yahoodi bastards,"afghanio ne tme hindu se bachaya,randi k aulaad tareekh paro tm wo ganda khoon ho,jo siko aour hindu ki rape se paida woe ho,tme kalima tho sikaya afghano ne,magar tmari gandi dna wai ranjeet sing wali a,randi k aulaad tm ne kah pana di,am pashtono ne di,apnay bio ko hera mandi",or mujhe un ladkiyo se utni hi nafrat hai jo mullo se shadi karti hai jitni kisi normal hindu ko😡 or mujhe hindu ladko se bhi itni hi nafrat hai jo muslim ladkiyo se shadi karte hai... dharam me koi milawat mujhe pasand nahi,niazi's govt has no intention of stopping anti-ahmedi propaganda on state media. they don't care about minorities as long as ahmedis can't vote against them.
class2_batch009_sample011687,9,11687,2,Religious Hate,212687,216687,v3_original_demo_boundary_prompt,4-shot random authentic same-class,Shortlisted authentic RUHSOLD Religious Hate examples,118,meri tarbiyat yehi hai k jo amreca ko apna baap manta hai na wo muslman hai or na us s koi hanra taloq hai tum nasl e yazeedi ho masl e yahodi or yahoodio ki olad ho,ye pagliya gyi h saali... kuttiya ye ab bhul gyi h jisne #halala or #teentlaaq se aazadi dilwayi usko bhul gyi h ye mullli....,please don't share his obnoxious face to me. below is the image of the book rohani khzain from ahmedi's official website see what your evil messiah has declared god but you had said you have read the books of mirza and accepted him mehdi may god give you hidyath,ye bat tum yahoodi ko bolo atankwadi tum ho jo musalman se nafrat ki aag me insaniyat ke sabse bade dushman yahoodi ko support karte ho ye log to face to face mara hai unlog chote bache ka upar bom feka kisi aurat ya admi bacha ko goli mar diya wi bhi waha ke civilian hi hai,rt :  halala ki paidaish
class2_batch009_sample011688,9,11688,2,Religious Hate,212688,216688,v3_original_demo_boundary_prompt,4-shot random authentic same-class,Shortlisted authentic RUHSOLD Religious Hate examples,118,get lost you kaafir.,kabi bi nai jo sakta ya shia log pora ka pora yahodi hn,abe jaana mullle sale bhikari !! halala k maje krwa apni maa ko,"rt : q. woh kaun si qome he,jis ne such bhi bola phr bhi jahnum mein jayegi? ans: yahoodi or nasara qome. shahid sindh",wo koi na koi deen par chal raha hai..aur ye mulk dekhna chahte hain...
class2_batch009_sample011689,9,11689,2,Religious Hate,212689,216689,v3_original_demo_boundary_prompt,4-shot random authentic same-class,Shortlisted authentic RUHSOLD Religious Hate examples,118,hindu dharm ka matlab samajh pehle puppet khali bhaunk aur bhaunk iam enjoying ur bark 😂😂😂😂,yahoodi ko hitler ne chora or general ne in jaajoon ko chor k dhkya k ye kai hain.😂,bus ya aur tafseel bataao  ahmdi aurtain beach pe bikini b pehnti hain  jalse aur ijlaas pe burqa b boht hai 🤫,yes they are involved in bomb blast... halala and bakrigiri,hae bhenchod wo halala ki paidaish hae
class2_batch009_sample011690,9,11690,2,Religious Hate,212690,216690,v3_original_demo_boundary_prompt,4-shot random authentic same-class,Shortlisted authentic RUHSOLD Religious Hate examples,118,"how did an ahmadiya get to the top in the army of sunnis, in the first place?",hindu dharm ka matlab samajh pehle puppet khali bhaunk aur bhaunk iam enjoying ur bark 😂😂😂😂,hey are fighting amongst each other. #bajwa is compromise candidate. thats only reason why he a ahmadiya is a coas.,"afghanio ne tme hindu se bachaya,randi k aulaad tareekh paro tm wo ganda khoon ho,jo siko aour hindu ki rape se paida woe ho,tme kalima tho sikaya afghano ne,magar tmari gandi dna wai ranjeet sing wali a,randi k aulaad tm ne kah pana di,am pashtono ne di,apnay bio ko hera mandi",yeh qandeel baloch munafiqat hain ye
class2_batch009_sample011691,9,11691,2,Religious Hate,212691,216691,v3_original_demo_boundary_prompt,4-shot random authentic same-class,Shortlisted authentic RUHSOLD Religious Hate examples,118,poocho hamarai imam sai kai quran mein kaha likha huwa hain aisai ye sirf yahodi khanzeer logo ki chaal hainmuslims ko badnaam karkai liye  zara socho na tumharai hinduism ko badnaam kyun nahen kartai islam kai peechai kyun parai huwai hain zara dimagh ko khol kai socho,"tum vahi karo jo aata hai ,namaz or bakri chudai",kaafir tujhe kuch nai malum,q teri bhen ko chuda hy dewbandion ny ..harami ki nasal,baki tum jaisay logon say laga lete hyn
class2_batch009_sample011692,9,11692,2,Religious Hate,212692,216692,v3_original_demo_boundary_prompt,4-shot random authentic same-class,Shortlisted authentic RUHSOLD Religious Hate examples,118,jisko bhi hindu ki chudai par shak hai to ek baar mujh se chudwa kar dekho sab bhram dur ho jayega,tw kaafir tera peo kaafir tera pura khandaan kaafir ooo churry trump🐱🐱,sali muslims randi. jihadi sali,shia kaafir hai aur hum naam k musalmaan.,"rt : #jnuattacks: when someone calls you ""bhagat singh"".. you are a muslim.."
class2_batch009_sample011693,9,11693,2,Religious Hate,212693,216693,v3_original_demo_boundary_prompt,4-shot random authentic same-class,Shortlisted authentic RUHSOLD Religious Hate examples,118,tmri taraj animals ki potty n khate... tm jaake  bomb fodo jaake.......halala ke masala.  niklo.. yaha tm atankiyo k liy jagah ni h bhai. yaha atank n failaooo,apne profile mein whats app me fb twitter mein is bahadur nojawaan ki pic lga kr islam se or nabi ke din se mhbt ka izhaar kren or itna share kren ek yahoodi apne na pak iradoon se baaz ajaye is shakhs ne quraan pak ki hifazahat mein ek bhtareen mhbt ka jita jagta sabot dia hai,madarchod muslaman ki kaum madarchod saalo ka imaan nahi hai bheno ko chod te hai bhen ke lode harmazaade uskiye apni  maa ki chut bhi chodta hoga aur chuswata hoga logo se saare musalamaan raand ki olad islam ki maa ki chut,meri tarbiyat yehi hai k jo amreca ko apna baap manta hai na wo muslman hai or na us s koi hanra taloq hai tum nasl e yazeedi ho masl e yahodi or yahoodio ki olad ho,ye islamic state nay pakistan mein dekhoo
class2_batch009_sample011694,9,11694,2,Religious Hate,212694,216694,v3_original_demo_boundary_prompt,4-shot random authentic same-class,Shortlisted authentic RUHSOLD Religious Hate examples,118,halala ki padayish ho aap aur kya expect karenge hum aapse,wise halala ki paidaish tumse yhi ummid ki ja sakti hai madarsa chhhap suarðÿ˜‚ðÿ¤£ðÿ¤£ðÿ¤£ðÿ¤£,please all muslims come one page and unite  insha allah   yahoodi isreal finished all,ye bat tum yahoodi ko bolo atankwadi tum ho jo musalman se nafrat ki aag me insaniyat ke sabse bade dushman yahoodi ko support karte ho ye log to face to face mara hai unlog chote bache ka upar bom feka kisi aurat ya admi bacha ko goli mar diya wi bhi waha ke civilian hi hai,imran chore zakat nawaz sharif zardari pmln 60000 people are on jail in pakistan
class2_batch009_sample011695,9,11695,2,Religious Hate,212695,216695,v3_original_demo_boundary_prompt,4-shot random authentic same-class,Shortlisted authentic RUHSOLD Religious Hate examples,118,"not surprised comment came from ahmedi. tbh, i won't be surprised when some christians will argue that they r included in muslim category too. just bcoz they believe there is only one god.",pehle apni aurto ko halala se bachao ye bhi modi kar raha hai. agar sahi tum logo ka dna kiya jaye to pata nhi baap kon niklega,hindu sirf gooli ki zuban smjta ha,kaafir tujhe kuch nai malum,chalo yahi hi to hoga na.......or abhi tak koi nahi bol rha
class2_batch009_sample011696,9,11696,2,Religious Hate,212696,216696,v3_original_demo_boundary_prompt,4-shot random authentic same-class,Shortlisted authentic RUHSOLD Religious Hate examples,118,chutiya azam ny kia kia ha ab tk sawa saal mein sirf 11600 arab ka izfa qarzoun mein kia or kuch nhi badlo apni soch ko yahodi na bano or ek muslim ki tarh socho,wise halala ki paidaish tumse yhi ummid ki ja sakti hai madarsa chhhap suarðÿ˜‚ðÿ¤£ðÿ¤£ðÿ¤£ðÿ¤£,kutto ki tarah america maar raha hai tumhari kaum ko...aasmani kitab walo...israel roj filistin may maa chod raha hai tumhari.... pahle unse nipto....dare hue log😂😂,meri tarbiyat yehi hai k jo amreca ko apna baap manta hai na wo muslman hai or na us s koi hanra taloq hai tum nasl e yazeedi ho masl e yahodi or yahoodio ki olad ho,shukr karta hu ye jinnah sy zindgi pyar karne wali 😃
class2_batch009_sample011697,9,11697,2,Religious Hate,212697,216697,v3_original_demo_boundary_prompt,4-shot random authentic same-class,Shortlisted authentic RUHSOLD Religious Hate examples,118,wise halala ki paidaish tumse yhi ummid ki ja sakti hai madarsa chhhap suarðÿ˜‚ðÿ¤£ðÿ¤£ðÿ¤£ðÿ¤£,or wahan tumhara jahanumi ahmedi jo naaowz billah nabi hona ka dawa dar tha wo wo case hara tha or court sa bhag gya tha.nabi pak p.b.u.h allah ka akhri nabi han or on ka bad koi nabi nahi ae ga.ya ak haqeqat ha jo quran ma bhi ha.or 1947 ma pak islam ka name par bana tha.,benchod randi  islam,uff pakiza muslim randi 😉😍,ye mullo ne sab ko bachaya hai ke munafik hindustani hain
class2_batch009_sample011698,9,11698,2,Religious Hate,212698,216698,v3_original_demo_boundary_prompt,4-shot random authentic same-class,Shortlisted authentic RUHSOLD Religious Hate examples,118,"huh wut you say u imbecile, i shat on you...toh toh toh kaafir",madarchod muslaman ki kaum madarchod saalo ka imaan nahi hai bheno ko chod te hai bhen ke lode harmazaade uskiye apni  maa ki chut bhi chodta hoga aur chuswata hoga logo se saare musalamaan raand ki olad islam ki maa ki chut,"malala the product of halala pehle burke se, halala se, bacche paida kerne se or gulami ki jindgi se to azadi lelo hindustaan se azadi to tumhare kukarm tumhe dilwa hi denge. kyuki terrorism failaoge to lat mar ke desh se bhagae jaoge. i am with my country and support caa, nrcðÿ˜‰.",1 balatkari muslim 3 balatkari tera baap hindu h uske bare m kuch bol  be,"haan humein pakistan ki zarurat hi na hai,  yahan chupay kya rakhain gay."
class2_batch009_sample011699,9,11699,2,Religious Hate,212699,216699,v3_original_demo_boundary_prompt,4-shot random authentic same-class,Shortlisted authentic RUHSOLD Religious Hate examples,118,shia kaafir hai aur hum naam k musalmaan.,tumri ma buhat hanzir hy jis ne tum jaise  yahodi kafir rhandi hanzir aurat ko paida kiya,pislam me media ka estemal kerna haram hai  halala ki paidais,"malala the product of halala pehle burke se, halala se, bacche paida kerne se or gulami ki jindgi se to azadi lelo hindustaan se azadi to tumhare kukarm tumhe dilwa hi denge. kyuki terrorism failaoge to lat mar ke desh se bhagae jaoge. i am with my country and support caa, nrcðÿ˜‰.",rt : kuch bhi bolte ho yeh shaitan wale baaz aao.
class2_batch009_sample011700,9,11700,2,Religious Hate,212700,216700,v3_original_demo_boundary_prompt,4-shot random authentic same-class,Shortlisted authentic RUHSOLD Religious Hate examples,118,1 balatkari muslim 3 balatkari tera baap hindu h uske bare m kuch bol  be,"path of cruelty , path of violence, path of halala , path of tripe talaq, path of marrying 6 years old aisha,path to discipline their wives by beating them,path of hurun,path of apostasy,path of punishable apostasy, path of beheading. what a pissful religion izlam is ðÿ‘",chal fosdi ke mohammad kabile wale ki halala ki aulad,"waise madarso mein bahut achhi taaleem di jaati hai tum jihadi hijdo ko, asar dikh rha hai yahan, khud toh khud ki bhen chodte hi ho aur dusro ko bhi bhenchod samajhte ho.",isi liye bata denge na ye musalmano ka ghar pehal se laga pakistan he hain
class2_batch009_sample011701,9,11701,2,Religious Hate,212701,216701,v3_original_demo_boundary_prompt,4-shot random authentic same-class,Shortlisted authentic RUHSOLD Religious Hate examples,118,hindoo wo qom ha jinper koi nabi koi kitaab nazil nahi hoi. ye to yahoodi se bhi bad tar hen,quaid azam was right ky hindu muslim kabhi sth nhi rhy sgty aaj hindu apni hasli shakl dekha rhy hn. agar kisi muslim ny aisa kia hota to india media ki maa mar gi hoti pr ab nhi boly gy. aagy ka ky yehi bol dn gy ky mentally disturb tha or case khtm .#jamia,"malala the product of halala pehle burke se, halala se, bacche paida kerne se or gulami ki jindgi se to azadi lelo hindustaan se azadi to tumhare kukarm tumhe dilwa hi denge. kyuki terrorism failaoge to lat mar ke desh se bhagae jaoge. i am with my country and support caa, nrcðÿ˜‰.","not surprised comment came from ahmedi. tbh, i won't be surprised when some christians will argue that they r included in muslim category too. just bcoz they believe there is only one god.",tu pti ko follow krta hay aur jo unki sath mein hota hay tab unko bhi follow karay ga ❤
class2_batch009_sample011702,9,11702,2,Religious Hate,212702,216702,v3_original_demo_boundary_prompt,4-shot random authentic same-class,Shortlisted authentic RUHSOLD Religious Hate examples,118,aor hamary hkmran in k sath mily huy en ....yahudi aor hindun hmary sb sy bry dushman en,yahoodi kabhi hamara dost nhi ho sakta,imran qadyani yahoodi agent hy pti ki 18 bank account hy jis may qadyani yahoodi hondo ny funding ki hy . gold smith jimaima aneel musrst . atif miaan sub qadyani yahoodi hy,jaa bhen k lory tum harrami ki nasal ho.. dewband maslak pe kutty ki tareh bhoonkty ho..,pti ko jo mard e mohtasar ka naam lety hen wo yahodi ha
class2_batch009_sample011703,9,11703,2,Religious Hate,212703,216703,v3_original_demo_boundary_prompt,4-shot random authentic same-class,Shortlisted authentic RUHSOLD Religious Hate examples,118,"not surprised comment came from ahmedi. tbh, i won't be surprised when some christians will argue that they r included in muslim category too. just bcoz they believe there is only one god.",ahmdi is a non muslim biggest cheap religion ahmdi.,phir in yahodi khanzeer logo ko pata chalaiga kai kia ta aur kia nahen ye sirf dajjal kai liye aisa kar rahai hain kyunkai ye yahodi log khazeer log dajjal ko apna leader samjhtai hain aur tumhara pura bollywood bollyminati ban chuka hain tumharai dimagh ko programming ki ja rah,poocho hamarai imam sai kai quran mein kaha likha huwa hain aisai ye sirf yahodi khanzeer logo ki chaal hainmuslims ko badnaam karkai liye  zara socho na tumharai hinduism ko badnaam kyun nahen kartai islam kai peechai kyun parai huwai hain zara dimagh ko khol kai socho,gandhi ne usse bol dia tha ki hamari jamiat ka laksh nhi hota jo kehta hai hm mazhab mein shukla nahi shukla
class2_batch009_sample011704,9,11704,2,Religious Hate,212704,216704,v3_original_demo_boundary_prompt,4-shot random authentic same-class,Shortlisted authentic RUHSOLD Religious Hate examples,118,q teri bhen ko chuda hy dewbandion ny ..harami ki nasal,ahmdi is a non muslim biggest cheap religion ahmdi.,wehshi darandy easai yahodi hindo islam amanka ka mazhab,israel yahoodi sabse bade atankwaadi hai,q abhi tk tu pata tha na kia hi jaa rha h..lkn yeh haraamzada ise bura lgta h..jb tu apni maa ki phudi ko unke gand se akhrot utariy
class2_batch009_sample011705,9,11705,2,Religious Hate,212705,216705,v3_original_demo_boundary_prompt,4-shot random authentic same-class,Shortlisted authentic RUHSOLD Religious Hate examples,118,ahmedi mirziee qadiyani hargiz kuleedi uhdu pe nhee janay chahien warna hmari agencies pe swalia nishan hey,iran shia mulk ha or ye munafik log han,abe mc mein bheju teri maa cow ka photo kat te hue bc. chod teri tarah andhbhakt nhi hu aur nhi illiterate.. go and drink cow piss.,kisi randi maa ki olad ap ki hindu aurtain jab pooja karti hn tab wo bagwan ka lund mounh me b leti hn?,abey kya galiyan pata nahi
class2_batch009_sample011706,9,11706,2,Religious Hate,212706,216706,v3_original_demo_boundary_prompt,4-shot random authentic same-class,Shortlisted authentic RUHSOLD Religious Hate examples,118,kitane maulviyon ne tumhari ammi jaan ka halala kiya hoga tab jakar tum jaisa suar nikla hoga .. ye bhi to bta re mulle..,iran shia mulk ha or ye munafik log han,aye yahudiyo jitna zulm karna hai kar lo in sha allah woh din bhi zaroor aayega ke tumhe chun chun ke maara jayega yahan tak ke tum darakht ya pattharoñ ke piche chhup jaoge to bejan chizen bhi kahengi yahan yahoodi chhupa hai.hadees ka farman hai ho kar rahega #israeliterrorism,in beghairto israel yahodi khanzeer kai bacho nai kia kuch nahen kia hain lekhin alhamdulillah islam wahid deen jo mohabbat sikhati hain nakai nafrat aur ye sab sai tezi sai phelta huwa deen hain is liye inko jalan ho rahi hain aur har koshish kar bhe chukai hain aur kar bhe,ye to haramzada yahodi kanjar hain
class2_batch009_sample011707,9,11707,2,Religious Hate,212707,216707,v3_original_demo_boundary_prompt,4-shot random authentic same-class,Shortlisted authentic RUHSOLD Religious Hate examples,118,poocho hamarai imam sai kai quran mein kaha likha huwa hain aisai ye sirf yahodi khanzeer logo ki chaal hainmuslims ko badnaam karkai liye  zara socho na tumharai hinduism ko badnaam kyun nahen kartai islam kai peechai kyun parai huwai hain zara dimagh ko khol kai socho,#khuda ki qasam agar mey hota tu zinda nahe bach sakta ta muj sey ye beghairat kafir yahoodi.,pehle apni aurto ko halala se bachao ye bhi modi kar raha hai. agar sahi tum logo ka dna kiya jaye to pata nhi baap kon niklega,"not surprised comment came from ahmedi. tbh, i won't be surprised when some christians will argue that they r included in muslim category too. just bcoz they believe there is only one god.",wesay ghaddar
class2_batch009_sample011708,9,11708,2,Religious Hate,212708,216708,v3_original_demo_boundary_prompt,4-shot random authentic same-class,Shortlisted authentic RUHSOLD Religious Hate examples,118,#khuda ki qasam agar mey hota tu zinda nahe bach sakta ta muj sey ye beghairat kafir yahoodi.,typical muslim randi-rona taqia.,kaafir tujhe kuch nai malum,"abbey halala ki paidaish, 5 baap ki aulaad. patthar baazi ke alawa kuchh kaam kara kabhi teri kaum ne ?",munafik saali
class2_batch009_sample011709,9,11709,2,Religious Hate,212709,216709,v3_original_demo_boundary_prompt,4-shot random authentic same-class,Shortlisted authentic RUHSOLD Religious Hate examples,118,uff pakiza muslim randi 😉😍,"gau mutr peeyo tum log lodu awkat bna phir aake muh lag, randwa saala",hindoo wo qom ha jinper koi nabi koi kitaab nazil nahi hoi. ye to yahoodi se bhi bad tar hen,abe halala ki paidaish..  tumhara to wajood hi 800 years purana hai..  jab bhagwan ram ko kagaj dikhane ki jarurat par gayi to tum kaun ho.. kagaj to dikhana hi parega.. #nrc_caa_npr,apne ghar mein kuch to bhi kar lete ho
class2_batch009_sample011710,9,11710,2,Religious Hate,212710,216710,v3_original_demo_boundary_prompt,4-shot random authentic same-class,Shortlisted authentic RUHSOLD Religious Hate examples,118,sale halala molvi se tum karvao apni oorto ka or apni ma bahan ka bol heme rhe ho molvi kamre m apni bahan ko bej kar sina choda hota hoga tumhara,tmri taraj animals ki potty n khate... tm jaake  bomb fodo jaake.......halala ke masala.  niklo.. yaha tm atankiyo k liy jagah ni h bhai. yaha atank n failaooo,jahil k bachy kahan likha h k gair mazhb sy nikaah jaiz ha... tmari gand me jo keera ha wo nhi merna... khoty khany waly... yahoodi kahan sy hogaey ahle kitaab ....tm.b yahoodi to nhi,or mujhe un ladkiyo se utni hi nafrat hai jo mullo se shadi karti hai jitni kisi normal hindu ko😡 or mujhe hindu ladko se bhi itni hi nafrat hai jo muslim ladkiyo se shadi karte hai... dharam me koi milawat mujhe pasand nahi,ye tumhare samne bhokta hai
class2_batch009_sample011711,9,11711,2,Religious Hate,212711,216711,v3_original_demo_boundary_prompt,4-shot random authentic same-class,Shortlisted authentic RUHSOLD Religious Hate examples,118,pehle america jaiga ue begairaat musliman kehlwane kai laiq nh pehle he logh kehty h eske bary me ye yahoodi hai,another endian hijra coward hindu terrorist army soldier dispatched to shamshangarh by pakistan army i want more endian hindu terrorist dead so keep it up pakistan,lanat abbtknews k khilaf trend bnane walye yazeedion pe r bibi k dushmano p bhi,chal fosdi ke mohammad kabile wale ki halala ki aulad,tum logon ne usne ko bhej diya tha na
class2_batch009_sample011712,9,11712,2,Religious Hate,212712,216712,v3_original_demo_boundary_prompt,4-shot random authentic same-class,Shortlisted authentic RUHSOLD Religious Hate examples,118,"gau mutr peeyo tum log lodu awkat bna phir aake muh lag, randwa saala","rt : q. woh kaun si qome he,jis ne such bhi bola phr bhi jahnum mein jayegi? ans: yahoodi or nasara qome. shahid sindh",is cult  mein kisi boht hi pyare ko kho dene k baad uski qaber pe phool rakhna b jurm hai west mein qaberisat se phool chura k un ko sale kr k ahmdi chanda dia karte hain takey ragister se naam na kut jaye,bosdk yeh tumhare ghar me hota hai. saari k blouse me mote mote doodh dikhati firti hain tumhare dharam ki orate or hindu orat ko musalman ka l#nd aachaa lagta hai. yeh baat puri dunia janti hai,tere maa ki choot marunga mulla teri behno ko molvi khan se moongfali milani chahye
class2_batch009_sample011713,9,11713,2,Religious Hate,212713,216713,v3_original_demo_boundary_prompt,4-shot random authentic same-class,Shortlisted authentic RUHSOLD Religious Hate examples,118,"path of cruelty , path of violence, path of halala , path of tripe talaq, path of marrying 6 years old aisha,path to discipline their wives by beating them,path of hurun,path of apostasy,path of punishable apostasy, path of beheading. what a pissful religion izlam is ðÿ‘",chal fosdi ke mohammad kabile wale ki halala ki aulad,"malala the product of halala pehle burke se, halala se, bacche paida kerne se or gulami ki jindgi se to azadi lelo hindustaan se azadi to tumhare kukarm tumhe dilwa hi denge. kyuki terrorism failaoge to lat mar ke desh se bhagae jaoge. i am with my country and support caa, nrcðÿ˜‰.",kafir yahodi kafir hindo same thinking,sai hai imran khan aur imrani ko halala ka ilawa kuch bhi nahi pata
class2_batch009_sample011714,9,11714,2,Religious Hate,212714,216714,v3_original_demo_boundary_prompt,4-shot random authentic same-class,Shortlisted authentic RUHSOLD Religious Hate examples,118,tumhri maa kk chodu sale apni maa ko chod ke paida hone wale randi ki aulad sale apni behan ko biwi bana ke rkhne wale muhammad ki nazayaj aulad,1 balatkari muslim 3 balatkari tera baap hindu h uske bare m kuch bol  be,bus ya aur tafseel bataao  ahmdi aurtain beach pe bikini b pehnti hain  jalse aur ijlaas pe burqa b boht hai 🤫,"m firqa wariyat m nahi parhna chahta, muslims mjo ahktlaf hen wo apni jaga , lekin pichly 200 saal sy muslim is liye mar kha rhy hen k sunni shia wahabi dayobandi bla bla ,,yahodi or nasara ny na koi sunni mulk chora ha na koi shia,  wo bs yehi dekhtay ye muslman ha ..bs maro isk",ab toh tu kutta hi ho
class2_batch009_sample011715,9,11715,2,Religious Hate,212715,216715,v3_original_demo_boundary_prompt,4-shot random authentic same-class,Shortlisted authentic RUHSOLD Religious Hate examples,118,well said.lanati hain ye qadyani kafir,that nigga was yahoodi he probably lied to all the employees,pehle apni aurto ko halala se bachao ye bhi modi kar raha hai. agar sahi tum logo ka dna kiya jaye to pata nhi baap kon niklega,"surprise!  surprise!  majority of the muslims are at just in different levels of ""usman khan"" ranging from mild to extreme (except ahmadiya may be, but they are not ""real muslims"")  that's from a person living in a country with 95% muslim    https://t.co/hq35u2xrrk,2009-05-25 17:25:26,sydney, new south wales",rt :   i don't even believe in allah.  but this is how you treat the holy places of others.  islam is full of shit
class2_batch009_sample011716,9,11716,2,Religious Hate,212716,216716,v3_original_demo_boundary_prompt,4-shot random authentic same-class,Shortlisted authentic RUHSOLD Religious Hate examples,118,aor hamary hkmran in k sath mily huy en ....yahudi aor hindun hmary sb sy bry dushman en,pislam me media ka estemal kerna haram hai  halala ki paidais,"rt : q. woh kaun si qome he,jis ne such bhi bola phr bhi jahnum mein jayegi? ans: yahoodi or nasara qome. shahid sindh",but we have a firm belief now that qadiyani and ahmedi neither want muslims nor pakistanis to live in a harmony,rt : sab ny zaroor nikalo pakistan mai aya hai
class2_batch009_sample011717,9,11717,2,Religious Hate,212717,216717,v3_original_demo_boundary_prompt,4-shot random authentic same-class,Shortlisted authentic RUHSOLD Religious Hate examples,118,jahil k bachy kahan likha h k gair mazhb sy nikaah jaiz ha... tmari gand me jo keera ha wo nhi merna... khoty khany waly... yahoodi kahan sy hogaey ahle kitaab ....tm.b yahoodi to nhi,but we have a firm belief now that qadiyani and ahmedi neither want muslims nor pakistanis to live in a harmony,imran qadyani yahoodi agent hy pti ki 18 bank account hy jis may qadyani yahoodi hondo ny funding ki hy . gold smith jimaima aneel musrst . atif miaan sub qadyani yahoodi hy,"malala the product of halala pehle burke se, halala se, bacche paida kerne se or gulami ki jindgi se to azadi lelo hindustaan se azadi to tumhare kukarm tumhe dilwa hi denge. kyuki terrorism failaoge to lat mar ke desh se bhagae jaoge. i am with my country and support caa, nrcðÿ˜‰.",abe sher tere baap charsi ho chuki thi
class2_batch009_sample011718,9,11718,2,Religious Hate,212718,216718,v3_original_demo_boundary_prompt,4-shot random authentic same-class,Shortlisted authentic RUHSOLD Religious Hate examples,118,ye bat tum yahoodi ko bolo atankwadi tum ho jo musalman se nafrat ki aag me insaniyat ke sabse bade dushman yahoodi ko support karte ho ye log to face to face mara hai unlog chote bache ka upar bom feka kisi aurat ya admi bacha ko goli mar diya wi bhi waha ke civilian hi hai,get lost you kaafir.,is cult  mein kisi boht hi pyare ko kho dene k baad uski qaber pe phool rakhna b jurm hai west mein qaberisat se phool chura k un ko sale kr k ahmdi chanda dia karte hain takey ragister se naam na kut jaye,israel yahoodi sabse bade atankwaadi hai,tum apne pakistan mein aye hue logon se sath hotay huyen..tum hamein khud ke saath niklte ho..
class2_batch009_sample011719,9,11719,2,Religious Hate,212719,216719,v3_original_demo_boundary_prompt,4-shot random authentic same-class,Shortlisted authentic RUHSOLD Religious Hate examples,118,sali muslims randi. jihadi sali,"path of cruelty , path of violence, path of halala , path of tripe talaq, path of marrying 6 years old aisha,path to discipline their wives by beating them,path of hurun,path of apostasy,path of punishable apostasy, path of beheading. what a pissful religion izlam is ðÿ‘",hey are fighting amongst each other. #bajwa is compromise candidate. thats only reason why he a ahmadiya is a coas.,wow halala's product on fire as usual porkistaniðÿ˜‚ðÿ˜‚ðÿ˜‚,hahaha.. kashmiri yahoodi kabhi zinda nahi hota
class2_batch009_sample011720,9,11720,2,Religious Hate,212720,216720,v3_original_demo_boundary_prompt,4-shot random authentic same-class,Shortlisted authentic RUHSOLD Religious Hate examples,118,halala ki padayish ho aap aur kya expect karenge hum aapse,#khuda ki qasam agar mey hota tu zinda nahe bach sakta ta muj sey ye beghairat kafir yahoodi.,o madadarchod: tum tu farigh ho aur yeh gashti tu waisay he sari raat jagti hay. o dallay o kanjar hum tu iran jatay hotay hain tu bata apni behan kitni baar mbs aur us kay wahabi sheikhon ko bhaijta hay.,ho gaye hy aur han aj jo ye sekhon k liye kar raha hy ye whoi sekh hy jub pakistan azad howa tha aur muslmano ne jub india sa hijrat ki tub sub zada qatal muslim ko in sekhon ne kiya tha par afsos ap jesy log is yahodi e agent ko ek islami leader mante ho phir kasm khao k allah,nawaz sharif khan sb ko marana haa
class2_batch009_sample011721,9,11721,2,Religious Hate,212721,216721,v3_original_demo_boundary_prompt,4-shot random authentic same-class,Shortlisted authentic RUHSOLD Religious Hate examples,118,dekh le madarch*d islam ka nanga naach..babri par fate hue bawaseer ki tarah bhaunk raha tha na..us par bhi ab apne manhoos muh se kuch hag de..blood cousins ke incest ki paidaish,apne profile mein whats app me fb twitter mein is bahadur nojawaan ki pic lga kr islam se or nabi ke din se mhbt ka izhaar kren or itna share kren ek yahoodi apne na pak iradoon se baaz ajaye is shakhs ne quraan pak ki hifazahat mein ek bhtareen mhbt ka jita jagta sabot dia hai,"waise madarso mein bahut achhi taaleem di jaati hai tum jihadi hijdo ko, asar dikh rha hai yahan, khud toh khud ki bhen chodte hi ho aur dusro ko bhi bhenchod samajhte ho.","ye manhoos hinduon ki diwali k chakkar mai har jaga ki aur quality kharab hogai, bharwe","bhai baki tere sath mein bolna bhe nahi ata, koi gandi nasal ki dukan hai"
class2_batch009_sample011722,9,11722,2,Religious Hate,212722,216722,v3_original_demo_boundary_prompt,4-shot random authentic same-class,Shortlisted authentic RUHSOLD Religious Hate examples,118,tm jeso ki jb g**nd mari jaye na fir tm log thek rehty ho bc k bachy jb wo yahoodi lanti marty hn na wo muslim dekhty hn air kuch ni dekhty baki tm na toh apni pesh krni hoti ha unhy.,ye pagliya gyi h saali... kuttiya ye ab bhul gyi h jisne #halala or #teentlaaq se aazadi dilwayi usko bhul gyi h ye mullli....,"rt : q. woh kaun si qome he,jis ne such bhi bola phr bhi jahnum mein jayegi? ans: yahoodi or nasara qome. shahid sindh",bus ya aur tafseel bataao  ahmdi aurtain beach pe bikini b pehnti hain  jalse aur ijlaas pe burqa b boht hai 🤫,tu nhi thori hy koi
class2_batch009_sample011723,9,11723,2,Religious Hate,212723,216723,v3_original_demo_boundary_prompt,4-shot random authentic same-class,Shortlisted authentic RUHSOLD Religious Hate examples,118,bosdk yeh tumhare ghar me hota hai. saari k blouse me mote mote doodh dikhati firti hain tumhare dharam ki orate or hindu orat ko musalman ka l#nd aachaa lagta hai. yeh baat puri dunia janti hai,lul bukhari ye tum nahe tumaray yahoodi or hindu thuku bol rahay hain jin ko army sey bahot hi zeda takleef hai...🖕,jisko bhi hindu ki chudai par shak hai to ek baar mujh se chudwa kar dekho sab bhram dur ho jayega,tm jeso ki jb g**nd mari jaye na fir tm log thek rehty ho bc k bachy jb wo yahoodi lanti marty hn na wo muslim dekhty hn air kuch ni dekhty baki tm na toh apni pesh krni hoti ha unhy.,nawaz sharif ke liye chutiya banaya hua hai yahan.
class2_batch009_sample011724,9,11724,2,Religious Hate,212724,216724,v3_original_demo_boundary_prompt,4-shot random authentic same-class,Shortlisted authentic RUHSOLD Religious Hate examples,118,apne profile mein whats app me fb twitter mein is bahadur nojawaan ki pic lga kr islam se or nabi ke din se mhbt ka izhaar kren or itna share kren ek yahoodi apne na pak iradoon se baaz ajaye is shakhs ne quraan pak ki hifazahat mein ek bhtareen mhbt ka jita jagta sabot dia hai,oy ahmdi kuty. tum log smjhty ho k is trah kr k hm awam ko pagl bnao gy?? beta bajwa ne tere jeso ko nanga nachana he sbr kr. kahi ni ja rha hmara army chief. tum logo ne agly 3 sal me ye duniya hi chor jani bajwa k dar se. ye army chief nahi pakistan ka muhafiz he.,jahil k bachy kahan likha h k gair mazhb sy nikaah jaiz ha... tmari gand me jo keera ha wo nhi merna... khoty khany waly... yahoodi kahan sy hogaey ahle kitaab ....tm.b yahoodi to nhi,that's for foolish act and the ahmedi you highlighted they were equal to jews for us so alhmdurallah we save quran ! . and about hindus and christians its was a false news !  and if it is real then show me !  if you don't have anything then shut up and run !,tu khanzeer lag raha hy bhenchod
class2_batch009_sample011725,9,11725,2,Religious Hate,212725,216725,v3_original_demo_boundary_prompt,4-shot random authentic same-class,Shortlisted authentic RUHSOLD Religious Hate examples,118,qadiani ahmedi mirziee kaafir jo hen,phir in yahodi khanzeer logo ko pata chalaiga kai kia ta aur kia nahen ye sirf dajjal kai liye aisa kar rahai hain kyunkai ye yahodi log khazeer log dajjal ko apna leader samjhtai hain aur tumhara pura bollywood bollyminati ban chuka hain tumharai dimagh ko programming ki ja rah,that's for foolish act and the ahmedi you highlighted they were equal to jews for us so alhmdurallah we save quran ! . and about hindus and christians its was a false news !  and if it is real then show me !  if you don't have anything then shut up and run !,abe halala ki paidaish..  tumhara to wajood hi 800 years purana hai..  jab bhagwan ram ko kagaj dikhane ki jarurat par gayi to tum kaun ho.. kagaj to dikhana hi parega.. #nrc_caa_npr,tu tere sathi keh rahe thay ke tera baap hindoo hai ????
class2_batch009_sample011726,9,11726,2,Religious Hate,212726,216726,v3_original_demo_boundary_prompt,4-shot random authentic same-class,Shortlisted authentic RUHSOLD Religious Hate examples,118,hindu sirf gooli ki zuban smjta ha,"bilkul,itny lecture milny hain jese christmas or new year pe milty hain ,kya apko pata bhi hai k kaafir janwaro k haqq main dua bhi nahi krni chahye",qadiani ahmedi mirziee kaafir jo hen,shia kaafir hai aur hum naam k musalmaan.,ye sab halala ki paidaish
class2_batch009_sample011727,9,11727,2,Religious Hate,212727,216727,v3_original_demo_boundary_prompt,4-shot random authentic same-class,Shortlisted authentic RUHSOLD Religious Hate examples,118,o madadarchod: tum tu farigh ho aur yeh gashti tu waisay he sari raat jagti hay. o dallay o kanjar hum tu iran jatay hotay hain tu bata apni behan kitni baar mbs aur us kay wahabi sheikhon ko bhaijta hay.,chal na randi ! we have spiritual connection with supreme leader imam khamnae !  we have our hearts and souls for holy cities of najaf and karbala !  dont give a fck to wahabi chutiyas,lanat abbtknews k khilaf trend bnane walye yazeedion pe r bibi k dushmano p bhi,wise halala ki paidaish tumse yhi ummid ki ja sakti hai madarsa chhhap suarðÿ˜‚ðÿ¤£ðÿ¤£ðÿ¤£ðÿ¤£,lanati haramzada tere mout per omda nai
class2_batch009_sample011728,9,11728,2,Religious Hate,212728,216728,v3_original_demo_boundary_prompt,4-shot random authentic same-class,Shortlisted authentic RUHSOLD Religious Hate examples,118,abe halala ki paidaish..  tumhara to wajood hi 800 years purana hai..  jab bhagwan ram ko kagaj dikhane ki jarurat par gayi to tum kaun ho.. kagaj to dikhana hi parega.. #nrc_caa_npr,tumhri maa kk chodu sale apni maa ko chod ke paida hone wale randi ki aulad sale apni behan ko biwi bana ke rkhne wale muhammad ki nazayaj aulad,yahodi agent qadyani chamcha,tm jeso ki jb g**nd mari jaye na fir tm log thek rehty ho bc k bachy jb wo yahoodi lanti marty hn na wo muslim dekhty hn air kuch ni dekhty baki tm na toh apni pesh krni hoti ha unhy.,chalo yehi bhenchod.. tere baap se bhej diya tha?
class2_batch009_sample011729,9,11729,2,Religious Hate,212729,216729,v3_original_demo_boundary_prompt,4-shot random authentic same-class,Shortlisted authentic RUHSOLD Religious Hate examples,118,tumhri maa kk chodu sale apni maa ko chod ke paida hone wale randi ki aulad sale apni behan ko biwi bana ke rkhne wale muhammad ki nazayaj aulad,ye pagliya gyi h saali... kuttiya ye ab bhul gyi h jisne #halala or #teentlaaq se aazadi dilwayi usko bhul gyi h ye mullli....,kitane maulviyon ne tumhari ammi jaan ka halala kiya hoga tab jakar tum jaisa suar nikla hoga .. ye bhi to bta re mulle..,get lost you kaafir.,haan tera baap tha yahoodi ho gaya aur tu to hindoo ho.
class2_batch009_sample011730,9,11730,2,Religious Hate,212730,216730,v3_original_demo_boundary_prompt,4-shot random authentic same-class,Shortlisted authentic RUHSOLD Religious Hate examples,118,"waise madarso mein bahut achhi taaleem di jaati hai tum jihadi hijdo ko, asar dikh rha hai yahan, khud toh khud ki bhen chodte hi ho aur dusro ko bhi bhenchod samajhte ho.","ye manhoos hinduon ki diwali k chakkar mai har jaga ki aur quality kharab hogai, bharwe",or mujhe un ladkiyo se utni hi nafrat hai jo mullo se shadi karti hai jitni kisi normal hindu ko😡 or mujhe hindu ladko se bhi itni hi nafrat hai jo muslim ladkiyo se shadi karte hai... dharam me koi milawat mujhe pasand nahi,get lost you kaafir.,gandi naslon ne tere jesy larkiyon ko mara tha ab teri maa behn ko toh tu dekh liya... bhenchod
class2_batch009_sample011731,9,11731,2,Religious Hate,212731,216731,v3_original_demo_boundary_prompt,4-shot random authentic same-class,Shortlisted authentic RUHSOLD Religious Hate examples,118,tumhri maa kk chodu sale apni maa ko chod ke paida hone wale randi ki aulad sale apni behan ko biwi bana ke rkhne wale muhammad ki nazayaj aulad,hindu dharm ka matlab samajh pehle puppet khali bhaunk aur bhaunk iam enjoying ur bark 😂😂😂😂,kutto ki tarah america maar raha hai tumhari kaum ko...aasmani kitab walo...israel roj filistin may maa chod raha hai tumhari.... pahle unse nipto....dare hue log😂😂,kaafir tujhe kuch nai malum,gandhi teri jitni ghatiai amma se chutiya mard hain
class2_batch009_sample011732,9,11732,2,Religious Hate,212732,216732,v3_original_demo_boundary_prompt,4-shot random authentic same-class,Shortlisted authentic RUHSOLD Religious Hate examples,118,"insaniyat ko bache rahne do, jis mazhab me janwar ka gala ret ke khushi banti hai, jis mazhab me soorma logo ko 72 virgin ladkiya baati jaati, jo duniya pe kabze ke sapne dekhta ho us mazhab se duuri banane me hi insaniyat ki bhalayi hai.",tumri ma buhat hanzir hy jis ne tum jaise  yahodi kafir rhandi hanzir aurat ko paida kiya,ahmedi mirziee qadiyani hargiz kuleedi uhdu pe nhee janay chahien warna hmari agencies pe swalia nishan hey,please all muslims come one page and unite  insha allah   yahoodi isreal finished all,"khan kashmir frosh, khan wajir frosh , pakistan army chief frosh, imran khan frosh, imran khan family frosh, khan pakistan frosh"
class2_batch009_sample011733,9,11733,2,Religious Hate,212733,216733,v3_original_demo_boundary_prompt,4-shot random authentic same-class,Shortlisted authentic RUHSOLD Religious Hate examples,118,madarchod muslaman ki kaum madarchod saalo ka imaan nahi hai bheno ko chod te hai bhen ke lode harmazaade uskiye apni  maa ki chut bhi chodta hoga aur chuswata hoga logo se saare musalamaan raand ki olad islam ki maa ki chut,aye yahudiyo jitna zulm karna hai kar lo in sha allah woh din bhi zaroor aayega ke tumhe chun chun ke maara jayega yahan tak ke tum darakht ya pattharoñ ke piche chhup jaoge to bejan chizen bhi kahengi yahan yahoodi chhupa hai.hadees ka farman hai ho kar rahega #israeliterrorism,or wahan tumhara jahanumi ahmedi jo naaowz billah nabi hona ka dawa dar tha wo wo case hara tha or court sa bhag gya tha.nabi pak p.b.u.h allah ka akhri nabi han or on ka bad koi nabi nahi ae ga.ya ak haqeqat ha jo quran ma bhi ha.or 1947 ma pak islam ka name par bana tha.,"hogai izzat? mera jism meri marzi jc ghaleez or ghatiya terminologies hamare muslim muashrey me dene ki koshish me aapki so-called,vahiyat or ikhlaq se giri support ko khud ne hi reject kardiya.  apne yahoodi gods ko khush krne k liey kuch or karien",lanati yahodi agent shukla
class2_batch009_sample011734,9,11734,2,Religious Hate,212734,216734,v3_original_demo_boundary_prompt,4-shot random authentic same-class,Shortlisted authentic RUHSOLD Religious Hate examples,118,teri maa ka halala kra rha tha koi problem madarjat bhosdike mulle,madarchod muslaman ki kaum madarchod saalo ka imaan nahi hai bheno ko chod te hai bhen ke lode harmazaade uskiye apni  maa ki chut bhi chodta hoga aur chuswata hoga logo se saare musalamaan raand ki olad islam ki maa ki chut,aor hamary hkmran in k sath mily huy en ....yahudi aor hindun hmary sb sy bry dushman en,ye insan ik chaaal haaa dostoo .........zra smj k chliye gaa...sb jaanty hn qadyaani kaafir hn ......ye sb k sentiments gain kr rhaa haa......bad me ye apna chehra dikhiye gaaa fasad kii shkal me.....in chaaalo sy hosyar rhy baseerat paida kry sb apny andr.. shukria...,madar chod di aisi randi k bachay
class2_batch009_sample011735,9,11735,2,Religious Hate,212735,216735,v3_original_demo_boundary_prompt,4-shot random authentic same-class,Shortlisted authentic RUHSOLD Religious Hate examples,118,"afghanio ne tme hindu se bachaya,randi k aulaad tareekh paro tm wo ganda khoon ho,jo siko aour hindu ki rape se paida woe ho,tme kalima tho sikaya afghano ne,magar tmari gandi dna wai ranjeet sing wali a,randi k aulaad tm ne kah pana di,am pashtono ne di,apnay bio ko hera mandi",lanat abbtknews k khilaf trend bnane walye yazeedion pe r bibi k dushmano p bhi,phir in yahodi khanzeer logo ko pata chalaiga kai kia ta aur kia nahen ye sirf dajjal kai liye aisa kar rahai hain kyunkai ye yahodi log khazeer log dajjal ko apna leader samjhtai hain aur tumhara pura bollywood bollyminati ban chuka hain tumharai dimagh ko programming ki ja rah,please all muslims come one page and unite  insha allah   yahoodi isreal finished all,tm kabhi mohammed sahab ki trha se ziyada ehsas dekhte ho? kbhi nabi ke sath jaisi shakti ka pta chalaega..!!
class2_batch009_sample011736,9,11736,2,Religious Hate,212736,216736,v3_original_demo_boundary_prompt,4-shot random authentic same-class,Shortlisted authentic RUHSOLD Religious Hate examples,118,madarchod muslaman ki kaum madarchod saalo ka imaan nahi hai bheno ko chod te hai bhen ke lode harmazaade uskiye apni  maa ki chut bhi chodta hoga aur chuswata hoga logo se saare musalamaan raand ki olad islam ki maa ki chut,aye yahudiyo jitna zulm karna hai kar lo in sha allah woh din bhi zaroor aayega ke tumhe chun chun ke maara jayega yahan tak ke tum darakht ya pattharoñ ke piche chhup jaoge to bejan chizen bhi kahengi yahan yahoodi chhupa hai.hadees ka farman hai ho kar rahega #israeliterrorism,tum log yahoodi ho kisi ko shuck nahi hona chaheye bus kafi hogae musalmanon ko aur dhoka na dou👹,chal fosdi ke mohammad kabile wale ki halala ki aulad,abe tu kya bol raha hai teri maa ko bole to wo tera baap hi hoga ye
class2_batch009_sample011737,9,11737,2,Religious Hate,212737,216737,v3_original_demo_boundary_prompt,4-shot random authentic same-class,Shortlisted authentic RUHSOLD Religious Hate examples,118,please sell up you yahoodi bastards,kafir yahodi kafir hindo same thinking,oeyy randdii k bachay ganddu hindu.. kyun jhoott baq raha hai gashti maa k ganndduu bachay. peshaab p k palnay wali qoum.,poocho hamarai imam sai kai quran mein kaha likha huwa hain aisai ye sirf yahodi khanzeer logo ki chaal hainmuslims ko badnaam karkai liye  zara socho na tumharai hinduism ko badnaam kyun nahen kartai islam kai peechai kyun parai huwai hain zara dimagh ko khol kai socho,yeh aurat march ka makafaat thora hi hota hai jo muslmanon kai shadiyan chodta hy abhi tk laga rahe hai
class2_batch009_sample011738,9,11738,2,Religious Hate,212738,216738,v3_original_demo_boundary_prompt,4-shot random authentic same-class,Shortlisted authentic RUHSOLD Religious Hate examples,118,imran qadyani yahoodi agent hy pti ki 18 bank account hy jis may qadyani yahoodi hondo ny funding ki hy . gold smith jimaima aneel musrst . atif miaan sub qadyani yahoodi hy,jaa bhen k lory tum harrami ki nasal ho.. dewband maslak pe kutty ki tareh bhoonkty ho..,abe mc mein bheju teri maa cow ka photo kat te hue bc. chod teri tarah andhbhakt nhi hu aur nhi illiterate.. go and drink cow piss.,yahoodi kabhi hamara dost nhi ho sakta,galiyan nae doo .. shukria
class2_batch009_sample011739,9,11739,2,Religious Hate,212739,216739,v3_original_demo_boundary_prompt,4-shot random authentic same-class,Shortlisted authentic RUHSOLD Religious Hate examples,118,lant hy teri aagli pecchli tweet pe or tum pe or qadyanion pe or kuch ?,chal na randi ! we have spiritual connection with supreme leader imam khamnae !  we have our hearts and souls for holy cities of najaf and karbala !  dont give a fck to wahabi chutiyas,wehshi darandy easai yahodi hindo islam amanka ka mazhab,wow halala's product on fire as usual porkistaniðÿ˜‚ðÿ˜‚ðÿ˜‚,ye baat heera mandi ki hai aurat ko goli marwane ke liye hai tu jis ne aise bat kr raha ha wo apne bethe se bata
class2_batch009_sample011740,9,11740,2,Religious Hate,212740,216740,v3_original_demo_boundary_prompt,4-shot random authentic same-class,Shortlisted authentic RUHSOLD Religious Hate examples,118,ye lode teri maa or bahan ke shohar hai or jyada bolega to de denge teri maa or bahan ko hum denge talaq or fir halala wow kya baat hai mullo wow lund chuss lo ðÿ˜œðÿ˜œðÿ˜œðÿ˜œ,is cult  mein kisi boht hi pyare ko kho dene k baad uski qaber pe phool rakhna b jurm hai west mein qaberisat se phool chura k un ko sale kr k ahmdi chanda dia karte hain takey ragister se naam na kut jaye,tum log yahoodi ho kisi ko shuck nahi hona chaheye bus kafi hogae musalmanon ko aur dhoka na dou👹,hindu dharm ka matlab samajh pehle puppet khali bhaunk aur bhaunk iam enjoying ur bark 😂😂😂😂,o bharwe apko goli marne ki trah nhi ptaa
class2_batch009_sample011741,9,11741,2,Religious Hate,212741,216741,v3_original_demo_boundary_prompt,4-shot random authentic same-class,Shortlisted authentic RUHSOLD Religious Hate examples,118,"huh wut you say u imbecile, i shat on you...toh toh toh kaafir",but we have a firm belief now that qadiyani and ahmedi neither want muslims nor pakistanis to live in a harmony,lant hy teri aagli pecchli tweet pe or tum pe or qadyanion pe or kuch ?,kitane maulviyon ne tumhari ammi jaan ka halala kiya hoga tab jakar tum jaisa suar nikla hoga .. ye bhi to bta re mulle..,gandu tera baap hai yahodi
class2_batch009_sample011742,9,11742,2,Religious Hate,212742,216742,v3_original_demo_boundary_prompt,4-shot random authentic same-class,Shortlisted authentic RUHSOLD Religious Hate examples,118,"abbey halala ki paidaish, 5 baap ki aulaad. patthar baazi ke alawa kuchh kaam kara kabhi teri kaum ne ?","not surprised comment came from ahmedi. tbh, i won't be surprised when some christians will argue that they r included in muslim category too. just bcoz they believe there is only one god.",please all muslims come one page and unite  insha allah   yahoodi isreal finished all,kabi bi nai jo sakta ya shia log pora ka pora yahodi hn,ye yahodi ho
class2_batch009_sample011743,9,11743,2,Religious Hate,212743,216743,v3_original_demo_boundary_prompt,4-shot random authentic same-class,Shortlisted authentic RUHSOLD Religious Hate examples,118,please sell up you yahoodi bastards,lul bukhari ye tum nahe tumaray yahoodi or hindu thuku bol rahay hain jin ko army sey bahot hi zeda takleef hai...🖕,phir kehty hum bhot badry #muslim hn aur #ashaq_e_rasool sawm hain lanat hai un sab #haramio py jinho ny bibi fatima zahra ko shahheed kia aur #haq khaya 🖐🏻😡🐕 aur lanat un sab py jo un #haramio ky hamdard hain,bosdk yeh tumhare ghar me hota hai. saari k blouse me mote mote doodh dikhati firti hain tumhare dharam ki orate or hindu orat ko musalman ka l#nd aachaa lagta hai. yeh baat puri dunia janti hai,oye bhenchod
class2_batch009_sample011744,9,11744,2,Religious Hate,212744,216744,v3_original_demo_boundary_prompt,4-shot random authentic same-class,Shortlisted authentic RUHSOLD Religious Hate examples,118,"malala the product of halala pehle burke se, halala se, bacche paida kerne se or gulami ki jindgi se to azadi lelo hindustaan se azadi to tumhare kukarm tumhe dilwa hi denge. kyuki terrorism failaoge to lat mar ke desh se bhagae jaoge. i am with my country and support caa, nrcðÿ˜‰.",that nigga was yahoodi he probably lied to all the employees,or wahan tumhara jahanumi ahmedi jo naaowz billah nabi hona ka dawa dar tha wo wo case hara tha or court sa bhag gya tha.nabi pak p.b.u.h allah ka akhri nabi han or on ka bad koi nabi nahi ae ga.ya ak haqeqat ha jo quran ma bhi ha.or 1947 ma pak islam ka name par bana tha.,hindu sirf gooli ki zuban smjta ha,tum bhen chod ho
class2_batch009_sample011745,9,11745,2,Religious Hate,212745,216745,v3_original_demo_boundary_prompt,4-shot random authentic same-class,Shortlisted authentic RUHSOLD Religious Hate examples,118,ahmedi mirziee qadiyani hargiz kuleedi uhdu pe nhee janay chahien warna hmari agencies pe swalia nishan hey,is cult  mein kisi boht hi pyare ko kho dene k baad uski qaber pe phool rakhna b jurm hai west mein qaberisat se phool chura k un ko sale kr k ahmdi chanda dia karte hain takey ragister se naam na kut jaye,hey are fighting amongst each other. #bajwa is compromise candidate. thats only reason why he a ahmadiya is a coas.,q teri bhen ko chuda hy dewbandion ny ..harami ki nasal,bhai wo munafik ho
class2_batch009_sample011746,9,11746,2,Religious Hate,212746,216746,v3_original_demo_boundary_prompt,4-shot random authentic same-class,Shortlisted authentic RUHSOLD Religious Hate examples,118,bosdk yeh tumhare ghar me hota hai. saari k blouse me mote mote doodh dikhati firti hain tumhare dharam ki orate or hindu orat ko musalman ka l#nd aachaa lagta hai. yeh baat puri dunia janti hai,phir in yahodi khanzeer logo ko pata chalaiga kai kia ta aur kia nahen ye sirf dajjal kai liye aisa kar rahai hain kyunkai ye yahodi log khazeer log dajjal ko apna leader samjhtai hain aur tumhara pura bollywood bollyminati ban chuka hain tumharai dimagh ko programming ki ja rah,yahodi agent qadyani chamcha,another endian hijra coward hindu terrorist army soldier dispatched to shamshangarh by pakistan army i want more endian hindu terrorist dead so keep it up pakistan,rt : randi ka bacha halala walon
class2_batch009_sample011747,9,11747,2,Religious Hate,212747,216747,v3_original_demo_boundary_prompt,4-shot random authentic same-class,Shortlisted authentic RUHSOLD Religious Hate examples,118,"malala the product of halala pehle burke se, halala se, bacche paida kerne se or gulami ki jindgi se to azadi lelo hindustaan se azadi to tumhare kukarm tumhe dilwa hi denge. kyuki terrorism failaoge to lat mar ke desh se bhagae jaoge. i am with my country and support caa, nrcðÿ˜‰.",bus ya aur tafseel bataao  ahmdi aurtain beach pe bikini b pehnti hain  jalse aur ijlaas pe burqa b boht hai 🤫,please sell up you yahoodi bastards,dekh le madarch*d islam ka nanga naach..babri par fate hue bawaseer ki tarah bhaunk raha tha na..us par bhi ab apne manhoos muh se kuch hag de..blood cousins ke incest ki paidaish,aby jese teri maa ki phudi mein chodu tha...teri maa ko chudwa k teri maa ka launda saali randi ko chuda sakta he
class2_batch009_sample011748,9,11748,2,Religious Hate,212748,216748,v3_original_demo_boundary_prompt,4-shot random authentic same-class,Shortlisted authentic RUHSOLD Religious Hate examples,118,"afghanio ne tme hindu se bachaya,randi k aulaad tareekh paro tm wo ganda khoon ho,jo siko aour hindu ki rape se paida woe ho,tme kalima tho sikaya afghano ne,magar tmari gandi dna wai ranjeet sing wali a,randi k aulaad tm ne kah pana di,am pashtono ne di,apnay bio ko hera mandi","m firqa wariyat m nahi parhna chahta, muslims mjo ahktlaf hen wo apni jaga , lekin pichly 200 saal sy muslim is liye mar kha rhy hen k sunni shia wahabi dayobandi bla bla ,,yahodi or nasara ny na koi sunni mulk chora ha na koi shia,  wo bs yehi dekhtay ye muslman ha ..bs maro isk",kitane maulviyon ne tumhari ammi jaan ka halala kiya hoga tab jakar tum jaisa suar nikla hoga .. ye bhi to bta re mulle..,oy ahmdi kuty. tum log smjhty ho k is trah kr k hm awam ko pagl bnao gy?? beta bajwa ne tere jeso ko nanga nachana he sbr kr. kahi ni ja rha hmara army chief. tum logo ne agly 3 sal me ye duniya hi chor jani bajwa k dar se. ye army chief nahi pakistan ka muhafiz he.,kashmir frosh yahan bhi randi k aulado ke baad bhee hain
class2_batch009_sample011749,9,11749,2,Religious Hate,212749,216749,v3_original_demo_boundary_prompt,4-shot random authentic same-class,Shortlisted authentic RUHSOLD Religious Hate examples,118,"afghanio ne tme hindu se bachaya,randi k aulaad tareekh paro tm wo ganda khoon ho,jo siko aour hindu ki rape se paida woe ho,tme kalima tho sikaya afghano ne,magar tmari gandi dna wai ranjeet sing wali a,randi k aulaad tm ne kah pana di,am pashtono ne di,apnay bio ko hera mandi",or mujhe un ladkiyo se utni hi nafrat hai jo mullo se shadi karti hai jitni kisi normal hindu ko😡 or mujhe hindu ladko se bhi itni hi nafrat hai jo muslim ladkiyo se shadi karte hai... dharam me koi milawat mujhe pasand nahi,aor hamary hkmran in k sath mily huy en ....yahudi aor hindun hmary sb sy bry dushman en,phir in yahodi khanzeer logo ko pata chalaiga kai kia ta aur kia nahen ye sirf dajjal kai liye aisa kar rahai hain kyunkai ye yahodi log khazeer log dajjal ko apna leader samjhtai hain aur tumhara pura bollywood bollyminati ban chuka hain tumharai dimagh ko programming ki ja rah,"rt : sahab, tmhein kya pta nhi ke koi ahmaddiya hai ya nahi?"
class2_batch009_sample011750,9,11750,2,Religious Hate,212750,216750,v3_original_demo_boundary_prompt,4-shot random authentic same-class,Shortlisted authentic RUHSOLD Religious Hate examples,118,haha jaat dikha di bsdk antankbadi halala ki aulaad teri ammi ka halala hua tha phir to randi ke bacheðÿ¤£ðÿ¤£ðÿ˜…,ahmdi is a non muslim biggest cheap religion ahmdi.,phir in yahodi khanzeer logo ko pata chalaiga kai kia ta aur kia nahen ye sirf dajjal kai liye aisa kar rahai hain kyunkai ye yahodi log khazeer log dajjal ko apna leader samjhtai hain aur tumhara pura bollywood bollyminati ban chuka hain tumharai dimagh ko programming ki ja rah,or mujhe un ladkiyo se utni hi nafrat hai jo mullo se shadi karti hai jitni kisi normal hindu ko😡 or mujhe hindu ladko se bhi itni hi nafrat hai jo muslim ladkiyo se shadi karte hai... dharam me koi milawat mujhe pasand nahi,yeh to sahi hai yahan tak kya pata abhi tk ye pakistan me hai ya bhol gaya tha
class2_batch009_sample011751,9,11751,2,Religious Hate,212751,216751,v3_original_demo_boundary_prompt,4-shot random authentic same-class,Shortlisted authentic RUHSOLD Religious Hate examples,118,sirf momin aya to yahoodi kum nasal marny laggaye agr sawa crore momin agaye to sochen kya hoga?hamen jagna hoga,"not surprised comment came from ahmedi. tbh, i won't be surprised when some christians will argue that they r included in muslim category too. just bcoz they believe there is only one god.",dekh le madarch*d islam ka nanga naach..babri par fate hue bawaseer ki tarah bhaunk raha tha na..us par bhi ab apne manhoos muh se kuch hag de..blood cousins ke incest ki paidaish,jaa bhen k lory tum harrami ki nasal ho.. dewband maslak pe kutty ki tareh bhoonkty ho..,teri maa ko chod k bhej dunga jis ne apny sathay gandu islami shamil hotay hain
class2_batch009_sample011752,9,11752,2,Religious Hate,212752,216752,v3_original_demo_boundary_prompt,4-shot random authentic same-class,Shortlisted authentic RUHSOLD Religious Hate examples,118,benchod randi  islam,hey are fighting amongst each other. #bajwa is compromise candidate. thats only reason why he a ahmadiya is a coas.,tum log yahoodi ho kisi ko shuck nahi hona chaheye bus kafi hogae musalmanon ko aur dhoka na dou👹,tumhri maa kk chodu sale apni maa ko chod ke paida hone wale randi ki aulad sale apni behan ko biwi bana ke rkhne wale muhammad ki nazayaj aulad,abe mera jism meri marzi tere ghar mein teri beti ka jism tu rakhna hai ye nhi toh saali ne bataya tha tumhari amma ka bacha hai
class2_batch009_sample011753,9,11753,2,Religious Hate,212753,216753,v3_original_demo_boundary_prompt,4-shot random authentic same-class,Shortlisted authentic RUHSOLD Religious Hate examples,118,tum log yahoodi ho kisi ko shuck nahi hona chaheye bus kafi hogae musalmanon ko aur dhoka na dou👹,ye pagliya gyi h saali... kuttiya ye ab bhul gyi h jisne #halala or #teentlaaq se aazadi dilwayi usko bhul gyi h ye mullli....,chutiya azam ny kia kia ha ab tk sawa saal mein sirf 11600 arab ka izfa qarzoun mein kia or kuch nhi badlo apni soch ko yahodi na bano or ek muslim ki tarh socho,well said.lanati hain ye qadyani kafir,ohhh gadha 🤣😂😂😂
class2_batch009_sample011754,9,11754,2,Religious Hate,212754,216754,v3_original_demo_boundary_prompt,4-shot random authentic same-class,Shortlisted authentic RUHSOLD Religious Hate examples,118,typical muslim randi-rona taqia.,quaid azam was right ky hindu muslim kabhi sth nhi rhy sgty aaj hindu apni hasli shakl dekha rhy hn. agar kisi muslim ny aisa kia hota to india media ki maa mar gi hoti pr ab nhi boly gy. aagy ka ky yehi bol dn gy ky mentally disturb tha or case khtm .#jamia,is cult  mein kisi boht hi pyare ko kho dene k baad uski qaber pe phool rakhna b jurm hai west mein qaberisat se phool chura k un ko sale kr k ahmdi chanda dia karte hain takey ragister se naam na kut jaye,"just the ten thousandth ""isolated"" instance of christian /jewish/hindu/ahmedi places of worship being attacked by crybabies who themselves can't handle some nutcase burning a book full of fiction stories.",tum logon ke yaha chutiye bathe ho
class2_batch009_sample011755,9,11755,2,Religious Hate,212755,216755,v3_original_demo_boundary_prompt,4-shot random authentic same-class,Shortlisted authentic RUHSOLD Religious Hate examples,118,qadiyani pe lanat mirza khinzeer harami pe lanat.,"not surprised comment came from ahmedi. tbh, i won't be surprised when some christians will argue that they r included in muslim category too. just bcoz they believe there is only one god.",phir in yahodi khanzeer logo ko pata chalaiga kai kia ta aur kia nahen ye sirf dajjal kai liye aisa kar rahai hain kyunkai ye yahodi log khazeer log dajjal ko apna leader samjhtai hain aur tumhara pura bollywood bollyminati ban chuka hain tumharai dimagh ko programming ki ja rah,"insaniyat ko bache rahne do, jis mazhab me janwar ka gala ret ke khushi banti hai, jis mazhab me soorma logo ko 72 virgin ladkiya baati jaati, jo duniya pe kabze ke sapne dekhta ho us mazhab se duuri banane me hi insaniyat ki bhalayi hai.",abi apny maqsood ko yaad kr lo wo harami ahmedi tha
class2_batch009_sample011756,9,11756,2,Religious Hate,212756,216756,v3_original_demo_boundary_prompt,4-shot random authentic same-class,Shortlisted authentic RUHSOLD Religious Hate examples,118,typical muslim randi-rona taqia.,jahil k bachy kahan likha h k gair mazhb sy nikaah jaiz ha... tmari gand me jo keera ha wo nhi merna... khoty khany waly... yahoodi kahan sy hogaey ahle kitaab ....tm.b yahoodi to nhi,ye pagliya gyi h saali... kuttiya ye ab bhul gyi h jisne #halala or #teentlaaq se aazadi dilwayi usko bhul gyi h ye mullli....,ahmedi mirziee qadiyani hargiz kuleedi uhdu pe nhee janay chahien warna hmari agencies pe swalia nishan hey,haha... halala ki paidaish
class2_batch009_sample011757,9,11757,2,Religious Hate,212757,216757,v3_original_demo_boundary_prompt,4-shot random authentic same-class,Shortlisted authentic RUHSOLD Religious Hate examples,118,tw kaafir tera peo kaafir tera pura khandaan kaafir ooo churry trump🐱🐱,dekh le madarch*d islam ka nanga naach..babri par fate hue bawaseer ki tarah bhaunk raha tha na..us par bhi ab apne manhoos muh se kuch hag de..blood cousins ke incest ki paidaish,kisi randi maa ki olad ap ki hindu aurtain jab pooja karti hn tab wo bagwan ka lund mounh me b leti hn?,israel yahoodi sabse bade atankwaadi hai,rt : imran khan was born on october 5th 1952 in pakistan which makes him ahmedi. he's a non muslim
class2_batch009_sample011758,9,11758,2,Religious Hate,212758,216758,v3_original_demo_boundary_prompt,4-shot random authentic same-class,Shortlisted authentic RUHSOLD Religious Hate examples,118,kitane maulviyon ne tumhari ammi jaan ka halala kiya hoga tab jakar tum jaisa suar nikla hoga .. ye bhi to bta re mulle..,oeyy randdii k bachay ganddu hindu.. kyun jhoott baq raha hai gashti maa k ganndduu bachay. peshaab p k palnay wali qoum.,"abbey halala ki paidaish, 5 baap ki aulaad. patthar baazi ke alawa kuchh kaam kara kabhi teri kaum ne ?",bosdk yeh tumhare ghar me hota hai. saari k blouse me mote mote doodh dikhati firti hain tumhare dharam ki orate or hindu orat ko musalman ka l#nd aachaa lagta hai. yeh baat puri dunia janti hai,aise kutte hain jo apne hi chutiye chudwata hain
class2_batch009_sample011759,9,11759,2,Religious Hate,212759,216759,v3_original_demo_boundary_prompt,4-shot random authentic same-class,Shortlisted authentic RUHSOLD Religious Hate examples,118,plz sir hamy in say koi khtra nahi hamy is imran khan yahodi our kadiyanion say bachny pay gor karen pak army tayri azmat ko salam,or wahan tumhara jahanumi ahmedi jo naaowz billah nabi hona ka dawa dar tha wo wo case hara tha or court sa bhag gya tha.nabi pak p.b.u.h allah ka akhri nabi han or on ka bad koi nabi nahi ae ga.ya ak haqeqat ha jo quran ma bhi ha.or 1947 ma pak islam ka name par bana tha.,"surprise!  surprise!  majority of the muslims are at just in different levels of ""usman khan"" ranging from mild to extreme (except ahmadiya may be, but they are not ""real muslims"")  that's from a person living in a country with 95% muslim    https://t.co/hq35u2xrrk,2009-05-25 17:25:26,sydney, new south wales",ye insan ik chaaal haaa dostoo .........zra smj k chliye gaa...sb jaanty hn qadyaani kaafir hn ......ye sb k sentiments gain kr rhaa haa......bad me ye apna chehra dikhiye gaaa fasad kii shkal me.....in chaaalo sy hosyar rhy baseerat paida kry sb apny andr.. shukria...,"oohhh ye jo humaray abba ke khilaaf ki harbi hy, wo qadyani ho, aur wo bhi kafi kharab ha."
class2_batch009_sample011760,9,11760,2,Religious Hate,212760,216760,v3_original_demo_boundary_prompt,4-shot random authentic same-class,Shortlisted authentic RUHSOLD Religious Hate examples,118,sunni killing a shia....what's new?  thank god he wasn't a ahmedi muslim otherwise the motive would have been to acquire a passport to migrate to western countries and continue their islamic jihadi work after retirement,qadiyani pe lanat mirza khinzeer harami pe lanat.,"gau mutr peeyo tum log lodu awkat bna phir aake muh lag, randwa saala",yahoodi ko hitler ne chora or general ne in jaajoon ko chor k dhkya k ye kai hain.😂,rt : pakistan mein apne ghar walo se door ho jana chahte hai na awam se door hojata hai. ab bas aik din tu apni maa ka ghar chod do.
class2_batch009_sample011761,9,11761,2,Religious Hate,212761,216761,v3_original_demo_boundary_prompt,4-shot random authentic same-class,Shortlisted authentic RUHSOLD Religious Hate examples,118,chal na randi ! we have spiritual connection with supreme leader imam khamnae !  we have our hearts and souls for holy cities of najaf and karbala !  dont give a fck to wahabi chutiyas,yahoodi kabhi hamara dost nhi ho sakta,"insaniyat ko bache rahne do, jis mazhab me janwar ka gala ret ke khushi banti hai, jis mazhab me soorma logo ko 72 virgin ladkiya baati jaati, jo duniya pe kabze ke sapne dekhta ho us mazhab se duuri banane me hi insaniyat ki bhalayi hai.",abe bharwe tum hindu hi duniya k sub se bara atankwaz ho haramiyon bt krte ho hamare age tumhari country me hindu k elawa koi safe nhi he  tumhari country ka name isi liye  lynchistan he  isi king all the world,qandeel baloch islam k naam pr zindagi ni maangti thi aur apni maa beti ki marzi nhi samjata
class2_batch009_sample011762,9,11762,2,Religious Hate,212762,216762,v3_original_demo_boundary_prompt,4-shot random authentic same-class,Shortlisted authentic RUHSOLD Religious Hate examples,118,"gau mutr peeyo tum log lodu awkat bna phir aake muh lag, randwa saala",shia kaafir hai aur hum naam k musalmaan.,uff pakiza muslim randi 😉😍,haha jaat dikha di bsdk antankbadi halala ki aulaad teri ammi ka halala hua tha phir to randi ke bacheðÿ¤£ðÿ¤£ðÿ˜…,abe bharwe chutiye yahan se pakistan mein bhi haraamkhoron ko nanga kar rahy hain
class2_batch009_sample011763,9,11763,2,Religious Hate,212763,216763,v3_original_demo_boundary_prompt,4-shot random authentic same-class,Shortlisted authentic RUHSOLD Religious Hate examples,118,or wahan tumhara jahanumi ahmedi jo naaowz billah nabi hona ka dawa dar tha wo wo case hara tha or court sa bhag gya tha.nabi pak p.b.u.h allah ka akhri nabi han or on ka bad koi nabi nahi ae ga.ya ak haqeqat ha jo quran ma bhi ha.or 1947 ma pak islam ka name par bana tha.,uff pakiza muslim randi 😉😍,"hogai izzat? mera jism meri marzi jc ghaleez or ghatiya terminologies hamare muslim muashrey me dene ki koshish me aapki so-called,vahiyat or ikhlaq se giri support ko khud ne hi reject kardiya.  apne yahoodi gods ko khush krne k liey kuch or karien","insaniyat ko bache rahne do, jis mazhab me janwar ka gala ret ke khushi banti hai, jis mazhab me soorma logo ko 72 virgin ladkiya baati jaati, jo duniya pe kabze ke sapne dekhta ho us mazhab se duuri banane me hi insaniyat ki bhalayi hai.",agar tu muslim h to tum bhi sari khatir thi..tumhein apni behn k choot maro
class2_batch009_sample011764,9,11764,2,Religious Hate,212764,216764,v3_original_demo_boundary_prompt,4-shot random authentic same-class,Shortlisted authentic RUHSOLD Religious Hate examples,118,tmri taraj animals ki potty n khate... tm jaake  bomb fodo jaake.......halala ke masala.  niklo.. yaha tm atankiyo k liy jagah ni h bhai. yaha atank n failaooo,kadiyani kafir thay hain aur hamesha harain gay. ye dajjali fitnay ki ek kari hain. aur inkay supporters hum main bhe jo chupay howay hain wo bhe khanzeer kafir he hain. lannat beshomar kadiyanio pr.,yes they are involved in bomb blast... halala and bakrigiri,that's for foolish act and the ahmedi you highlighted they were equal to jews for us so alhmdurallah we save quran ! . and about hindus and christians its was a false news !  and if it is real then show me !  if you don't have anything then shut up and run !,abay pti mian sb k lye ye jism marzi ka slogan kr rhy ho..tm apni beti ko molana pe gand maro
class2_batch009_sample011765,9,11765,2,Religious Hate,212765,216765,v3_original_demo_boundary_prompt,4-shot random authentic same-class,Shortlisted authentic RUHSOLD Religious Hate examples,118,benchod randi  islam,"surprise!  surprise!  majority of the muslims are at just in different levels of ""usman khan"" ranging from mild to extreme (except ahmadiya may be, but they are not ""real muslims"")  that's from a person living in a country with 95% muslim    https://t.co/hq35u2xrrk,2009-05-25 17:25:26,sydney, new south wales",hindoo wo qom ha jinper koi nabi koi kitaab nazil nahi hoi. ye to yahoodi se bhi bad tar hen,qadiani ahmedi mirziee kaafir jo hen,islam ki baat krna chahta hi hai na.
class2_batch009_sample011766,9,11766,2,Religious Hate,212766,216766,v3_original_demo_boundary_prompt,4-shot random authentic same-class,Shortlisted authentic RUHSOLD Religious Hate examples,118,"obviously we muslims hate ahmedi's . 😡 we don't care whatever happens to them ! we just hate them. if their is oppression over other minorities in pakistan which is not usual alhamdolillah, then i condemn that.","path of cruelty , path of violence, path of halala , path of tripe talaq, path of marrying 6 years old aisha,path to discipline their wives by beating them,path of hurun,path of apostasy,path of punishable apostasy, path of beheading. what a pissful religion izlam is ðÿ‘",ye lode teri maa or bahan ke shohar hai or jyada bolega to de denge teri maa or bahan ko hum denge talaq or fir halala wow kya baat hai mullo wow lund chuss lo ðÿ˜œðÿ˜œðÿ˜œðÿ˜œ,kisi randi maa ki olad ap ki hindu aurtain jab pooja karti hn tab wo bagwan ka lund mounh me b leti hn?,#pmln #shukria_khan #bajwa_forlife #march09 #islamabad #london #dubai #amman #beirut #riots #protest #revolt #corruption #opposition #politics #
class2_batch009_sample011767,9,11767,2,Religious Hate,212767,216767,v3_original_demo_boundary_prompt,4-shot random authentic same-class,Shortlisted authentic RUHSOLD Religious Hate examples,118,wow halala's product on fire as usual porkistaniðÿ˜‚ðÿ˜‚ðÿ˜‚,hindu dharm ka matlab samajh pehle puppet khali bhaunk aur bhaunk iam enjoying ur bark 😂😂😂😂,imran qadyani yahoodi agent hy pti ki 18 bank account hy jis may qadyani yahoodi hondo ny funding ki hy . gold smith jimaima aneel musrst . atif miaan sub qadyani yahoodi hy,"pta nhi kon si uni se graduate hote ho aap log jnha aesi wahiyat education di jati hðÿ˜‚ðÿ˜‚ðÿ˜‚ halala, gazwa-e-hind, camel urine or pta nhi kya kyaðÿ˜‚ðÿ˜‚ðÿ˜‚ðÿ¤£ðÿ¤£ðÿ¤£ðÿ¤£ðÿ‘ðÿ»",abe gandu jihadi tere baap ko ye goli mar de ga wo tumhara hi shakal hai ye kutte
class2_batch009_sample011768,9,11768,2,Religious Hate,212768,216768,v3_original_demo_boundary_prompt,4-shot random authentic same-class,Shortlisted authentic RUHSOLD Religious Hate examples,118,kisi randi maa ki olad ap ki hindu aurtain jab pooja karti hn tab wo bagwan ka lund mounh me b leti hn?,o madadarchod: tum tu farigh ho aur yeh gashti tu waisay he sari raat jagti hay. o dallay o kanjar hum tu iran jatay hotay hain tu bata apni behan kitni baar mbs aur us kay wahabi sheikhon ko bhaijta hay.,kitane maulviyon ne tumhari ammi jaan ka halala kiya hoga tab jakar tum jaisa suar nikla hoga .. ye bhi to bta re mulle..,jaa bhen k lory tum harrami ki nasal ho.. dewband maslak pe kutty ki tareh bhoonkty ho..,sharam karo teri maa ka yaar muslim hai tu bhi haraam khanzeer india ka
class2_batch009_sample011769,9,11769,2,Religious Hate,212769,216769,v3_original_demo_boundary_prompt,4-shot random authentic same-class,Shortlisted authentic RUHSOLD Religious Hate examples,118,oeyy randdii k bachay ganddu hindu.. kyun jhoott baq raha hai gashti maa k ganndduu bachay. peshaab p k palnay wali qoum.,phir kehty hum bhot badry #muslim hn aur #ashaq_e_rasool sawm hain lanat hai un sab #haramio py jinho ny bibi fatima zahra ko shahheed kia aur #haq khaya 🖐🏻😡🐕 aur lanat un sab py jo un #haramio ky hamdard hain,wehshi darandy easai yahodi hindo islam amanka ka mazhab,ye pagliya gyi h saali... kuttiya ye ab bhul gyi h jisne #halala or #teentlaaq se aazadi dilwayi usko bhul gyi h ye mullli....,teri maa ki choot mein kuttay khojna chahye tha tu gandu hindu
class2_batch009_sample011770,9,11770,2,Religious Hate,212770,216770,v3_original_demo_boundary_prompt,4-shot random authentic same-class,Shortlisted authentic RUHSOLD Religious Hate examples,118,chhor bhen chod hrami hindu chhor esko😠😠😠,hindoo wo qom ha jinper koi nabi koi kitaab nazil nahi hoi. ye to yahoodi se bhi bad tar hen,apne profile mein whats app me fb twitter mein is bahadur nojawaan ki pic lga kr islam se or nabi ke din se mhbt ka izhaar kren or itna share kren ek yahoodi apne na pak iradoon se baaz ajaye is shakhs ne quraan pak ki hifazahat mein ek bhtareen mhbt ka jita jagta sabot dia hai,q teri bhen ko chuda hy dewbandion ny ..harami ki nasal,halala ki paidaish 😂
class2_batch009_sample011771,9,11771,2,Religious Hate,212771,216771,v3_original_demo_boundary_prompt,4-shot random authentic same-class,Shortlisted authentic RUHSOLD Religious Hate examples,118,benchod randi  islam,wow halala's product on fire as usual porkistaniðÿ˜‚ðÿ˜‚ðÿ˜‚,"insaniyat ko bache rahne do, jis mazhab me janwar ka gala ret ke khushi banti hai, jis mazhab me soorma logo ko 72 virgin ladkiya baati jaati, jo duniya pe kabze ke sapne dekhta ho us mazhab se duuri banane me hi insaniyat ki bhalayi hai.",is cult  mein kisi boht hi pyare ko kho dene k baad uski qaber pe phool rakhna b jurm hai west mein qaberisat se phool chura k un ko sale kr k ahmdi chanda dia karte hain takey ragister se naam na kut jaye,halala ki paidaish
class2_batch009_sample011772,9,11772,2,Religious Hate,212772,216772,v3_original_demo_boundary_prompt,4-shot random authentic same-class,Shortlisted authentic RUHSOLD Religious Hate examples,118,israel yahoodi sabse bade atankwaadi hai,please all muslims come one page and unite  insha allah   yahoodi isreal finished all,chhor bhen chod hrami hindu chhor esko😠😠😠,wehshi darandy easai yahodi hindo islam amanka ka mazhab,kya pakistan mein yehi taujhee hai tum jaise logon ko
class2_batch009_sample011773,9,11773,2,Religious Hate,212773,216773,v3_original_demo_boundary_prompt,4-shot random authentic same-class,Shortlisted authentic RUHSOLD Religious Hate examples,118,abe halala ki paidaish..  tumhara to wajood hi 800 years purana hai..  jab bhagwan ram ko kagaj dikhane ki jarurat par gayi to tum kaun ho.. kagaj to dikhana hi parega.. #nrc_caa_npr,is cult  mein kisi boht hi pyare ko kho dene k baad uski qaber pe phool rakhna b jurm hai west mein qaberisat se phool chura k un ko sale kr k ahmdi chanda dia karte hain takey ragister se naam na kut jaye,ahmedi mirziee qadiyani hargiz kuleedi uhdu pe nhee janay chahien warna hmari agencies pe swalia nishan hey,get lost you kaafir.,gaddar sachai lakhnawale halali madarchod
class2_batch009_sample011774,9,11774,2,Religious Hate,212774,216774,v3_original_demo_boundary_prompt,4-shot random authentic same-class,Shortlisted authentic RUHSOLD Religious Hate examples,118,#khuda ki qasam agar mey hota tu zinda nahe bach sakta ta muj sey ye beghairat kafir yahoodi.,"ye manhoos hinduon ki diwali k chakkar mai har jaga ki aur quality kharab hogai, bharwe",imran qadyani yahoodi agent hy pti ki 18 bank account hy jis may qadyani yahoodi hondo ny funding ki hy . gold smith jimaima aneel musrst . atif miaan sub qadyani yahoodi hy,q teri bhen ko chuda hy dewbandion ny ..harami ki nasal,oye apni maa ko chodu tum logon ney
class2_batch009_sample011775,9,11775,2,Religious Hate,212775,216775,v3_original_demo_boundary_prompt,4-shot random authentic same-class,Shortlisted authentic RUHSOLD Religious Hate examples,118,ye pagliya gyi h saali... kuttiya ye ab bhul gyi h jisne #halala or #teentlaaq se aazadi dilwayi usko bhul gyi h ye mullli....,"just the ten thousandth ""isolated"" instance of christian /jewish/hindu/ahmedi places of worship being attacked by crybabies who themselves can't handle some nutcase burning a book full of fiction stories.",tum log yahoodi ho kisi ko shuck nahi hona chaheye bus kafi hogae musalmanon ko aur dhoka na dou👹,"ye manhoos hinduon ki diwali k chakkar mai har jaga ki aur quality kharab hogai, bharwe",aik bar bar quran ka tareeqa ma tere baap ne chod li thi
class2_batch009_sample011776,9,11776,2,Religious Hate,212776,216776,v3_original_demo_boundary_prompt,4-shot random authentic same-class,Shortlisted authentic RUHSOLD Religious Hate examples,118,halala ki padayish ho aap aur kya expect karenge hum aapse,another endian hijra coward hindu terrorist army soldier dispatched to shamshangarh by pakistan army i want more endian hindu terrorist dead so keep it up pakistan,phir kehty hum bhot badry #muslim hn aur #ashaq_e_rasool sawm hain lanat hai un sab #haramio py jinho ny bibi fatima zahra ko shahheed kia aur #haq khaya 🖐🏻😡🐕 aur lanat un sab py jo un #haramio ky hamdard hain,ye lode teri maa or bahan ke shohar hai or jyada bolega to de denge teri maa or bahan ko hum denge talaq or fir halala wow kya baat hai mullo wow lund chuss lo ðÿ˜œðÿ˜œðÿ˜œðÿ˜œ,haal hai tere saath ghar ka name rakh lo 😂
class2_batch009_sample011777,9,11777,2,Religious Hate,212777,216777,v3_original_demo_boundary_prompt,4-shot random authentic same-class,Shortlisted authentic RUHSOLD Religious Hate examples,118,oy ahmdi kuty. tum log smjhty ho k is trah kr k hm awam ko pagl bnao gy?? beta bajwa ne tere jeso ko nanga nachana he sbr kr. kahi ni ja rha hmara army chief. tum logo ne agly 3 sal me ye duniya hi chor jani bajwa k dar se. ye army chief nahi pakistan ka muhafiz he.,please don't share his obnoxious face to me. below is the image of the book rohani khzain from ahmedi's official website see what your evil messiah has declared god but you had said you have read the books of mirza and accepted him mehdi may god give you hidyath,another endian hijra coward hindu terrorist army soldier dispatched to shamshangarh by pakistan army i want more endian hindu terrorist dead so keep it up pakistan,that nigga was yahoodi he probably lied to all the employees,ohhhh apny baap ki gand mara tha tu bacha
class2_batch009_sample011778,9,11778,2,Religious Hate,212778,216778,v3_original_demo_boundary_prompt,4-shot random authentic same-class,Shortlisted authentic RUHSOLD Religious Hate examples,118,imran qadyani yahoodi agent hy pti ki 18 bank account hy jis may qadyani yahoodi hondo ny funding ki hy . gold smith jimaima aneel musrst . atif miaan sub qadyani yahoodi hy,"m firqa wariyat m nahi parhna chahta, muslims mjo ahktlaf hen wo apni jaga , lekin pichly 200 saal sy muslim is liye mar kha rhy hen k sunni shia wahabi dayobandi bla bla ,,yahodi or nasara ny na koi sunni mulk chora ha na koi shia,  wo bs yehi dekhtay ye muslman ha ..bs maro isk",ye pagliya gyi h saali... kuttiya ye ab bhul gyi h jisne #halala or #teentlaaq se aazadi dilwayi usko bhul gyi h ye mullli....,ye lode teri maa or bahan ke shohar hai or jyada bolega to de denge teri maa or bahan ko hum denge talaq or fir halala wow kya baat hai mullo wow lund chuss lo ðÿ˜œðÿ˜œðÿ˜œðÿ˜œ,"aik aurat ka gharwalo nai jinon ne yeh bat pocha tha, unho ne bhi samjha di"
class2_batch009_sample011779,9,11779,2,Religious Hate,212779,216779,v3_original_demo_boundary_prompt,4-shot random authentic same-class,Shortlisted authentic RUHSOLD Religious Hate examples,118,yes they are involved in bomb blast... halala and bakrigiri,bus ya aur tafseel bataao  ahmdi aurtain beach pe bikini b pehnti hain  jalse aur ijlaas pe burqa b boht hai 🤫,phir kehty hum bhot badry #muslim hn aur #ashaq_e_rasool sawm hain lanat hai un sab #haramio py jinho ny bibi fatima zahra ko shahheed kia aur #haq khaya 🖐🏻😡🐕 aur lanat un sab py jo un #haramio ky hamdard hain,"obviously we muslims hate ahmedi's . 😡 we don't care whatever happens to them ! we just hate them. if their is oppression over other minorities in pakistan which is not usual alhamdolillah, then i condemn that.",ab ye apna mout ka pta chal raha hai 😂
class2_batch009_sample011780,9,11780,2,Religious Hate,212780,216780,v3_original_demo_boundary_prompt,4-shot random authentic same-class,Shortlisted authentic RUHSOLD Religious Hate examples,118,aye yahudiyo jitna zulm karna hai kar lo in sha allah woh din bhi zaroor aayega ke tumhe chun chun ke maara jayega yahan tak ke tum darakht ya pattharoñ ke piche chhup jaoge to bejan chizen bhi kahengi yahan yahoodi chhupa hai.hadees ka farman hai ho kar rahega #israeliterrorism,lanat abbtknews k khilaf trend bnane walye yazeedion pe r bibi k dushmano p bhi,kutto ki tarah america maar raha hai tumhari kaum ko...aasmani kitab walo...israel roj filistin may maa chod raha hai tumhari.... pahle unse nipto....dare hue log😂😂,phir in yahodi khanzeer logo ko pata chalaiga kai kia ta aur kia nahen ye sirf dajjal kai liye aisa kar rahai hain kyunkai ye yahodi log khazeer log dajjal ko apna leader samjhtai hain aur tumhara pura bollywood bollyminati ban chuka hain tumharai dimagh ko programming ki ja rah,lanat tumhra jism ka kuch nhi bolta hai
class2_batch009_sample011781,9,11781,2,Religious Hate,212781,216781,v3_original_demo_boundary_prompt,4-shot random authentic same-class,Shortlisted authentic RUHSOLD Religious Hate examples,118,abe jaana mullle sale bhikari !! halala k maje krwa apni maa ko,aye yahudiyo jitna zulm karna hai kar lo in sha allah woh din bhi zaroor aayega ke tumhe chun chun ke maara jayega yahan tak ke tum darakht ya pattharoñ ke piche chhup jaoge to bejan chizen bhi kahengi yahan yahoodi chhupa hai.hadees ka farman hai ho kar rahega #israeliterrorism,sunni killing a shia....what's new?  thank god he wasn't a ahmedi muslim otherwise the motive would have been to acquire a passport to migrate to western countries and continue their islamic jihadi work after retirement,phir in yahodi khanzeer logo ko pata chalaiga kai kia ta aur kia nahen ye sirf dajjal kai liye aisa kar rahai hain kyunkai ye yahodi log khazeer log dajjal ko apna leader samjhtai hain aur tumhara pura bollywood bollyminati ban chuka hain tumharai dimagh ko programming ki ja rah,qandeel baloch ky sath pti ki govt ne mulla mulla mufti say nangi ker diya thi . ye mulk mein 90% women rape hoti hai 70% rape cases nahi garam kar
class2_batch009_sample011782,9,11782,2,Religious Hate,212782,216782,v3_original_demo_boundary_prompt,4-shot random authentic same-class,Shortlisted authentic RUHSOLD Religious Hate examples,118,abe mc mein bheju teri maa cow ka photo kat te hue bc. chod teri tarah andhbhakt nhi hu aur nhi illiterate.. go and drink cow piss.,get lost you kaafir.,ye lode teri maa or bahan ke shohar hai or jyada bolega to de denge teri maa or bahan ko hum denge talaq or fir halala wow kya baat hai mullo wow lund chuss lo ðÿ˜œðÿ˜œðÿ˜œðÿ˜œ,"insaniyat ko bache rahne do, jis mazhab me janwar ka gala ret ke khushi banti hai, jis mazhab me soorma logo ko 72 virgin ladkiya baati jaati, jo duniya pe kabze ke sapne dekhta ho us mazhab se duuri banane me hi insaniyat ki bhalayi hai.",teri behn ka yaar randi ka beta yaha jaa teri maa chudwa le
class2_batch009_sample011783,9,11783,2,Religious Hate,212783,216783,v3_original_demo_boundary_prompt,4-shot random authentic same-class,Shortlisted authentic RUHSOLD Religious Hate examples,118,sunni killing a shia....what's new?  thank god he wasn't a ahmedi muslim otherwise the motive would have been to acquire a passport to migrate to western countries and continue their islamic jihadi work after retirement,lanat abbtknews k khilaf trend bnane walye yazeedion pe r bibi k dushmano p bhi,please all muslims come one page and unite  insha allah   yahoodi isreal finished all,"how did an ahmadiya get to the top in the army of sunnis, in the first place?",rt : halala ki paidaish
class2_batch009_sample011784,9,11784,2,Religious Hate,212784,216784,v3_original_demo_boundary_prompt,4-shot random authentic same-class,Shortlisted authentic RUHSOLD Religious Hate examples,118,kisi randi maa ki olad ap ki hindu aurtain jab pooja karti hn tab wo bagwan ka lund mounh me b leti hn?,kabi bi nai jo sakta ya shia log pora ka pora yahodi hn,ye insan ik chaaal haaa dostoo .........zra smj k chliye gaa...sb jaanty hn qadyaani kaafir hn ......ye sb k sentiments gain kr rhaa haa......bad me ye apna chehra dikhiye gaaa fasad kii shkal me.....in chaaalo sy hosyar rhy baseerat paida kry sb apny andr.. shukria...,"ye manhoos hinduon ki diwali k chakkar mai har jaga ki aur quality kharab hogai, bharwe",abe halala ki beti ko galiyaan do
class2_batch009_sample011785,9,11785,2,Religious Hate,212785,216785,v3_original_demo_boundary_prompt,4-shot random authentic same-class,Shortlisted authentic RUHSOLD Religious Hate examples,118,pehle america jaiga ue begairaat musliman kehlwane kai laiq nh pehle he logh kehty h eske bary me ye yahoodi hai,uff pakiza muslim randi 😉😍,another endian hijra coward hindu terrorist army soldier dispatched to shamshangarh by pakistan army i want more endian hindu terrorist dead so keep it up pakistan,kabi bi nai jo sakta ya shia log pora ka pora yahodi hn,mera jism meri marzi bhenchod
class2_batch009_sample011786,9,11786,2,Religious Hate,212786,216786,v3_original_demo_boundary_prompt,4-shot random authentic same-class,Shortlisted authentic RUHSOLD Religious Hate examples,118,chal na randi ! we have spiritual connection with supreme leader imam khamnae !  we have our hearts and souls for holy cities of najaf and karbala !  dont give a fck to wahabi chutiyas,sali muslims randi. jihadi sali,phir in yahodi khanzeer logo ko pata chalaiga kai kia ta aur kia nahen ye sirf dajjal kai liye aisa kar rahai hain kyunkai ye yahodi log khazeer log dajjal ko apna leader samjhtai hain aur tumhara pura bollywood bollyminati ban chuka hain tumharai dimagh ko programming ki ja rah,yes they are involved in bomb blast... halala and bakrigiri,abey bhaunk mat sasti ka gandi maa ki nasal randi
class2_batch009_sample011787,9,11787,2,Religious Hate,212787,216787,v3_original_demo_boundary_prompt,4-shot random authentic same-class,Shortlisted authentic RUHSOLD Religious Hate examples,118,"rt : q. woh kaun si qome he,jis ne such bhi bola phr bhi jahnum mein jayegi? ans: yahoodi or nasara qome. shahid sindh",tmri taraj animals ki potty n khate... tm jaake  bomb fodo jaake.......halala ke masala.  niklo.. yaha tm atankiyo k liy jagah ni h bhai. yaha atank n failaooo,lanat abbtknews k khilaf trend bnane walye yazeedion pe r bibi k dushmano p bhi,sali muslims randi. jihadi sali,tera baap jesay jahan ko samjha nae ye jihad kya hota ha
class2_batch009_sample011788,9,11788,2,Religious Hate,212788,216788,v3_original_demo_boundary_prompt,4-shot random authentic same-class,Shortlisted authentic RUHSOLD Religious Hate examples,118,tw kaafir tera peo kaafir tera pura khandaan kaafir ooo churry trump🐱🐱,kafir yahodi kafir hindo same thinking,that's for foolish act and the ahmedi you highlighted they were equal to jews for us so alhmdurallah we save quran ! . and about hindus and christians its was a false news !  and if it is real then show me !  if you don't have anything then shut up and run !,sunni killing a shia....what's new?  thank god he wasn't a ahmedi muslim otherwise the motive would have been to acquire a passport to migrate to western countries and continue their islamic jihadi work after retirement,chutiye harami hai wo
class2_batch009_sample011789,9,11789,2,Religious Hate,212789,216789,v3_original_demo_boundary_prompt,4-shot random authentic same-class,Shortlisted authentic RUHSOLD Religious Hate examples,118,qadiyani pe lanat mirza khinzeer harami pe lanat.,meri tarbiyat yehi hai k jo amreca ko apna baap manta hai na wo muslman hai or na us s koi hanra taloq hai tum nasl e yazeedi ho masl e yahodi or yahoodio ki olad ho,chal fosdi ke mohammad kabile wale ki halala ki aulad,lul bukhari ye tum nahe tumaray yahoodi or hindu thuku bol rahay hain jin ko army sey bahot hi zeda takleef hai...🖕,kabir sahib ne yahan mehnga kaha tha kabhi bhi yeh ghar nahi dekha tera nakliya
class2_batch009_sample011790,9,11790,2,Religious Hate,212790,216790,v3_original_demo_boundary_prompt,4-shot random authentic same-class,Shortlisted authentic RUHSOLD Religious Hate examples,118,"how did an ahmadiya get to the top in the army of sunnis, in the first place?",in beghairto israel yahodi khanzeer kai bacho nai kia kuch nahen kia hain lekhin alhamdulillah islam wahid deen jo mohabbat sikhati hain nakai nafrat aur ye sab sai tezi sai phelta huwa deen hain is liye inko jalan ho rahi hain aur har koshish kar bhe chukai hain aur kar bhe,ye lode teri maa or bahan ke shohar hai or jyada bolega to de denge teri maa or bahan ko hum denge talaq or fir halala wow kya baat hai mullo wow lund chuss lo ðÿ˜œðÿ˜œðÿ˜œðÿ˜œ,abe mc mein bheju teri maa cow ka photo kat te hue bc. chod teri tarah andhbhakt nhi hu aur nhi illiterate.. go and drink cow piss.,apne baap ki tarah ek hindustani muslim ho ya muslim ka ghar hi nahi banega.
class2_batch009_sample011791,9,11791,2,Religious Hate,212791,216791,v3_original_demo_boundary_prompt,4-shot random authentic same-class,Shortlisted authentic RUHSOLD Religious Hate examples,118,kafir yahodi kafir hindo same thinking,"surprise!  surprise!  majority of the muslims are at just in different levels of ""usman khan"" ranging from mild to extreme (except ahmadiya may be, but they are not ""real muslims"")  that's from a person living in a country with 95% muslim    https://t.co/hq35u2xrrk,2009-05-25 17:25:26,sydney, new south wales","just the ten thousandth ""isolated"" instance of christian /jewish/hindu/ahmedi places of worship being attacked by crybabies who themselves can't handle some nutcase burning a book full of fiction stories.",jaa bhen k lory tum harrami ki nasal ho.. dewband maslak pe kutty ki tareh bhoonkty ho..,ye gaddar koi dikhane ka zra zarorat nahi hy
class2_batch009_sample011792,9,11792,2,Religious Hate,212792,216792,v3_original_demo_boundary_prompt,4-shot random authentic same-class,Shortlisted authentic RUHSOLD Religious Hate examples,118,"m firqa wariyat m nahi parhna chahta, muslims mjo ahktlaf hen wo apni jaga , lekin pichly 200 saal sy muslim is liye mar kha rhy hen k sunni shia wahabi dayobandi bla bla ,,yahodi or nasara ny na koi sunni mulk chora ha na koi shia,  wo bs yehi dekhtay ye muslman ha ..bs maro isk",benchod randi  islam,aye yahudiyo jitna zulm karna hai kar lo in sha allah woh din bhi zaroor aayega ke tumhe chun chun ke maara jayega yahan tak ke tum darakht ya pattharoñ ke piche chhup jaoge to bejan chizen bhi kahengi yahan yahoodi chhupa hai.hadees ka farman hai ho kar rahega #israeliterrorism,well said.lanati hain ye qadyani kafir,yar pti walon ko ghar choro kya unki tarbiat aur tareef khud ki hoti hai.. khan sab jhoot bolta hai to yeh kabhi mat kuch bolo.
class2_batch009_sample011793,9,11793,2,Religious Hate,212793,216793,v3_original_demo_boundary_prompt,4-shot random authentic same-class,Shortlisted authentic RUHSOLD Religious Hate examples,118,"path of cruelty , path of violence, path of halala , path of tripe talaq, path of marrying 6 years old aisha,path to discipline their wives by beating them,path of hurun,path of apostasy,path of punishable apostasy, path of beheading. what a pissful religion izlam is ðÿ‘",tum log yahoodi ho kisi ko shuck nahi hona chaheye bus kafi hogae musalmanon ko aur dhoka na dou👹,qadiani ahmedi mirziee kaafir jo hen,lul bukhari ye tum nahe tumaray yahoodi or hindu thuku bol rahay hain jin ko army sey bahot hi zeda takleef hai...🖕,rt : allah apni mrziyo ki choti olad nikalo ghatia insan
class2_batch009_sample011794,9,11794,2,Religious Hate,212794,216794,v3_original_demo_boundary_prompt,4-shot random authentic same-class,Shortlisted authentic RUHSOLD Religious Hate examples,118,ye insan ik chaaal haaa dostoo .........zra smj k chliye gaa...sb jaanty hn qadyaani kaafir hn ......ye sb k sentiments gain kr rhaa haa......bad me ye apna chehra dikhiye gaaa fasad kii shkal me.....in chaaalo sy hosyar rhy baseerat paida kry sb apny andr.. shukria...,is cult  mein kisi boht hi pyare ko kho dene k baad uski qaber pe phool rakhna b jurm hai west mein qaberisat se phool chura k un ko sale kr k ahmdi chanda dia karte hain takey ragister se naam na kut jaye,"not surprised comment came from ahmedi. tbh, i won't be surprised when some christians will argue that they r included in muslim category too. just bcoz they believe there is only one god.",or wahan tumhara jahanumi ahmedi jo naaowz billah nabi hona ka dawa dar tha wo wo case hara tha or court sa bhag gya tha.nabi pak p.b.u.h allah ka akhri nabi han or on ka bad koi nabi nahi ae ga.ya ak haqeqat ha jo quran ma bhi ha.or 1947 ma pak islam ka name par bana tha.,ye yahoodi agent
class2_batch009_sample011795,9,11795,2,Religious Hate,212795,216795,v3_original_demo_boundary_prompt,4-shot random authentic same-class,Shortlisted authentic RUHSOLD Religious Hate examples,118,imran qadyani yahoodi agent hy pti ki 18 bank account hy jis may qadyani yahoodi hondo ny funding ki hy . gold smith jimaima aneel musrst . atif miaan sub qadyani yahoodi hy,tumhri maa kk chodu sale apni maa ko chod ke paida hone wale randi ki aulad sale apni behan ko biwi bana ke rkhne wale muhammad ki nazayaj aulad,"surprise!  surprise!  majority of the muslims are at just in different levels of ""usman khan"" ranging from mild to extreme (except ahmadiya may be, but they are not ""real muslims"")  that's from a person living in a country with 95% muslim    https://t.co/hq35u2xrrk,2009-05-25 17:25:26,sydney, new south wales",ahmedi mirziee qadiyani hargiz kuleedi uhdu pe nhee janay chahien warna hmari agencies pe swalia nishan hey,"gandhi ka shakal dekh lo, sahi nahi lagta na?"
class2_batch009_sample011796,9,11796,2,Religious Hate,212796,216796,v3_original_demo_boundary_prompt,4-shot random authentic same-class,Shortlisted authentic RUHSOLD Religious Hate examples,118,sale halala molvi se tum karvao apni oorto ka or apni ma bahan ka bol heme rhe ho molvi kamre m apni bahan ko bej kar sina choda hota hoga tumhara,lanat abbtknews k khilaf trend bnane walye yazeedion pe r bibi k dushmano p bhi,"how did an ahmadiya get to the top in the army of sunnis, in the first place?","afghanio ne tme hindu se bachaya,randi k aulaad tareekh paro tm wo ganda khoon ho,jo siko aour hindu ki rape se paida woe ho,tme kalima tho sikaya afghano ne,magar tmari gandi dna wai ranjeet sing wali a,randi k aulaad tm ne kah pana di,am pashtono ne di,apnay bio ko hera mandi",ahmadiya nay shamshir dar jata ha na
class2_batch009_sample011797,9,11797,2,Religious Hate,212797,216797,v3_original_demo_boundary_prompt,4-shot random authentic same-class,Shortlisted authentic RUHSOLD Religious Hate examples,118,apne profile mein whats app me fb twitter mein is bahadur nojawaan ki pic lga kr islam se or nabi ke din se mhbt ka izhaar kren or itna share kren ek yahoodi apne na pak iradoon se baaz ajaye is shakhs ne quraan pak ki hifazahat mein ek bhtareen mhbt ka jita jagta sabot dia hai,benchod randi  islam,iran shia mulk ha or ye munafik log han,pehle apni aurto ko halala se bachao ye bhi modi kar raha hai. agar sahi tum logo ka dna kiya jaye to pata nhi baap kon niklega,imran chore zakat khanum khanzeer yahodi agent gaddari ka bacha
class2_batch009_sample011798,9,11798,2,Religious Hate,212798,216798,v3_original_demo_boundary_prompt,4-shot random authentic same-class,Shortlisted authentic RUHSOLD Religious Hate examples,118,that nigga was yahoodi he probably lied to all the employees,sirf momin aya to yahoodi kum nasal marny laggaye agr sawa crore momin agaye to sochen kya hoga?hamen jagna hoga,hindu sirf gooli ki zuban smjta ha,ye lode teri maa or bahan ke shohar hai or jyada bolega to de denge teri maa or bahan ko hum denge talaq or fir halala wow kya baat hai mullo wow lund chuss lo ðÿ˜œðÿ˜œðÿ˜œðÿ˜œ,"1965 se pakistan army ne 700,000 hindoo aur sikh muslimon ka qatl kar diya. ye duniya mein jo muslims ne aurat march ka concept kaha tha wo yeh pak"
class2_batch009_sample011799,9,11799,2,Religious Hate,212799,216799,v3_original_demo_boundary_prompt,4-shot random authentic same-class,Shortlisted authentic RUHSOLD Religious Hate examples,118,that's for foolish act and the ahmedi you highlighted they were equal to jews for us so alhmdurallah we save quran ! . and about hindus and christians its was a false news !  and if it is real then show me !  if you don't have anything then shut up and run !,abe halala ki paidaish..  tumhara to wajood hi 800 years purana hai..  jab bhagwan ram ko kagaj dikhane ki jarurat par gayi to tum kaun ho.. kagaj to dikhana hi parega.. #nrc_caa_npr,benchod randi  islam,oeyy randdii k bachay ganddu hindu.. kyun jhoott baq raha hai gashti maa k ganndduu bachay. peshaab p k palnay wali qoum.,oeyy randdi ke bache shukla aur yogi ji ek nhi do sare logon ne modi ko support kar diya hai.. mullo ko bola nahin hoga
