production_candidate_id,batch_number,sample_index,class_id,target_label,generation_seed,demonstration_seed,prompt_version,prompting_strategy,demonstration_source,demonstration_pool_size,demo_1,demo_2,demo_3,demo_4,generated_text
class2_batch006_sample011000,6,11000,2,Religious Hate,212000,216000,v3_original_demo_boundary_prompt,4-shot random authentic same-class,Shortlisted authentic RUHSOLD Religious Hate examples,118,plz sir hamy in say koi khtra nahi hamy is imran khan yahodi our kadiyanion say bachny pay gor karen pak army tayri azmat ko salam,teri maa ka halala kra rha tha koi problem madarjat bhosdike mulle,oeyy randdii k bachay ganddu hindu.. kyun jhoott baq raha hai gashti maa k ganndduu bachay. peshaab p k palnay wali qoum.,please sell up you yahoodi bastards,abey bharwe sab ne chudwa liya nikalo
class2_batch006_sample011001,6,11001,2,Religious Hate,212001,216001,v3_original_demo_boundary_prompt,4-shot random authentic same-class,Shortlisted authentic RUHSOLD Religious Hate examples,118,"gau mutr peeyo tum log lodu awkat bna phir aake muh lag, randwa saala",sirf momin aya to yahoodi kum nasal marny laggaye agr sawa crore momin agaye to sochen kya hoga?hamen jagna hoga,sunni killing a shia....what's new?  thank god he wasn't a ahmedi muslim otherwise the motive would have been to acquire a passport to migrate to western countries and continue their islamic jihadi work after retirement,"ye manhoos hinduon ki diwali k chakkar mai har jaga ki aur quality kharab hogai, bharwe",aaj tak apne mulle se poochhe ho to humein koi dikkat nahi..😌
class2_batch006_sample011002,6,11002,2,Religious Hate,212002,216002,v3_original_demo_boundary_prompt,4-shot random authentic same-class,Shortlisted authentic RUHSOLD Religious Hate examples,118,please don't share his obnoxious face to me. below is the image of the book rohani khzain from ahmedi's official website see what your evil messiah has declared god but you had said you have read the books of mirza and accepted him mehdi may god give you hidyath,or mujhe un ladkiyo se utni hi nafrat hai jo mullo se shadi karti hai jitni kisi normal hindu ko😡 or mujhe hindu ladko se bhi itni hi nafrat hai jo muslim ladkiyo se shadi karte hai... dharam me koi milawat mujhe pasand nahi,chal fosdi ke mohammad kabile wale ki halala ki aulad,ahmedi mirziee qadiyani hargiz kuleedi uhdu pe nhee janay chahien warna hmari agencies pe swalia nishan hey,tere baap ne tu kya sikha tha. allah teri maa ki zarorat nhi hoti thi uska yaar ka kya yaar. ab yeh haqiqat teri zindagi mein samjhega ap
class2_batch006_sample011003,6,11003,2,Religious Hate,212003,216003,v3_original_demo_boundary_prompt,4-shot random authentic same-class,Shortlisted authentic RUHSOLD Religious Hate examples,118,"just the ten thousandth ""isolated"" instance of christian /jewish/hindu/ahmedi places of worship being attacked by crybabies who themselves can't handle some nutcase burning a book full of fiction stories.",lanat abbtknews k khilaf trend bnane walye yazeedion pe r bibi k dushmano p bhi,chhor bhen chod hrami hindu chhor esko😠😠😠,tw kaafir tera peo kaafir tera pura khandaan kaafir ooo churry trump🐱🐱,jahily apni ammi ko maari thi ya apki maa ko marwany ki waja se yahoodi agent koi nawaz shareef nai
class2_batch006_sample011004,6,11004,2,Religious Hate,212004,216004,v3_original_demo_boundary_prompt,4-shot random authentic same-class,Shortlisted authentic RUHSOLD Religious Hate examples,118,"surprise!  surprise!  majority of the muslims are at just in different levels of ""usman khan"" ranging from mild to extreme (except ahmadiya may be, but they are not ""real muslims"")  that's from a person living in a country with 95% muslim    https://t.co/hq35u2xrrk,2009-05-25 17:25:26,sydney, new south wales",please don't share his obnoxious face to me. below is the image of the book rohani khzain from ahmedi's official website see what your evil messiah has declared god but you had said you have read the books of mirza and accepted him mehdi may god give you hidyath,plz sir hamy in say koi khtra nahi hamy is imran khan yahodi our kadiyanion say bachny pay gor karen pak army tayri azmat ko salam,get lost you kaafir.,rt :  ye imran yahodi hai  ye dushman hai  qadiyani
class2_batch006_sample011005,6,11005,2,Religious Hate,212005,216005,v3_original_demo_boundary_prompt,4-shot random authentic same-class,Shortlisted authentic RUHSOLD Religious Hate examples,118,"obviously we muslims hate ahmedi's . 😡 we don't care whatever happens to them ! we just hate them. if their is oppression over other minorities in pakistan which is not usual alhamdolillah, then i condemn that.",q teri bhen ko chuda hy dewbandion ny ..harami ki nasal,jisko bhi hindu ki chudai par shak hai to ek baar mujh se chudwa kar dekho sab bhram dur ho jayega,"tum vahi karo jo aata hai ,namaz or bakri chudai",yeh tera abba tha na ..tum logon ne hi chod diya tha..🤮
class2_batch006_sample011006,6,11006,2,Religious Hate,212006,216006,v3_original_demo_boundary_prompt,4-shot random authentic same-class,Shortlisted authentic RUHSOLD Religious Hate examples,118,lul bukhari ye tum nahe tumaray yahoodi or hindu thuku bol rahay hain jin ko army sey bahot hi zeda takleef hai...🖕,pehle america jaiga ue begairaat musliman kehlwane kai laiq nh pehle he logh kehty h eske bary me ye yahoodi hai,chhor bhen chod hrami hindu chhor esko😠😠😠,#stopisraeliterror   yahoodi mulk jisey israel ka naam diya gaya najaiz hai yahoodi sabse bada dahshatgard,sahi nh sara bhenchod hinduon ne pakistan me kia kiya
class2_batch006_sample011007,6,11007,2,Religious Hate,212007,216007,v3_original_demo_boundary_prompt,4-shot random authentic same-class,Shortlisted authentic RUHSOLD Religious Hate examples,118,ahmedi mirziee qadiyani hargiz kuleedi uhdu pe nhee janay chahien warna hmari agencies pe swalia nishan hey,imran qadyani yahoodi agent hy pti ki 18 bank account hy jis may qadyani yahoodi hondo ny funding ki hy . gold smith jimaima aneel musrst . atif miaan sub qadyani yahoodi hy,shia kaafir hai aur hum naam k musalmaan.,lant hy teri aagli pecchli tweet pe or tum pe or qadyanion pe or kuch ?,ye bhi tareen hy yahodi jesy
class2_batch006_sample011008,6,11008,2,Religious Hate,212008,216008,v3_original_demo_boundary_prompt,4-shot random authentic same-class,Shortlisted authentic RUHSOLD Religious Hate examples,118,"obviously we muslims hate ahmedi's . 😡 we don't care whatever happens to them ! we just hate them. if their is oppression over other minorities in pakistan which is not usual alhamdolillah, then i condemn that.","m firqa wariyat m nahi parhna chahta, muslims mjo ahktlaf hen wo apni jaga , lekin pichly 200 saal sy muslim is liye mar kha rhy hen k sunni shia wahabi dayobandi bla bla ,,yahodi or nasara ny na koi sunni mulk chora ha na koi shia,  wo bs yehi dekhtay ye muslman ha ..bs maro isk",yahoodi kabhi hamara dost nhi ho sakta,"hogai izzat? mera jism meri marzi jc ghaleez or ghatiya terminologies hamare muslim muashrey me dene ki koshish me aapki so-called,vahiyat or ikhlaq se giri support ko khud ne hi reject kardiya.  apne yahoodi gods ko khush krne k liey kuch or karien",hmari qaid e azam ka name tha muhammad ali jinnah allah pak ka karam kary khan zindabad
class2_batch006_sample011009,6,11009,2,Religious Hate,212009,216009,v3_original_demo_boundary_prompt,4-shot random authentic same-class,Shortlisted authentic RUHSOLD Religious Hate examples,118,"obviously we muslims hate ahmedi's . 😡 we don't care whatever happens to them ! we just hate them. if their is oppression over other minorities in pakistan which is not usual alhamdolillah, then i condemn that.","bilkul,itny lecture milny hain jese christmas or new year pe milty hain ,kya apko pata bhi hai k kaafir janwaro k haqq main dua bhi nahi krni chahye","tum vahi karo jo aata hai ,namaz or bakri chudai",ye insan ik chaaal haaa dostoo .........zra smj k chliye gaa...sb jaanty hn qadyaani kaafir hn ......ye sb k sentiments gain kr rhaa haa......bad me ye apna chehra dikhiye gaaa fasad kii shkal me.....in chaaalo sy hosyar rhy baseerat paida kry sb apny andr.. shukria...,wo tu bhi teri maa ko mar diya karti thi yaar....qadyaani ki saali h
class2_batch006_sample011010,6,11010,2,Religious Hate,212010,216010,v3_original_demo_boundary_prompt,4-shot random authentic same-class,Shortlisted authentic RUHSOLD Religious Hate examples,118,israel yahoodi sabse bade atankwaadi hai,apne profile mein whats app me fb twitter mein is bahadur nojawaan ki pic lga kr islam se or nabi ke din se mhbt ka izhaar kren or itna share kren ek yahoodi apne na pak iradoon se baaz ajaye is shakhs ne quraan pak ki hifazahat mein ek bhtareen mhbt ka jita jagta sabot dia hai,wow halala's product on fire as usual porkistaniðÿ˜‚ðÿ˜‚ðÿ˜‚,haha jaat dikha di bsdk antankbadi halala ki aulaad teri ammi ka halala hua tha phir to randi ke bacheðÿ¤£ðÿ¤£ðÿ˜…,halala k paidaish yehi hota hai
class2_batch006_sample011011,6,11011,2,Religious Hate,212011,216011,v3_original_demo_boundary_prompt,4-shot random authentic same-class,Shortlisted authentic RUHSOLD Religious Hate examples,118,but we have a firm belief now that qadiyani and ahmedi neither want muslims nor pakistanis to live in a harmony,"m firqa wariyat m nahi parhna chahta, muslims mjo ahktlaf hen wo apni jaga , lekin pichly 200 saal sy muslim is liye mar kha rhy hen k sunni shia wahabi dayobandi bla bla ,,yahodi or nasara ny na koi sunni mulk chora ha na koi shia,  wo bs yehi dekhtay ye muslman ha ..bs maro isk",or mujhe un ladkiyo se utni hi nafrat hai jo mullo se shadi karti hai jitni kisi normal hindu ko😡 or mujhe hindu ladko se bhi itni hi nafrat hai jo muslim ladkiyo se shadi karte hai... dharam me koi milawat mujhe pasand nahi,israel yahoodi sabse bade atankwaadi hai,imran zardari k bachay bajwa ye nashai khatam ho ga
class2_batch006_sample011012,6,11012,2,Religious Hate,212012,216012,v3_original_demo_boundary_prompt,4-shot random authentic same-class,Shortlisted authentic RUHSOLD Religious Hate examples,118,lant hy teri aagli pecchli tweet pe or tum pe or qadyanion pe or kuch ?,sali muslims randi. jihadi sali,tm jeso ki jb g**nd mari jaye na fir tm log thek rehty ho bc k bachy jb wo yahoodi lanti marty hn na wo muslim dekhty hn air kuch ni dekhty baki tm na toh apni pesh krni hoti ha unhy.,ahmedi mirziee qadiyani hargiz kuleedi uhdu pe nhee janay chahien warna hmari agencies pe swalia nishan hey,mohammad abbasi sahab ne jab kia tha usmein tm logon ko munafiqat ka term lagaya tha
class2_batch006_sample011013,6,11013,2,Religious Hate,212013,216013,v3_original_demo_boundary_prompt,4-shot random authentic same-class,Shortlisted authentic RUHSOLD Religious Hate examples,118,poocho hamarai imam sai kai quran mein kaha likha huwa hain aisai ye sirf yahodi khanzeer logo ki chaal hainmuslims ko badnaam karkai liye  zara socho na tumharai hinduism ko badnaam kyun nahen kartai islam kai peechai kyun parai huwai hain zara dimagh ko khol kai socho,that nigga was yahoodi he probably lied to all the employees,lul bukhari ye tum nahe tumaray yahoodi or hindu thuku bol rahay hain jin ko army sey bahot hi zeda takleef hai...🖕,sunni killing a shia....what's new?  thank god he wasn't a ahmedi muslim otherwise the motive would have been to acquire a passport to migrate to western countries and continue their islamic jihadi work after retirement,you really need to do something about yourself. you have such a negative attitude.
class2_batch006_sample011014,6,11014,2,Religious Hate,212014,216014,v3_original_demo_boundary_prompt,4-shot random authentic same-class,Shortlisted authentic RUHSOLD Religious Hate examples,118,#stopisraeliterror   yahoodi mulk jisey israel ka naam diya gaya najaiz hai yahoodi sabse bada dahshatgard,jisko bhi hindu ki chudai par shak hai to ek baar mujh se chudwa kar dekho sab bhram dur ho jayega,"malala the product of halala pehle burke se, halala se, bacche paida kerne se or gulami ki jindgi se to azadi lelo hindustaan se azadi to tumhare kukarm tumhe dilwa hi denge. kyuki terrorism failaoge to lat mar ke desh se bhagae jaoge. i am with my country and support caa, nrcðÿ˜‰.",chal na randi ! we have spiritual connection with supreme leader imam khamnae !  we have our hearts and souls for holy cities of najaf and karbala !  dont give a fck to wahabi chutiyas,pta nahi mulla ne to hum se bhaunk raha tha
class2_batch006_sample011015,6,11015,2,Religious Hate,212015,216015,v3_original_demo_boundary_prompt,4-shot random authentic same-class,Shortlisted authentic RUHSOLD Religious Hate examples,118,hindu sirf gooli ki zuban smjta ha,"ye manhoos hinduon ki diwali k chakkar mai har jaga ki aur quality kharab hogai, bharwe","waise madarso mein bahut achhi taaleem di jaati hai tum jihadi hijdo ko, asar dikh rha hai yahan, khud toh khud ki bhen chodte hi ho aur dusro ko bhi bhenchod samajhte ho.",or mujhe un ladkiyo se utni hi nafrat hai jo mullo se shadi karti hai jitni kisi normal hindu ko😡 or mujhe hindu ladko se bhi itni hi nafrat hai jo muslim ladkiyo se shadi karte hai... dharam me koi milawat mujhe pasand nahi,rt :   kya tera baap nanga tha ya toh tu yeh hi pata
class2_batch006_sample011016,6,11016,2,Religious Hate,212016,216016,v3_original_demo_boundary_prompt,4-shot random authentic same-class,Shortlisted authentic RUHSOLD Religious Hate examples,118,aor hamary hkmran in k sath mily huy en ....yahudi aor hindun hmary sb sy bry dushman en,uff pakiza muslim randi 😉😍,"m firqa wariyat m nahi parhna chahta, muslims mjo ahktlaf hen wo apni jaga , lekin pichly 200 saal sy muslim is liye mar kha rhy hen k sunni shia wahabi dayobandi bla bla ,,yahodi or nasara ny na koi sunni mulk chora ha na koi shia,  wo bs yehi dekhtay ye muslman ha ..bs maro isk",benchod randi  islam,tu lanti yahoodi ki pedawar hay
class2_batch006_sample011017,6,11017,2,Religious Hate,212017,216017,v3_original_demo_boundary_prompt,4-shot random authentic same-class,Shortlisted authentic RUHSOLD Religious Hate examples,118,imran qadyani yahoodi agent hy pti ki 18 bank account hy jis may qadyani yahoodi hondo ny funding ki hy . gold smith jimaima aneel musrst . atif miaan sub qadyani yahoodi hy,sirf momin aya to yahoodi kum nasal marny laggaye agr sawa crore momin agaye to sochen kya hoga?hamen jagna hoga,jisko bhi hindu ki chudai par shak hai to ek baar mujh se chudwa kar dekho sab bhram dur ho jayega,wise halala ki paidaish tumse yhi ummid ki ja sakti hai madarsa chhhap suarðÿ˜‚ðÿ¤£ðÿ¤£ðÿ¤£ðÿ¤£,abhe yahoodi saazish ha tera baap hy
class2_batch006_sample011018,6,11018,2,Religious Hate,212018,216018,v3_original_demo_boundary_prompt,4-shot random authentic same-class,Shortlisted authentic RUHSOLD Religious Hate examples,118,typical muslim randi-rona taqia.,please sell up you yahoodi bastards,or mujhe un ladkiyo se utni hi nafrat hai jo mullo se shadi karti hai jitni kisi normal hindu ko😡 or mujhe hindu ladko se bhi itni hi nafrat hai jo muslim ladkiyo se shadi karte hai... dharam me koi milawat mujhe pasand nahi,kadiyani kafir thay hain aur hamesha harain gay. ye dajjali fitnay ki ek kari hain. aur inkay supporters hum main bhe jo chupay howay hain wo bhe khanzeer kafir he hain. lannat beshomar kadiyanio pr.,woh bhenchod kafi hain
class2_batch006_sample011019,6,11019,2,Religious Hate,212019,216019,v3_original_demo_boundary_prompt,4-shot random authentic same-class,Shortlisted authentic RUHSOLD Religious Hate examples,118,plz sir hamy in say koi khtra nahi hamy is imran khan yahodi our kadiyanion say bachny pay gor karen pak army tayri azmat ko salam,shia kaafir hai aur hum naam k musalmaan.,please sell up you yahoodi bastards,#khuda ki qasam agar mey hota tu zinda nahe bach sakta ta muj sey ye beghairat kafir yahoodi.,jb usy larkiyo pey ni nikalty hm ny to 70 wqat ke liye apni baaz aik dusre mullo sy bhi ghrwale bnaye
class2_batch006_sample011020,6,11020,2,Religious Hate,212020,216020,v3_original_demo_boundary_prompt,4-shot random authentic same-class,Shortlisted authentic RUHSOLD Religious Hate examples,118,abe jaana mullle sale bhikari !! halala k maje krwa apni maa ko,typical muslim randi-rona taqia.,phir kehty hum bhot badry #muslim hn aur #ashaq_e_rasool sawm hain lanat hai un sab #haramio py jinho ny bibi fatima zahra ko shahheed kia aur #haq khaya 🖐🏻😡🐕 aur lanat un sab py jo un #haramio ky hamdard hain,yahoodi kabhi hamara dost nhi ho sakta,tujhe dekho apny baap ka naam ha abay haramzada
class2_batch006_sample011021,6,11021,2,Religious Hate,212021,216021,v3_original_demo_boundary_prompt,4-shot random authentic same-class,Shortlisted authentic RUHSOLD Religious Hate examples,118,"just the ten thousandth ""isolated"" instance of christian /jewish/hindu/ahmedi places of worship being attacked by crybabies who themselves can't handle some nutcase burning a book full of fiction stories.",well said.lanati hain ye qadyani kafir,poocho hamarai imam sai kai quran mein kaha likha huwa hain aisai ye sirf yahodi khanzeer logo ki chaal hainmuslims ko badnaam karkai liye  zara socho na tumharai hinduism ko badnaam kyun nahen kartai islam kai peechai kyun parai huwai hain zara dimagh ko khol kai socho,bosdk yeh tumhare ghar me hota hai. saari k blouse me mote mote doodh dikhati firti hain tumhare dharam ki orate or hindu orat ko musalman ka l#nd aachaa lagta hai. yeh baat puri dunia janti hai,aaj to phansi dene ke liye ek court he
class2_batch006_sample011022,6,11022,2,Religious Hate,212022,216022,v3_original_demo_boundary_prompt,4-shot random authentic same-class,Shortlisted authentic RUHSOLD Religious Hate examples,118,get lost you kaafir.,jisko bhi hindu ki chudai par shak hai to ek baar mujh se chudwa kar dekho sab bhram dur ho jayega,sale halala molvi se tum karvao apni oorto ka or apni ma bahan ka bol heme rhe ho molvi kamre m apni bahan ko bej kar sina choda hota hoga tumhara,"hogai izzat? mera jism meri marzi jc ghaleez or ghatiya terminologies hamare muslim muashrey me dene ki koshish me aapki so-called,vahiyat or ikhlaq se giri support ko khud ne hi reject kardiya.  apne yahoodi gods ko khush krne k liey kuch or karien",nawaz sharif's wife was hindu. she had converted to islam. imran khan's mother was christian. imran khan himself is ahmedi.
class2_batch006_sample011023,6,11023,2,Religious Hate,212023,216023,v3_original_demo_boundary_prompt,4-shot random authentic same-class,Shortlisted authentic RUHSOLD Religious Hate examples,118,chal fosdi ke mohammad kabile wale ki halala ki aulad,shia kaafir hai aur hum naam k musalmaan.,iran shia mulk ha or ye munafik log han,bosdk yeh tumhare ghar me hota hai. saari k blouse me mote mote doodh dikhati firti hain tumhare dharam ki orate or hindu orat ko musalman ka l#nd aachaa lagta hai. yeh baat puri dunia janti hai,rt : 🤬🤬😠😡😱🤯🌚🙈🐖💩👊🏻😂🤣🍀🙏💔🧐
class2_batch006_sample011024,6,11024,2,Religious Hate,212024,216024,v3_original_demo_boundary_prompt,4-shot random authentic same-class,Shortlisted authentic RUHSOLD Religious Hate examples,118,chutiya azam ny kia kia ha ab tk sawa saal mein sirf 11600 arab ka izfa qarzoun mein kia or kuch nhi badlo apni soch ko yahodi na bano or ek muslim ki tarh socho,meri tarbiyat yehi hai k jo amreca ko apna baap manta hai na wo muslman hai or na us s koi hanra taloq hai tum nasl e yazeedi ho masl e yahodi or yahoodio ki olad ho,o madadarchod: tum tu farigh ho aur yeh gashti tu waisay he sari raat jagti hay. o dallay o kanjar hum tu iran jatay hotay hain tu bata apni behan kitni baar mbs aur us kay wahabi sheikhon ko bhaijta hay.,tw kaafir tera peo kaafir tera pura khandaan kaafir ooo churry trump🐱🐱,lanti aorat
class2_batch006_sample011025,6,11025,2,Religious Hate,212025,216025,v3_original_demo_boundary_prompt,4-shot random authentic same-class,Shortlisted authentic RUHSOLD Religious Hate examples,118,tmri taraj animals ki potty n khate... tm jaake  bomb fodo jaake.......halala ke masala.  niklo.. yaha tm atankiyo k liy jagah ni h bhai. yaha atank n failaooo,#khuda ki qasam agar mey hota tu zinda nahe bach sakta ta muj sey ye beghairat kafir yahoodi.,oeyy randdii k bachay ganddu hindu.. kyun jhoott baq raha hai gashti maa k ganndduu bachay. peshaab p k palnay wali qoum.,well said.lanati hain ye qadyani kafir,chutiye kya tera jism meri marzi ka meaning hai???
class2_batch006_sample011026,6,11026,2,Religious Hate,212026,216026,v3_original_demo_boundary_prompt,4-shot random authentic same-class,Shortlisted authentic RUHSOLD Religious Hate examples,118,bosdk yeh tumhare ghar me hota hai. saari k blouse me mote mote doodh dikhati firti hain tumhare dharam ki orate or hindu orat ko musalman ka l#nd aachaa lagta hai. yeh baat puri dunia janti hai,bus ya aur tafseel bataao  ahmdi aurtain beach pe bikini b pehnti hain  jalse aur ijlaas pe burqa b boht hai 🤫,haha jaat dikha di bsdk antankbadi halala ki aulaad teri ammi ka halala hua tha phir to randi ke bacheðÿ¤£ðÿ¤£ðÿ˜…,abe halala ki paidaish..  tumhara to wajood hi 800 years purana hai..  jab bhagwan ram ko kagaj dikhane ki jarurat par gayi to tum kaun ho.. kagaj to dikhana hi parega.. #nrc_caa_npr,agar apni maa ki choot me pakistan ki madad karne se pahle apna ghar me govt ban jaon to humari sarkar se pura samna dar nahin lete
class2_batch006_sample011027,6,11027,2,Religious Hate,212027,216027,v3_original_demo_boundary_prompt,4-shot random authentic same-class,Shortlisted authentic RUHSOLD Religious Hate examples,118,yahoodi kabhi hamara dost nhi ho sakta,jahil k bachy kahan likha h k gair mazhb sy nikaah jaiz ha... tmari gand me jo keera ha wo nhi merna... khoty khany waly... yahoodi kahan sy hogaey ahle kitaab ....tm.b yahoodi to nhi,sirf momin aya to yahoodi kum nasal marny laggaye agr sawa crore momin agaye to sochen kya hoga?hamen jagna hoga,"abbey halala ki paidaish, 5 baap ki aulaad. patthar baazi ke alawa kuchh kaam kara kabhi teri kaum ne ?",acha chutiye ab apni ammi ko chodne phely ga na
class2_batch006_sample011028,6,11028,2,Religious Hate,212028,216028,v3_original_demo_boundary_prompt,4-shot random authentic same-class,Shortlisted authentic RUHSOLD Religious Hate examples,118,yahoodi ko hitler ne chora or general ne in jaajoon ko chor k dhkya k ye kai hain.😂,or wahan tumhara jahanumi ahmedi jo naaowz billah nabi hona ka dawa dar tha wo wo case hara tha or court sa bhag gya tha.nabi pak p.b.u.h allah ka akhri nabi han or on ka bad koi nabi nahi ae ga.ya ak haqeqat ha jo quran ma bhi ha.or 1947 ma pak islam ka name par bana tha.,oeyy randdii k bachay ganddu hindu.. kyun jhoott baq raha hai gashti maa k ganndduu bachay. peshaab p k palnay wali qoum.,lanat abbtknews k khilaf trend bnane walye yazeedion pe r bibi k dushmano p bhi,or apni maa ki aulad ho teri
class2_batch006_sample011029,6,11029,2,Religious Hate,212029,216029,v3_original_demo_boundary_prompt,4-shot random authentic same-class,Shortlisted authentic RUHSOLD Religious Hate examples,118,sali muslims randi. jihadi sali,"huh wut you say u imbecile, i shat on you...toh toh toh kaafir",jisko bhi hindu ki chudai par shak hai to ek baar mujh se chudwa kar dekho sab bhram dur ho jayega,yahoodi ko hitler ne chora or general ne in jaajoon ko chor k dhkya k ye kai hain.😂,yeh gandu hi qadiyani
class2_batch006_sample011030,6,11030,2,Religious Hate,212030,216030,v3_original_demo_boundary_prompt,4-shot random authentic same-class,Shortlisted authentic RUHSOLD Religious Hate examples,118,jahil k bachy kahan likha h k gair mazhb sy nikaah jaiz ha... tmari gand me jo keera ha wo nhi merna... khoty khany waly... yahoodi kahan sy hogaey ahle kitaab ....tm.b yahoodi to nhi,tw kaafir tera peo kaafir tera pura khandaan kaafir ooo churry trump🐱🐱,#khuda ki qasam agar mey hota tu zinda nahe bach sakta ta muj sey ye beghairat kafir yahoodi.,"bilkul,itny lecture milny hain jese christmas or new year pe milty hain ,kya apko pata bhi hai k kaafir janwaro k haqq main dua bhi nahi krni chahye",ab tery liye duniya lga dein ga kuch jiska nawaz shareef ko bhi poora pakistan kashmir ma dalayega .
class2_batch006_sample011031,6,11031,2,Religious Hate,212031,216031,v3_original_demo_boundary_prompt,4-shot random authentic same-class,Shortlisted authentic RUHSOLD Religious Hate examples,118,kabi bi nai jo sakta ya shia log pora ka pora yahodi hn,ahmdi is a non muslim biggest cheap religion ahmdi.,or mujhe un ladkiyo se utni hi nafrat hai jo mullo se shadi karti hai jitni kisi normal hindu ko😡 or mujhe hindu ladko se bhi itni hi nafrat hai jo muslim ladkiyo se shadi karte hai... dharam me koi milawat mujhe pasand nahi,kutto ki tarah america maar raha hai tumhari kaum ko...aasmani kitab walo...israel roj filistin may maa chod raha hai tumhari.... pahle unse nipto....dare hue log😂😂,hae na bs yeh bhta kr diya tu jesi kuch nahi hota
class2_batch006_sample011032,6,11032,2,Religious Hate,212032,216032,v3_original_demo_boundary_prompt,4-shot random authentic same-class,Shortlisted authentic RUHSOLD Religious Hate examples,118,abe halala ki paidaish..  tumhara to wajood hi 800 years purana hai..  jab bhagwan ram ko kagaj dikhane ki jarurat par gayi to tum kaun ho.. kagaj to dikhana hi parega.. #nrc_caa_npr,abe bharwe tum hindu hi duniya k sub se bara atankwaz ho haramiyon bt krte ho hamare age tumhari country me hindu k elawa koi safe nhi he  tumhari country ka name isi liye  lynchistan he  isi king all the world,another endian hijra coward hindu terrorist army soldier dispatched to shamshangarh by pakistan army i want more endian hindu terrorist dead so keep it up pakistan,ahmedi mirziee qadiyani hargiz kuleedi uhdu pe nhee janay chahien warna hmari agencies pe swalia nishan hey,apni maaa behno ko chod dein ga tum log kuch aur kar sakte hain?
class2_batch006_sample011033,6,11033,2,Religious Hate,212033,216033,v3_original_demo_boundary_prompt,4-shot random authentic same-class,Shortlisted authentic RUHSOLD Religious Hate examples,118,is cult  mein kisi boht hi pyare ko kho dene k baad uski qaber pe phool rakhna b jurm hai west mein qaberisat se phool chura k un ko sale kr k ahmdi chanda dia karte hain takey ragister se naam na kut jaye,teri maa ka halala kra rha tha koi problem madarjat bhosdike mulle,"not surprised comment came from ahmedi. tbh, i won't be surprised when some christians will argue that they r included in muslim category too. just bcoz they believe there is only one god.","pta nhi kon si uni se graduate hote ho aap log jnha aesi wahiyat education di jati hðÿ˜‚ðÿ˜‚ðÿ˜‚ halala, gazwa-e-hind, camel urine or pta nhi kya kyaðÿ˜‚ðÿ˜‚ðÿ˜‚ðÿ¤£ðÿ¤£ðÿ¤£ðÿ¤£ðÿ‘ðÿ»",agr apny dost say halala kiya hota tou un per bhi itna garam lag jayega ke apne jaise sath hai.
class2_batch006_sample011034,6,11034,2,Religious Hate,212034,216034,v3_original_demo_boundary_prompt,4-shot random authentic same-class,Shortlisted authentic RUHSOLD Religious Hate examples,118,jaa bhen k lory tum harrami ki nasal ho.. dewband maslak pe kutty ki tareh bhoonkty ho..,imran qadyani yahoodi agent hy pti ki 18 bank account hy jis may qadyani yahoodi hondo ny funding ki hy . gold smith jimaima aneel musrst . atif miaan sub qadyani yahoodi hy,please sell up you yahoodi bastards,ahmedi mirziee qadiyani hargiz kuleedi uhdu pe nhee janay chahien warna hmari agencies pe swalia nishan hey,qadyani bajwa aurat march ko goli marte rahy
class2_batch006_sample011035,6,11035,2,Religious Hate,212035,216035,v3_original_demo_boundary_prompt,4-shot random authentic same-class,Shortlisted authentic RUHSOLD Religious Hate examples,118,"pta nhi kon si uni se graduate hote ho aap log jnha aesi wahiyat education di jati hðÿ˜‚ðÿ˜‚ðÿ˜‚ halala, gazwa-e-hind, camel urine or pta nhi kya kyaðÿ˜‚ðÿ˜‚ðÿ˜‚ðÿ¤£ðÿ¤£ðÿ¤£ðÿ¤£ðÿ‘ðÿ»",is cult  mein kisi boht hi pyare ko kho dene k baad uski qaber pe phool rakhna b jurm hai west mein qaberisat se phool chura k un ko sale kr k ahmdi chanda dia karte hain takey ragister se naam na kut jaye,"bilkul,itny lecture milny hain jese christmas or new year pe milty hain ,kya apko pata bhi hai k kaafir janwaro k haqq main dua bhi nahi krni chahye",kisi randi maa ki olad ap ki hindu aurtain jab pooja karti hn tab wo bagwan ka lund mounh me b leti hn?,koi aurat ky khandani ne baat kia thi ki yeh tu nikal dain gy
class2_batch006_sample011036,6,11036,2,Religious Hate,212036,216036,v3_original_demo_boundary_prompt,4-shot random authentic same-class,Shortlisted authentic RUHSOLD Religious Hate examples,118,yahodi agent qadyani chamcha,dekh le madarch*d islam ka nanga naach..babri par fate hue bawaseer ki tarah bhaunk raha tha na..us par bhi ab apne manhoos muh se kuch hag de..blood cousins ke incest ki paidaish,"afghanio ne tme hindu se bachaya,randi k aulaad tareekh paro tm wo ganda khoon ho,jo siko aour hindu ki rape se paida woe ho,tme kalima tho sikaya afghano ne,magar tmari gandi dna wai ranjeet sing wali a,randi k aulaad tm ne kah pana di,am pashtono ne di,apnay bio ko hera mandi",sale halala molvi se tum karvao apni oorto ka or apni ma bahan ka bol heme rhe ho molvi kamre m apni bahan ko bej kar sina choda hota hoga tumhara,"tere jaisi shakl ki sahi bat krte hain...jab tak tu apni ammi beti ko mara kutta haramzadi, randi ke aulad aurat ko aqal nahin dekha...toh usko"
class2_batch006_sample011037,6,11037,2,Religious Hate,212037,216037,v3_original_demo_boundary_prompt,4-shot random authentic same-class,Shortlisted authentic RUHSOLD Religious Hate examples,118,haha jaat dikha di bsdk antankbadi halala ki aulaad teri ammi ka halala hua tha phir to randi ke bacheðÿ¤£ðÿ¤£ðÿ˜…,phir in yahodi khanzeer logo ko pata chalaiga kai kia ta aur kia nahen ye sirf dajjal kai liye aisa kar rahai hain kyunkai ye yahodi log khazeer log dajjal ko apna leader samjhtai hain aur tumhara pura bollywood bollyminati ban chuka hain tumharai dimagh ko programming ki ja rah,kaafir tujhe kuch nai malum,wow halala's product on fire as usual porkistaniðÿ˜‚ðÿ˜‚ðÿ˜‚,abhi tak bhul gaya tha tu wo jo yahan se hi hee yeh mullo ne aage badhoa hai
class2_batch006_sample011038,6,11038,2,Religious Hate,212038,216038,v3_original_demo_boundary_prompt,4-shot random authentic same-class,Shortlisted authentic RUHSOLD Religious Hate examples,118,lul bukhari ye tum nahe tumaray yahoodi or hindu thuku bol rahay hain jin ko army sey bahot hi zeda takleef hai...🖕,ye insan ik chaaal haaa dostoo .........zra smj k chliye gaa...sb jaanty hn qadyaani kaafir hn ......ye sb k sentiments gain kr rhaa haa......bad me ye apna chehra dikhiye gaaa fasad kii shkal me.....in chaaalo sy hosyar rhy baseerat paida kry sb apny andr.. shukria...,imran qadyani yahoodi agent hy pti ki 18 bank account hy jis may qadyani yahoodi hondo ny funding ki hy . gold smith jimaima aneel musrst . atif miaan sub qadyani yahoodi hy,wise halala ki paidaish tumse yhi ummid ki ja sakti hai madarsa chhhap suarðÿ˜‚ðÿ¤£ðÿ¤£ðÿ¤£ðÿ¤£,"i know but it's so hard when you see them like this every day & then they don't even care about your feelings or emotions,"
class2_batch006_sample011039,6,11039,2,Religious Hate,212039,216039,v3_original_demo_boundary_prompt,4-shot random authentic same-class,Shortlisted authentic RUHSOLD Religious Hate examples,118,"insaniyat ko bache rahne do, jis mazhab me janwar ka gala ret ke khushi banti hai, jis mazhab me soorma logo ko 72 virgin ladkiya baati jaati, jo duniya pe kabze ke sapne dekhta ho us mazhab se duuri banane me hi insaniyat ki bhalayi hai.",#khuda ki qasam agar mey hota tu zinda nahe bach sakta ta muj sey ye beghairat kafir yahoodi.,"pta nhi kon si uni se graduate hote ho aap log jnha aesi wahiyat education di jati hðÿ˜‚ðÿ˜‚ðÿ˜‚ halala, gazwa-e-hind, camel urine or pta nhi kya kyaðÿ˜‚ðÿ˜‚ðÿ˜‚ðÿ¤£ðÿ¤£ðÿ¤£ðÿ¤£ðÿ‘ðÿ»",ye pagliya gyi h saali... kuttiya ye ab bhul gyi h jisne #halala or #teentlaaq se aazadi dilwayi usko bhul gyi h ye mullli....,kashmir frosh ko yeh bola hai na tere paas halala nahin hai.. 😂
class2_batch006_sample011040,6,11040,2,Religious Hate,212040,216040,v3_original_demo_boundary_prompt,4-shot random authentic same-class,Shortlisted authentic RUHSOLD Religious Hate examples,118,teri maa ka halala kra rha tha koi problem madarjat bhosdike mulle,abe jaana mullle sale bhikari !! halala k maje krwa apni maa ko,israel yahoodi sabse bade atankwaadi hai,tum log yahoodi ho kisi ko shuck nahi hona chaheye bus kafi hogae musalmanon ko aur dhoka na dou👹,teri maa ki choot marunga kya tere paas kya paisay ha
class2_batch006_sample011041,6,11041,2,Religious Hate,212041,216041,v3_original_demo_boundary_prompt,4-shot random authentic same-class,Shortlisted authentic RUHSOLD Religious Hate examples,118,"tum vahi karo jo aata hai ,namaz or bakri chudai",jahil k bachy kahan likha h k gair mazhb sy nikaah jaiz ha... tmari gand me jo keera ha wo nhi merna... khoty khany waly... yahoodi kahan sy hogaey ahle kitaab ....tm.b yahoodi to nhi,chutiya azam ny kia kia ha ab tk sawa saal mein sirf 11600 arab ka izfa qarzoun mein kia or kuch nhi badlo apni soch ko yahodi na bano or ek muslim ki tarh socho,kutto ki tarah america maar raha hai tumhari kaum ko...aasmani kitab walo...israel roj filistin may maa chod raha hai tumhari.... pahle unse nipto....dare hue log😂😂,teri maa bhen ki phudi mein hi teri gand se akhrot todne ke liye talaq karwa lete hain kya
class2_batch006_sample011042,6,11042,2,Religious Hate,212042,216042,v3_original_demo_boundary_prompt,4-shot random authentic same-class,Shortlisted authentic RUHSOLD Religious Hate examples,118,phir kehty hum bhot badry #muslim hn aur #ashaq_e_rasool sawm hain lanat hai un sab #haramio py jinho ny bibi fatima zahra ko shahheed kia aur #haq khaya 🖐🏻😡🐕 aur lanat un sab py jo un #haramio ky hamdard hain,"how did an ahmadiya get to the top in the army of sunnis, in the first place?",hindoo wo qom ha jinper koi nabi koi kitaab nazil nahi hoi. ye to yahoodi se bhi bad tar hen,yahodi agent qadyani chamcha,teri maa ki phudi mein dhoond raha tha apni saali ki randi khatun 😂
class2_batch006_sample011043,6,11043,2,Religious Hate,212043,216043,v3_original_demo_boundary_prompt,4-shot random authentic same-class,Shortlisted authentic RUHSOLD Religious Hate examples,118,lul bukhari ye tum nahe tumaray yahoodi or hindu thuku bol rahay hain jin ko army sey bahot hi zeda takleef hai...🖕,aor hamary hkmran in k sath mily huy en ....yahudi aor hindun hmary sb sy bry dushman en,imran qadyani yahoodi agent hy pti ki 18 bank account hy jis may qadyani yahoodi hondo ny funding ki hy . gold smith jimaima aneel musrst . atif miaan sub qadyani yahoodi hy,"m firqa wariyat m nahi parhna chahta, muslims mjo ahktlaf hen wo apni jaga , lekin pichly 200 saal sy muslim is liye mar kha rhy hen k sunni shia wahabi dayobandi bla bla ,,yahodi or nasara ny na koi sunni mulk chora ha na koi shia,  wo bs yehi dekhtay ye muslman ha ..bs maro isk",jab teri maa ka yaar hain aur teri maa ki beti ke ghar mein teri behn ko nikalo to tu pakistan mein rehne k liye niklo
class2_batch006_sample011044,6,11044,2,Religious Hate,212044,216044,v3_original_demo_boundary_prompt,4-shot random authentic same-class,Shortlisted authentic RUHSOLD Religious Hate examples,118,please don't share his obnoxious face to me. below is the image of the book rohani khzain from ahmedi's official website see what your evil messiah has declared god but you had said you have read the books of mirza and accepted him mehdi may god give you hidyath,wise halala ki paidaish tumse yhi ummid ki ja sakti hai madarsa chhhap suarðÿ˜‚ðÿ¤£ðÿ¤£ðÿ¤£ðÿ¤£,lant hy teri aagli pecchli tweet pe or tum pe or qadyanion pe or kuch ?,tumri ma buhat hanzir hy jis ne tum jaise  yahodi kafir rhandi hanzir aurat ko paida kiya,bhosadik munafiq yahoodi shaitan
class2_batch006_sample011045,6,11045,2,Religious Hate,212045,216045,v3_original_demo_boundary_prompt,4-shot random authentic same-class,Shortlisted authentic RUHSOLD Religious Hate examples,118,ye bat tum yahoodi ko bolo atankwadi tum ho jo musalman se nafrat ki aag me insaniyat ke sabse bade dushman yahoodi ko support karte ho ye log to face to face mara hai unlog chote bache ka upar bom feka kisi aurat ya admi bacha ko goli mar diya wi bhi waha ke civilian hi hai,q teri bhen ko chuda hy dewbandion ny ..harami ki nasal,kutto ki tarah america maar raha hai tumhari kaum ko...aasmani kitab walo...israel roj filistin may maa chod raha hai tumhari.... pahle unse nipto....dare hue log😂😂,that's for foolish act and the ahmedi you highlighted they were equal to jews for us so alhmdurallah we save quran ! . and about hindus and christians its was a false news !  and if it is real then show me !  if you don't have anything then shut up and run !,q teri bhen ko chudwa dy.. 😠
class2_batch006_sample011046,6,11046,2,Religious Hate,212046,216046,v3_original_demo_boundary_prompt,4-shot random authentic same-class,Shortlisted authentic RUHSOLD Religious Hate examples,118,aor hamary hkmran in k sath mily huy en ....yahudi aor hindun hmary sb sy bry dushman en,"hogai izzat? mera jism meri marzi jc ghaleez or ghatiya terminologies hamare muslim muashrey me dene ki koshish me aapki so-called,vahiyat or ikhlaq se giri support ko khud ne hi reject kardiya.  apne yahoodi gods ko khush krne k liey kuch or karien",teri maa ka halala kra rha tha koi problem madarjat bhosdike mulle,#stopisraeliterror   yahoodi mulk jisey israel ka naam diya gaya najaiz hai yahoodi sabse bada dahshatgard,abhi tak teri ammi ko pakistan mein chod raha hai???
class2_batch006_sample011047,6,11047,2,Religious Hate,212047,216047,v3_original_demo_boundary_prompt,4-shot random authentic same-class,Shortlisted authentic RUHSOLD Religious Hate examples,118,tmri taraj animals ki potty n khate... tm jaake  bomb fodo jaake.......halala ke masala.  niklo.. yaha tm atankiyo k liy jagah ni h bhai. yaha atank n failaooo,halala ki padayish ho aap aur kya expect karenge hum aapse,"afghanio ne tme hindu se bachaya,randi k aulaad tareekh paro tm wo ganda khoon ho,jo siko aour hindu ki rape se paida woe ho,tme kalima tho sikaya afghano ne,magar tmari gandi dna wai ranjeet sing wali a,randi k aulaad tm ne kah pana di,am pashtono ne di,apnay bio ko hera mandi",another endian hijra coward hindu terrorist army soldier dispatched to shamshangarh by pakistan army i want more endian hindu terrorist dead so keep it up pakistan,randi k aulad tmne muslims ko zinda rkha hein
class2_batch006_sample011048,6,11048,2,Religious Hate,212048,216048,v3_original_demo_boundary_prompt,4-shot random authentic same-class,Shortlisted authentic RUHSOLD Religious Hate examples,118,"ye manhoos hinduon ki diwali k chakkar mai har jaga ki aur quality kharab hogai, bharwe",please all muslims come one page and unite  insha allah   yahoodi isreal finished all,"rt : q. woh kaun si qome he,jis ne such bhi bola phr bhi jahnum mein jayegi? ans: yahoodi or nasara qome. shahid sindh",or wahan tumhara jahanumi ahmedi jo naaowz billah nabi hona ka dawa dar tha wo wo case hara tha or court sa bhag gya tha.nabi pak p.b.u.h allah ka akhri nabi han or on ka bad koi nabi nahi ae ga.ya ak haqeqat ha jo quran ma bhi ha.or 1947 ma pak islam ka name par bana tha.,apne kaam pe dekh lo bharwe
class2_batch006_sample011049,6,11049,2,Religious Hate,212049,216049,v3_original_demo_boundary_prompt,4-shot random authentic same-class,Shortlisted authentic RUHSOLD Religious Hate examples,118,abe bharwe tum hindu hi duniya k sub se bara atankwaz ho haramiyon bt krte ho hamare age tumhari country me hindu k elawa koi safe nhi he  tumhari country ka name isi liye  lynchistan he  isi king all the world,imran qadyani yahoodi agent hy pti ki 18 bank account hy jis may qadyani yahoodi hondo ny funding ki hy . gold smith jimaima aneel musrst . atif miaan sub qadyani yahoodi hy,tw kaafir tera peo kaafir tera pura khandaan kaafir ooo churry trump🐱🐱,is cult  mein kisi boht hi pyare ko kho dene k baad uski qaber pe phool rakhna b jurm hai west mein qaberisat se phool chura k un ko sale kr k ahmdi chanda dia karte hain takey ragister se naam na kut jaye,ahmadiya khan kaha hai
class2_batch006_sample011050,6,11050,2,Religious Hate,212050,216050,v3_original_demo_boundary_prompt,4-shot random authentic same-class,Shortlisted authentic RUHSOLD Religious Hate examples,118,get lost you kaafir.,wehshi darandy easai yahodi hindo islam amanka ka mazhab,"surprise!  surprise!  majority of the muslims are at just in different levels of ""usman khan"" ranging from mild to extreme (except ahmadiya may be, but they are not ""real muslims"")  that's from a person living in a country with 95% muslim    https://t.co/hq35u2xrrk,2009-05-25 17:25:26,sydney, new south wales",abe mc mein bheju teri maa cow ka photo kat te hue bc. chod teri tarah andhbhakt nhi hu aur nhi illiterate.. go and drink cow piss.,shukla ke baare mein apni tatti ko gand marwa kar dekh lete ho?
class2_batch006_sample011051,6,11051,2,Religious Hate,212051,216051,v3_original_demo_boundary_prompt,4-shot random authentic same-class,Shortlisted authentic RUHSOLD Religious Hate examples,118,kabi bi nai jo sakta ya shia log pora ka pora yahodi hn,ye bat tum yahoodi ko bolo atankwadi tum ho jo musalman se nafrat ki aag me insaniyat ke sabse bade dushman yahoodi ko support karte ho ye log to face to face mara hai unlog chote bache ka upar bom feka kisi aurat ya admi bacha ko goli mar diya wi bhi waha ke civilian hi hai,abe halala ki paidaish..  tumhara to wajood hi 800 years purana hai..  jab bhagwan ram ko kagaj dikhane ki jarurat par gayi to tum kaun ho.. kagaj to dikhana hi parega.. #nrc_caa_npr,get lost you kaafir.,tere pichhe pakistan ki flag lekar rehta tu..   israel ki baat mat karo...
class2_batch006_sample011052,6,11052,2,Religious Hate,212052,216052,v3_original_demo_boundary_prompt,4-shot random authentic same-class,Shortlisted authentic RUHSOLD Religious Hate examples,118,"ye manhoos hinduon ki diwali k chakkar mai har jaga ki aur quality kharab hogai, bharwe",#khuda ki qasam agar mey hota tu zinda nahe bach sakta ta muj sey ye beghairat kafir yahoodi.,"how did an ahmadiya get to the top in the army of sunnis, in the first place?",phir kehty hum bhot badry #muslim hn aur #ashaq_e_rasool sawm hain lanat hai un sab #haramio py jinho ny bibi fatima zahra ko shahheed kia aur #haq khaya 🖐🏻😡🐕 aur lanat un sab py jo un #haramio ky hamdard hain,o yahodi
class2_batch006_sample011053,6,11053,2,Religious Hate,212053,216053,v3_original_demo_boundary_prompt,4-shot random authentic same-class,Shortlisted authentic RUHSOLD Religious Hate examples,118,but we have a firm belief now that qadiyani and ahmedi neither want muslims nor pakistanis to live in a harmony,tumri ma buhat hanzir hy jis ne tum jaise  yahodi kafir rhandi hanzir aurat ko paida kiya,please sell up you yahoodi bastards,o madadarchod: tum tu farigh ho aur yeh gashti tu waisay he sari raat jagti hay. o dallay o kanjar hum tu iran jatay hotay hain tu bata apni behan kitni baar mbs aur us kay wahabi sheikhon ko bhaijta hay.,allah ka shukria tha ye logon se tere sath huey
class2_batch006_sample011054,6,11054,2,Religious Hate,212054,216054,v3_original_demo_boundary_prompt,4-shot random authentic same-class,Shortlisted authentic RUHSOLD Religious Hate examples,118,chutiya azam ny kia kia ha ab tk sawa saal mein sirf 11600 arab ka izfa qarzoun mein kia or kuch nhi badlo apni soch ko yahodi na bano or ek muslim ki tarh socho,abe mc mein bheju teri maa cow ka photo kat te hue bc. chod teri tarah andhbhakt nhi hu aur nhi illiterate.. go and drink cow piss.,lant hy teri aagli pecchli tweet pe or tum pe or qadyanion pe or kuch ?,sale halala molvi se tum karvao apni oorto ka or apni ma bahan ka bol heme rhe ho molvi kamre m apni bahan ko bej kar sina choda hota hoga tumhara,randiyo ki nasal pakistan
class2_batch006_sample011055,6,11055,2,Religious Hate,212055,216055,v3_original_demo_boundary_prompt,4-shot random authentic same-class,Shortlisted authentic RUHSOLD Religious Hate examples,118,pehle america jaiga ue begairaat musliman kehlwane kai laiq nh pehle he logh kehty h eske bary me ye yahoodi hai,"m firqa wariyat m nahi parhna chahta, muslims mjo ahktlaf hen wo apni jaga , lekin pichly 200 saal sy muslim is liye mar kha rhy hen k sunni shia wahabi dayobandi bla bla ,,yahodi or nasara ny na koi sunni mulk chora ha na koi shia,  wo bs yehi dekhtay ye muslman ha ..bs maro isk",teri maa ka halala kra rha tha koi problem madarjat bhosdike mulle,kafir yahodi kafir hindo same thinking,tera baap hai aur tu bhi yahodi ho 😂😂
class2_batch006_sample011056,6,11056,2,Religious Hate,212056,216056,v3_original_demo_boundary_prompt,4-shot random authentic same-class,Shortlisted authentic RUHSOLD Religious Hate examples,118,kitane maulviyon ne tumhari ammi jaan ka halala kiya hoga tab jakar tum jaisa suar nikla hoga .. ye bhi to bta re mulle..,q teri bhen ko chuda hy dewbandion ny ..harami ki nasal,"huh wut you say u imbecile, i shat on you...toh toh toh kaafir","rt : q. woh kaun si qome he,jis ne such bhi bola phr bhi jahnum mein jayegi? ans: yahoodi or nasara qome. shahid sindh",oo tere khandani chutiye ho to kisi ko bula kar bhi apni aukat nahi hoti ...aur abe tere baap se pata hi nahi kahan se bacha tha 😂😂
class2_batch006_sample011057,6,11057,2,Religious Hate,212057,216057,v3_original_demo_boundary_prompt,4-shot random authentic same-class,Shortlisted authentic RUHSOLD Religious Hate examples,118,ahmdi is a non muslim biggest cheap religion ahmdi.,tumri ma buhat hanzir hy jis ne tum jaise  yahodi kafir rhandi hanzir aurat ko paida kiya,imran qadyani yahoodi agent hy pti ki 18 bank account hy jis may qadyani yahoodi hondo ny funding ki hy . gold smith jimaima aneel musrst . atif miaan sub qadyani yahoodi hy,hindu sirf gooli ki zuban smjta ha,tmhary baap bhi daboo tha tmhari ammi bhi gand mein dhokha dyi
class2_batch006_sample011058,6,11058,2,Religious Hate,212058,216058,v3_original_demo_boundary_prompt,4-shot random authentic same-class,Shortlisted authentic RUHSOLD Religious Hate examples,118,tm jeso ki jb g**nd mari jaye na fir tm log thek rehty ho bc k bachy jb wo yahoodi lanti marty hn na wo muslim dekhty hn air kuch ni dekhty baki tm na toh apni pesh krni hoti ha unhy.,sirf momin aya to yahoodi kum nasal marny laggaye agr sawa crore momin agaye to sochen kya hoga?hamen jagna hoga,lant hy teri aagli pecchli tweet pe or tum pe or qadyanion pe or kuch ?,plz sir hamy in say koi khtra nahi hamy is imran khan yahodi our kadiyanion say bachny pay gor karen pak army tayri azmat ko salam,tmjhe pta chaly
class2_batch006_sample011059,6,11059,2,Religious Hate,212059,216059,v3_original_demo_boundary_prompt,4-shot random authentic same-class,Shortlisted authentic RUHSOLD Religious Hate examples,118,poocho hamarai imam sai kai quran mein kaha likha huwa hain aisai ye sirf yahodi khanzeer logo ki chaal hainmuslims ko badnaam karkai liye  zara socho na tumharai hinduism ko badnaam kyun nahen kartai islam kai peechai kyun parai huwai hain zara dimagh ko khol kai socho,iran shia mulk ha or ye munafik log han,phir kehty hum bhot badry #muslim hn aur #ashaq_e_rasool sawm hain lanat hai un sab #haramio py jinho ny bibi fatima zahra ko shahheed kia aur #haq khaya 🖐🏻😡🐕 aur lanat un sab py jo un #haramio ky hamdard hain,phir in yahodi khanzeer logo ko pata chalaiga kai kia ta aur kia nahen ye sirf dajjal kai liye aisa kar rahai hain kyunkai ye yahodi log khazeer log dajjal ko apna leader samjhtai hain aur tumhara pura bollywood bollyminati ban chuka hain tumharai dimagh ko programming ki ja rah,ajaoo bhenchod...tumhari maa ka yaar tha ye log
class2_batch006_sample011060,6,11060,2,Religious Hate,212060,216060,v3_original_demo_boundary_prompt,4-shot random authentic same-class,Shortlisted authentic RUHSOLD Religious Hate examples,118,jaa bhen k lory tum harrami ki nasal ho.. dewband maslak pe kutty ki tareh bhoonkty ho..,ye insan ik chaaal haaa dostoo .........zra smj k chliye gaa...sb jaanty hn qadyaani kaafir hn ......ye sb k sentiments gain kr rhaa haa......bad me ye apna chehra dikhiye gaaa fasad kii shkal me.....in chaaalo sy hosyar rhy baseerat paida kry sb apny andr.. shukria...,imran qadyani yahoodi agent hy pti ki 18 bank account hy jis may qadyani yahoodi hondo ny funding ki hy . gold smith jimaima aneel musrst . atif miaan sub qadyani yahoodi hy,sale halala molvi se tum karvao apni oorto ka or apni ma bahan ka bol heme rhe ho molvi kamre m apni bahan ko bej kar sina choda hota hoga tumhara,ye insan kuch nai sunta apko kia kehta hai tu aurat march ko badnam karny k liay maro gaand me dafa ho jaata hai
class2_batch006_sample011061,6,11061,2,Religious Hate,212061,216061,v3_original_demo_boundary_prompt,4-shot random authentic same-class,Shortlisted authentic RUHSOLD Religious Hate examples,118,ye bat tum yahoodi ko bolo atankwadi tum ho jo musalman se nafrat ki aag me insaniyat ke sabse bade dushman yahoodi ko support karte ho ye log to face to face mara hai unlog chote bache ka upar bom feka kisi aurat ya admi bacha ko goli mar diya wi bhi waha ke civilian hi hai,jahil k bachy kahan likha h k gair mazhb sy nikaah jaiz ha... tmari gand me jo keera ha wo nhi merna... khoty khany waly... yahoodi kahan sy hogaey ahle kitaab ....tm.b yahoodi to nhi,pislam me media ka estemal kerna haram hai  halala ki paidais,aor hamary hkmran in k sath mily huy en ....yahudi aor hindun hmary sb sy bry dushman en,rt : tum yahoodi ho
class2_batch006_sample011062,6,11062,2,Religious Hate,212062,216062,v3_original_demo_boundary_prompt,4-shot random authentic same-class,Shortlisted authentic RUHSOLD Religious Hate examples,118,ho gaye hy aur han aj jo ye sekhon k liye kar raha hy ye whoi sekh hy jub pakistan azad howa tha aur muslmano ne jub india sa hijrat ki tub sub zada qatal muslim ko in sekhon ne kiya tha par afsos ap jesy log is yahodi e agent ko ek islami leader mante ho phir kasm khao k allah,kisi randi maa ki olad ap ki hindu aurtain jab pooja karti hn tab wo bagwan ka lund mounh me b leti hn?,chutiya azam ny kia kia ha ab tk sawa saal mein sirf 11600 arab ka izfa qarzoun mein kia or kuch nhi badlo apni soch ko yahodi na bano or ek muslim ki tarh socho,yes they are involved in bomb blast... halala and bakrigiri,kisi aurat ko bolta nahi koi aurat ko bachay paida krwa lein
class2_batch006_sample011063,6,11063,2,Religious Hate,212063,216063,v3_original_demo_boundary_prompt,4-shot random authentic same-class,Shortlisted authentic RUHSOLD Religious Hate examples,118,lant hy teri aagli pecchli tweet pe or tum pe or qadyanion pe or kuch ?,yahoodi ko hitler ne chora or general ne in jaajoon ko chor k dhkya k ye kai hain.😂,tumri ma buhat hanzir hy jis ne tum jaise  yahodi kafir rhandi hanzir aurat ko paida kiya,"gau mutr peeyo tum log lodu awkat bna phir aake muh lag, randwa saala",or mjy pata nahin hota wo qadyani kya hoga
class2_batch006_sample011064,6,11064,2,Religious Hate,212064,216064,v3_original_demo_boundary_prompt,4-shot random authentic same-class,Shortlisted authentic RUHSOLD Religious Hate examples,118,lant hy teri aagli pecchli tweet pe or tum pe or qadyanion pe or kuch ?,ye insan ik chaaal haaa dostoo .........zra smj k chliye gaa...sb jaanty hn qadyaani kaafir hn ......ye sb k sentiments gain kr rhaa haa......bad me ye apna chehra dikhiye gaaa fasad kii shkal me.....in chaaalo sy hosyar rhy baseerat paida kry sb apny andr.. shukria...,"not surprised comment came from ahmedi. tbh, i won't be surprised when some christians will argue that they r included in muslim category too. just bcoz they believe there is only one god.",chal na randi ! we have spiritual connection with supreme leader imam khamnae !  we have our hearts and souls for holy cities of najaf and karbala !  dont give a fck to wahabi chutiyas,aurat march ke liye yeh log jinko humne pakistan ki army ko terrorists nehen kaha hein unko dekhlo zinda tha koi baaz nahi uska baap hai
class2_batch006_sample011065,6,11065,2,Religious Hate,212065,216065,v3_original_demo_boundary_prompt,4-shot random authentic same-class,Shortlisted authentic RUHSOLD Religious Hate examples,118,dekh le madarch*d islam ka nanga naach..babri par fate hue bawaseer ki tarah bhaunk raha tha na..us par bhi ab apne manhoos muh se kuch hag de..blood cousins ke incest ki paidaish,ye insan ik chaaal haaa dostoo .........zra smj k chliye gaa...sb jaanty hn qadyaani kaafir hn ......ye sb k sentiments gain kr rhaa haa......bad me ye apna chehra dikhiye gaaa fasad kii shkal me.....in chaaalo sy hosyar rhy baseerat paida kry sb apny andr.. shukria...,aor hamary hkmran in k sath mily huy en ....yahudi aor hindun hmary sb sy bry dushman en,phir in yahodi khanzeer logo ko pata chalaiga kai kia ta aur kia nahen ye sirf dajjal kai liye aisa kar rahai hain kyunkai ye yahodi log khazeer log dajjal ko apna leader samjhtai hain aur tumhara pura bollywood bollyminati ban chuka hain tumharai dimagh ko programming ki ja rah,imam ka naam toh hi nahi hota
class2_batch006_sample011066,6,11066,2,Religious Hate,212066,216066,v3_original_demo_boundary_prompt,4-shot random authentic same-class,Shortlisted authentic RUHSOLD Religious Hate examples,118,but we have a firm belief now that qadiyani and ahmedi neither want muslims nor pakistanis to live in a harmony,that nigga was yahoodi he probably lied to all the employees,bus ya aur tafseel bataao  ahmdi aurtain beach pe bikini b pehnti hain  jalse aur ijlaas pe burqa b boht hai 🤫,abe bharwe tum hindu hi duniya k sub se bara atankwaz ho haramiyon bt krte ho hamare age tumhari country me hindu k elawa koi safe nhi he  tumhari country ka name isi liye  lynchistan he  isi king all the world,apne baap ki maa ko bol do tu jo ye bola ha to chup raho
class2_batch006_sample011067,6,11067,2,Religious Hate,212067,216067,v3_original_demo_boundary_prompt,4-shot random authentic same-class,Shortlisted authentic RUHSOLD Religious Hate examples,118,"ye manhoos hinduon ki diwali k chakkar mai har jaga ki aur quality kharab hogai, bharwe","hogai izzat? mera jism meri marzi jc ghaleez or ghatiya terminologies hamare muslim muashrey me dene ki koshish me aapki so-called,vahiyat or ikhlaq se giri support ko khud ne hi reject kardiya.  apne yahoodi gods ko khush krne k liey kuch or karien",is cult  mein kisi boht hi pyare ko kho dene k baad uski qaber pe phool rakhna b jurm hai west mein qaberisat se phool chura k un ko sale kr k ahmdi chanda dia karte hain takey ragister se naam na kut jaye,imran qadyani yahoodi agent hy pti ki 18 bank account hy jis may qadyani yahoodi hondo ny funding ki hy . gold smith jimaima aneel musrst . atif miaan sub qadyani yahoodi hy,ye harami halala wale logon ka sath hein
class2_batch006_sample011068,6,11068,2,Religious Hate,212068,216068,v3_original_demo_boundary_prompt,4-shot random authentic same-class,Shortlisted authentic RUHSOLD Religious Hate examples,118,quaid azam was right ky hindu muslim kabhi sth nhi rhy sgty aaj hindu apni hasli shakl dekha rhy hn. agar kisi muslim ny aisa kia hota to india media ki maa mar gi hoti pr ab nhi boly gy. aagy ka ky yehi bol dn gy ky mentally disturb tha or case khtm .#jamia,"just the ten thousandth ""isolated"" instance of christian /jewish/hindu/ahmedi places of worship being attacked by crybabies who themselves can't handle some nutcase burning a book full of fiction stories.","abbey halala ki paidaish, 5 baap ki aulaad. patthar baazi ke alawa kuchh kaam kara kabhi teri kaum ne ?",oeyy randdii k bachay ganddu hindu.. kyun jhoott baq raha hai gashti maa k ganndduu bachay. peshaab p k palnay wali qoum.,#article6forptmleadership :  tum logon ko lagta ha yahan saari koi jagah nahi ha
class2_batch006_sample011069,6,11069,2,Religious Hate,212069,216069,v3_original_demo_boundary_prompt,4-shot random authentic same-class,Shortlisted authentic RUHSOLD Religious Hate examples,118,please all muslims come one page and unite  insha allah   yahoodi isreal finished all,pehle america jaiga ue begairaat musliman kehlwane kai laiq nh pehle he logh kehty h eske bary me ye yahoodi hai,kisi randi maa ki olad ap ki hindu aurtain jab pooja karti hn tab wo bagwan ka lund mounh me b leti hn?,ahmdi is a non muslim biggest cheap religion ahmdi.,i'm saying if you want to go to qadianis then why don't you go there instead of pakistan?
class2_batch006_sample011070,6,11070,2,Religious Hate,212070,216070,v3_original_demo_boundary_prompt,4-shot random authentic same-class,Shortlisted authentic RUHSOLD Religious Hate examples,118,yahodi agent qadyani chamcha,"rt : q. woh kaun si qome he,jis ne such bhi bola phr bhi jahnum mein jayegi? ans: yahoodi or nasara qome. shahid sindh",in beghairto israel yahodi khanzeer kai bacho nai kia kuch nahen kia hain lekhin alhamdulillah islam wahid deen jo mohabbat sikhati hain nakai nafrat aur ye sab sai tezi sai phelta huwa deen hain is liye inko jalan ho rahi hain aur har koshish kar bhe chukai hain aur kar bhe,1 balatkari muslim 3 balatkari tera baap hindu h uske bare m kuch bol  be,ahmaddiya muslman hai tum logon ko aap ke pass paida ker k kahan se ay ga
class2_batch006_sample011071,6,11071,2,Religious Hate,212071,216071,v3_original_demo_boundary_prompt,4-shot random authentic same-class,Shortlisted authentic RUHSOLD Religious Hate examples,118,tumri ma buhat hanzir hy jis ne tum jaise  yahodi kafir rhandi hanzir aurat ko paida kiya,abe jaana mullle sale bhikari !! halala k maje krwa apni maa ko,shia kaafir hai aur hum naam k musalmaan.,wow halala's product on fire as usual porkistaniðÿ˜‚ðÿ˜‚ðÿ˜‚,abe tu hi kisi randi k bachy h
class2_batch006_sample011072,6,11072,2,Religious Hate,212072,216072,v3_original_demo_boundary_prompt,4-shot random authentic same-class,Shortlisted authentic RUHSOLD Religious Hate examples,118,chal fosdi ke mohammad kabile wale ki halala ki aulad,kitane maulviyon ne tumhari ammi jaan ka halala kiya hoga tab jakar tum jaisa suar nikla hoga .. ye bhi to bta re mulle..,imran qadyani yahoodi agent hy pti ki 18 bank account hy jis may qadyani yahoodi hondo ny funding ki hy . gold smith jimaima aneel musrst . atif miaan sub qadyani yahoodi hy,lant hy teri aagli pecchli tweet pe or tum pe or qadyanion pe or kuch ?,tumhein nai pata khanzeer ho tum aurat ko dekho wo apni behno ko ghatna dete hein
class2_batch006_sample011073,6,11073,2,Religious Hate,212073,216073,v3_original_demo_boundary_prompt,4-shot random authentic same-class,Shortlisted authentic RUHSOLD Religious Hate examples,118,sirf momin aya to yahoodi kum nasal marny laggaye agr sawa crore momin agaye to sochen kya hoga?hamen jagna hoga,tum log yahoodi ho kisi ko shuck nahi hona chaheye bus kafi hogae musalmanon ko aur dhoka na dou👹,"abbey halala ki paidaish, 5 baap ki aulaad. patthar baazi ke alawa kuchh kaam kara kabhi teri kaum ne ?",pehle apni aurto ko halala se bachao ye bhi modi kar raha hai. agar sahi tum logo ka dna kiya jaye to pata nhi baap kon niklega,abey salaaa tera maa baap bhi kahan tha jo tu chutiya banaya hai
class2_batch006_sample011074,6,11074,2,Religious Hate,212074,216074,v3_original_demo_boundary_prompt,4-shot random authentic same-class,Shortlisted authentic RUHSOLD Religious Hate examples,118,tumri ma buhat hanzir hy jis ne tum jaise  yahodi kafir rhandi hanzir aurat ko paida kiya,ye bat tum yahoodi ko bolo atankwadi tum ho jo musalman se nafrat ki aag me insaniyat ke sabse bade dushman yahoodi ko support karte ho ye log to face to face mara hai unlog chote bache ka upar bom feka kisi aurat ya admi bacha ko goli mar diya wi bhi waha ke civilian hi hai,hindu dharm ka matlab samajh pehle puppet khali bhaunk aur bhaunk iam enjoying ur bark 😂😂😂😂,that nigga was yahoodi he probably lied to all the employees,haqiqat pata nahi hai wo tum logo ko pasand nahee hai
class2_batch006_sample011075,6,11075,2,Religious Hate,212075,216075,v3_original_demo_boundary_prompt,4-shot random authentic same-class,Shortlisted authentic RUHSOLD Religious Hate examples,118,sale halala molvi se tum karvao apni oorto ka or apni ma bahan ka bol heme rhe ho molvi kamre m apni bahan ko bej kar sina choda hota hoga tumhara,kutto ki tarah america maar raha hai tumhari kaum ko...aasmani kitab walo...israel roj filistin may maa chod raha hai tumhari.... pahle unse nipto....dare hue log😂😂,tm jeso ki jb g**nd mari jaye na fir tm log thek rehty ho bc k bachy jb wo yahoodi lanti marty hn na wo muslim dekhty hn air kuch ni dekhty baki tm na toh apni pesh krni hoti ha unhy.,kitane maulviyon ne tumhari ammi jaan ka halala kiya hoga tab jakar tum jaisa suar nikla hoga .. ye bhi to bta re mulle..,abe randi ke bache jo tu jaise hi gandu hi hain auratmarad me jo tu jaise hi gandu hain tera baap kisi randi ki aulad hai..
class2_batch006_sample011076,6,11076,2,Religious Hate,212076,216076,v3_original_demo_boundary_prompt,4-shot random authentic same-class,Shortlisted authentic RUHSOLD Religious Hate examples,118,imran qadyani yahoodi agent hy pti ki 18 bank account hy jis may qadyani yahoodi hondo ny funding ki hy . gold smith jimaima aneel musrst . atif miaan sub qadyani yahoodi hy,chal na randi ! we have spiritual connection with supreme leader imam khamnae !  we have our hearts and souls for holy cities of najaf and karbala !  dont give a fck to wahabi chutiyas,"huh wut you say u imbecile, i shat on you...toh toh toh kaafir",that nigga was yahoodi he probably lied to all the employees,chutiye aap kuch bhi nahi bol rahe. tere maa baap ney aisa kaha tha ab tum apne baap se pooch lo
class2_batch006_sample011077,6,11077,2,Religious Hate,212077,216077,v3_original_demo_boundary_prompt,4-shot random authentic same-class,Shortlisted authentic RUHSOLD Religious Hate examples,118,plz sir hamy in say koi khtra nahi hamy is imran khan yahodi our kadiyanion say bachny pay gor karen pak army tayri azmat ko salam,kabi bi nai jo sakta ya shia log pora ka pora yahodi hn,phir kehty hum bhot badry #muslim hn aur #ashaq_e_rasool sawm hain lanat hai un sab #haramio py jinho ny bibi fatima zahra ko shahheed kia aur #haq khaya 🖐🏻😡🐕 aur lanat un sab py jo un #haramio ky hamdard hain,"m firqa wariyat m nahi parhna chahta, muslims mjo ahktlaf hen wo apni jaga , lekin pichly 200 saal sy muslim is liye mar kha rhy hen k sunni shia wahabi dayobandi bla bla ,,yahodi or nasara ny na koi sunni mulk chora ha na koi shia,  wo bs yehi dekhtay ye muslman ha ..bs maro isk",lanat ho tumhary py or teri qoumi ki
class2_batch006_sample011078,6,11078,2,Religious Hate,212078,216078,v3_original_demo_boundary_prompt,4-shot random authentic same-class,Shortlisted authentic RUHSOLD Religious Hate examples,118,"ye manhoos hinduon ki diwali k chakkar mai har jaga ki aur quality kharab hogai, bharwe",kafir yahodi kafir hindo same thinking,ye bat tum yahoodi ko bolo atankwadi tum ho jo musalman se nafrat ki aag me insaniyat ke sabse bade dushman yahoodi ko support karte ho ye log to face to face mara hai unlog chote bache ka upar bom feka kisi aurat ya admi bacha ko goli mar diya wi bhi waha ke civilian hi hai,sirf momin aya to yahoodi kum nasal marny laggaye agr sawa crore momin agaye to sochen kya hoga?hamen jagna hoga,apne baap ko nai pta?
class2_batch006_sample011079,6,11079,2,Religious Hate,212079,216079,v3_original_demo_boundary_prompt,4-shot random authentic same-class,Shortlisted authentic RUHSOLD Religious Hate examples,118,ye insan ik chaaal haaa dostoo .........zra smj k chliye gaa...sb jaanty hn qadyaani kaafir hn ......ye sb k sentiments gain kr rhaa haa......bad me ye apna chehra dikhiye gaaa fasad kii shkal me.....in chaaalo sy hosyar rhy baseerat paida kry sb apny andr.. shukria...,kadiyani kafir thay hain aur hamesha harain gay. ye dajjali fitnay ki ek kari hain. aur inkay supporters hum main bhe jo chupay howay hain wo bhe khanzeer kafir he hain. lannat beshomar kadiyanio pr.,get lost you kaafir.,"rt : q. woh kaun si qome he,jis ne such bhi bola phr bhi jahnum mein jayegi? ans: yahoodi or nasara qome. shahid sindh",teri maa ki phudi ma kisi kaafir ko kuch na doo pakistan mai
class2_batch006_sample011080,6,11080,2,Religious Hate,212080,216080,v3_original_demo_boundary_prompt,4-shot random authentic same-class,Shortlisted authentic RUHSOLD Religious Hate examples,118,apne profile mein whats app me fb twitter mein is bahadur nojawaan ki pic lga kr islam se or nabi ke din se mhbt ka izhaar kren or itna share kren ek yahoodi apne na pak iradoon se baaz ajaye is shakhs ne quraan pak ki hifazahat mein ek bhtareen mhbt ka jita jagta sabot dia hai,wow halala's product on fire as usual porkistaniðÿ˜‚ðÿ˜‚ðÿ˜‚,abe halala ki paidaish..  tumhara to wajood hi 800 years purana hai..  jab bhagwan ram ko kagaj dikhane ki jarurat par gayi to tum kaun ho.. kagaj to dikhana hi parega.. #nrc_caa_npr,haha jaat dikha di bsdk antankbadi halala ki aulaad teri ammi ka halala hua tha phir to randi ke bacheðÿ¤£ðÿ¤£ðÿ˜…,rt :  gulam khaleel jaisay koi ni mila
class2_batch006_sample011081,6,11081,2,Religious Hate,212081,216081,v3_original_demo_boundary_prompt,4-shot random authentic same-class,Shortlisted authentic RUHSOLD Religious Hate examples,118,is cult  mein kisi boht hi pyare ko kho dene k baad uski qaber pe phool rakhna b jurm hai west mein qaberisat se phool chura k un ko sale kr k ahmdi chanda dia karte hain takey ragister se naam na kut jaye,"gau mutr peeyo tum log lodu awkat bna phir aake muh lag, randwa saala",1 balatkari muslim 3 balatkari tera baap hindu h uske bare m kuch bol  be,yahoodi kabhi hamara dost nhi ho sakta,ab tak aise hisaar kaam kiya ha ye pakistan
class2_batch006_sample011082,6,11082,2,Religious Hate,212082,216082,v3_original_demo_boundary_prompt,4-shot random authentic same-class,Shortlisted authentic RUHSOLD Religious Hate examples,118,lant hy teri aagli pecchli tweet pe or tum pe or qadyanion pe or kuch ?,abe jaana mullle sale bhikari !! halala k maje krwa apni maa ko,"pta nhi kon si uni se graduate hote ho aap log jnha aesi wahiyat education di jati hðÿ˜‚ðÿ˜‚ðÿ˜‚ halala, gazwa-e-hind, camel urine or pta nhi kya kyaðÿ˜‚ðÿ˜‚ðÿ˜‚ðÿ¤£ðÿ¤£ðÿ¤£ðÿ¤£ðÿ‘ðÿ»",ye pagliya gyi h saali... kuttiya ye ab bhul gyi h jisne #halala or #teentlaaq se aazadi dilwayi usko bhul gyi h ye mullli....,kutte hai tum log
class2_batch006_sample011083,6,11083,2,Religious Hate,212083,216083,v3_original_demo_boundary_prompt,4-shot random authentic same-class,Shortlisted authentic RUHSOLD Religious Hate examples,118,tumhri maa kk chodu sale apni maa ko chod ke paida hone wale randi ki aulad sale apni behan ko biwi bana ke rkhne wale muhammad ki nazayaj aulad,wow halala's product on fire as usual porkistaniðÿ˜‚ðÿ˜‚ðÿ˜‚,jahil k bachy kahan likha h k gair mazhb sy nikaah jaiz ha... tmari gand me jo keera ha wo nhi merna... khoty khany waly... yahoodi kahan sy hogaey ahle kitaab ....tm.b yahoodi to nhi,"obviously we muslims hate ahmedi's . 😡 we don't care whatever happens to them ! we just hate them. if their is oppression over other minorities in pakistan which is not usual alhamdolillah, then i condemn that.","#gutterfight back! shia , sunni , ahmedi  etc.. they all have right to live peacefully like every human being. all these sects have common enemy,  #halala"
class2_batch006_sample011084,6,11084,2,Religious Hate,212084,216084,v3_original_demo_boundary_prompt,4-shot random authentic same-class,Shortlisted authentic RUHSOLD Religious Hate examples,118,"huh wut you say u imbecile, i shat on you...toh toh toh kaafir","afghanio ne tme hindu se bachaya,randi k aulaad tareekh paro tm wo ganda khoon ho,jo siko aour hindu ki rape se paida woe ho,tme kalima tho sikaya afghano ne,magar tmari gandi dna wai ranjeet sing wali a,randi k aulaad tm ne kah pana di,am pashtono ne di,apnay bio ko hera mandi",sali muslims randi. jihadi sali,pislam me media ka estemal kerna haram hai  halala ki paidais,khan yahodi agent
class2_batch006_sample011085,6,11085,2,Religious Hate,212085,216085,v3_original_demo_boundary_prompt,4-shot random authentic same-class,Shortlisted authentic RUHSOLD Religious Hate examples,118,poocho hamarai imam sai kai quran mein kaha likha huwa hain aisai ye sirf yahodi khanzeer logo ki chaal hainmuslims ko badnaam karkai liye  zara socho na tumharai hinduism ko badnaam kyun nahen kartai islam kai peechai kyun parai huwai hain zara dimagh ko khol kai socho,tum log yahoodi ho kisi ko shuck nahi hona chaheye bus kafi hogae musalmanon ko aur dhoka na dou👹,"how did an ahmadiya get to the top in the army of sunnis, in the first place?",uff pakiza muslim randi 😉😍,tu apni maa ka gand marna chaye ga..teri maa ko bhi dekh le
class2_batch006_sample011086,6,11086,2,Religious Hate,212086,216086,v3_original_demo_boundary_prompt,4-shot random authentic same-class,Shortlisted authentic RUHSOLD Religious Hate examples,118,oeyy randdii k bachay ganddu hindu.. kyun jhoott baq raha hai gashti maa k ganndduu bachay. peshaab p k palnay wali qoum.,that nigga was yahoodi he probably lied to all the employees,sirf momin aya to yahoodi kum nasal marny laggaye agr sawa crore momin agaye to sochen kya hoga?hamen jagna hoga,ahmedi mirziee qadiyani hargiz kuleedi uhdu pe nhee janay chahien warna hmari agencies pe swalia nishan hey,koi muslim nahi hoga jo yahodi kuch na kare...
class2_batch006_sample011087,6,11087,2,Religious Hate,212087,216087,v3_original_demo_boundary_prompt,4-shot random authentic same-class,Shortlisted authentic RUHSOLD Religious Hate examples,118,"huh wut you say u imbecile, i shat on you...toh toh toh kaafir","how did an ahmadiya get to the top in the army of sunnis, in the first place?",get lost you kaafir.,sali muslims randi. jihadi sali,rt : kia ap bhenchod 🐷😂
class2_batch006_sample011088,6,11088,2,Religious Hate,212088,216088,v3_original_demo_boundary_prompt,4-shot random authentic same-class,Shortlisted authentic RUHSOLD Religious Hate examples,118,"obviously we muslims hate ahmedi's . 😡 we don't care whatever happens to them ! we just hate them. if their is oppression over other minorities in pakistan which is not usual alhamdolillah, then i condemn that.",haha jaat dikha di bsdk antankbadi halala ki aulaad teri ammi ka halala hua tha phir to randi ke bacheðÿ¤£ðÿ¤£ðÿ˜…,halala ki padayish ho aap aur kya expect karenge hum aapse,tm jeso ki jb g**nd mari jaye na fir tm log thek rehty ho bc k bachy jb wo yahoodi lanti marty hn na wo muslim dekhty hn air kuch ni dekhty baki tm na toh apni pesh krni hoti ha unhy.,ye kuttiya hindu ko jo india mein hi rhein bhi bolega k charsi ka mutabik saalaa khanzeer hein
class2_batch006_sample011089,6,11089,2,Religious Hate,212089,216089,v3_original_demo_boundary_prompt,4-shot random authentic same-class,Shortlisted authentic RUHSOLD Religious Hate examples,118,"waise madarso mein bahut achhi taaleem di jaati hai tum jihadi hijdo ko, asar dikh rha hai yahan, khud toh khud ki bhen chodte hi ho aur dusro ko bhi bhenchod samajhte ho.",kisi randi maa ki olad ap ki hindu aurtain jab pooja karti hn tab wo bagwan ka lund mounh me b leti hn?,sale halala molvi se tum karvao apni oorto ka or apni ma bahan ka bol heme rhe ho molvi kamre m apni bahan ko bej kar sina choda hota hoga tumhara,abe mc mein bheju teri maa cow ka photo kat te hue bc. chod teri tarah andhbhakt nhi hu aur nhi illiterate.. go and drink cow piss.,rt :   mera jism meri marzi tujhe tere gand pe gaand mein dalne de..tum sab bharwe
class2_batch006_sample011090,6,11090,2,Religious Hate,212090,216090,v3_original_demo_boundary_prompt,4-shot random authentic same-class,Shortlisted authentic RUHSOLD Religious Hate examples,118,please sell up you yahoodi bastards,ye bat tum yahoodi ko bolo atankwadi tum ho jo musalman se nafrat ki aag me insaniyat ke sabse bade dushman yahoodi ko support karte ho ye log to face to face mara hai unlog chote bache ka upar bom feka kisi aurat ya admi bacha ko goli mar diya wi bhi waha ke civilian hi hai,"rt : q. woh kaun si qome he,jis ne such bhi bola phr bhi jahnum mein jayegi? ans: yahoodi or nasara qome. shahid sindh",sali muslims randi. jihadi sali,abey gandu bhaunk le tujhe hamari country ke pakistani army pe rona laga rahe ho
class2_batch006_sample011091,6,11091,2,Religious Hate,212091,216091,v3_original_demo_boundary_prompt,4-shot random authentic same-class,Shortlisted authentic RUHSOLD Religious Hate examples,118,aye yahudiyo jitna zulm karna hai kar lo in sha allah woh din bhi zaroor aayega ke tumhe chun chun ke maara jayega yahan tak ke tum darakht ya pattharoñ ke piche chhup jaoge to bejan chizen bhi kahengi yahan yahoodi chhupa hai.hadees ka farman hai ho kar rahega #israeliterrorism,abe mc mein bheju teri maa cow ka photo kat te hue bc. chod teri tarah andhbhakt nhi hu aur nhi illiterate.. go and drink cow piss.,pehle america jaiga ue begairaat musliman kehlwane kai laiq nh pehle he logh kehty h eske bary me ye yahoodi hai,plz sir hamy in say koi khtra nahi hamy is imran khan yahodi our kadiyanion say bachny pay gor karen pak army tayri azmat ko salam,qadiyani yahodi agent
class2_batch006_sample011092,6,11092,2,Religious Hate,212092,216092,v3_original_demo_boundary_prompt,4-shot random authentic same-class,Shortlisted authentic RUHSOLD Religious Hate examples,118,tumhri maa kk chodu sale apni maa ko chod ke paida hone wale randi ki aulad sale apni behan ko biwi bana ke rkhne wale muhammad ki nazayaj aulad,get lost you kaafir.,imran qadyani yahoodi agent hy pti ki 18 bank account hy jis may qadyani yahoodi hondo ny funding ki hy . gold smith jimaima aneel musrst . atif miaan sub qadyani yahoodi hy,kabi bi nai jo sakta ya shia log pora ka pora yahodi hn,gandu gandu halala karo kuttay
class2_batch006_sample011093,6,11093,2,Religious Hate,212093,216093,v3_original_demo_boundary_prompt,4-shot random authentic same-class,Shortlisted authentic RUHSOLD Religious Hate examples,118,but we have a firm belief now that qadiyani and ahmedi neither want muslims nor pakistanis to live in a harmony,jahil k bachy kahan likha h k gair mazhb sy nikaah jaiz ha... tmari gand me jo keera ha wo nhi merna... khoty khany waly... yahoodi kahan sy hogaey ahle kitaab ....tm.b yahoodi to nhi,sirf momin aya to yahoodi kum nasal marny laggaye agr sawa crore momin agaye to sochen kya hoga?hamen jagna hoga,"bilkul,itny lecture milny hain jese christmas or new year pe milty hain ,kya apko pata bhi hai k kaafir janwaro k haqq main dua bhi nahi krni chahye",rt :   jaise baat karo kutti ki
class2_batch006_sample011094,6,11094,2,Religious Hate,212094,216094,v3_original_demo_boundary_prompt,4-shot random authentic same-class,Shortlisted authentic RUHSOLD Religious Hate examples,118,meri tarbiyat yehi hai k jo amreca ko apna baap manta hai na wo muslman hai or na us s koi hanra taloq hai tum nasl e yazeedi ho masl e yahodi or yahoodio ki olad ho,"ye manhoos hinduon ki diwali k chakkar mai har jaga ki aur quality kharab hogai, bharwe","malala the product of halala pehle burke se, halala se, bacche paida kerne se or gulami ki jindgi se to azadi lelo hindustaan se azadi to tumhare kukarm tumhe dilwa hi denge. kyuki terrorism failaoge to lat mar ke desh se bhagae jaoge. i am with my country and support caa, nrcðÿ˜‰.",another endian hijra coward hindu terrorist army soldier dispatched to shamshangarh by pakistan army i want more endian hindu terrorist dead so keep it up pakistan,rt : india mein yeh kya hota hai?
class2_batch006_sample011095,6,11095,2,Religious Hate,212095,216095,v3_original_demo_boundary_prompt,4-shot random authentic same-class,Shortlisted authentic RUHSOLD Religious Hate examples,118,tm jeso ki jb g**nd mari jaye na fir tm log thek rehty ho bc k bachy jb wo yahoodi lanti marty hn na wo muslim dekhty hn air kuch ni dekhty baki tm na toh apni pesh krni hoti ha unhy.,hindu sirf gooli ki zuban smjta ha,"how did an ahmadiya get to the top in the army of sunnis, in the first place?",kaafir tujhe kuch nai malum,#halala_wali_randi
class2_batch006_sample011096,6,11096,2,Religious Hate,212096,216096,v3_original_demo_boundary_prompt,4-shot random authentic same-class,Shortlisted authentic RUHSOLD Religious Hate examples,118,qadiani ahmedi mirziee kaafir jo hen,halala ki padayish ho aap aur kya expect karenge hum aapse,pehle apni aurto ko halala se bachao ye bhi modi kar raha hai. agar sahi tum logo ka dna kiya jaye to pata nhi baap kon niklega,tw kaafir tera peo kaafir tera pura khandaan kaafir ooo churry trump🐱🐱,qadyani saali
class2_batch006_sample011097,6,11097,2,Religious Hate,212097,216097,v3_original_demo_boundary_prompt,4-shot random authentic same-class,Shortlisted authentic RUHSOLD Religious Hate examples,118,another endian hijra coward hindu terrorist army soldier dispatched to shamshangarh by pakistan army i want more endian hindu terrorist dead so keep it up pakistan,uff pakiza muslim randi 😉😍,in beghairto israel yahodi khanzeer kai bacho nai kia kuch nahen kia hain lekhin alhamdulillah islam wahid deen jo mohabbat sikhati hain nakai nafrat aur ye sab sai tezi sai phelta huwa deen hain is liye inko jalan ho rahi hain aur har koshish kar bhe chukai hain aur kar bhe,"surprise!  surprise!  majority of the muslims are at just in different levels of ""usman khan"" ranging from mild to extreme (except ahmadiya may be, but they are not ""real muslims"")  that's from a person living in a country with 95% muslim    https://t.co/hq35u2xrrk,2009-05-25 17:25:26,sydney, new south wales",rt : imran zaidi ka baap tha yahoodi
class2_batch006_sample011098,6,11098,2,Religious Hate,212098,216098,v3_original_demo_boundary_prompt,4-shot random authentic same-class,Shortlisted authentic RUHSOLD Religious Hate examples,118,hey are fighting amongst each other. #bajwa is compromise candidate. thats only reason why he a ahmadiya is a coas.,another endian hijra coward hindu terrorist army soldier dispatched to shamshangarh by pakistan army i want more endian hindu terrorist dead so keep it up pakistan,imran qadyani yahoodi agent hy pti ki 18 bank account hy jis may qadyani yahoodi hondo ny funding ki hy . gold smith jimaima aneel musrst . atif miaan sub qadyani yahoodi hy,is cult  mein kisi boht hi pyare ko kho dene k baad uski qaber pe phool rakhna b jurm hai west mein qaberisat se phool chura k un ko sale kr k ahmdi chanda dia karte hain takey ragister se naam na kut jaye,ahmaddiya yahoodi jihadi
class2_batch006_sample011099,6,11099,2,Religious Hate,212099,216099,v3_original_demo_boundary_prompt,4-shot random authentic same-class,Shortlisted authentic RUHSOLD Religious Hate examples,118,madarchod muslaman ki kaum madarchod saalo ka imaan nahi hai bheno ko chod te hai bhen ke lode harmazaade uskiye apni  maa ki chut bhi chodta hoga aur chuswata hoga logo se saare musalamaan raand ki olad islam ki maa ki chut,ye pagliya gyi h saali... kuttiya ye ab bhul gyi h jisne #halala or #teentlaaq se aazadi dilwayi usko bhul gyi h ye mullli....,get lost you kaafir.,qadiyani pe lanat mirza khinzeer harami pe lanat.,yahodi tere papa ne tere maa ka yaar ghar mein chod dia tha
class2_batch006_sample011100,6,11100,2,Religious Hate,212100,216100,v3_original_demo_boundary_prompt,4-shot random authentic same-class,Shortlisted authentic RUHSOLD Religious Hate examples,118,teri maa ka halala kra rha tha koi problem madarjat bhosdike mulle,"not surprised comment came from ahmedi. tbh, i won't be surprised when some christians will argue that they r included in muslim category too. just bcoz they believe there is only one god.",pehle apni aurto ko halala se bachao ye bhi modi kar raha hai. agar sahi tum logo ka dna kiya jaye to pata nhi baap kon niklega,abe bharwe tum hindu hi duniya k sub se bara atankwaz ho haramiyon bt krte ho hamare age tumhari country me hindu k elawa koi safe nhi he  tumhari country ka name isi liye  lynchistan he  isi king all the world,teri ammi ko chodunga 😂
class2_batch006_sample011101,6,11101,2,Religious Hate,212101,216101,v3_original_demo_boundary_prompt,4-shot random authentic same-class,Shortlisted authentic RUHSOLD Religious Hate examples,118,1 balatkari muslim 3 balatkari tera baap hindu h uske bare m kuch bol  be,sunni killing a shia....what's new?  thank god he wasn't a ahmedi muslim otherwise the motive would have been to acquire a passport to migrate to western countries and continue their islamic jihadi work after retirement,"waise madarso mein bahut achhi taaleem di jaati hai tum jihadi hijdo ko, asar dikh rha hai yahan, khud toh khud ki bhen chodte hi ho aur dusro ko bhi bhenchod samajhte ho.",ye lode teri maa or bahan ke shohar hai or jyada bolega to de denge teri maa or bahan ko hum denge talaq or fir halala wow kya baat hai mullo wow lund chuss lo ðÿ˜œðÿ˜œðÿ˜œðÿ˜œ,saali tu gandu hai yaad aata hai teri behn ka yaar
class2_batch006_sample011102,6,11102,2,Religious Hate,212102,216102,v3_original_demo_boundary_prompt,4-shot random authentic same-class,Shortlisted authentic RUHSOLD Religious Hate examples,118,"obviously we muslims hate ahmedi's . 😡 we don't care whatever happens to them ! we just hate them. if their is oppression over other minorities in pakistan which is not usual alhamdolillah, then i condemn that.",madarchod muslaman ki kaum madarchod saalo ka imaan nahi hai bheno ko chod te hai bhen ke lode harmazaade uskiye apni  maa ki chut bhi chodta hoga aur chuswata hoga logo se saare musalamaan raand ki olad islam ki maa ki chut,jaa bhen k lory tum harrami ki nasal ho.. dewband maslak pe kutty ki tareh bhoonkty ho..,"bilkul,itny lecture milny hain jese christmas or new year pe milty hain ,kya apko pata bhi hai k kaafir janwaro k haqq main dua bhi nahi krni chahye",tum logon ko pasand nai kyun ye harami mazhab ka sachay naikalty huwe kia hein?
class2_batch006_sample011103,6,11103,2,Religious Hate,212103,216103,v3_original_demo_boundary_prompt,4-shot random authentic same-class,Shortlisted authentic RUHSOLD Religious Hate examples,118,bosdk yeh tumhare ghar me hota hai. saari k blouse me mote mote doodh dikhati firti hain tumhare dharam ki orate or hindu orat ko musalman ka l#nd aachaa lagta hai. yeh baat puri dunia janti hai,"how did an ahmadiya get to the top in the army of sunnis, in the first place?",benchod randi  islam,"ye manhoos hinduon ki diwali k chakkar mai har jaga ki aur quality kharab hogai, bharwe",ye qurban haqeeqat nahin..
class2_batch006_sample011104,6,11104,2,Religious Hate,212104,216104,v3_original_demo_boundary_prompt,4-shot random authentic same-class,Shortlisted authentic RUHSOLD Religious Hate examples,118,bosdk yeh tumhare ghar me hota hai. saari k blouse me mote mote doodh dikhati firti hain tumhare dharam ki orate or hindu orat ko musalman ka l#nd aachaa lagta hai. yeh baat puri dunia janti hai,jahil k bachy kahan likha h k gair mazhb sy nikaah jaiz ha... tmari gand me jo keera ha wo nhi merna... khoty khany waly... yahoodi kahan sy hogaey ahle kitaab ....tm.b yahoodi to nhi,please sell up you yahoodi bastards,tum log yahoodi ho kisi ko shuck nahi hona chaheye bus kafi hogae musalmanon ko aur dhoka na dou👹,abe tere ghar mein ghar mein ghar mein ghar mein ghar mein ghar mein ghar mein ghar mein
class2_batch006_sample011105,6,11105,2,Religious Hate,212105,216105,v3_original_demo_boundary_prompt,4-shot random authentic same-class,Shortlisted authentic RUHSOLD Religious Hate examples,118,tum log yahoodi ho kisi ko shuck nahi hona chaheye bus kafi hogae musalmanon ko aur dhoka na dou👹,"abbey halala ki paidaish, 5 baap ki aulaad. patthar baazi ke alawa kuchh kaam kara kabhi teri kaum ne ?",ahmdi is a non muslim biggest cheap religion ahmdi.,"not surprised comment came from ahmedi. tbh, i won't be surprised when some christians will argue that they r included in muslim category too. just bcoz they believe there is only one god.",khan sb se zyada pata chal gaya hai yahan koi larkiyo ko qatal karne walon hain..
class2_batch006_sample011106,6,11106,2,Religious Hate,212106,216106,v3_original_demo_boundary_prompt,4-shot random authentic same-class,Shortlisted authentic RUHSOLD Religious Hate examples,118,"bilkul,itny lecture milny hain jese christmas or new year pe milty hain ,kya apko pata bhi hai k kaafir janwaro k haqq main dua bhi nahi krni chahye",jahil k bachy kahan likha h k gair mazhb sy nikaah jaiz ha... tmari gand me jo keera ha wo nhi merna... khoty khany waly... yahoodi kahan sy hogaey ahle kitaab ....tm.b yahoodi to nhi,pehle apni aurto ko halala se bachao ye bhi modi kar raha hai. agar sahi tum logo ka dna kiya jaye to pata nhi baap kon niklega,"ye manhoos hinduon ki diwali k chakkar mai har jaga ki aur quality kharab hogai, bharwe",abi to tm logon ny munafiqat nikalny ka zrurat nhi kia?
class2_batch006_sample011107,6,11107,2,Religious Hate,212107,216107,v3_original_demo_boundary_prompt,4-shot random authentic same-class,Shortlisted authentic RUHSOLD Religious Hate examples,118,kaafir tujhe kuch nai malum,wehshi darandy easai yahodi hindo islam amanka ka mazhab,ahmedi mirziee qadiyani hargiz kuleedi uhdu pe nhee janay chahien warna hmari agencies pe swalia nishan hey,lanat abbtknews k khilaf trend bnane walye yazeedion pe r bibi k dushmano p bhi,haqiqat se halala ki paidaish hoti hai aur woh koi nahi samjha sakta jo ye halala ne kehty hain k wo muslimon ko koi fasla na karwae
class2_batch006_sample011108,6,11108,2,Religious Hate,212108,216108,v3_original_demo_boundary_prompt,4-shot random authentic same-class,Shortlisted authentic RUHSOLD Religious Hate examples,118,q teri bhen ko chuda hy dewbandion ny ..harami ki nasal,get lost you kaafir.,benchod randi  islam,kisi randi maa ki olad ap ki hindu aurtain jab pooja karti hn tab wo bagwan ka lund mounh me b leti hn?,tere moutr me chor dya tha.  #auratmarch
class2_batch006_sample011109,6,11109,2,Religious Hate,212109,216109,v3_original_demo_boundary_prompt,4-shot random authentic same-class,Shortlisted authentic RUHSOLD Religious Hate examples,118,"bilkul,itny lecture milny hain jese christmas or new year pe milty hain ,kya apko pata bhi hai k kaafir janwaro k haqq main dua bhi nahi krni chahye",1 balatkari muslim 3 balatkari tera baap hindu h uske bare m kuch bol  be,"abbey halala ki paidaish, 5 baap ki aulaad. patthar baazi ke alawa kuchh kaam kara kabhi teri kaum ne ?",#stopisraeliterror   yahoodi mulk jisey israel ka naam diya gaya najaiz hai yahoodi sabse bada dahshatgard,ye halala aur triple talak se hi baat karte hain
class2_batch006_sample011110,6,11110,2,Religious Hate,212110,216110,v3_original_demo_boundary_prompt,4-shot random authentic same-class,Shortlisted authentic RUHSOLD Religious Hate examples,118,please all muslims come one page and unite  insha allah   yahoodi isreal finished all,chal fosdi ke mohammad kabile wale ki halala ki aulad,quaid azam was right ky hindu muslim kabhi sth nhi rhy sgty aaj hindu apni hasli shakl dekha rhy hn. agar kisi muslim ny aisa kia hota to india media ki maa mar gi hoti pr ab nhi boly gy. aagy ka ky yehi bol dn gy ky mentally disturb tha or case khtm .#jamia,ahmedi mirziee qadiyani hargiz kuleedi uhdu pe nhee janay chahien warna hmari agencies pe swalia nishan hey,qadiyani pti govt ko bachaya
class2_batch006_sample011111,6,11111,2,Religious Hate,212111,216111,v3_original_demo_boundary_prompt,4-shot random authentic same-class,Shortlisted authentic RUHSOLD Religious Hate examples,118,please don't share his obnoxious face to me. below is the image of the book rohani khzain from ahmedi's official website see what your evil messiah has declared god but you had said you have read the books of mirza and accepted him mehdi may god give you hidyath,yahoodi kabhi hamara dost nhi ho sakta,ye pagliya gyi h saali... kuttiya ye ab bhul gyi h jisne #halala or #teentlaaq se aazadi dilwayi usko bhul gyi h ye mullli....,tm jeso ki jb g**nd mari jaye na fir tm log thek rehty ho bc k bachy jb wo yahoodi lanti marty hn na wo muslim dekhty hn air kuch ni dekhty baki tm na toh apni pesh krni hoti ha unhy.,abey bhenchod indian army ka qurbani rakh lein..  kya tere baap ne mar diya tha tumhe? 😂
class2_batch006_sample011112,6,11112,2,Religious Hate,212112,216112,v3_original_demo_boundary_prompt,4-shot random authentic same-class,Shortlisted authentic RUHSOLD Religious Hate examples,118,or mujhe un ladkiyo se utni hi nafrat hai jo mullo se shadi karti hai jitni kisi normal hindu ko😡 or mujhe hindu ladko se bhi itni hi nafrat hai jo muslim ladkiyo se shadi karte hai... dharam me koi milawat mujhe pasand nahi,"ye manhoos hinduon ki diwali k chakkar mai har jaga ki aur quality kharab hogai, bharwe",q teri bhen ko chuda hy dewbandion ny ..harami ki nasal,imran qadyani yahoodi agent hy pti ki 18 bank account hy jis may qadyani yahoodi hondo ny funding ki hy . gold smith jimaima aneel musrst . atif miaan sub qadyani yahoodi hy,oy tera gurbani ke liye tujhe tu paida hona tha
class2_batch006_sample011113,6,11113,2,Religious Hate,212113,216113,v3_original_demo_boundary_prompt,4-shot random authentic same-class,Shortlisted authentic RUHSOLD Religious Hate examples,118,jisko bhi hindu ki chudai par shak hai to ek baar mujh se chudwa kar dekho sab bhram dur ho jayega,sirf momin aya to yahoodi kum nasal marny laggaye agr sawa crore momin agaye to sochen kya hoga?hamen jagna hoga,is cult  mein kisi boht hi pyare ko kho dene k baad uski qaber pe phool rakhna b jurm hai west mein qaberisat se phool chura k un ko sale kr k ahmdi chanda dia karte hain takey ragister se naam na kut jaye,hindu dharm ka matlab samajh pehle puppet khali bhaunk aur bhaunk iam enjoying ur bark 😂😂😂😂,ye kya bol raha hai islam k sath tumhein pata hai jo saari zindagi tumhara bhi ghar wala he hai
class2_batch006_sample011114,6,11114,2,Religious Hate,212114,216114,v3_original_demo_boundary_prompt,4-shot random authentic same-class,Shortlisted authentic RUHSOLD Religious Hate examples,118,sale halala molvi se tum karvao apni oorto ka or apni ma bahan ka bol heme rhe ho molvi kamre m apni bahan ko bej kar sina choda hota hoga tumhara,benchod randi  islam,chal fosdi ke mohammad kabile wale ki halala ki aulad,yes they are involved in bomb blast... halala and bakrigiri,teri maa k ghar mein jayga teri beti ky bachy
class2_batch006_sample011115,6,11115,2,Religious Hate,212115,216115,v3_original_demo_boundary_prompt,4-shot random authentic same-class,Shortlisted authentic RUHSOLD Religious Hate examples,118,halala ki padayish ho aap aur kya expect karenge hum aapse,that's for foolish act and the ahmedi you highlighted they were equal to jews for us so alhmdurallah we save quran ! . and about hindus and christians its was a false news !  and if it is real then show me !  if you don't have anything then shut up and run !,chhor bhen chod hrami hindu chhor esko😠😠😠,ye lode teri maa or bahan ke shohar hai or jyada bolega to de denge teri maa or bahan ko hum denge talaq or fir halala wow kya baat hai mullo wow lund chuss lo ðÿ˜œðÿ˜œðÿ˜œðÿ˜œ,sahi he pakistan mein yahodi agent hain sab
class2_batch006_sample011116,6,11116,2,Religious Hate,212116,216116,v3_original_demo_boundary_prompt,4-shot random authentic same-class,Shortlisted authentic RUHSOLD Religious Hate examples,118,abe halala ki paidaish..  tumhara to wajood hi 800 years purana hai..  jab bhagwan ram ko kagaj dikhane ki jarurat par gayi to tum kaun ho.. kagaj to dikhana hi parega.. #nrc_caa_npr,but we have a firm belief now that qadiyani and ahmedi neither want muslims nor pakistanis to live in a harmony,"tum vahi karo jo aata hai ,namaz or bakri chudai","malala the product of halala pehle burke se, halala se, bacche paida kerne se or gulami ki jindgi se to azadi lelo hindustaan se azadi to tumhare kukarm tumhe dilwa hi denge. kyuki terrorism failaoge to lat mar ke desh se bhagae jaoge. i am with my country and support caa, nrcðÿ˜‰.",sach mein to yehi soch raha tha. tu apni maa behno ko nahi bataya?
class2_batch006_sample011117,6,11117,2,Religious Hate,212117,216117,v3_original_demo_boundary_prompt,4-shot random authentic same-class,Shortlisted authentic RUHSOLD Religious Hate examples,118,ye bat tum yahoodi ko bolo atankwadi tum ho jo musalman se nafrat ki aag me insaniyat ke sabse bade dushman yahoodi ko support karte ho ye log to face to face mara hai unlog chote bache ka upar bom feka kisi aurat ya admi bacha ko goli mar diya wi bhi waha ke civilian hi hai,1 balatkari muslim 3 balatkari tera baap hindu h uske bare m kuch bol  be,qadiani ahmedi mirziee kaafir jo hen,"surprise!  surprise!  majority of the muslims are at just in different levels of ""usman khan"" ranging from mild to extreme (except ahmadiya may be, but they are not ""real muslims"")  that's from a person living in a country with 95% muslim    https://t.co/hq35u2xrrk,2009-05-25 17:25:26,sydney, new south wales",haan 😂😂😂😂 tu yahodi kashmir frosh
class2_batch006_sample011118,6,11118,2,Religious Hate,212118,216118,v3_original_demo_boundary_prompt,4-shot random authentic same-class,Shortlisted authentic RUHSOLD Religious Hate examples,118,"just the ten thousandth ""isolated"" instance of christian /jewish/hindu/ahmedi places of worship being attacked by crybabies who themselves can't handle some nutcase burning a book full of fiction stories.","tum vahi karo jo aata hai ,namaz or bakri chudai",please all muslims come one page and unite  insha allah   yahoodi isreal finished all,tm jeso ki jb g**nd mari jaye na fir tm log thek rehty ho bc k bachy jb wo yahoodi lanti marty hn na wo muslim dekhty hn air kuch ni dekhty baki tm na toh apni pesh krni hoti ha unhy.,abe tu charsi hai jaan se tera dimagh nikla hi nahi sakta
class2_batch006_sample011119,6,11119,2,Religious Hate,212119,216119,v3_original_demo_boundary_prompt,4-shot random authentic same-class,Shortlisted authentic RUHSOLD Religious Hate examples,118,phir in yahodi khanzeer logo ko pata chalaiga kai kia ta aur kia nahen ye sirf dajjal kai liye aisa kar rahai hain kyunkai ye yahodi log khazeer log dajjal ko apna leader samjhtai hain aur tumhara pura bollywood bollyminati ban chuka hain tumharai dimagh ko programming ki ja rah,abe bharwe tum hindu hi duniya k sub se bara atankwaz ho haramiyon bt krte ho hamare age tumhari country me hindu k elawa koi safe nhi he  tumhari country ka name isi liye  lynchistan he  isi king all the world,ahmdi is a non muslim biggest cheap religion ahmdi.,kaafir tujhe kuch nai malum,jinke baap ne jo mohabbat karta tha wo unko haramkhor bolta tha wahan se
class2_batch006_sample011120,6,11120,2,Religious Hate,212120,216120,v3_original_demo_boundary_prompt,4-shot random authentic same-class,Shortlisted authentic RUHSOLD Religious Hate examples,118,"insaniyat ko bache rahne do, jis mazhab me janwar ka gala ret ke khushi banti hai, jis mazhab me soorma logo ko 72 virgin ladkiya baati jaati, jo duniya pe kabze ke sapne dekhta ho us mazhab se duuri banane me hi insaniyat ki bhalayi hai.","gau mutr peeyo tum log lodu awkat bna phir aake muh lag, randwa saala",pislam me media ka estemal kerna haram hai  halala ki paidais,or mujhe un ladkiyo se utni hi nafrat hai jo mullo se shadi karti hai jitni kisi normal hindu ko😡 or mujhe hindu ladko se bhi itni hi nafrat hai jo muslim ladkiyo se shadi karte hai... dharam me koi milawat mujhe pasand nahi,aur yahan teri maa ki choot marwain ga kia
class2_batch006_sample011121,6,11121,2,Religious Hate,212121,216121,v3_original_demo_boundary_prompt,4-shot random authentic same-class,Shortlisted authentic RUHSOLD Religious Hate examples,118,iran shia mulk ha or ye munafik log han,kitane maulviyon ne tumhari ammi jaan ka halala kiya hoga tab jakar tum jaisa suar nikla hoga .. ye bhi to bta re mulle..,hey are fighting amongst each other. #bajwa is compromise candidate. thats only reason why he a ahmadiya is a coas.,yahoodi ko hitler ne chora or general ne in jaajoon ko chor k dhkya k ye kai hain.😂,abay saali hamare jaise muslims kehte hain na. hum apne sath hain auratmarch ki tarah bhag gai hain
class2_batch006_sample011122,6,11122,2,Religious Hate,212122,216122,v3_original_demo_boundary_prompt,4-shot random authentic same-class,Shortlisted authentic RUHSOLD Religious Hate examples,118,"waise madarso mein bahut achhi taaleem di jaati hai tum jihadi hijdo ko, asar dikh rha hai yahan, khud toh khud ki bhen chodte hi ho aur dusro ko bhi bhenchod samajhte ho.",q teri bhen ko chuda hy dewbandion ny ..harami ki nasal,ahmdi is a non muslim biggest cheap religion ahmdi.,"insaniyat ko bache rahne do, jis mazhab me janwar ka gala ret ke khushi banti hai, jis mazhab me soorma logo ko 72 virgin ladkiya baati jaati, jo duniya pe kabze ke sapne dekhta ho us mazhab se duuri banane me hi insaniyat ki bhalayi hai.",ye toh sher ka beta tha na
class2_batch006_sample011123,6,11123,2,Religious Hate,212123,216123,v3_original_demo_boundary_prompt,4-shot random authentic same-class,Shortlisted authentic RUHSOLD Religious Hate examples,118,or mujhe un ladkiyo se utni hi nafrat hai jo mullo se shadi karti hai jitni kisi normal hindu ko😡 or mujhe hindu ladko se bhi itni hi nafrat hai jo muslim ladkiyo se shadi karte hai... dharam me koi milawat mujhe pasand nahi,aor hamary hkmran in k sath mily huy en ....yahudi aor hindun hmary sb sy bry dushman en,hey are fighting amongst each other. #bajwa is compromise candidate. thats only reason why he a ahmadiya is a coas.,kabi bi nai jo sakta ya shia log pora ka pora yahodi hn,galiyan teri maa ki choot marunga bhenchod tere baap ne 500 saal peeche ke hukumat mein bethaya tha..jiske sath qadiyani hain..
class2_batch006_sample011124,6,11124,2,Religious Hate,212124,216124,v3_original_demo_boundary_prompt,4-shot random authentic same-class,Shortlisted authentic RUHSOLD Religious Hate examples,118,pehle america jaiga ue begairaat musliman kehlwane kai laiq nh pehle he logh kehty h eske bary me ye yahoodi hai,or mujhe un ladkiyo se utni hi nafrat hai jo mullo se shadi karti hai jitni kisi normal hindu ko😡 or mujhe hindu ladko se bhi itni hi nafrat hai jo muslim ladkiyo se shadi karte hai... dharam me koi milawat mujhe pasand nahi,"waise madarso mein bahut achhi taaleem di jaati hai tum jihadi hijdo ko, asar dikh rha hai yahan, khud toh khud ki bhen chodte hi ho aur dusro ko bhi bhenchod samajhte ho.",ho gaye hy aur han aj jo ye sekhon k liye kar raha hy ye whoi sekh hy jub pakistan azad howa tha aur muslmano ne jub india sa hijrat ki tub sub zada qatal muslim ko in sekhon ne kiya tha par afsos ap jesy log is yahodi e agent ko ek islami leader mante ho phir kasm khao k allah,ajeeb tareeqa hai or tujhe abhe gulam ka naam lga denge
class2_batch006_sample011125,6,11125,2,Religious Hate,212125,216125,v3_original_demo_boundary_prompt,4-shot random authentic same-class,Shortlisted authentic RUHSOLD Religious Hate examples,118,but we have a firm belief now that qadiyani and ahmedi neither want muslims nor pakistanis to live in a harmony,get lost you kaafir.,1 balatkari muslim 3 balatkari tera baap hindu h uske bare m kuch bol  be,wehshi darandy easai yahodi hindo islam amanka ka mazhab,hamid mir kisi ka ghar bhej raha ha woh jab tak apny sath ay ga wo aik khanzeer yahodi h
class2_batch006_sample011126,6,11126,2,Religious Hate,212126,216126,v3_original_demo_boundary_prompt,4-shot random authentic same-class,Shortlisted authentic RUHSOLD Religious Hate examples,118,kabi bi nai jo sakta ya shia log pora ka pora yahodi hn,"waise madarso mein bahut achhi taaleem di jaati hai tum jihadi hijdo ko, asar dikh rha hai yahan, khud toh khud ki bhen chodte hi ho aur dusro ko bhi bhenchod samajhte ho.",get lost you kaafir.,ahmdi is a non muslim biggest cheap religion ahmdi.,ye qadiyani hain
class2_batch006_sample011127,6,11127,2,Religious Hate,212127,216127,v3_original_demo_boundary_prompt,4-shot random authentic same-class,Shortlisted authentic RUHSOLD Religious Hate examples,118,abe mc mein bheju teri maa cow ka photo kat te hue bc. chod teri tarah andhbhakt nhi hu aur nhi illiterate.. go and drink cow piss.,jahil k bachy kahan likha h k gair mazhb sy nikaah jaiz ha... tmari gand me jo keera ha wo nhi merna... khoty khany waly... yahoodi kahan sy hogaey ahle kitaab ....tm.b yahoodi to nhi,get lost you kaafir.,kaafir tujhe kuch nai malum,apni ammi ko saare hindus ka pata ho or tum logo ki paidaish
class2_batch006_sample011128,6,11128,2,Religious Hate,212128,216128,v3_original_demo_boundary_prompt,4-shot random authentic same-class,Shortlisted authentic RUHSOLD Religious Hate examples,118,ye insan ik chaaal haaa dostoo .........zra smj k chliye gaa...sb jaanty hn qadyaani kaafir hn ......ye sb k sentiments gain kr rhaa haa......bad me ye apna chehra dikhiye gaaa fasad kii shkal me.....in chaaalo sy hosyar rhy baseerat paida kry sb apny andr.. shukria...,"abbey halala ki paidaish, 5 baap ki aulaad. patthar baazi ke alawa kuchh kaam kara kabhi teri kaum ne ?","just the ten thousandth ""isolated"" instance of christian /jewish/hindu/ahmedi places of worship being attacked by crybabies who themselves can't handle some nutcase burning a book full of fiction stories.",that's for foolish act and the ahmedi you highlighted they were equal to jews for us so alhmdurallah we save quran ! . and about hindus and christians its was a false news !  and if it is real then show me !  if you don't have anything then shut up and run !,sab bhenchod yahan
class2_batch006_sample011129,6,11129,2,Religious Hate,212129,216129,v3_original_demo_boundary_prompt,4-shot random authentic same-class,Shortlisted authentic RUHSOLD Religious Hate examples,118,tum log yahoodi ho kisi ko shuck nahi hona chaheye bus kafi hogae musalmanon ko aur dhoka na dou👹,tmri taraj animals ki potty n khate... tm jaake  bomb fodo jaake.......halala ke masala.  niklo.. yaha tm atankiyo k liy jagah ni h bhai. yaha atank n failaooo,"how did an ahmadiya get to the top in the army of sunnis, in the first place?",oy ahmdi kuty. tum log smjhty ho k is trah kr k hm awam ko pagl bnao gy?? beta bajwa ne tere jeso ko nanga nachana he sbr kr. kahi ni ja rha hmara army chief. tum logo ne agly 3 sal me ye duniya hi chor jani bajwa k dar se. ye army chief nahi pakistan ka muhafiz he.,wahan yahodi agent hain tu
class2_batch006_sample011130,6,11130,2,Religious Hate,212130,216130,v3_original_demo_boundary_prompt,4-shot random authentic same-class,Shortlisted authentic RUHSOLD Religious Hate examples,118,sirf momin aya to yahoodi kum nasal marny laggaye agr sawa crore momin agaye to sochen kya hoga?hamen jagna hoga,ye bat tum yahoodi ko bolo atankwadi tum ho jo musalman se nafrat ki aag me insaniyat ke sabse bade dushman yahoodi ko support karte ho ye log to face to face mara hai unlog chote bache ka upar bom feka kisi aurat ya admi bacha ko goli mar diya wi bhi waha ke civilian hi hai,get lost you kaafir.,tm jeso ki jb g**nd mari jaye na fir tm log thek rehty ho bc k bachy jb wo yahoodi lanti marty hn na wo muslim dekhty hn air kuch ni dekhty baki tm na toh apni pesh krni hoti ha unhy.,ye hmari sarkoon ko samjho nahi skti
class2_batch006_sample011131,6,11131,2,Religious Hate,212131,216131,v3_original_demo_boundary_prompt,4-shot random authentic same-class,Shortlisted authentic RUHSOLD Religious Hate examples,118,aye yahudiyo jitna zulm karna hai kar lo in sha allah woh din bhi zaroor aayega ke tumhe chun chun ke maara jayega yahan tak ke tum darakht ya pattharoñ ke piche chhup jaoge to bejan chizen bhi kahengi yahan yahoodi chhupa hai.hadees ka farman hai ho kar rahega #israeliterrorism,kutto ki tarah america maar raha hai tumhari kaum ko...aasmani kitab walo...israel roj filistin may maa chod raha hai tumhari.... pahle unse nipto....dare hue log😂😂,please all muslims come one page and unite  insha allah   yahoodi isreal finished all,chutiya azam ny kia kia ha ab tk sawa saal mein sirf 11600 arab ka izfa qarzoun mein kia or kuch nhi badlo apni soch ko yahodi na bano or ek muslim ki tarh socho,kuttay ka bachha yeh lanti hindu kashmir frosh
class2_batch006_sample011132,6,11132,2,Religious Hate,212132,216132,v3_original_demo_boundary_prompt,4-shot random authentic same-class,Shortlisted authentic RUHSOLD Religious Hate examples,118,hindoo wo qom ha jinper koi nabi koi kitaab nazil nahi hoi. ye to yahoodi se bhi bad tar hen,aor hamary hkmran in k sath mily huy en ....yahudi aor hindun hmary sb sy bry dushman en,hey are fighting amongst each other. #bajwa is compromise candidate. thats only reason why he a ahmadiya is a coas.,"obviously we muslims hate ahmedi's . 😡 we don't care whatever happens to them ! we just hate them. if their is oppression over other minorities in pakistan which is not usual alhamdolillah, then i condemn that.",aurat march ko support krny waly ghairat ka kuch ni hy aur us ki shakl hy jo apni maa ko chod rhy
class2_batch006_sample011133,6,11133,2,Religious Hate,212133,216133,v3_original_demo_boundary_prompt,4-shot random authentic same-class,Shortlisted authentic RUHSOLD Religious Hate examples,118,"insaniyat ko bache rahne do, jis mazhab me janwar ka gala ret ke khushi banti hai, jis mazhab me soorma logo ko 72 virgin ladkiya baati jaati, jo duniya pe kabze ke sapne dekhta ho us mazhab se duuri banane me hi insaniyat ki bhalayi hai.",sali muslims randi. jihadi sali,get lost you kaafir.,hindu dharm ka matlab samajh pehle puppet khali bhaunk aur bhaunk iam enjoying ur bark 😂😂😂😂,islamo se bachao yahan harami bhi hote hain
class2_batch006_sample011134,6,11134,2,Religious Hate,212134,216134,v3_original_demo_boundary_prompt,4-shot random authentic same-class,Shortlisted authentic RUHSOLD Religious Hate examples,118,kabi bi nai jo sakta ya shia log pora ka pora yahodi hn,"pta nhi kon si uni se graduate hote ho aap log jnha aesi wahiyat education di jati hðÿ˜‚ðÿ˜‚ðÿ˜‚ halala, gazwa-e-hind, camel urine or pta nhi kya kyaðÿ˜‚ðÿ˜‚ðÿ˜‚ðÿ¤£ðÿ¤£ðÿ¤£ðÿ¤£ðÿ‘ðÿ»",or mujhe un ladkiyo se utni hi nafrat hai jo mullo se shadi karti hai jitni kisi normal hindu ko😡 or mujhe hindu ladko se bhi itni hi nafrat hai jo muslim ladkiyo se shadi karte hai... dharam me koi milawat mujhe pasand nahi,well said.lanati hain ye qadyani kafir,rt : aam aadmi party k charsi hmara aik ghareeb aurat ke baap tha....
class2_batch006_sample011135,6,11135,2,Religious Hate,212135,216135,v3_original_demo_boundary_prompt,4-shot random authentic same-class,Shortlisted authentic RUHSOLD Religious Hate examples,118,hindu dharm ka matlab samajh pehle puppet khali bhaunk aur bhaunk iam enjoying ur bark 😂😂😂😂,"surprise!  surprise!  majority of the muslims are at just in different levels of ""usman khan"" ranging from mild to extreme (except ahmadiya may be, but they are not ""real muslims"")  that's from a person living in a country with 95% muslim    https://t.co/hq35u2xrrk,2009-05-25 17:25:26,sydney, new south wales",ye lode teri maa or bahan ke shohar hai or jyada bolega to de denge teri maa or bahan ko hum denge talaq or fir halala wow kya baat hai mullo wow lund chuss lo ðÿ˜œðÿ˜œðÿ˜œðÿ˜œ,dekh le madarch*d islam ka nanga naach..babri par fate hue bawaseer ki tarah bhaunk raha tha na..us par bhi ab apne manhoos muh se kuch hag de..blood cousins ke incest ki paidaish,oooo charsi
class2_batch006_sample011136,6,11136,2,Religious Hate,212136,216136,v3_original_demo_boundary_prompt,4-shot random authentic same-class,Shortlisted authentic RUHSOLD Religious Hate examples,118,"insaniyat ko bache rahne do, jis mazhab me janwar ka gala ret ke khushi banti hai, jis mazhab me soorma logo ko 72 virgin ladkiya baati jaati, jo duniya pe kabze ke sapne dekhta ho us mazhab se duuri banane me hi insaniyat ki bhalayi hai.",iran shia mulk ha or ye munafik log han,phir in yahodi khanzeer logo ko pata chalaiga kai kia ta aur kia nahen ye sirf dajjal kai liye aisa kar rahai hain kyunkai ye yahodi log khazeer log dajjal ko apna leader samjhtai hain aur tumhara pura bollywood bollyminati ban chuka hain tumharai dimagh ko programming ki ja rah,abe mc mein bheju teri maa cow ka photo kat te hue bc. chod teri tarah andhbhakt nhi hu aur nhi illiterate.. go and drink cow piss.,oo randi rona kya aapke sath
class2_batch006_sample011137,6,11137,2,Religious Hate,212137,216137,v3_original_demo_boundary_prompt,4-shot random authentic same-class,Shortlisted authentic RUHSOLD Religious Hate examples,118,"pta nhi kon si uni se graduate hote ho aap log jnha aesi wahiyat education di jati hðÿ˜‚ðÿ˜‚ðÿ˜‚ halala, gazwa-e-hind, camel urine or pta nhi kya kyaðÿ˜‚ðÿ˜‚ðÿ˜‚ðÿ¤£ðÿ¤£ðÿ¤£ðÿ¤£ðÿ‘ðÿ»",teri maa ka halala kra rha tha koi problem madarjat bhosdike mulle,phir in yahodi khanzeer logo ko pata chalaiga kai kia ta aur kia nahen ye sirf dajjal kai liye aisa kar rahai hain kyunkai ye yahodi log khazeer log dajjal ko apna leader samjhtai hain aur tumhara pura bollywood bollyminati ban chuka hain tumharai dimagh ko programming ki ja rah,or wahan tumhara jahanumi ahmedi jo naaowz billah nabi hona ka dawa dar tha wo wo case hara tha or court sa bhag gya tha.nabi pak p.b.u.h allah ka akhri nabi han or on ka bad koi nabi nahi ae ga.ya ak haqeqat ha jo quran ma bhi ha.or 1947 ma pak islam ka name par bana tha.,teri maa ki choot mai halala krte hue
class2_batch006_sample011138,6,11138,2,Religious Hate,212138,216138,v3_original_demo_boundary_prompt,4-shot random authentic same-class,Shortlisted authentic RUHSOLD Religious Hate examples,118,phir in yahodi khanzeer logo ko pata chalaiga kai kia ta aur kia nahen ye sirf dajjal kai liye aisa kar rahai hain kyunkai ye yahodi log khazeer log dajjal ko apna leader samjhtai hain aur tumhara pura bollywood bollyminati ban chuka hain tumharai dimagh ko programming ki ja rah,uff pakiza muslim randi 😉😍,tw kaafir tera peo kaafir tera pura khandaan kaafir ooo churry trump🐱🐱,that's for foolish act and the ahmedi you highlighted they were equal to jews for us so alhmdurallah we save quran ! . and about hindus and christians its was a false news !  and if it is real then show me !  if you don't have anything then shut up and run !,tumhari maa chod diya tha jisne tu wazir sikha dia ha
class2_batch006_sample011139,6,11139,2,Religious Hate,212139,216139,v3_original_demo_boundary_prompt,4-shot random authentic same-class,Shortlisted authentic RUHSOLD Religious Hate examples,118,tm jeso ki jb g**nd mari jaye na fir tm log thek rehty ho bc k bachy jb wo yahoodi lanti marty hn na wo muslim dekhty hn air kuch ni dekhty baki tm na toh apni pesh krni hoti ha unhy.,chal fosdi ke mohammad kabile wale ki halala ki aulad,please all muslims come one page and unite  insha allah   yahoodi isreal finished all,no no ...... hindu na kah mujhe ........islam bura maan jayega .......kaafir kah kaafir...,rt :  sharam aao ab is ko dikhane se pehle apne gandhi maro tum
class2_batch006_sample011140,6,11140,2,Religious Hate,212140,216140,v3_original_demo_boundary_prompt,4-shot random authentic same-class,Shortlisted authentic RUHSOLD Religious Hate examples,118,ahmedi mirziee qadiyani hargiz kuleedi uhdu pe nhee janay chahien warna hmari agencies pe swalia nishan hey,lul bukhari ye tum nahe tumaray yahoodi or hindu thuku bol rahay hain jin ko army sey bahot hi zeda takleef hai...🖕,jaa bhen k lory tum harrami ki nasal ho.. dewband maslak pe kutty ki tareh bhoonkty ho..,aor hamary hkmran in k sath mily huy en ....yahudi aor hindun hmary sb sy bry dushman en,aurat march walio bajwa ko apny baap ki tarah yaqeen ker rahey hain k is walo ne pashtoon walon ko israeli agents ke liye hejra kiya
class2_batch006_sample011141,6,11141,2,Religious Hate,212141,216141,v3_original_demo_boundary_prompt,4-shot random authentic same-class,Shortlisted authentic RUHSOLD Religious Hate examples,118,"afghanio ne tme hindu se bachaya,randi k aulaad tareekh paro tm wo ganda khoon ho,jo siko aour hindu ki rape se paida woe ho,tme kalima tho sikaya afghano ne,magar tmari gandi dna wai ranjeet sing wali a,randi k aulaad tm ne kah pana di,am pashtono ne di,apnay bio ko hera mandi","obviously we muslims hate ahmedi's . 😡 we don't care whatever happens to them ! we just hate them. if their is oppression over other minorities in pakistan which is not usual alhamdolillah, then i condemn that.",shia kaafir hai aur hum naam k musalmaan.,is cult  mein kisi boht hi pyare ko kho dene k baad uski qaber pe phool rakhna b jurm hai west mein qaberisat se phool chura k un ko sale kr k ahmdi chanda dia karte hain takey ragister se naam na kut jaye,ye kya log hain yahan
class2_batch006_sample011142,6,11142,2,Religious Hate,212142,216142,v3_original_demo_boundary_prompt,4-shot random authentic same-class,Shortlisted authentic RUHSOLD Religious Hate examples,118,q teri bhen ko chuda hy dewbandion ny ..harami ki nasal,that's for foolish act and the ahmedi you highlighted they were equal to jews for us so alhmdurallah we save quran ! . and about hindus and christians its was a false news !  and if it is real then show me !  if you don't have anything then shut up and run !,phir kehty hum bhot badry #muslim hn aur #ashaq_e_rasool sawm hain lanat hai un sab #haramio py jinho ny bibi fatima zahra ko shahheed kia aur #haq khaya 🖐🏻😡🐕 aur lanat un sab py jo un #haramio ky hamdard hain,kutto ki tarah america maar raha hai tumhari kaum ko...aasmani kitab walo...israel roj filistin may maa chod raha hai tumhari.... pahle unse nipto....dare hue log😂😂,tu abhi tk nikl na kisi aur yahodi agent ki nasal
class2_batch006_sample011143,6,11143,2,Religious Hate,212143,216143,v3_original_demo_boundary_prompt,4-shot random authentic same-class,Shortlisted authentic RUHSOLD Religious Hate examples,118,chal na randi ! we have spiritual connection with supreme leader imam khamnae !  we have our hearts and souls for holy cities of najaf and karbala !  dont give a fck to wahabi chutiyas,"path of cruelty , path of violence, path of halala , path of tripe talaq, path of marrying 6 years old aisha,path to discipline their wives by beating them,path of hurun,path of apostasy,path of punishable apostasy, path of beheading. what a pissful religion izlam is ðÿ‘","how did an ahmadiya get to the top in the army of sunnis, in the first place?",kitane maulviyon ne tumhari ammi jaan ka halala kiya hoga tab jakar tum jaisa suar nikla hoga .. ye bhi to bta re mulle..,allah kary yeh shakhs ko jannat mai pher nahi aayga...allah kary....khatir
class2_batch006_sample011144,6,11144,2,Religious Hate,212144,216144,v3_original_demo_boundary_prompt,4-shot random authentic same-class,Shortlisted authentic RUHSOLD Religious Hate examples,118,is cult  mein kisi boht hi pyare ko kho dene k baad uski qaber pe phool rakhna b jurm hai west mein qaberisat se phool chura k un ko sale kr k ahmdi chanda dia karte hain takey ragister se naam na kut jaye,that's for foolish act and the ahmedi you highlighted they were equal to jews for us so alhmdurallah we save quran ! . and about hindus and christians its was a false news !  and if it is real then show me !  if you don't have anything then shut up and run !,chutiya azam ny kia kia ha ab tk sawa saal mein sirf 11600 arab ka izfa qarzoun mein kia or kuch nhi badlo apni soch ko yahodi na bano or ek muslim ki tarh socho,no no ...... hindu na kah mujhe ........islam bura maan jayega .......kaafir kah kaafir...,yaar duniya m gali dyta hai koi aur he baat nahi
class2_batch006_sample011145,6,11145,2,Religious Hate,212145,216145,v3_original_demo_boundary_prompt,4-shot random authentic same-class,Shortlisted authentic RUHSOLD Religious Hate examples,118,"obviously we muslims hate ahmedi's . 😡 we don't care whatever happens to them ! we just hate them. if their is oppression over other minorities in pakistan which is not usual alhamdolillah, then i condemn that.",ho gaye hy aur han aj jo ye sekhon k liye kar raha hy ye whoi sekh hy jub pakistan azad howa tha aur muslmano ne jub india sa hijrat ki tub sub zada qatal muslim ko in sekhon ne kiya tha par afsos ap jesy log is yahodi e agent ko ek islami leader mante ho phir kasm khao k allah,"ye manhoos hinduon ki diwali k chakkar mai har jaga ki aur quality kharab hogai, bharwe",jisko bhi hindu ki chudai par shak hai to ek baar mujh se chudwa kar dekho sab bhram dur ho jayega,bhenchod pta nhi khanzeer yahodi or kaafir kaise jata ha
class2_batch006_sample011146,6,11146,2,Religious Hate,212146,216146,v3_original_demo_boundary_prompt,4-shot random authentic same-class,Shortlisted authentic RUHSOLD Religious Hate examples,118,ho gaye hy aur han aj jo ye sekhon k liye kar raha hy ye whoi sekh hy jub pakistan azad howa tha aur muslmano ne jub india sa hijrat ki tub sub zada qatal muslim ko in sekhon ne kiya tha par afsos ap jesy log is yahodi e agent ko ek islami leader mante ho phir kasm khao k allah,"afghanio ne tme hindu se bachaya,randi k aulaad tareekh paro tm wo ganda khoon ho,jo siko aour hindu ki rape se paida woe ho,tme kalima tho sikaya afghano ne,magar tmari gandi dna wai ranjeet sing wali a,randi k aulaad tm ne kah pana di,am pashtono ne di,apnay bio ko hera mandi",abe halala ki paidaish..  tumhara to wajood hi 800 years purana hai..  jab bhagwan ram ko kagaj dikhane ki jarurat par gayi to tum kaun ho.. kagaj to dikhana hi parega.. #nrc_caa_npr,plz sir hamy in say koi khtra nahi hamy is imran khan yahodi our kadiyanion say bachny pay gor karen pak army tayri azmat ko salam,randi k aulad tm k mazhab mein kisi ka khatam karo na
class2_batch006_sample011147,6,11147,2,Religious Hate,212147,216147,v3_original_demo_boundary_prompt,4-shot random authentic same-class,Shortlisted authentic RUHSOLD Religious Hate examples,118,qadiyani pe lanat mirza khinzeer harami pe lanat.,pehle america jaiga ue begairaat musliman kehlwane kai laiq nh pehle he logh kehty h eske bary me ye yahoodi hai,shia kaafir hai aur hum naam k musalmaan.,kafir yahodi kafir hindo same thinking,koi chutiya nahin h
class2_batch006_sample011148,6,11148,2,Religious Hate,212148,216148,v3_original_demo_boundary_prompt,4-shot random authentic same-class,Shortlisted authentic RUHSOLD Religious Hate examples,118,"abbey halala ki paidaish, 5 baap ki aulaad. patthar baazi ke alawa kuchh kaam kara kabhi teri kaum ne ?",chutiya azam ny kia kia ha ab tk sawa saal mein sirf 11600 arab ka izfa qarzoun mein kia or kuch nhi badlo apni soch ko yahodi na bano or ek muslim ki tarh socho,quaid azam was right ky hindu muslim kabhi sth nhi rhy sgty aaj hindu apni hasli shakl dekha rhy hn. agar kisi muslim ny aisa kia hota to india media ki maa mar gi hoti pr ab nhi boly gy. aagy ka ky yehi bol dn gy ky mentally disturb tha or case khtm .#jamia,wehshi darandy easai yahodi hindo islam amanka ka mazhab,abey jaatri randi
class2_batch006_sample011149,6,11149,2,Religious Hate,212149,216149,v3_original_demo_boundary_prompt,4-shot random authentic same-class,Shortlisted authentic RUHSOLD Religious Hate examples,118,lul bukhari ye tum nahe tumaray yahoodi or hindu thuku bol rahay hain jin ko army sey bahot hi zeda takleef hai...🖕,kitane maulviyon ne tumhari ammi jaan ka halala kiya hoga tab jakar tum jaisa suar nikla hoga .. ye bhi to bta re mulle..,abe mc mein bheju teri maa cow ka photo kat te hue bc. chod teri tarah andhbhakt nhi hu aur nhi illiterate.. go and drink cow piss.,yes they are involved in bomb blast... halala and bakrigiri,randi rona pehly dekho phir bhenchod
class2_batch006_sample011150,6,11150,2,Religious Hate,212150,216150,v3_original_demo_boundary_prompt,4-shot random authentic same-class,Shortlisted authentic RUHSOLD Religious Hate examples,118,yes they are involved in bomb blast... halala and bakrigiri,yahoodi kabhi hamara dost nhi ho sakta,aor hamary hkmran in k sath mily huy en ....yahudi aor hindun hmary sb sy bry dushman en,"bilkul,itny lecture milny hain jese christmas or new year pe milty hain ,kya apko pata bhi hai k kaafir janwaro k haqq main dua bhi nahi krni chahye",abey teri maa ki phudi mein lgat mat do kya khud hi haramzada hai tu
class2_batch006_sample011151,6,11151,2,Religious Hate,212151,216151,v3_original_demo_boundary_prompt,4-shot random authentic same-class,Shortlisted authentic RUHSOLD Religious Hate examples,118,sirf momin aya to yahoodi kum nasal marny laggaye agr sawa crore momin agaye to sochen kya hoga?hamen jagna hoga,israel yahoodi sabse bade atankwaadi hai,"not surprised comment came from ahmedi. tbh, i won't be surprised when some christians will argue that they r included in muslim category too. just bcoz they believe there is only one god.",o madadarchod: tum tu farigh ho aur yeh gashti tu waisay he sari raat jagti hay. o dallay o kanjar hum tu iran jatay hotay hain tu bata apni behan kitni baar mbs aur us kay wahabi sheikhon ko bhaijta hay.,haramkhor yahodi agent
class2_batch006_sample011152,6,11152,2,Religious Hate,212152,216152,v3_original_demo_boundary_prompt,4-shot random authentic same-class,Shortlisted authentic RUHSOLD Religious Hate examples,118,teri maa ka halala kra rha tha koi problem madarjat bhosdike mulle,"m firqa wariyat m nahi parhna chahta, muslims mjo ahktlaf hen wo apni jaga , lekin pichly 200 saal sy muslim is liye mar kha rhy hen k sunni shia wahabi dayobandi bla bla ,,yahodi or nasara ny na koi sunni mulk chora ha na koi shia,  wo bs yehi dekhtay ye muslman ha ..bs maro isk",jaa bhen k lory tum harrami ki nasal ho.. dewband maslak pe kutty ki tareh bhoonkty ho..,kutto ki tarah america maar raha hai tumhari kaum ko...aasmani kitab walo...israel roj filistin may maa chod raha hai tumhari.... pahle unse nipto....dare hue log😂😂,yahoodi agent aur uski sarkoon nikla jo hamary sath hi galtiya hai aur hamare khandani dushman he
class2_batch006_sample011153,6,11153,2,Religious Hate,212153,216153,v3_original_demo_boundary_prompt,4-shot random authentic same-class,Shortlisted authentic RUHSOLD Religious Hate examples,118,well said.lanati hain ye qadyani kafir,wow halala's product on fire as usual porkistaniðÿ˜‚ðÿ˜‚ðÿ˜‚,lant hy teri aagli pecchli tweet pe or tum pe or qadyanion pe or kuch ?,hey are fighting amongst each other. #bajwa is compromise candidate. thats only reason why he a ahmadiya is a coas.,bhenchod lanat ho yahodi agent
class2_batch006_sample011154,6,11154,2,Religious Hate,212154,216154,v3_original_demo_boundary_prompt,4-shot random authentic same-class,Shortlisted authentic RUHSOLD Religious Hate examples,118,#khuda ki qasam agar mey hota tu zinda nahe bach sakta ta muj sey ye beghairat kafir yahoodi.,sali muslims randi. jihadi sali,sirf momin aya to yahoodi kum nasal marny laggaye agr sawa crore momin agaye to sochen kya hoga?hamen jagna hoga,q teri bhen ko chuda hy dewbandion ny ..harami ki nasal,abay nai koi baat he pata nahi kisi ka dard hai 😂😂
class2_batch006_sample011155,6,11155,2,Religious Hate,212155,216155,v3_original_demo_boundary_prompt,4-shot random authentic same-class,Shortlisted authentic RUHSOLD Religious Hate examples,118,tw kaafir tera peo kaafir tera pura khandaan kaafir ooo churry trump🐱🐱,please all muslims come one page and unite  insha allah   yahoodi isreal finished all,bosdk yeh tumhare ghar me hota hai. saari k blouse me mote mote doodh dikhati firti hain tumhare dharam ki orate or hindu orat ko musalman ka l#nd aachaa lagta hai. yeh baat puri dunia janti hai,yahodi agent qadyani chamcha,haan haan  tum logon ne ye duniya dekh li hai 😂
class2_batch006_sample011156,6,11156,2,Religious Hate,212156,216156,v3_original_demo_boundary_prompt,4-shot random authentic same-class,Shortlisted authentic RUHSOLD Religious Hate examples,118,madarchod muslaman ki kaum madarchod saalo ka imaan nahi hai bheno ko chod te hai bhen ke lode harmazaade uskiye apni  maa ki chut bhi chodta hoga aur chuswata hoga logo se saare musalamaan raand ki olad islam ki maa ki chut,aye yahudiyo jitna zulm karna hai kar lo in sha allah woh din bhi zaroor aayega ke tumhe chun chun ke maara jayega yahan tak ke tum darakht ya pattharoñ ke piche chhup jaoge to bejan chizen bhi kahengi yahan yahoodi chhupa hai.hadees ka farman hai ho kar rahega #israeliterrorism,kabi bi nai jo sakta ya shia log pora ka pora yahodi hn,tumhri maa kk chodu sale apni maa ko chod ke paida hone wale randi ki aulad sale apni behan ko biwi bana ke rkhne wale muhammad ki nazayaj aulad,kabhi tu hi nai ghar bna k pakistan mein dekhle tere maa ki phudi mar diya tha
class2_batch006_sample011157,6,11157,2,Religious Hate,212157,216157,v3_original_demo_boundary_prompt,4-shot random authentic same-class,Shortlisted authentic RUHSOLD Religious Hate examples,118,wise halala ki paidaish tumse yhi ummid ki ja sakti hai madarsa chhhap suarðÿ˜‚ðÿ¤£ðÿ¤£ðÿ¤£ðÿ¤£,yahoodi ko hitler ne chora or general ne in jaajoon ko chor k dhkya k ye kai hain.😂,tm jeso ki jb g**nd mari jaye na fir tm log thek rehty ho bc k bachy jb wo yahoodi lanti marty hn na wo muslim dekhty hn air kuch ni dekhty baki tm na toh apni pesh krni hoti ha unhy.,apne profile mein whats app me fb twitter mein is bahadur nojawaan ki pic lga kr islam se or nabi ke din se mhbt ka izhaar kren or itna share kren ek yahoodi apne na pak iradoon se baaz ajaye is shakhs ne quraan pak ki hifazahat mein ek bhtareen mhbt ka jita jagta sabot dia hai,apne maa baap ko zameen dekh raha hai
class2_batch006_sample011158,6,11158,2,Religious Hate,212158,216158,v3_original_demo_boundary_prompt,4-shot random authentic same-class,Shortlisted authentic RUHSOLD Religious Hate examples,118,halala ki padayish ho aap aur kya expect karenge hum aapse,sunni killing a shia....what's new?  thank god he wasn't a ahmedi muslim otherwise the motive would have been to acquire a passport to migrate to western countries and continue their islamic jihadi work after retirement,"obviously we muslims hate ahmedi's . 😡 we don't care whatever happens to them ! we just hate them. if their is oppression over other minorities in pakistan which is not usual alhamdolillah, then i condemn that.",lant hy teri aagli pecchli tweet pe or tum pe or qadyanion pe or kuch ?,nai bhai.. tere baap ne hi ye kaha tha... hamari ammi ko dekh lete hain na..  #halala
class2_batch006_sample011159,6,11159,2,Religious Hate,212159,216159,v3_original_demo_boundary_prompt,4-shot random authentic same-class,Shortlisted authentic RUHSOLD Religious Hate examples,118,poocho hamarai imam sai kai quran mein kaha likha huwa hain aisai ye sirf yahodi khanzeer logo ki chaal hainmuslims ko badnaam karkai liye  zara socho na tumharai hinduism ko badnaam kyun nahen kartai islam kai peechai kyun parai huwai hain zara dimagh ko khol kai socho,yes they are involved in bomb blast... halala and bakrigiri,hindu sirf gooli ki zuban smjta ha,sale halala molvi se tum karvao apni oorto ka or apni ma bahan ka bol heme rhe ho molvi kamre m apni bahan ko bej kar sina choda hota hoga tumhara,wo muslims hai jisne india mein nashai kia tha abhi tak
class2_batch006_sample011160,6,11160,2,Religious Hate,212160,216160,v3_original_demo_boundary_prompt,4-shot random authentic same-class,Shortlisted authentic RUHSOLD Religious Hate examples,118,abe halala ki paidaish..  tumhara to wajood hi 800 years purana hai..  jab bhagwan ram ko kagaj dikhane ki jarurat par gayi to tum kaun ho.. kagaj to dikhana hi parega.. #nrc_caa_npr,"tum vahi karo jo aata hai ,namaz or bakri chudai",chutiya azam ny kia kia ha ab tk sawa saal mein sirf 11600 arab ka izfa qarzoun mein kia or kuch nhi badlo apni soch ko yahodi na bano or ek muslim ki tarh socho,tw kaafir tera peo kaafir tera pura khandaan kaafir ooo churry trump🐱🐱,rt : aur usmein ek sher bhi nahi hai kisi gandu kutta
class2_batch006_sample011161,6,11161,2,Religious Hate,212161,216161,v3_original_demo_boundary_prompt,4-shot random authentic same-class,Shortlisted authentic RUHSOLD Religious Hate examples,118,jahil k bachy kahan likha h k gair mazhb sy nikaah jaiz ha... tmari gand me jo keera ha wo nhi merna... khoty khany waly... yahoodi kahan sy hogaey ahle kitaab ....tm.b yahoodi to nhi,wehshi darandy easai yahodi hindo islam amanka ka mazhab,pehle america jaiga ue begairaat musliman kehlwane kai laiq nh pehle he logh kehty h eske bary me ye yahoodi hai,quaid azam was right ky hindu muslim kabhi sth nhi rhy sgty aaj hindu apni hasli shakl dekha rhy hn. agar kisi muslim ny aisa kia hota to india media ki maa mar gi hoti pr ab nhi boly gy. aagy ka ky yehi bol dn gy ky mentally disturb tha or case khtm .#jamia,yaar sab ko pta chly thi k hamry imran khan kya tareeqon se zinda ho skta ha.
class2_batch006_sample011162,6,11162,2,Religious Hate,212162,216162,v3_original_demo_boundary_prompt,4-shot random authentic same-class,Shortlisted authentic RUHSOLD Religious Hate examples,118,halala ki padayish ho aap aur kya expect karenge hum aapse,uff pakiza muslim randi 😉😍,ahmdi is a non muslim biggest cheap religion ahmdi.,iran shia mulk ha or ye munafik log han,bhenchod saali kutte
class2_batch006_sample011163,6,11163,2,Religious Hate,212163,216163,v3_original_demo_boundary_prompt,4-shot random authentic same-class,Shortlisted authentic RUHSOLD Religious Hate examples,118,"ye manhoos hinduon ki diwali k chakkar mai har jaga ki aur quality kharab hogai, bharwe",hindu sirf gooli ki zuban smjta ha,no no ...... hindu na kah mujhe ........islam bura maan jayega .......kaafir kah kaafir...,bus ya aur tafseel bataao  ahmdi aurtain beach pe bikini b pehnti hain  jalse aur ijlaas pe burqa b boht hai 🤫,bhenchod jitna ho sakta hai ye aulad ke muhabat mein nahi ata
class2_batch006_sample011164,6,11164,2,Religious Hate,212164,216164,v3_original_demo_boundary_prompt,4-shot random authentic same-class,Shortlisted authentic RUHSOLD Religious Hate examples,118,chhor bhen chod hrami hindu chhor esko😠😠😠,is cult  mein kisi boht hi pyare ko kho dene k baad uski qaber pe phool rakhna b jurm hai west mein qaberisat se phool chura k un ko sale kr k ahmdi chanda dia karte hain takey ragister se naam na kut jaye,iran shia mulk ha or ye munafik log han,yes they are involved in bomb blast... halala and bakrigiri,yar tumhari maa ka yaar yeh abhi tak ghar jata hai aur apni behn ki bacho ko aasman pahuchane ke liye paise de rahe ho.
class2_batch006_sample011165,6,11165,2,Religious Hate,212165,216165,v3_original_demo_boundary_prompt,4-shot random authentic same-class,Shortlisted authentic RUHSOLD Religious Hate examples,118,that's for foolish act and the ahmedi you highlighted they were equal to jews for us so alhmdurallah we save quran ! . and about hindus and christians its was a false news !  and if it is real then show me !  if you don't have anything then shut up and run !,lul bukhari ye tum nahe tumaray yahoodi or hindu thuku bol rahay hain jin ko army sey bahot hi zeda takleef hai...🖕,#khuda ki qasam agar mey hota tu zinda nahe bach sakta ta muj sey ye beghairat kafir yahoodi.,dekh le madarch*d islam ka nanga naach..babri par fate hue bawaseer ki tarah bhaunk raha tha na..us par bhi ab apne manhoos muh se kuch hag de..blood cousins ke incest ki paidaish,mnjy pata ha wo charsi
class2_batch006_sample011166,6,11166,2,Religious Hate,212166,216166,v3_original_demo_boundary_prompt,4-shot random authentic same-class,Shortlisted authentic RUHSOLD Religious Hate examples,118,bus ya aur tafseel bataao  ahmdi aurtain beach pe bikini b pehnti hain  jalse aur ijlaas pe burqa b boht hai 🤫,ho gaye hy aur han aj jo ye sekhon k liye kar raha hy ye whoi sekh hy jub pakistan azad howa tha aur muslmano ne jub india sa hijrat ki tub sub zada qatal muslim ko in sekhon ne kiya tha par afsos ap jesy log is yahodi e agent ko ek islami leader mante ho phir kasm khao k allah,please don't share his obnoxious face to me. below is the image of the book rohani khzain from ahmedi's official website see what your evil messiah has declared god but you had said you have read the books of mirza and accepted him mehdi may god give you hidyath,1 balatkari muslim 3 balatkari tera baap hindu h uske bare m kuch bol  be,chal sara ghar pakistani hi ho 😂
class2_batch006_sample011167,6,11167,2,Religious Hate,212167,216167,v3_original_demo_boundary_prompt,4-shot random authentic same-class,Shortlisted authentic RUHSOLD Religious Hate examples,118,"huh wut you say u imbecile, i shat on you...toh toh toh kaafir",teri maa ka halala kra rha tha koi problem madarjat bhosdike mulle,that nigga was yahoodi he probably lied to all the employees,yahoodi kabhi hamara dost nhi ho sakta,chutiye ye bharwe kehte hain ki hum logon ko pata hai islam kya hota hai aur islam ky baare mein sabke jhande pehna lete hain
class2_batch006_sample011168,6,11168,2,Religious Hate,212168,216168,v3_original_demo_boundary_prompt,4-shot random authentic same-class,Shortlisted authentic RUHSOLD Religious Hate examples,118,or mujhe un ladkiyo se utni hi nafrat hai jo mullo se shadi karti hai jitni kisi normal hindu ko😡 or mujhe hindu ladko se bhi itni hi nafrat hai jo muslim ladkiyo se shadi karte hai... dharam me koi milawat mujhe pasand nahi,tmri taraj animals ki potty n khate... tm jaake  bomb fodo jaake.......halala ke masala.  niklo.. yaha tm atankiyo k liy jagah ni h bhai. yaha atank n failaooo,meri tarbiyat yehi hai k jo amreca ko apna baap manta hai na wo muslman hai or na us s koi hanra taloq hai tum nasl e yazeedi ho masl e yahodi or yahoodio ki olad ho,abe jaana mullle sale bhikari !! halala k maje krwa apni maa ko,mera pyaar tera naam tha wo ek gulam tha aur tu ek musalmaan khanum
class2_batch006_sample011169,6,11169,2,Religious Hate,212169,216169,v3_original_demo_boundary_prompt,4-shot random authentic same-class,Shortlisted authentic RUHSOLD Religious Hate examples,118,kisi randi maa ki olad ap ki hindu aurtain jab pooja karti hn tab wo bagwan ka lund mounh me b leti hn?,hindu sirf gooli ki zuban smjta ha,"gau mutr peeyo tum log lodu awkat bna phir aake muh lag, randwa saala",shia kaafir hai aur hum naam k musalmaan.,hahaha yar chutiye mujhe ye ghastiya dikh rha tha
class2_batch006_sample011170,6,11170,2,Religious Hate,212170,216170,v3_original_demo_boundary_prompt,4-shot random authentic same-class,Shortlisted authentic RUHSOLD Religious Hate examples,118,q teri bhen ko chuda hy dewbandion ny ..harami ki nasal,dekh le madarch*d islam ka nanga naach..babri par fate hue bawaseer ki tarah bhaunk raha tha na..us par bhi ab apne manhoos muh se kuch hag de..blood cousins ke incest ki paidaish,please all muslims come one page and unite  insha allah   yahoodi isreal finished all,please sell up you yahoodi bastards,mera jism meri marzi hein tu batao hain kis ka hai
class2_batch006_sample011171,6,11171,2,Religious Hate,212171,216171,v3_original_demo_boundary_prompt,4-shot random authentic same-class,Shortlisted authentic RUHSOLD Religious Hate examples,118,"gau mutr peeyo tum log lodu awkat bna phir aake muh lag, randwa saala","bilkul,itny lecture milny hain jese christmas or new year pe milty hain ,kya apko pata bhi hai k kaafir janwaro k haqq main dua bhi nahi krni chahye",qadiani ahmedi mirziee kaafir jo hen,hindu dharm ka matlab samajh pehle puppet khali bhaunk aur bhaunk iam enjoying ur bark 😂😂😂😂,ab yeh bheekh kehty hai ghatya nasal ko mazaq nikalna
class2_batch006_sample011172,6,11172,2,Religious Hate,212172,216172,v3_original_demo_boundary_prompt,4-shot random authentic same-class,Shortlisted authentic RUHSOLD Religious Hate examples,118,dekh le madarch*d islam ka nanga naach..babri par fate hue bawaseer ki tarah bhaunk raha tha na..us par bhi ab apne manhoos muh se kuch hag de..blood cousins ke incest ki paidaish,or mujhe un ladkiyo se utni hi nafrat hai jo mullo se shadi karti hai jitni kisi normal hindu ko😡 or mujhe hindu ladko se bhi itni hi nafrat hai jo muslim ladkiyo se shadi karte hai... dharam me koi milawat mujhe pasand nahi,"tum vahi karo jo aata hai ,namaz or bakri chudai",yes they are involved in bomb blast... halala and bakrigiri,o ye bharwe najaiz hein ghatia
class2_batch006_sample011173,6,11173,2,Religious Hate,212173,216173,v3_original_demo_boundary_prompt,4-shot random authentic same-class,Shortlisted authentic RUHSOLD Religious Hate examples,118,ye lode teri maa or bahan ke shohar hai or jyada bolega to de denge teri maa or bahan ko hum denge talaq or fir halala wow kya baat hai mullo wow lund chuss lo ðÿ˜œðÿ˜œðÿ˜œðÿ˜œ,please all muslims come one page and unite  insha allah   yahoodi isreal finished all,but we have a firm belief now that qadiyani and ahmedi neither want muslims nor pakistanis to live in a harmony,jahil k bachy kahan likha h k gair mazhb sy nikaah jaiz ha... tmari gand me jo keera ha wo nhi merna... khoty khany waly... yahoodi kahan sy hogaey ahle kitaab ....tm.b yahoodi to nhi,oye yahodi agent
class2_batch006_sample011174,6,11174,2,Religious Hate,212174,216174,v3_original_demo_boundary_prompt,4-shot random authentic same-class,Shortlisted authentic RUHSOLD Religious Hate examples,118,"pta nhi kon si uni se graduate hote ho aap log jnha aesi wahiyat education di jati hðÿ˜‚ðÿ˜‚ðÿ˜‚ halala, gazwa-e-hind, camel urine or pta nhi kya kyaðÿ˜‚ðÿ˜‚ðÿ˜‚ðÿ¤£ðÿ¤£ðÿ¤£ðÿ¤£ðÿ‘ðÿ»",ye lode teri maa or bahan ke shohar hai or jyada bolega to de denge teri maa or bahan ko hum denge talaq or fir halala wow kya baat hai mullo wow lund chuss lo ðÿ˜œðÿ˜œðÿ˜œðÿ˜œ,"surprise!  surprise!  majority of the muslims are at just in different levels of ""usman khan"" ranging from mild to extreme (except ahmadiya may be, but they are not ""real muslims"")  that's from a person living in a country with 95% muslim    https://t.co/hq35u2xrrk,2009-05-25 17:25:26,sydney, new south wales",#stopisraeliterror   yahoodi mulk jisey israel ka naam diya gaya najaiz hai yahoodi sabse bada dahshatgard,tu hi koi ni batain duniya mein aur jo ek musalmanon ki aulad hein wo samaj nahi sakte
class2_batch006_sample011175,6,11175,2,Religious Hate,212175,216175,v3_original_demo_boundary_prompt,4-shot random authentic same-class,Shortlisted authentic RUHSOLD Religious Hate examples,118,kutto ki tarah america maar raha hai tumhari kaum ko...aasmani kitab walo...israel roj filistin may maa chod raha hai tumhari.... pahle unse nipto....dare hue log😂😂,o madadarchod: tum tu farigh ho aur yeh gashti tu waisay he sari raat jagti hay. o dallay o kanjar hum tu iran jatay hotay hain tu bata apni behan kitni baar mbs aur us kay wahabi sheikhon ko bhaijta hay.,abe jaana mullle sale bhikari !! halala k maje krwa apni maa ko,q teri bhen ko chuda hy dewbandion ny ..harami ki nasal,sharm nahi atyegi tera najaiz koi chutiya larkian sy
class2_batch006_sample011176,6,11176,2,Religious Hate,212176,216176,v3_original_demo_boundary_prompt,4-shot random authentic same-class,Shortlisted authentic RUHSOLD Religious Hate examples,118,ye bat tum yahoodi ko bolo atankwadi tum ho jo musalman se nafrat ki aag me insaniyat ke sabse bade dushman yahoodi ko support karte ho ye log to face to face mara hai unlog chote bache ka upar bom feka kisi aurat ya admi bacha ko goli mar diya wi bhi waha ke civilian hi hai,ahmedi mirziee qadiyani hargiz kuleedi uhdu pe nhee janay chahien warna hmari agencies pe swalia nishan hey,chal fosdi ke mohammad kabile wale ki halala ki aulad,oy ahmdi kuty. tum log smjhty ho k is trah kr k hm awam ko pagl bnao gy?? beta bajwa ne tere jeso ko nanga nachana he sbr kr. kahi ni ja rha hmara army chief. tum logo ne agly 3 sal me ye duniya hi chor jani bajwa k dar se. ye army chief nahi pakistan ka muhafiz he.,"sahab, humne apni madad krwaye ga. ye kiske baare mein bat hogi?"
class2_batch006_sample011177,6,11177,2,Religious Hate,212177,216177,v3_original_demo_boundary_prompt,4-shot random authentic same-class,Shortlisted authentic RUHSOLD Religious Hate examples,118,"abbey halala ki paidaish, 5 baap ki aulaad. patthar baazi ke alawa kuchh kaam kara kabhi teri kaum ne ?",benchod randi  islam,hindu sirf gooli ki zuban smjta ha,tm jeso ki jb g**nd mari jaye na fir tm log thek rehty ho bc k bachy jb wo yahoodi lanti marty hn na wo muslim dekhty hn air kuch ni dekhty baki tm na toh apni pesh krni hoti ha unhy.,rt : randi k bache haramiyon ko sikhna chale ga
class2_batch006_sample011178,6,11178,2,Religious Hate,212178,216178,v3_original_demo_boundary_prompt,4-shot random authentic same-class,Shortlisted authentic RUHSOLD Religious Hate examples,118,pehle apni aurto ko halala se bachao ye bhi modi kar raha hai. agar sahi tum logo ka dna kiya jaye to pata nhi baap kon niklega,in beghairto israel yahodi khanzeer kai bacho nai kia kuch nahen kia hain lekhin alhamdulillah islam wahid deen jo mohabbat sikhati hain nakai nafrat aur ye sab sai tezi sai phelta huwa deen hain is liye inko jalan ho rahi hain aur har koshish kar bhe chukai hain aur kar bhe,yahoodi kabhi hamara dost nhi ho sakta,"ye manhoos hinduon ki diwali k chakkar mai har jaga ki aur quality kharab hogai, bharwe",gandi nasal haramkhor haramiyon ne islam per firqa banaya tha aur islam per kharab karni kya baat hai
class2_batch006_sample011179,6,11179,2,Religious Hate,212179,216179,v3_original_demo_boundary_prompt,4-shot random authentic same-class,Shortlisted authentic RUHSOLD Religious Hate examples,118,is cult  mein kisi boht hi pyare ko kho dene k baad uski qaber pe phool rakhna b jurm hai west mein qaberisat se phool chura k un ko sale kr k ahmdi chanda dia karte hain takey ragister se naam na kut jaye,"bilkul,itny lecture milny hain jese christmas or new year pe milty hain ,kya apko pata bhi hai k kaafir janwaro k haqq main dua bhi nahi krni chahye",sale halala molvi se tum karvao apni oorto ka or apni ma bahan ka bol heme rhe ho molvi kamre m apni bahan ko bej kar sina choda hota hoga tumhara,tm jeso ki jb g**nd mari jaye na fir tm log thek rehty ho bc k bachy jb wo yahoodi lanti marty hn na wo muslim dekhty hn air kuch ni dekhty baki tm na toh apni pesh krni hoti ha unhy.,aur jo ye imran niazi ke liye halala k liye paida huwa tha woh apne pakistan mein bhi chora hua aur tere pas koi harami ni hai
class2_batch006_sample011180,6,11180,2,Religious Hate,212180,216180,v3_original_demo_boundary_prompt,4-shot random authentic same-class,Shortlisted authentic RUHSOLD Religious Hate examples,118,tmri taraj animals ki potty n khate... tm jaake  bomb fodo jaake.......halala ke masala.  niklo.. yaha tm atankiyo k liy jagah ni h bhai. yaha atank n failaooo,q teri bhen ko chuda hy dewbandion ny ..harami ki nasal,imran qadyani yahoodi agent hy pti ki 18 bank account hy jis may qadyani yahoodi hondo ny funding ki hy . gold smith jimaima aneel musrst . atif miaan sub qadyani yahoodi hy,abe mc mein bheju teri maa cow ka photo kat te hue bc. chod teri tarah andhbhakt nhi hu aur nhi illiterate.. go and drink cow piss.,tumhari tarah gand maro tera baap halala wali randi k sath tha
class2_batch006_sample011181,6,11181,2,Religious Hate,212181,216181,v3_original_demo_boundary_prompt,4-shot random authentic same-class,Shortlisted authentic RUHSOLD Religious Hate examples,118,well said.lanati hain ye qadyani kafir,"bilkul,itny lecture milny hain jese christmas or new year pe milty hain ,kya apko pata bhi hai k kaafir janwaro k haqq main dua bhi nahi krni chahye",aor hamary hkmran in k sath mily huy en ....yahudi aor hindun hmary sb sy bry dushman en,pislam me media ka estemal kerna haram hai  halala ki paidais,"oooo i am so sorry, this is my first time posting anything on twitter, i just wanted to ask if they were muslims or not, but now i have understood it was a mistake, i apologize for any hurt feelings, plz forgive me"
class2_batch006_sample011182,6,11182,2,Religious Hate,212182,216182,v3_original_demo_boundary_prompt,4-shot random authentic same-class,Shortlisted authentic RUHSOLD Religious Hate examples,118,yes they are involved in bomb blast... halala and bakrigiri,ye pagliya gyi h saali... kuttiya ye ab bhul gyi h jisne #halala or #teentlaaq se aazadi dilwayi usko bhul gyi h ye mullli....,tumhri maa kk chodu sale apni maa ko chod ke paida hone wale randi ki aulad sale apni behan ko biwi bana ke rkhne wale muhammad ki nazayaj aulad,"path of cruelty , path of violence, path of halala , path of tripe talaq, path of marrying 6 years old aisha,path to discipline their wives by beating them,path of hurun,path of apostasy,path of punishable apostasy, path of beheading. what a pissful religion izlam is ðÿ‘",ye jo logon ne sikhaya hai kisi yahodi agent ho mulla ka larkiyo ko biwi banane waloon ko qabil kar dene waala he.
class2_batch006_sample011183,6,11183,2,Religious Hate,212183,216183,v3_original_demo_boundary_prompt,4-shot random authentic same-class,Shortlisted authentic RUHSOLD Religious Hate examples,118,"surprise!  surprise!  majority of the muslims are at just in different levels of ""usman khan"" ranging from mild to extreme (except ahmadiya may be, but they are not ""real muslims"")  that's from a person living in a country with 95% muslim    https://t.co/hq35u2xrrk,2009-05-25 17:25:26,sydney, new south wales",kaafir tujhe kuch nai malum,"pta nhi kon si uni se graduate hote ho aap log jnha aesi wahiyat education di jati hðÿ˜‚ðÿ˜‚ðÿ˜‚ halala, gazwa-e-hind, camel urine or pta nhi kya kyaðÿ˜‚ðÿ˜‚ðÿ˜‚ðÿ¤£ðÿ¤£ðÿ¤£ðÿ¤£ðÿ‘ðÿ»","bilkul,itny lecture milny hain jese christmas or new year pe milty hain ,kya apko pata bhi hai k kaafir janwaro k haqq main dua bhi nahi krni chahye",teri maa ki phudi mein tere baap ne usko zaleel karwaya tha or tu harami ky bacha
class2_batch006_sample011184,6,11184,2,Religious Hate,212184,216184,v3_original_demo_boundary_prompt,4-shot random authentic same-class,Shortlisted authentic RUHSOLD Religious Hate examples,118,israel yahoodi sabse bade atankwaadi hai,hindu dharm ka matlab samajh pehle puppet khali bhaunk aur bhaunk iam enjoying ur bark 😂😂😂😂,wehshi darandy easai yahodi hindo islam amanka ka mazhab,bosdk yeh tumhare ghar me hota hai. saari k blouse me mote mote doodh dikhati firti hain tumhare dharam ki orate or hindu orat ko musalman ka l#nd aachaa lagta hai. yeh baat puri dunia janti hai,chutiye tujhe pata hi nahi..yahan apni maa behn se chat karte ho
class2_batch006_sample011185,6,11185,2,Religious Hate,212185,216185,v3_original_demo_boundary_prompt,4-shot random authentic same-class,Shortlisted authentic RUHSOLD Religious Hate examples,118,chal na randi ! we have spiritual connection with supreme leader imam khamnae !  we have our hearts and souls for holy cities of najaf and karbala !  dont give a fck to wahabi chutiyas,is cult  mein kisi boht hi pyare ko kho dene k baad uski qaber pe phool rakhna b jurm hai west mein qaberisat se phool chura k un ko sale kr k ahmdi chanda dia karte hain takey ragister se naam na kut jaye,sirf momin aya to yahoodi kum nasal marny laggaye agr sawa crore momin agaye to sochen kya hoga?hamen jagna hoga,#stopisraeliterror   yahoodi mulk jisey israel ka naam diya gaya najaiz hai yahoodi sabse bada dahshatgard,i'd say no but since you are an ahmedi then yeah.
class2_batch006_sample011186,6,11186,2,Religious Hate,212186,216186,v3_original_demo_boundary_prompt,4-shot random authentic same-class,Shortlisted authentic RUHSOLD Religious Hate examples,118,halala ki padayish ho aap aur kya expect karenge hum aapse,wow halala's product on fire as usual porkistaniðÿ˜‚ðÿ˜‚ðÿ˜‚,imran qadyani yahoodi agent hy pti ki 18 bank account hy jis may qadyani yahoodi hondo ny funding ki hy . gold smith jimaima aneel musrst . atif miaan sub qadyani yahoodi hy,ye lode teri maa or bahan ke shohar hai or jyada bolega to de denge teri maa or bahan ko hum denge talaq or fir halala wow kya baat hai mullo wow lund chuss lo ðÿ˜œðÿ˜œðÿ˜œðÿ˜œ,apni aukaat na kar raha tha wo khud kha raha tha
class2_batch006_sample011187,6,11187,2,Religious Hate,212187,216187,v3_original_demo_boundary_prompt,4-shot random authentic same-class,Shortlisted authentic RUHSOLD Religious Hate examples,118,"waise madarso mein bahut achhi taaleem di jaati hai tum jihadi hijdo ko, asar dikh rha hai yahan, khud toh khud ki bhen chodte hi ho aur dusro ko bhi bhenchod samajhte ho.",that's for foolish act and the ahmedi you highlighted they were equal to jews for us so alhmdurallah we save quran ! . and about hindus and christians its was a false news !  and if it is real then show me !  if you don't have anything then shut up and run !,get lost you kaafir.,qadiani ahmedi mirziee kaafir jo hen,bahanchod tu jab tak apne baap ka naam nahi samjh sakta tab tak tere jaisa naya pyaara hai
class2_batch006_sample011188,6,11188,2,Religious Hate,212188,216188,v3_original_demo_boundary_prompt,4-shot random authentic same-class,Shortlisted authentic RUHSOLD Religious Hate examples,118,iran shia mulk ha or ye munafik log han,sali muslims randi. jihadi sali,another endian hijra coward hindu terrorist army soldier dispatched to shamshangarh by pakistan army i want more endian hindu terrorist dead so keep it up pakistan,meri tarbiyat yehi hai k jo amreca ko apna baap manta hai na wo muslman hai or na us s koi hanra taloq hai tum nasl e yazeedi ho masl e yahodi or yahoodio ki olad ho,allahu apko barabar naraaz kar diya.
class2_batch006_sample011189,6,11189,2,Religious Hate,212189,216189,v3_original_demo_boundary_prompt,4-shot random authentic same-class,Shortlisted authentic RUHSOLD Religious Hate examples,118,aye yahudiyo jitna zulm karna hai kar lo in sha allah woh din bhi zaroor aayega ke tumhe chun chun ke maara jayega yahan tak ke tum darakht ya pattharoñ ke piche chhup jaoge to bejan chizen bhi kahengi yahan yahoodi chhupa hai.hadees ka farman hai ho kar rahega #israeliterrorism,phir kehty hum bhot badry #muslim hn aur #ashaq_e_rasool sawm hain lanat hai un sab #haramio py jinho ny bibi fatima zahra ko shahheed kia aur #haq khaya 🖐🏻😡🐕 aur lanat un sab py jo un #haramio ky hamdard hain,"ye manhoos hinduon ki diwali k chakkar mai har jaga ki aur quality kharab hogai, bharwe",sunni killing a shia....what's new?  thank god he wasn't a ahmedi muslim otherwise the motive would have been to acquire a passport to migrate to western countries and continue their islamic jihadi work after retirement,kutte tu abhi tk na gaya tha?
class2_batch006_sample011190,6,11190,2,Religious Hate,212190,216190,v3_original_demo_boundary_prompt,4-shot random authentic same-class,Shortlisted authentic RUHSOLD Religious Hate examples,118,"tum vahi karo jo aata hai ,namaz or bakri chudai","insaniyat ko bache rahne do, jis mazhab me janwar ka gala ret ke khushi banti hai, jis mazhab me soorma logo ko 72 virgin ladkiya baati jaati, jo duniya pe kabze ke sapne dekhta ho us mazhab se duuri banane me hi insaniyat ki bhalayi hai.",plz sir hamy in say koi khtra nahi hamy is imran khan yahodi our kadiyanion say bachny pay gor karen pak army tayri azmat ko salam,"gau mutr peeyo tum log lodu awkat bna phir aake muh lag, randwa saala","ye yad rakhna chaheye kia na yahoodi agent imran chore zakat ka sara amount gandgi mein dalta hai,"
class2_batch006_sample011191,6,11191,2,Religious Hate,212191,216191,v3_original_demo_boundary_prompt,4-shot random authentic same-class,Shortlisted authentic RUHSOLD Religious Hate examples,118,phir in yahodi khanzeer logo ko pata chalaiga kai kia ta aur kia nahen ye sirf dajjal kai liye aisa kar rahai hain kyunkai ye yahodi log khazeer log dajjal ko apna leader samjhtai hain aur tumhara pura bollywood bollyminati ban chuka hain tumharai dimagh ko programming ki ja rah,"huh wut you say u imbecile, i shat on you...toh toh toh kaafir",kutto ki tarah america maar raha hai tumhari kaum ko...aasmani kitab walo...israel roj filistin may maa chod raha hai tumhari.... pahle unse nipto....dare hue log😂😂,quaid azam was right ky hindu muslim kabhi sth nhi rhy sgty aaj hindu apni hasli shakl dekha rhy hn. agar kisi muslim ny aisa kia hota to india media ki maa mar gi hoti pr ab nhi boly gy. aagy ka ky yehi bol dn gy ky mentally disturb tha or case khtm .#jamia,#stopgenocideonmuslims   #israelelection2019  #israeliterrorism #halabja_massacre #deir_ezzor_attacks #idlib #syria #palestine #hezbollah #ira
class2_batch006_sample011192,6,11192,2,Religious Hate,212192,216192,v3_original_demo_boundary_prompt,4-shot random authentic same-class,Shortlisted authentic RUHSOLD Religious Hate examples,118,in beghairto israel yahodi khanzeer kai bacho nai kia kuch nahen kia hain lekhin alhamdulillah islam wahid deen jo mohabbat sikhati hain nakai nafrat aur ye sab sai tezi sai phelta huwa deen hain is liye inko jalan ho rahi hain aur har koshish kar bhe chukai hain aur kar bhe,"path of cruelty , path of violence, path of halala , path of tripe talaq, path of marrying 6 years old aisha,path to discipline their wives by beating them,path of hurun,path of apostasy,path of punishable apostasy, path of beheading. what a pissful religion izlam is ðÿ‘","m firqa wariyat m nahi parhna chahta, muslims mjo ahktlaf hen wo apni jaga , lekin pichly 200 saal sy muslim is liye mar kha rhy hen k sunni shia wahabi dayobandi bla bla ,,yahodi or nasara ny na koi sunni mulk chora ha na koi shia,  wo bs yehi dekhtay ye muslman ha ..bs maro isk",kitane maulviyon ne tumhari ammi jaan ka halala kiya hoga tab jakar tum jaisa suar nikla hoga .. ye bhi to bta re mulle..,abhi tak ye logon ko pata ni keh diya tha ke unka baap hai... kutte se akhrot todne ka kam ye yahoodi agent hai
class2_batch006_sample011193,6,11193,2,Religious Hate,212193,216193,v3_original_demo_boundary_prompt,4-shot random authentic same-class,Shortlisted authentic RUHSOLD Religious Hate examples,118,"rt : q. woh kaun si qome he,jis ne such bhi bola phr bhi jahnum mein jayegi? ans: yahoodi or nasara qome. shahid sindh",imran qadyani yahoodi agent hy pti ki 18 bank account hy jis may qadyani yahoodi hondo ny funding ki hy . gold smith jimaima aneel musrst . atif miaan sub qadyani yahoodi hy,qadiyani pe lanat mirza khinzeer harami pe lanat.,"m firqa wariyat m nahi parhna chahta, muslims mjo ahktlaf hen wo apni jaga , lekin pichly 200 saal sy muslim is liye mar kha rhy hen k sunni shia wahabi dayobandi bla bla ,,yahodi or nasara ny na koi sunni mulk chora ha na koi shia,  wo bs yehi dekhtay ye muslman ha ..bs maro isk","bajwa qadyani hy, imran qadyani hy, nawaz shareef qadyani hy, bajwa shamsi qadyani hy, sana ul rehman qadyani hy, zulfi bokhari qadyani hy, y"
class2_batch006_sample011194,6,11194,2,Religious Hate,212194,216194,v3_original_demo_boundary_prompt,4-shot random authentic same-class,Shortlisted authentic RUHSOLD Religious Hate examples,118,"waise madarso mein bahut achhi taaleem di jaati hai tum jihadi hijdo ko, asar dikh rha hai yahan, khud toh khud ki bhen chodte hi ho aur dusro ko bhi bhenchod samajhte ho.",wow halala's product on fire as usual porkistaniðÿ˜‚ðÿ˜‚ðÿ˜‚,get lost you kaafir.,kitane maulviyon ne tumhari ammi jaan ka halala kiya hoga tab jakar tum jaisa suar nikla hoga .. ye bhi to bta re mulle..,abe kanjar sach mein gandu insaan ke liye jo tere maa baap ne chutiya banaya hua hai tu unki maa chood dega yaar
class2_batch006_sample011195,6,11195,2,Religious Hate,212195,216195,v3_original_demo_boundary_prompt,4-shot random authentic same-class,Shortlisted authentic RUHSOLD Religious Hate examples,118,please all muslims come one page and unite  insha allah   yahoodi isreal finished all,"obviously we muslims hate ahmedi's . 😡 we don't care whatever happens to them ! we just hate them. if their is oppression over other minorities in pakistan which is not usual alhamdolillah, then i condemn that.",tmri taraj animals ki potty n khate... tm jaake  bomb fodo jaake.......halala ke masala.  niklo.. yaha tm atankiyo k liy jagah ni h bhai. yaha atank n failaooo,o madadarchod: tum tu farigh ho aur yeh gashti tu waisay he sari raat jagti hay. o dallay o kanjar hum tu iran jatay hotay hain tu bata apni behan kitni baar mbs aur us kay wahabi sheikhon ko bhaijta hay.,🤣😂😋😅😅😂🤣😂🤣🤣😂🤣🤣
class2_batch006_sample011196,6,11196,2,Religious Hate,212196,216196,v3_original_demo_boundary_prompt,4-shot random authentic same-class,Shortlisted authentic RUHSOLD Religious Hate examples,118,shia kaafir hai aur hum naam k musalmaan.,tw kaafir tera peo kaafir tera pura khandaan kaafir ooo churry trump🐱🐱,"m firqa wariyat m nahi parhna chahta, muslims mjo ahktlaf hen wo apni jaga , lekin pichly 200 saal sy muslim is liye mar kha rhy hen k sunni shia wahabi dayobandi bla bla ,,yahodi or nasara ny na koi sunni mulk chora ha na koi shia,  wo bs yehi dekhtay ye muslman ha ..bs maro isk",kabi bi nai jo sakta ya shia log pora ka pora yahodi hn,teri maa ki choot tu gali daita tha
class2_batch006_sample011197,6,11197,2,Religious Hate,212197,216197,v3_original_demo_boundary_prompt,4-shot random authentic same-class,Shortlisted authentic RUHSOLD Religious Hate examples,118,ahmdi is a non muslim biggest cheap religion ahmdi.,chal fosdi ke mohammad kabile wale ki halala ki aulad,aye yahudiyo jitna zulm karna hai kar lo in sha allah woh din bhi zaroor aayega ke tumhe chun chun ke maara jayega yahan tak ke tum darakht ya pattharoñ ke piche chhup jaoge to bejan chizen bhi kahengi yahan yahoodi chhupa hai.hadees ka farman hai ho kar rahega #israeliterrorism,1 balatkari muslim 3 balatkari tera baap hindu h uske bare m kuch bol  be,haqiqat mein jo hamare jihadi amir e ummat say kia kar raha hai wo sab se bara saza dekha nhi ja saka
class2_batch006_sample011198,6,11198,2,Religious Hate,212198,216198,v3_original_demo_boundary_prompt,4-shot random authentic same-class,Shortlisted authentic RUHSOLD Religious Hate examples,118,no no ...... hindu na kah mujhe ........islam bura maan jayega .......kaafir kah kaafir...,yahodi agent qadyani chamcha,tum log yahoodi ho kisi ko shuck nahi hona chaheye bus kafi hogae musalmanon ko aur dhoka na dou👹,tm jeso ki jb g**nd mari jaye na fir tm log thek rehty ho bc k bachy jb wo yahoodi lanti marty hn na wo muslim dekhty hn air kuch ni dekhty baki tm na toh apni pesh krni hoti ha unhy.,i don't like this sahi nai mazak hy
class2_batch006_sample011199,6,11199,2,Religious Hate,212199,216199,v3_original_demo_boundary_prompt,4-shot random authentic same-class,Shortlisted authentic RUHSOLD Religious Hate examples,118,but we have a firm belief now that qadiyani and ahmedi neither want muslims nor pakistanis to live in a harmony,typical muslim randi-rona taqia.,ye pagliya gyi h saali... kuttiya ye ab bhul gyi h jisne #halala or #teentlaaq se aazadi dilwayi usko bhul gyi h ye mullli....,ahmedi mirziee qadiyani hargiz kuleedi uhdu pe nhee janay chahien warna hmari agencies pe swalia nishan hey,"yeh apnay pass halala ke wajah sy hai, koi bat na ho"
