production_candidate_id,batch_number,sample_index,class_id,target_label,generation_seed,demonstration_seed,prompt_version,prompting_strategy,demonstration_source,demonstration_pool_size,demo_1,demo_2,demo_3,demo_4,generated_text
class3_batch005_sample020800,5,20800,3,Sexism,321800,325800,v3_original_demo_boundary_prompt,4-shot random authentic same-class,Shortlisted authentic RUHSOLD Sexism examples,40,"yeh wesy koi bht e zyda ounchi nasal ki randi niqli h wesy , mtlb i can't even imagine koi bughaz or paisy k pechay itna b girr skta h, nehayat e nichly darjay ki baighairat aurat ho, aurat zaat ko b badnaam kea h isny apny wajood sy !! akhh thooo iski zaat pay",bc ghar wale bhi soch rahe honge yeh kya system paida ho gya sala lagta programing galat ho gayi.... sabsi badi confusion iske liye ladka dhundheyge yaa ladki😉,#stopauratbarbadimarch who are you for arguing our tradition and islamic manners you bluddy 2 takay ki aurat   .,"aurat ko islam nai galat lagta, ap log lagtay ho jo ye boltay hain k agar aurat ka rape hua to wo uski galtie usne sar par dupatta nai kiya us banday ki nahi wo bechara kesay control karay",ab jesi gashti na jane do
class3_batch005_sample020801,5,20801,3,Sexism,321801,325801,v3_original_demo_boundary_prompt,4-shot random authentic same-class,Shortlisted authentic RUHSOLD Sexism examples,40,ap ko mard banny ki acting pasand i? agr ni to hijra hi bany rahye sir ye mardo k kam hn hijro k ni.,acha tareka dhondha hai larkun ko ganda sabit karny ka but aesi neech harkat larkyan he kar sakti hain larky nahi.,bc ghar wale bhi soch rahe honge yeh kya system paida ho gya sala lagta programing galat ho gayi.... sabsi badi confusion iske liye ladka dhundheyge yaa ladki😉,lalchi aurat paisa dekhti hai aur khandani aurat sirf sehrat dekhti hai,jab tak aap jaisi randiyon ke sath aik aadmi hi milta ha tab tak tum logon se zinda rehna chaye ge
class3_batch005_sample020802,5,20802,3,Sexism,321802,325802,v3_original_demo_boundary_prompt,4-shot random authentic same-class,Shortlisted authentic RUHSOLD Sexism examples,40,you are just girlfriend material no one wants wife like you. itna jism jo sirf admi apni bivi ka dekhta h  apka to sary jahan ne dekha h,"ab iska sara credit har anchor le rha h jb k  rape,  ki asal jad h hi media jo mera jism.meri marzi,  hareem.shah , qandeel bloch , valentine day pe program krty hn phr rape hi hn gy",aisi or kis kis ki lund par uchel uchel kar moja lati ghar me.,aaaahhhhhh bhenchod.....jese tere is mangalsutra ki sahi jagah tere gale me nai balki mere mote kaale lund pr he.... vese hi tujh jesi chudakkad kuttiya ki jagah kewal mere pairo k niche he saali.... chal inbox me aa.....,ye logon ko koi bat nahi hai kuch aurat ki yaar ek cheez hoti hai or wo usko ek choti nafrat ki waja se paida ho jaata hai
class3_batch005_sample020803,5,20803,3,Sexism,321803,325803,v3_original_demo_boundary_prompt,4-shot random authentic same-class,Shortlisted authentic RUHSOLD Sexism examples,40,jin ko hizab se nafrat he wo nangi ho k ghoome koi in pe thooke ga bhi nahi  aurat khoobsurat pure libas me lagti he mawazna karlen,original attitude boys ma hota ha aur fake girls ma,aur jesi ghatia aurat ke mun se ye bat achi ni lagti. logon ko garam karnay wali machine.,tere jaise randiyo ki chudai ke liye to ham mard hain yaha pe,tu charsi hi rahi
class3_batch005_sample020804,5,20804,3,Sexism,321804,325804,v3_original_demo_boundary_prompt,4-shot random authentic same-class,Shortlisted authentic RUHSOLD Sexism examples,40,bilo rani tumhari pehchan sirf or sirf hijra huna hai.. na mard,shazaib apni baji ko b bejna han aurat march ma agr itne he zruri hai to,phir larky beard ky bagiar khusray q lgty hain  wo bhi beard ky bagiar khubsurat lgny chahiye ?,we are supporting #islam and thank you #khalilurrahmanqamar for your beautiful comments against #gashti .  agar ye #aurat hoti to na me aesi zuban use krta aur na koi gairatmand #admi use krta.,#zarahemeraabisaaein ab tu kisi ki behn nahi ho
class3_batch005_sample020805,5,20805,3,Sexism,321805,325805,v3_original_demo_boundary_prompt,4-shot random authentic same-class,Shortlisted authentic RUHSOLD Sexism examples,40,jin ko hizab se nafrat he wo nangi ho k ghoome koi in pe thooke ga bhi nahi  aurat khoobsurat pure libas me lagti he mawazna karlen,lalchi aurat paisa dekhti hai aur khandani aurat sirf sehrat dekhti hai,jahiliyat ki v had hai ye apne ghar me slave ki tarh rahti hai aur bahar kutto jaise bhaunk rhi hai... shame on these ladies,roads pe lab coat b ap ki gender hi pehnti ha 😂,randi kehte hain jo galti karte he
class3_batch005_sample020806,5,20806,3,Sexism,321806,325806,v3_original_demo_boundary_prompt,4-shot random authentic same-class,Shortlisted authentic RUHSOLD Sexism examples,40,"yeh wesy koi bht e zyda ounchi nasal ki randi niqli h wesy , mtlb i can't even imagine koi bughaz or paisy k pechay itna b girr skta h, nehayat e nichly darjay ki baighairat aurat ho, aurat zaat ko b badnaam kea h isny apny wajood sy !! akhh thooo iski zaat pay","madum ap gharailo maon behno ki terha na blkeh on maon behno ki terha bhi nahi jo moaashrat main ghar sy bahir nikal ker apni , maan baap ki .belky pory moaashry ki izzat ka kgayal rekhti hain .ap oss catogary main ati hain .jisy rundi,jisy tawaif,fahasha, jisy badqar kehty hain",aaaahhhhhh bhenchod.....jese tere is mangalsutra ki sahi jagah tere gale me nai balki mere mote kaale lund pr he.... vese hi tujh jesi chudakkad kuttiya ki jagah kewal mere pairo k niche he saali.... chal inbox me aa.....,randi kise kahte ha aap hi bata do? ye word ghatiya women ke liye hi use karta ha ab deepika ghatiya ha to randi hi bolenge na,bhosdike tu bhi pata hai iska samne mat jao.
class3_batch005_sample020807,5,20807,3,Sexism,321807,325807,v3_original_demo_boundary_prompt,4-shot random authentic same-class,Shortlisted authentic RUHSOLD Sexism examples,40,phir larky beard ky bagiar khusray q lgty hain  wo bhi beard ky bagiar khubsurat lgny chahiye ?,mard muhbt kr bhi ly tu aksar aurat he dhoka dy jati h usy 💔,teri bhosdi or boobs me parda mat kar...logo ko dekne de.dhake hoge to kaise pata chalega ki tu hijra nehi hai.   hijra kahi ki.,"ab iska sara credit har anchor le rha h jb k  rape,  ki asal jad h hi media jo mera jism.meri marzi,  hareem.shah , qandeel bloch , valentine day pe program krty hn phr rape hi hn gy",ye tu hijra ha
class3_batch005_sample020808,5,20808,3,Sexism,321808,325808,v3_original_demo_boundary_prompt,4-shot random authentic same-class,Shortlisted authentic RUHSOLD Sexism examples,40,aaaahhhhhh bhenchod.....jese tere is mangalsutra ki sahi jagah tere gale me nai balki mere mote kaale lund pr he.... vese hi tujh jesi chudakkad kuttiya ki jagah kewal mere pairo k niche he saali.... chal inbox me aa.....,randi kise kahte ha aap hi bata do? ye word ghatiya women ke liye hi use karta ha ab deepika ghatiya ha to randi hi bolenge na,ap ko mard banny ki acting pasand i? agr ni to hijra hi bany rahye sir ye mardo k kam hn hijro k ni.,we are supporting #islam and thank you #khalilurrahmanqamar for your beautiful comments against #gashti .  agar ye #aurat hoti to na me aesi zuban use krta aur na koi gairatmand #admi use krta.,tu to randi ho ya hijra?
class3_batch005_sample020809,5,20809,3,Sexism,321809,325809,v3_original_demo_boundary_prompt,4-shot random authentic same-class,Shortlisted authentic RUHSOLD Sexism examples,40,bilo rani tumhari pehchan sirf or sirf hijra huna hai.. na mard,apni behn ko bhejo gay na aurat march me??,ek randi larki ko itni pazeerai di hai. smjh se bahir hai,phir larky beard ky bagiar khusray q lgty hain  wo bhi beard ky bagiar khubsurat lgny chahiye ?,teri maa ka yaar hi nikl gya tha
class3_batch005_sample020810,5,20810,3,Sexism,321810,325810,v3_original_demo_boundary_prompt,4-shot random authentic same-class,Shortlisted authentic RUHSOLD Sexism examples,40,bilo rani tumhari pehchan sirf or sirf hijra huna hai.. na mard,#auratmarch2020 mera jism allah ki marzi.. allah ka to hukam ha tum char dewari me raho .. nd ya nikl k apni nimaish karna chahten,teri bhosdi or boobs me parda mat kar...logo ko dekne de.dhake hoge to kaise pata chalega ki tu hijra nehi hai.   hijra kahi ki.,muslim countries ki leaderships na mard napunsak or hijra hain.. in mein koi dum nahi.. ye kuch nahi kr sakty.. jinnah ki rooh tarapti hogi.. jinnah ne kashmir par attack ka order diya tha..,yeh bolo betha bhaunk lo
class3_batch005_sample020811,5,20811,3,Sexism,321811,325811,v3_original_demo_boundary_prompt,4-shot random authentic same-class,Shortlisted authentic RUHSOLD Sexism examples,40,#stopauratbarbadimarch aurat ghr k andr hi achi lgti he yu sarkon par nikalna kisi bhi aurat ki izzat par daag lga skta he,your leader  is hijra that's why he is not living with his wife.,we are supporting #islam and thank you #khalilurrahmanqamar for your beautiful comments against #gashti .  agar ye #aurat hoti to na me aesi zuban use krta aur na koi gairatmand #admi use krta.,apni behn ko bhejo gay na aurat march me??,gashti k hath jesy pakistan ko bachana chahye ga kya?
class3_batch005_sample020812,5,20812,3,Sexism,321812,325812,v3_original_demo_boundary_prompt,4-shot random authentic same-class,Shortlisted authentic RUHSOLD Sexism examples,40,bc ghar wale bhi soch rahe honge yeh kya system paida ho gya sala lagta programing galat ho gayi.... sabsi badi confusion iske liye ladka dhundheyge yaa ladki😉,jin ko hizab se nafrat he wo nangi ho k ghoome koi in pe thooke ga bhi nahi  aurat khoobsurat pure libas me lagti he mawazna karlen,70 saal ka mard is better than a 30 year old hijra😅,aisi or kis kis ki lund par uchel uchel kar moja lati ghar me.,abe chutiye tu ja k pahle kisi randi kay baad kuttay ko samjha teri maa chod dena
class3_batch005_sample020813,5,20813,3,Sexism,321813,325813,v3_original_demo_boundary_prompt,4-shot random authentic same-class,Shortlisted authentic RUHSOLD Sexism examples,40,tu kyun ro rahe hai hijra? tera buddhe hijra to kamjor mard hai. uska kara nehi hota. 🤣🤣🤣🤣,transgander   madarchood   hijra tu aik bara khoota ha  haram zada,"ab iska sara credit har anchor le rha h jb k  rape,  ki asal jad h hi media jo mera jism.meri marzi,  hareem.shah , qandeel bloch , valentine day pe program krty hn phr rape hi hn gy",#stopauratbarbadimarch who are you for arguing our tradition and islamic manners you bluddy 2 takay ki aurat   .,ye tumko pata chlta hai kaun hai
class3_batch005_sample020814,5,20814,3,Sexism,321814,325814,v3_original_demo_boundary_prompt,4-shot random authentic same-class,Shortlisted authentic RUHSOLD Sexism examples,40,your leader  is hijra that's why he is not living with his wife.,muslim countries ki leaderships na mard napunsak or hijra hain.. in mein koi dum nahi.. ye kuch nahi kr sakty.. jinnah ki rooh tarapti hogi.. jinnah ne kashmir par attack ka order diya tha..,acha tareka dhondha hai larkun ko ganda sabit karny ka but aesi neech harkat larkyan he kar sakti hain larky nahi.,you are just girlfriend material no one wants wife like you. itna jism jo sirf admi apni bivi ka dekhta h  apka to sary jahan ne dekha h,aur jab humein dikhaya jaata hai tu uss time nhi lagta chutiye
class3_batch005_sample020815,5,20815,3,Sexism,321815,325815,v3_original_demo_boundary_prompt,4-shot random authentic same-class,Shortlisted authentic RUHSOLD Sexism examples,40,bc ghar wale bhi soch rahe honge yeh kya system paida ho gya sala lagta programing galat ho gayi.... sabsi badi confusion iske liye ladka dhundheyge yaa ladki😉,phir larky beard ky bagiar khusray q lgty hain  wo bhi beard ky bagiar khubsurat lgny chahiye ?,transgander   madarchood   hijra tu aik bara khoota ha  haram zada,randi kise kahte ha aap hi bata do? ye word ghatiya women ke liye hi use karta ha ab deepika ghatiya ha to randi hi bolenge na,oo teri ma ki chut maru ga
class3_batch005_sample020816,5,20816,3,Sexism,321816,325816,v3_original_demo_boundary_prompt,4-shot random authentic same-class,Shortlisted authentic RUHSOLD Sexism examples,40,#auratmarch2020 mera jism allah ki marzi.. allah ka to hukam ha tum char dewari me raho .. nd ya nikl k apni nimaish karna chahten,70 saal ka mard is better than a 30 year old hijra😅,teri chut me sabhi bhaiyo ka lund reply de randi,tum jesi ghatia aurat ka kam hi ni hai media par.kisi kothhay pe ja aur ulta late ja ke.begherat,ye ab tu hi nahi jo kya kar raha hai..
class3_batch005_sample020817,5,20817,3,Sexism,321817,325817,v3_original_demo_boundary_prompt,4-shot random authentic same-class,Shortlisted authentic RUHSOLD Sexism examples,40,teri bhosdi or boobs me parda mat kar...logo ko dekne de.dhake hoge to kaise pata chalega ki tu hijra nehi hai.   hijra kahi ki.,"yeh wesy koi bht e zyda ounchi nasal ki randi niqli h wesy , mtlb i can't even imagine koi bughaz or paisy k pechay itna b girr skta h, nehayat e nichly darjay ki baighairat aurat ho, aurat zaat ko b badnaam kea h isny apny wajood sy !! akhh thooo iski zaat pay",your leader  is hijra that's why he is not living with his wife.,you are just girlfriend material no one wants wife like you. itna jism jo sirf admi apni bivi ka dekhta h  apka to sary jahan ne dekha h,teri maa ki phudi mein ab tera jism hoga aurat ko jaan se puch raha hy usko kya samajhain
class3_batch005_sample020818,5,20818,3,Sexism,321818,325818,v3_original_demo_boundary_prompt,4-shot random authentic same-class,Shortlisted authentic RUHSOLD Sexism examples,40,70 saal ka mard is better than a 30 year old hijra😅,teri bhosdi or boobs me parda mat kar...logo ko dekne de.dhake hoge to kaise pata chalega ki tu hijra nehi hai.   hijra kahi ki.,agar aaj se 40 saal pehley isi tarha ke banner pakarh kar mera jism meri marzi waala naara aapki amma ne maara hota to aap is duniya main ye tweet karney ke liye maujood hi na hoteen 😑😑😑,"madum ap gharailo maon behno ki terha na blkeh on maon behno ki terha bhi nahi jo moaashrat main ghar sy bahir nikal ker apni , maan baap ki .belky pory moaashry ki izzat ka kgayal rekhti hain .ap oss catogary main ati hain .jisy rundi,jisy tawaif,fahasha, jisy badqar kehty hain",jab tak usko kuch nai bolti to ye kaha se samna kr rahi thi
class3_batch005_sample020819,5,20819,3,Sexism,321819,325819,v3_original_demo_boundary_prompt,4-shot random authentic same-class,Shortlisted authentic RUHSOLD Sexism examples,40,agar aaj se 40 saal pehley isi tarha ke banner pakarh kar mera jism meri marzi waala naara aapki amma ne maara hota to aap is duniya main ye tweet karney ke liye maujood hi na hoteen 😑😑😑,you are just girlfriend material no one wants wife like you. itna jism jo sirf admi apni bivi ka dekhta h  apka to sary jahan ne dekha h,lalchi aurat paisa dekhti hai aur khandani aurat sirf sehrat dekhti hai,apni behn ko bhejo gay na aurat march me??,rt : nikalo bhosari ki randi
class3_batch005_sample020820,5,20820,3,Sexism,321820,325820,v3_original_demo_boundary_prompt,4-shot random authentic same-class,Shortlisted authentic RUHSOLD Sexism examples,40,jahiliyat ki v had hai ye apne ghar me slave ki tarh rahti hai aur bahar kutto jaise bhaunk rhi hai... shame on these ladies,#auratmarch2020 mera jism allah ki marzi.. allah ka to hukam ha tum char dewari me raho .. nd ya nikl k apni nimaish karna chahten,ek randi larki ko itni pazeerai di hai. smjh se bahir hai,your leader  is hijra that's why he is not living with his wife.,rt : wese indian army k kuch nahin hota isi liye yahan charsi ki paidaish hi ho saki
class3_batch005_sample020821,5,20821,3,Sexism,321821,325821,v3_original_demo_boundary_prompt,4-shot random authentic same-class,Shortlisted authentic RUHSOLD Sexism examples,40,phir larky beard ky bagiar khusray q lgty hain  wo bhi beard ky bagiar khubsurat lgny chahiye ?,"apko kehna chahye tha na mard hoon, na aurat hoo. main hijra hoon main hijra hoon, main parchi hoon, main defected hoon, main accidental chairman hoon.  #joker420","yeh wesy koi bht e zyda ounchi nasal ki randi niqli h wesy , mtlb i can't even imagine koi bughaz or paisy k pechay itna b girr skta h, nehayat e nichly darjay ki baighairat aurat ho, aurat zaat ko b badnaam kea h isny apny wajood sy !! akhh thooo iski zaat pay",roads pe lab coat b ap ki gender hi pehnti ha 😂,ye bhi abhi tak duniya k sabse bara larki ka case nahin hai... 😂
class3_batch005_sample020822,5,20822,3,Sexism,321822,325822,v3_original_demo_boundary_prompt,4-shot random authentic same-class,Shortlisted authentic RUHSOLD Sexism examples,40,original attitude boys ma hota ha aur fake girls ma,tere jaise randiyo ki chudai ke liye to ham mard hain yaha pe,aisi or kis kis ki lund par uchel uchel kar moja lati ghar me.,shazaib apni baji ko b bejna han aurat march ma agr itne he zruri hai to,"i was born with no nana and ammi, so i never learned to call my mother ""ammi""...i know some people find this offensive but they can't change me"
class3_batch005_sample020823,5,20823,3,Sexism,321823,325823,v3_original_demo_boundary_prompt,4-shot random authentic same-class,Shortlisted authentic RUHSOLD Sexism examples,40,tu kyun ro rahe hai hijra? tera buddhe hijra to kamjor mard hai. uska kara nehi hota. 🤣🤣🤣🤣,you are just girlfriend material no one wants wife like you. itna jism jo sirf admi apni bivi ka dekhta h  apka to sary jahan ne dekha h,"yeh wesy koi bht e zyda ounchi nasal ki randi niqli h wesy , mtlb i can't even imagine koi bughaz or paisy k pechay itna b girr skta h, nehayat e nichly darjay ki baighairat aurat ho, aurat zaat ko b badnaam kea h isny apny wajood sy !! akhh thooo iski zaat pay","aurat ko islam nai galat lagta, ap log lagtay ho jo ye boltay hain k agar aurat ka rape hua to wo uski galtie usne sar par dupatta nai kiya us banday ki nahi wo bechara kesay control karay",😂😂😂😂😂😂 teri maa chodu ga😂
class3_batch005_sample020824,5,20824,3,Sexism,321824,325824,v3_original_demo_boundary_prompt,4-shot random authentic same-class,Shortlisted authentic RUHSOLD Sexism examples,40,ap ko mard banny ki acting pasand i? agr ni to hijra hi bany rahye sir ye mardo k kam hn hijro k ni.,agar aaj se 40 saal pehley isi tarha ke banner pakarh kar mera jism meri marzi waala naara aapki amma ne maara hota to aap is duniya main ye tweet karney ke liye maujood hi na hoteen 😑😑😑,jin ko hizab se nafrat he wo nangi ho k ghoome koi in pe thooke ga bhi nahi  aurat khoobsurat pure libas me lagti he mawazna karlen,mard muhbt kr bhi ly tu aksar aurat he dhoka dy jati h usy 💔,aby randi kehte hain k mard ka charsi hai
class3_batch005_sample020825,5,20825,3,Sexism,321825,325825,v3_original_demo_boundary_prompt,4-shot random authentic same-class,Shortlisted authentic RUHSOLD Sexism examples,40,"apko kehna chahye tha na mard hoon, na aurat hoo. main hijra hoon main hijra hoon, main parchi hoon, main defected hoon, main accidental chairman hoon.  #joker420",#auratmarch2020 mera jism allah ki marzi.. allah ka to hukam ha tum char dewari me raho .. nd ya nikl k apni nimaish karna chahten,ek randi larki ko itni pazeerai di hai. smjh se bahir hai,bc ghar wale bhi soch rahe honge yeh kya system paida ho gya sala lagta programing galat ho gayi.... sabsi badi confusion iske liye ladka dhundheyge yaa ladki😉,ab bhenchod tere jaise randiyo ne to shadi karne ki baat karte hain
class3_batch005_sample020826,5,20826,3,Sexism,321826,325826,v3_original_demo_boundary_prompt,4-shot random authentic same-class,Shortlisted authentic RUHSOLD Sexism examples,40,tu kyun ro rahe hai hijra? tera buddhe hijra to kamjor mard hai. uska kara nehi hota. 🤣🤣🤣🤣,aur jesi ghatia aurat ke mun se ye bat achi ni lagti. logon ko garam karnay wali machine.,70 saal ka mard is better than a 30 year old hijra😅,"yeh wesy koi bht e zyda ounchi nasal ki randi niqli h wesy , mtlb i can't even imagine koi bughaz or paisy k pechay itna b girr skta h, nehayat e nichly darjay ki baighairat aurat ho, aurat zaat ko b badnaam kea h isny apny wajood sy !! akhh thooo iski zaat pay",tumne jinke sath hi dusre ko chod kar gaye hain
class3_batch005_sample020827,5,20827,3,Sexism,321827,325827,v3_original_demo_boundary_prompt,4-shot random authentic same-class,Shortlisted authentic RUHSOLD Sexism examples,40,tere jaise randiyo ki chudai ke liye to ham mard hain yaha pe,acha tareka dhondha hai larkun ko ganda sabit karny ka but aesi neech harkat larkyan he kar sakti hain larky nahi.,phir larky beard ky bagiar khusray q lgty hain  wo bhi beard ky bagiar khubsurat lgny chahiye ?,shazaib apni baji ko b bejna han aurat march ma agr itne he zruri hai to,aby naya bhenchod
class3_batch005_sample020828,5,20828,3,Sexism,321828,325828,v3_original_demo_boundary_prompt,4-shot random authentic same-class,Shortlisted authentic RUHSOLD Sexism examples,40,you are just girlfriend material no one wants wife like you. itna jism jo sirf admi apni bivi ka dekhta h  apka to sary jahan ne dekha h,teri bhosdi or boobs me parda mat kar...logo ko dekne de.dhake hoge to kaise pata chalega ki tu hijra nehi hai.   hijra kahi ki.,"madum ap gharailo maon behno ki terha na blkeh on maon behno ki terha bhi nahi jo moaashrat main ghar sy bahir nikal ker apni , maan baap ki .belky pory moaashry ki izzat ka kgayal rekhti hain .ap oss catogary main ati hain .jisy rundi,jisy tawaif,fahasha, jisy badqar kehty hain",ap ko mard banny ki acting pasand i? agr ni to hijra hi bany rahye sir ye mardo k kam hn hijro k ni.,teri galiyan meri maa chod di
class3_batch005_sample020829,5,20829,3,Sexism,321829,325829,v3_original_demo_boundary_prompt,4-shot random authentic same-class,Shortlisted authentic RUHSOLD Sexism examples,40,you are just girlfriend material no one wants wife like you. itna jism jo sirf admi apni bivi ka dekhta h  apka to sary jahan ne dekha h,jahiliyat ki v had hai ye apne ghar me slave ki tarh rahti hai aur bahar kutto jaise bhaunk rhi hai... shame on these ladies,teri chut me sabhi bhaiyo ka lund reply de randi,tu kyun ro rahe hai hijra? tera buddhe hijra to kamjor mard hai. uska kara nehi hota. 🤣🤣🤣🤣,abe rundi ke najaiz bachon saali
class3_batch005_sample020830,5,20830,3,Sexism,321830,325830,v3_original_demo_boundary_prompt,4-shot random authentic same-class,Shortlisted authentic RUHSOLD Sexism examples,40,lalchi aurat paisa dekhti hai aur khandani aurat sirf sehrat dekhti hai,70 saal ka mard is better than a 30 year old hijra😅,aur jesi ghatia aurat ke mun se ye bat achi ni lagti. logon ko garam karnay wali machine.,#stopauratbarbadimarch aurat ghr k andr hi achi lgti he yu sarkon par nikalna kisi bhi aurat ki izzat par daag lga skta he,rt : 1500 rupees mein hijra nanga ho raha ha
class3_batch005_sample020831,5,20831,3,Sexism,321831,325831,v3_original_demo_boundary_prompt,4-shot random authentic same-class,Shortlisted authentic RUHSOLD Sexism examples,40,lalchi aurat paisa dekhti hai aur khandani aurat sirf sehrat dekhti hai,jin ko hizab se nafrat he wo nangi ho k ghoome koi in pe thooke ga bhi nahi  aurat khoobsurat pure libas me lagti he mawazna karlen,aisi or kis kis ki lund par uchel uchel kar moja lati ghar me.,aur jesi ghatia aurat ke mun se ye bat achi ni lagti. logon ko garam karnay wali machine.,aaj to tumhari maa chodunga
class3_batch005_sample020832,5,20832,3,Sexism,321832,325832,v3_original_demo_boundary_prompt,4-shot random authentic same-class,Shortlisted authentic RUHSOLD Sexism examples,40,aisi or kis kis ki lund par uchel uchel kar moja lati ghar me.,"apko kehna chahye tha na mard hoon, na aurat hoo. main hijra hoon main hijra hoon, main parchi hoon, main defected hoon, main accidental chairman hoon.  #joker420","yeh wesy koi bht e zyda ounchi nasal ki randi niqli h wesy , mtlb i can't even imagine koi bughaz or paisy k pechay itna b girr skta h, nehayat e nichly darjay ki baighairat aurat ho, aurat zaat ko b badnaam kea h isny apny wajood sy !! akhh thooo iski zaat pay",lalchi aurat paisa dekhti hai aur khandani aurat sirf sehrat dekhti hai,tera jism meri marzi...? 😂😂😂
class3_batch005_sample020833,5,20833,3,Sexism,321833,325833,v3_original_demo_boundary_prompt,4-shot random authentic same-class,Shortlisted authentic RUHSOLD Sexism examples,40,aur jesi ghatia aurat ke mun se ye bat achi ni lagti. logon ko garam karnay wali machine.,tum jesi ghatia aurat ka kam hi ni hai media par.kisi kothhay pe ja aur ulta late ja ke.begherat,ek randi larki ko itni pazeerai di hai. smjh se bahir hai,apni behn ko bhejo gay na aurat march me??,yeh hai tumse ziyada madarchod hai
class3_batch005_sample020834,5,20834,3,Sexism,321834,325834,v3_original_demo_boundary_prompt,4-shot random authentic same-class,Shortlisted authentic RUHSOLD Sexism examples,40,70 saal ka mard is better than a 30 year old hijra😅,jin ko hizab se nafrat he wo nangi ho k ghoome koi in pe thooke ga bhi nahi  aurat khoobsurat pure libas me lagti he mawazna karlen,transgander   madarchood   hijra tu aik bara khoota ha  haram zada,muslim countries ki leaderships na mard napunsak or hijra hain.. in mein koi dum nahi.. ye kuch nahi kr sakty.. jinnah ki rooh tarapti hogi.. jinnah ne kashmir par attack ka order diya tha..,abe hijra kaha bhaunk raha ha
class3_batch005_sample020835,5,20835,3,Sexism,321835,325835,v3_original_demo_boundary_prompt,4-shot random authentic same-class,Shortlisted authentic RUHSOLD Sexism examples,40,teri bhosdi or boobs me parda mat kar...logo ko dekne de.dhake hoge to kaise pata chalega ki tu hijra nehi hai.   hijra kahi ki.,#auratmarch2020 mera jism allah ki marzi.. allah ka to hukam ha tum char dewari me raho .. nd ya nikl k apni nimaish karna chahten,muslim countries ki leaderships na mard napunsak or hijra hain.. in mein koi dum nahi.. ye kuch nahi kr sakty.. jinnah ki rooh tarapti hogi.. jinnah ne kashmir par attack ka order diya tha..,tu kyun ro rahe hai hijra? tera buddhe hijra to kamjor mard hai. uska kara nehi hota. 🤣🤣🤣🤣,abe gashti ke baad hamare ghar me jaao to sabke bhenchod samajh aayenge ki tu hi hijra hai
class3_batch005_sample020836,5,20836,3,Sexism,321836,325836,v3_original_demo_boundary_prompt,4-shot random authentic same-class,Shortlisted authentic RUHSOLD Sexism examples,40,"yeh wesy koi bht e zyda ounchi nasal ki randi niqli h wesy , mtlb i can't even imagine koi bughaz or paisy k pechay itna b girr skta h, nehayat e nichly darjay ki baighairat aurat ho, aurat zaat ko b badnaam kea h isny apny wajood sy !! akhh thooo iski zaat pay",aur jesi ghatia aurat ke mun se ye bat achi ni lagti. logon ko garam karnay wali machine.,aaaahhhhhh bhenchod.....jese tere is mangalsutra ki sahi jagah tere gale me nai balki mere mote kaale lund pr he.... vese hi tujh jesi chudakkad kuttiya ki jagah kewal mere pairo k niche he saali.... chal inbox me aa.....,jin ko hizab se nafrat he wo nangi ho k ghoome koi in pe thooke ga bhi nahi  aurat khoobsurat pure libas me lagti he mawazna karlen,bhosdiwala rashi
class3_batch005_sample020837,5,20837,3,Sexism,321837,325837,v3_original_demo_boundary_prompt,4-shot random authentic same-class,Shortlisted authentic RUHSOLD Sexism examples,40,teri bhosdi or boobs me parda mat kar...logo ko dekne de.dhake hoge to kaise pata chalega ki tu hijra nehi hai.   hijra kahi ki.,"apko kehna chahye tha na mard hoon, na aurat hoo. main hijra hoon main hijra hoon, main parchi hoon, main defected hoon, main accidental chairman hoon.  #joker420",#auratmarch2020 mera jism allah ki marzi.. allah ka to hukam ha tum char dewari me raho .. nd ya nikl k apni nimaish karna chahten,"madum ap gharailo maon behno ki terha na blkeh on maon behno ki terha bhi nahi jo moaashrat main ghar sy bahir nikal ker apni , maan baap ki .belky pory moaashry ki izzat ka kgayal rekhti hain .ap oss catogary main ati hain .jisy rundi,jisy tawaif,fahasha, jisy badqar kehty hain",abe saale sachai lund
class3_batch005_sample020838,5,20838,3,Sexism,321838,325838,v3_original_demo_boundary_prompt,4-shot random authentic same-class,Shortlisted authentic RUHSOLD Sexism examples,40,teri bhosdi or boobs me parda mat kar...logo ko dekne de.dhake hoge to kaise pata chalega ki tu hijra nehi hai.   hijra kahi ki.,"yeh wesy koi bht e zyda ounchi nasal ki randi niqli h wesy , mtlb i can't even imagine koi bughaz or paisy k pechay itna b girr skta h, nehayat e nichly darjay ki baighairat aurat ho, aurat zaat ko b badnaam kea h isny apny wajood sy !! akhh thooo iski zaat pay",apni behn ko bhejo gay na aurat march me??,"madum ap gharailo maon behno ki terha na blkeh on maon behno ki terha bhi nahi jo moaashrat main ghar sy bahir nikal ker apni , maan baap ki .belky pory moaashry ki izzat ka kgayal rekhti hain .ap oss catogary main ati hain .jisy rundi,jisy tawaif,fahasha, jisy badqar kehty hain",ye chutiya toh jab tak apni aukat bhot jaldi na rakho tab tak uska sharam kam hoga..aurat ko sath dene wala mard hi hai....
class3_batch005_sample020839,5,20839,3,Sexism,321839,325839,v3_original_demo_boundary_prompt,4-shot random authentic same-class,Shortlisted authentic RUHSOLD Sexism examples,40,lalchi aurat paisa dekhti hai aur khandani aurat sirf sehrat dekhti hai,#stopauratbarbadimarch aurat ghr k andr hi achi lgti he yu sarkon par nikalna kisi bhi aurat ki izzat par daag lga skta he,bilo rani tumhari pehchan sirf or sirf hijra huna hai.. na mard,transgander   madarchood   hijra tu aik bara khoota ha  haram zada,rt : abe tera baap hai to teri maa ko chod dunga
class3_batch005_sample020840,5,20840,3,Sexism,321840,325840,v3_original_demo_boundary_prompt,4-shot random authentic same-class,Shortlisted authentic RUHSOLD Sexism examples,40,tum jesi ghatia aurat ka kam hi ni hai media par.kisi kothhay pe ja aur ulta late ja ke.begherat,dhoka khane k baad oska aitbar uth jata haa sbsee or dosre mard mai b interest ni rehta...ku k aurat jism k ley ni chahti jbk mard jism k ley chahta😌🙂,teri chut me sabhi bhaiyo ka lund reply de randi,bilo rani tumhari pehchan sirf or sirf hijra huna hai.. na mard,tm logon ki maa chodta hun bsdk
class3_batch005_sample020841,5,20841,3,Sexism,321841,325841,v3_original_demo_boundary_prompt,4-shot random authentic same-class,Shortlisted authentic RUHSOLD Sexism examples,40,we are supporting #islam and thank you #khalilurrahmanqamar for your beautiful comments against #gashti .  agar ye #aurat hoti to na me aesi zuban use krta aur na koi gairatmand #admi use krta.,dhoka khane k baad oska aitbar uth jata haa sbsee or dosre mard mai b interest ni rehta...ku k aurat jism k ley ni chahti jbk mard jism k ley chahta😌🙂,muslim countries ki leaderships na mard napunsak or hijra hain.. in mein koi dum nahi.. ye kuch nahi kr sakty.. jinnah ki rooh tarapti hogi.. jinnah ne kashmir par attack ka order diya tha..,your leader  is hijra that's why he is not living with his wife.,apki maa chod raha tha?
class3_batch005_sample020842,5,20842,3,Sexism,321842,325842,v3_original_demo_boundary_prompt,4-shot random authentic same-class,Shortlisted authentic RUHSOLD Sexism examples,40,bilo rani tumhari pehchan sirf or sirf hijra huna hai.. na mard,we are supporting #islam and thank you #khalilurrahmanqamar for your beautiful comments against #gashti .  agar ye #aurat hoti to na me aesi zuban use krta aur na koi gairatmand #admi use krta.,aisi or kis kis ki lund par uchel uchel kar moja lati ghar me.,apni behn ko bhejo gay na aurat march me??,chal kutte ke baachon tum log tere jaisa hi insan ho jo iss duniya mey sare awam ko khatre mein daala jata hai
class3_batch005_sample020843,5,20843,3,Sexism,321843,325843,v3_original_demo_boundary_prompt,4-shot random authentic same-class,Shortlisted authentic RUHSOLD Sexism examples,40,jin ko hizab se nafrat he wo nangi ho k ghoome koi in pe thooke ga bhi nahi  aurat khoobsurat pure libas me lagti he mawazna karlen,original attitude boys ma hota ha aur fake girls ma,aisi or kis kis ki lund par uchel uchel kar moja lati ghar me.,dhoka khane k baad oska aitbar uth jata haa sbsee or dosre mard mai b interest ni rehta...ku k aurat jism k ley ni chahti jbk mard jism k ley chahta😌🙂,ye abhi tak toh tu chup kar rahi hai jo bhaunk raha tha
class3_batch005_sample020844,5,20844,3,Sexism,321844,325844,v3_original_demo_boundary_prompt,4-shot random authentic same-class,Shortlisted authentic RUHSOLD Sexism examples,40,muslim countries ki leaderships na mard napunsak or hijra hain.. in mein koi dum nahi.. ye kuch nahi kr sakty.. jinnah ki rooh tarapti hogi.. jinnah ne kashmir par attack ka order diya tha..,roads pe lab coat b ap ki gender hi pehnti ha 😂,teri chut me sabhi bhaiyo ka lund reply de randi,r mazy k bat mra jism wo auratn krti hn jin pr thokta bh koi nae.,rt :   nhi tu gandu ho yaatirah
class3_batch005_sample020845,5,20845,3,Sexism,321845,325845,v3_original_demo_boundary_prompt,4-shot random authentic same-class,Shortlisted authentic RUHSOLD Sexism examples,40,tere jaise randiyo ki chudai ke liye to ham mard hain yaha pe,aisi or kis kis ki lund par uchel uchel kar moja lati ghar me.,bilo rani tumhari pehchan sirf or sirf hijra huna hai.. na mard,bc ghar wale bhi soch rahe honge yeh kya system paida ho gya sala lagta programing galat ho gayi.... sabsi badi confusion iske liye ladka dhundheyge yaa ladki😉,mujhe to pata tha ab kya huwa😂😂
class3_batch005_sample020846,5,20846,3,Sexism,321846,325846,v3_original_demo_boundary_prompt,4-shot random authentic same-class,Shortlisted authentic RUHSOLD Sexism examples,40,bc ghar wale bhi soch rahe honge yeh kya system paida ho gya sala lagta programing galat ho gayi.... sabsi badi confusion iske liye ladka dhundheyge yaa ladki😉,we are supporting #islam and thank you #khalilurrahmanqamar for your beautiful comments against #gashti .  agar ye #aurat hoti to na me aesi zuban use krta aur na koi gairatmand #admi use krta.,#stopauratbarbadimarch who are you for arguing our tradition and islamic manners you bluddy 2 takay ki aurat   .,r mazy k bat mra jism wo auratn krti hn jin pr thokta bh koi nae.,rt : apni behn ko chod dena bhenchod
class3_batch005_sample020847,5,20847,3,Sexism,321847,325847,v3_original_demo_boundary_prompt,4-shot random authentic same-class,Shortlisted authentic RUHSOLD Sexism examples,40,transgander   madarchood   hijra tu aik bara khoota ha  haram zada,you are just girlfriend material no one wants wife like you. itna jism jo sirf admi apni bivi ka dekhta h  apka to sary jahan ne dekha h,teri chut me sabhi bhaiyo ka lund reply de randi,aur jesi ghatia aurat ke mun se ye bat achi ni lagti. logon ko garam karnay wali machine.,abe kanjri...
class3_batch005_sample020848,5,20848,3,Sexism,321848,325848,v3_original_demo_boundary_prompt,4-shot random authentic same-class,Shortlisted authentic RUHSOLD Sexism examples,40,70 saal ka mard is better than a 30 year old hijra😅,tu kyun ro rahe hai hijra? tera buddhe hijra to kamjor mard hai. uska kara nehi hota. 🤣🤣🤣🤣,tum jesi ghatia aurat ka kam hi ni hai media par.kisi kothhay pe ja aur ulta late ja ke.begherat,bc ghar wale bhi soch rahe honge yeh kya system paida ho gya sala lagta programing galat ho gayi.... sabsi badi confusion iske liye ladka dhundheyge yaa ladki😉,chudwa lo bhenchod
class3_batch005_sample020849,5,20849,3,Sexism,321849,325849,v3_original_demo_boundary_prompt,4-shot random authentic same-class,Shortlisted authentic RUHSOLD Sexism examples,40,you are just girlfriend material no one wants wife like you. itna jism jo sirf admi apni bivi ka dekhta h  apka to sary jahan ne dekha h,"apko kehna chahye tha na mard hoon, na aurat hoo. main hijra hoon main hijra hoon, main parchi hoon, main defected hoon, main accidental chairman hoon.  #joker420","yeh wesy koi bht e zyda ounchi nasal ki randi niqli h wesy , mtlb i can't even imagine koi bughaz or paisy k pechay itna b girr skta h, nehayat e nichly darjay ki baighairat aurat ho, aurat zaat ko b badnaam kea h isny apny wajood sy !! akhh thooo iski zaat pay",acha tareka dhondha hai larkun ko ganda sabit karny ka but aesi neech harkat larkyan he kar sakti hain larky nahi.,teri maa ki phudi marunga
class3_batch005_sample020850,5,20850,3,Sexism,321850,325850,v3_original_demo_boundary_prompt,4-shot random authentic same-class,Shortlisted authentic RUHSOLD Sexism examples,40,"aurat ko islam nai galat lagta, ap log lagtay ho jo ye boltay hain k agar aurat ka rape hua to wo uski galtie usne sar par dupatta nai kiya us banday ki nahi wo bechara kesay control karay","apko kehna chahye tha na mard hoon, na aurat hoo. main hijra hoon main hijra hoon, main parchi hoon, main defected hoon, main accidental chairman hoon.  #joker420",jahiliyat ki v had hai ye apne ghar me slave ki tarh rahti hai aur bahar kutto jaise bhaunk rhi hai... shame on these ladies,roads pe lab coat b ap ki gender hi pehnti ha 😂,randi ki nasl
class3_batch005_sample020851,5,20851,3,Sexism,321851,325851,v3_original_demo_boundary_prompt,4-shot random authentic same-class,Shortlisted authentic RUHSOLD Sexism examples,40,phir larky beard ky bagiar khusray q lgty hain  wo bhi beard ky bagiar khubsurat lgny chahiye ?,teri bhosdi or boobs me parda mat kar...logo ko dekne de.dhake hoge to kaise pata chalega ki tu hijra nehi hai.   hijra kahi ki.,randi kise kahte ha aap hi bata do? ye word ghatiya women ke liye hi use karta ha ab deepika ghatiya ha to randi hi bolenge na,original attitude boys ma hota ha aur fake girls ma,jesy ko mohabbat dikhane wali gaand maro
class3_batch005_sample020852,5,20852,3,Sexism,321852,325852,v3_original_demo_boundary_prompt,4-shot random authentic same-class,Shortlisted authentic RUHSOLD Sexism examples,40,ek randi larki ko itni pazeerai di hai. smjh se bahir hai,"ab iska sara credit har anchor le rha h jb k  rape,  ki asal jad h hi media jo mera jism.meri marzi,  hareem.shah , qandeel bloch , valentine day pe program krty hn phr rape hi hn gy",#stopauratbarbadimarch aurat ghr k andr hi achi lgti he yu sarkon par nikalna kisi bhi aurat ki izzat par daag lga skta he,#auratmarch2020 mera jism allah ki marzi.. allah ka to hukam ha tum char dewari me raho .. nd ya nikl k apni nimaish karna chahten,aby jab ye chutiya kehte ha humein ungli lagani na chahye tah jab hamne wo sabko bola tha ki chudai kar rahe hain to unke khandan ne hmse kuch na re
class3_batch005_sample020853,5,20853,3,Sexism,321853,325853,v3_original_demo_boundary_prompt,4-shot random authentic same-class,Shortlisted authentic RUHSOLD Sexism examples,40,phir larky beard ky bagiar khusray q lgty hain  wo bhi beard ky bagiar khubsurat lgny chahiye ?,you are just girlfriend material no one wants wife like you. itna jism jo sirf admi apni bivi ka dekhta h  apka to sary jahan ne dekha h,muslim countries ki leaderships na mard napunsak or hijra hain.. in mein koi dum nahi.. ye kuch nahi kr sakty.. jinnah ki rooh tarapti hogi.. jinnah ne kashmir par attack ka order diya tha..,dhoka khane k baad oska aitbar uth jata haa sbsee or dosre mard mai b interest ni rehta...ku k aurat jism k ley ni chahti jbk mard jism k ley chahta😌🙂,kuch to bat nai kr raha ab khud hi galt hota hy
class3_batch005_sample020854,5,20854,3,Sexism,321854,325854,v3_original_demo_boundary_prompt,4-shot random authentic same-class,Shortlisted authentic RUHSOLD Sexism examples,40,aur jesi ghatia aurat ke mun se ye bat achi ni lagti. logon ko garam karnay wali machine.,mard muhbt kr bhi ly tu aksar aurat he dhoka dy jati h usy 💔,"ab iska sara credit har anchor le rha h jb k  rape,  ki asal jad h hi media jo mera jism.meri marzi,  hareem.shah , qandeel bloch , valentine day pe program krty hn phr rape hi hn gy",roads pe lab coat b ap ki gender hi pehnti ha 😂,teri maa ki phudi se aag lgi
class3_batch005_sample020855,5,20855,3,Sexism,321855,325855,v3_original_demo_boundary_prompt,4-shot random authentic same-class,Shortlisted authentic RUHSOLD Sexism examples,40,transgander   madarchood   hijra tu aik bara khoota ha  haram zada,jin ko hizab se nafrat he wo nangi ho k ghoome koi in pe thooke ga bhi nahi  aurat khoobsurat pure libas me lagti he mawazna karlen,original attitude boys ma hota ha aur fake girls ma,aur jesi ghatia aurat ke mun se ye bat achi ni lagti. logon ko garam karnay wali machine.,mery jesa insan ka chodry kahty he
class3_batch005_sample020856,5,20856,3,Sexism,321856,325856,v3_original_demo_boundary_prompt,4-shot random authentic same-class,Shortlisted authentic RUHSOLD Sexism examples,40,agar aaj se 40 saal pehley isi tarha ke banner pakarh kar mera jism meri marzi waala naara aapki amma ne maara hota to aap is duniya main ye tweet karney ke liye maujood hi na hoteen 😑😑😑,randi kise kahte ha aap hi bata do? ye word ghatiya women ke liye hi use karta ha ab deepika ghatiya ha to randi hi bolenge na,tu kyun ro rahe hai hijra? tera buddhe hijra to kamjor mard hai. uska kara nehi hota. 🤣🤣🤣🤣,roads pe lab coat b ap ki gender hi pehnti ha 😂,teri ammi ko chudwane k lye bhi mujhse nahin milta auratmarch me nhi jaana.
class3_batch005_sample020857,5,20857,3,Sexism,321857,325857,v3_original_demo_boundary_prompt,4-shot random authentic same-class,Shortlisted authentic RUHSOLD Sexism examples,40,70 saal ka mard is better than a 30 year old hijra😅,"madum ap gharailo maon behno ki terha na blkeh on maon behno ki terha bhi nahi jo moaashrat main ghar sy bahir nikal ker apni , maan baap ki .belky pory moaashry ki izzat ka kgayal rekhti hain .ap oss catogary main ati hain .jisy rundi,jisy tawaif,fahasha, jisy badqar kehty hain",#stopauratbarbadimarch aurat ghr k andr hi achi lgti he yu sarkon par nikalna kisi bhi aurat ki izzat par daag lga skta he,acha tareka dhondha hai larkun ko ganda sabit karny ka but aesi neech harkat larkyan he kar sakti hain larky nahi.,tumhari amma ko gadhe marne k liye bata do.
class3_batch005_sample020858,5,20858,3,Sexism,321858,325858,v3_original_demo_boundary_prompt,4-shot random authentic same-class,Shortlisted authentic RUHSOLD Sexism examples,40,acha tareka dhondha hai larkun ko ganda sabit karny ka but aesi neech harkat larkyan he kar sakti hain larky nahi.,jin ko hizab se nafrat he wo nangi ho k ghoome koi in pe thooke ga bhi nahi  aurat khoobsurat pure libas me lagti he mawazna karlen,your leader  is hijra that's why he is not living with his wife.,"aurat ko islam nai galat lagta, ap log lagtay ho jo ye boltay hain k agar aurat ka rape hua to wo uski galtie usne sar par dupatta nai kiya us banday ki nahi wo bechara kesay control karay",yeh woh hijra hy jis ny tumhari ammi ko chod dia
class3_batch005_sample020859,5,20859,3,Sexism,321859,325859,v3_original_demo_boundary_prompt,4-shot random authentic same-class,Shortlisted authentic RUHSOLD Sexism examples,40,apni behn ko bhejo gay na aurat march me??,teri bhosdi or boobs me parda mat kar...logo ko dekne de.dhake hoge to kaise pata chalega ki tu hijra nehi hai.   hijra kahi ki.,randi kise kahte ha aap hi bata do? ye word ghatiya women ke liye hi use karta ha ab deepika ghatiya ha to randi hi bolenge na,"madum ap gharailo maon behno ki terha na blkeh on maon behno ki terha bhi nahi jo moaashrat main ghar sy bahir nikal ker apni , maan baap ki .belky pory moaashry ki izzat ka kgayal rekhti hain .ap oss catogary main ati hain .jisy rundi,jisy tawaif,fahasha, jisy badqar kehty hain",bhenchod ye saali gandu ki lund se akhrot todna tha
class3_batch005_sample020860,5,20860,3,Sexism,321860,325860,v3_original_demo_boundary_prompt,4-shot random authentic same-class,Shortlisted authentic RUHSOLD Sexism examples,40,aisi or kis kis ki lund par uchel uchel kar moja lati ghar me.,tere jaise randiyo ki chudai ke liye to ham mard hain yaha pe,"yeh wesy koi bht e zyda ounchi nasal ki randi niqli h wesy , mtlb i can't even imagine koi bughaz or paisy k pechay itna b girr skta h, nehayat e nichly darjay ki baighairat aurat ho, aurat zaat ko b badnaam kea h isny apny wajood sy !! akhh thooo iski zaat pay",muslim countries ki leaderships na mard napunsak or hijra hain.. in mein koi dum nahi.. ye kuch nahi kr sakty.. jinnah ki rooh tarapti hogi.. jinnah ne kashmir par attack ka order diya tha..,tm logon ny shadi k liye abhi tak apni maa ko chod k khanzeer rakhaya hai
class3_batch005_sample020861,5,20861,3,Sexism,321861,325861,v3_original_demo_boundary_prompt,4-shot random authentic same-class,Shortlisted authentic RUHSOLD Sexism examples,40,"yeh wesy koi bht e zyda ounchi nasal ki randi niqli h wesy , mtlb i can't even imagine koi bughaz or paisy k pechay itna b girr skta h, nehayat e nichly darjay ki baighairat aurat ho, aurat zaat ko b badnaam kea h isny apny wajood sy !! akhh thooo iski zaat pay",you are just girlfriend material no one wants wife like you. itna jism jo sirf admi apni bivi ka dekhta h  apka to sary jahan ne dekha h,aisi or kis kis ki lund par uchel uchel kar moja lati ghar me.,apni behn ko bhejo gay na aurat march me??,aik randi aurat
class3_batch005_sample020862,5,20862,3,Sexism,321862,325862,v3_original_demo_boundary_prompt,4-shot random authentic same-class,Shortlisted authentic RUHSOLD Sexism examples,40,shazaib apni baji ko b bejna han aurat march ma agr itne he zruri hai to,"ab iska sara credit har anchor le rha h jb k  rape,  ki asal jad h hi media jo mera jism.meri marzi,  hareem.shah , qandeel bloch , valentine day pe program krty hn phr rape hi hn gy",tere jaise randiyo ki chudai ke liye to ham mard hain yaha pe,mard muhbt kr bhi ly tu aksar aurat he dhoka dy jati h usy 💔,haan ye ghatia aurat hai...
class3_batch005_sample020863,5,20863,3,Sexism,321863,325863,v3_original_demo_boundary_prompt,4-shot random authentic same-class,Shortlisted authentic RUHSOLD Sexism examples,40,shazaib apni baji ko b bejna han aurat march ma agr itne he zruri hai to,original attitude boys ma hota ha aur fake girls ma,"yeh wesy koi bht e zyda ounchi nasal ki randi niqli h wesy , mtlb i can't even imagine koi bughaz or paisy k pechay itna b girr skta h, nehayat e nichly darjay ki baighairat aurat ho, aurat zaat ko b badnaam kea h isny apny wajood sy !! akhh thooo iski zaat pay",randi kise kahte ha aap hi bata do? ye word ghatiya women ke liye hi use karta ha ab deepika ghatiya ha to randi hi bolenge na,rt : o bhenchod hum uske paas jaake nahin jate bc
class3_batch005_sample020864,5,20864,3,Sexism,321864,325864,v3_original_demo_boundary_prompt,4-shot random authentic same-class,Shortlisted authentic RUHSOLD Sexism examples,40,roads pe lab coat b ap ki gender hi pehnti ha 😂,70 saal ka mard is better than a 30 year old hijra😅,original attitude boys ma hota ha aur fake girls ma,"yeh wesy koi bht e zyda ounchi nasal ki randi niqli h wesy , mtlb i can't even imagine koi bughaz or paisy k pechay itna b girr skta h, nehayat e nichly darjay ki baighairat aurat ho, aurat zaat ko b badnaam kea h isny apny wajood sy !! akhh thooo iski zaat pay",bc teri ammi nikah krwain gai tu bhi phir bhenchod jaise logon ko bula k mera jism meri marzi bolti hon gy
class3_batch005_sample020865,5,20865,3,Sexism,321865,325865,v3_original_demo_boundary_prompt,4-shot random authentic same-class,Shortlisted authentic RUHSOLD Sexism examples,40,"aurat ko islam nai galat lagta, ap log lagtay ho jo ye boltay hain k agar aurat ka rape hua to wo uski galtie usne sar par dupatta nai kiya us banday ki nahi wo bechara kesay control karay",bc ghar wale bhi soch rahe honge yeh kya system paida ho gya sala lagta programing galat ho gayi.... sabsi badi confusion iske liye ladka dhundheyge yaa ladki😉,randi kise kahte ha aap hi bata do? ye word ghatiya women ke liye hi use karta ha ab deepika ghatiya ha to randi hi bolenge na,lalchi aurat paisa dekhti hai aur khandani aurat sirf sehrat dekhti hai,aik baar aik baron se bachna chahta tha mera jis ne mein pehle mila tha phir aisa hota hai..mere pass tumhari bat kr rha hai
class3_batch005_sample020866,5,20866,3,Sexism,321866,325866,v3_original_demo_boundary_prompt,4-shot random authentic same-class,Shortlisted authentic RUHSOLD Sexism examples,40,muslim countries ki leaderships na mard napunsak or hijra hain.. in mein koi dum nahi.. ye kuch nahi kr sakty.. jinnah ki rooh tarapti hogi.. jinnah ne kashmir par attack ka order diya tha..,you are just girlfriend material no one wants wife like you. itna jism jo sirf admi apni bivi ka dekhta h  apka to sary jahan ne dekha h,"ab iska sara credit har anchor le rha h jb k  rape,  ki asal jad h hi media jo mera jism.meri marzi,  hareem.shah , qandeel bloch , valentine day pe program krty hn phr rape hi hn gy",tu kyun ro rahe hai hijra? tera buddhe hijra to kamjor mard hai. uska kara nehi hota. 🤣🤣🤣🤣,teri maa chodu ga nawaz sharif
class3_batch005_sample020867,5,20867,3,Sexism,321867,325867,v3_original_demo_boundary_prompt,4-shot random authentic same-class,Shortlisted authentic RUHSOLD Sexism examples,40,your leader  is hijra that's why he is not living with his wife.,you are just girlfriend material no one wants wife like you. itna jism jo sirf admi apni bivi ka dekhta h  apka to sary jahan ne dekha h,we are supporting #islam and thank you #khalilurrahmanqamar for your beautiful comments against #gashti .  agar ye #aurat hoti to na me aesi zuban use krta aur na koi gairatmand #admi use krta.,aaaahhhhhh bhenchod.....jese tere is mangalsutra ki sahi jagah tere gale me nai balki mere mote kaale lund pr he.... vese hi tujh jesi chudakkad kuttiya ki jagah kewal mere pairo k niche he saali.... chal inbox me aa.....,mujhy to gandu nahi lag raha
class3_batch005_sample020868,5,20868,3,Sexism,321868,325868,v3_original_demo_boundary_prompt,4-shot random authentic same-class,Shortlisted authentic RUHSOLD Sexism examples,40,acha tareka dhondha hai larkun ko ganda sabit karny ka but aesi neech harkat larkyan he kar sakti hain larky nahi.,#stopauratbarbadimarch who are you for arguing our tradition and islamic manners you bluddy 2 takay ki aurat   .,tu kyun ro rahe hai hijra? tera buddhe hijra to kamjor mard hai. uska kara nehi hota. 🤣🤣🤣🤣,teri bhosdi or boobs me parda mat kar...logo ko dekne de.dhake hoge to kaise pata chalega ki tu hijra nehi hai.   hijra kahi ki.,aurat march ki kya zarorat thi mujhy pasand nhi
class3_batch005_sample020869,5,20869,3,Sexism,321869,325869,v3_original_demo_boundary_prompt,4-shot random authentic same-class,Shortlisted authentic RUHSOLD Sexism examples,40,teri bhosdi or boobs me parda mat kar...logo ko dekne de.dhake hoge to kaise pata chalega ki tu hijra nehi hai.   hijra kahi ki.,transgander   madarchood   hijra tu aik bara khoota ha  haram zada,r mazy k bat mra jism wo auratn krti hn jin pr thokta bh koi nae.,"ab iska sara credit har anchor le rha h jb k  rape,  ki asal jad h hi media jo mera jism.meri marzi,  hareem.shah , qandeel bloch , valentine day pe program krty hn phr rape hi hn gy",kya uski maa ko dekhna chahta h najaiz ka yar
class3_batch005_sample020870,5,20870,3,Sexism,321870,325870,v3_original_demo_boundary_prompt,4-shot random authentic same-class,Shortlisted authentic RUHSOLD Sexism examples,40,phir larky beard ky bagiar khusray q lgty hain  wo bhi beard ky bagiar khubsurat lgny chahiye ?,ek randi larki ko itni pazeerai di hai. smjh se bahir hai,randi kise kahte ha aap hi bata do? ye word ghatiya women ke liye hi use karta ha ab deepika ghatiya ha to randi hi bolenge na,aur jesi ghatia aurat ke mun se ye bat achi ni lagti. logon ko garam karnay wali machine.,aurat march ki baat kar rhe ho to ye bhi lete jao apne baap pe.
class3_batch005_sample020871,5,20871,3,Sexism,321871,325871,v3_original_demo_boundary_prompt,4-shot random authentic same-class,Shortlisted authentic RUHSOLD Sexism examples,40,mard muhbt kr bhi ly tu aksar aurat he dhoka dy jati h usy 💔,ek randi larki ko itni pazeerai di hai. smjh se bahir hai,tum jesi ghatia aurat ka kam hi ni hai media par.kisi kothhay pe ja aur ulta late ja ke.begherat,acha tareka dhondha hai larkun ko ganda sabit karny ka but aesi neech harkat larkyan he kar sakti hain larky nahi.,haan bc apni maa ki chut marwani chahte ho
class3_batch005_sample020872,5,20872,3,Sexism,321872,325872,v3_original_demo_boundary_prompt,4-shot random authentic same-class,Shortlisted authentic RUHSOLD Sexism examples,40,aisi or kis kis ki lund par uchel uchel kar moja lati ghar me.,teri bhosdi or boobs me parda mat kar...logo ko dekne de.dhake hoge to kaise pata chalega ki tu hijra nehi hai.   hijra kahi ki.,transgander   madarchood   hijra tu aik bara khoota ha  haram zada,acha tareka dhondha hai larkun ko ganda sabit karny ka but aesi neech harkat larkyan he kar sakti hain larky nahi.,randi ki nasal
class3_batch005_sample020873,5,20873,3,Sexism,321873,325873,v3_original_demo_boundary_prompt,4-shot random authentic same-class,Shortlisted authentic RUHSOLD Sexism examples,40,transgander   madarchood   hijra tu aik bara khoota ha  haram zada,tere jaise randiyo ki chudai ke liye to ham mard hain yaha pe,lalchi aurat paisa dekhti hai aur khandani aurat sirf sehrat dekhti hai,teri chut me sabhi bhaiyo ka lund reply de randi,tumhari maa ko yehi bat karna tha lekin teri behn ne tera ghar band kar diya... tere baap ne tujhe bachaya kiya hai...tum nay tareen jali thi khatoon
class3_batch005_sample020874,5,20874,3,Sexism,321874,325874,v3_original_demo_boundary_prompt,4-shot random authentic same-class,Shortlisted authentic RUHSOLD Sexism examples,40,70 saal ka mard is better than a 30 year old hijra😅,shazaib apni baji ko b bejna han aurat march ma agr itne he zruri hai to,you are just girlfriend material no one wants wife like you. itna jism jo sirf admi apni bivi ka dekhta h  apka to sary jahan ne dekha h,randi kise kahte ha aap hi bata do? ye word ghatiya women ke liye hi use karta ha ab deepika ghatiya ha to randi hi bolenge na,chutiye gandu saali
class3_batch005_sample020875,5,20875,3,Sexism,321875,325875,v3_original_demo_boundary_prompt,4-shot random authentic same-class,Shortlisted authentic RUHSOLD Sexism examples,40,phir larky beard ky bagiar khusray q lgty hain  wo bhi beard ky bagiar khubsurat lgny chahiye ?,teri bhosdi or boobs me parda mat kar...logo ko dekne de.dhake hoge to kaise pata chalega ki tu hijra nehi hai.   hijra kahi ki.,"madum ap gharailo maon behno ki terha na blkeh on maon behno ki terha bhi nahi jo moaashrat main ghar sy bahir nikal ker apni , maan baap ki .belky pory moaashry ki izzat ka kgayal rekhti hain .ap oss catogary main ati hain .jisy rundi,jisy tawaif,fahasha, jisy badqar kehty hain",apni behn ko bhejo gay na aurat march me??,teri maa ki choot maru
class3_batch005_sample020876,5,20876,3,Sexism,321876,325876,v3_original_demo_boundary_prompt,4-shot random authentic same-class,Shortlisted authentic RUHSOLD Sexism examples,40,"yeh wesy koi bht e zyda ounchi nasal ki randi niqli h wesy , mtlb i can't even imagine koi bughaz or paisy k pechay itna b girr skta h, nehayat e nichly darjay ki baighairat aurat ho, aurat zaat ko b badnaam kea h isny apny wajood sy !! akhh thooo iski zaat pay",acha tareka dhondha hai larkun ko ganda sabit karny ka but aesi neech harkat larkyan he kar sakti hain larky nahi.,aaaahhhhhh bhenchod.....jese tere is mangalsutra ki sahi jagah tere gale me nai balki mere mote kaale lund pr he.... vese hi tujh jesi chudakkad kuttiya ki jagah kewal mere pairo k niche he saali.... chal inbox me aa.....,dhoka khane k baad oska aitbar uth jata haa sbsee or dosre mard mai b interest ni rehta...ku k aurat jism k ley ni chahti jbk mard jism k ley chahta😌🙂,ye jo teri maa chod rhy hn wo meri behno se ho gy jab tak tu isko chuda kr khana krtu tu usko phir mar ky tmari maa ko bhe girdi chl gy😂
class3_batch005_sample020877,5,20877,3,Sexism,321877,325877,v3_original_demo_boundary_prompt,4-shot random authentic same-class,Shortlisted authentic RUHSOLD Sexism examples,40,teri bhosdi or boobs me parda mat kar...logo ko dekne de.dhake hoge to kaise pata chalega ki tu hijra nehi hai.   hijra kahi ki.,jin ko hizab se nafrat he wo nangi ho k ghoome koi in pe thooke ga bhi nahi  aurat khoobsurat pure libas me lagti he mawazna karlen,phir larky beard ky bagiar khusray q lgty hain  wo bhi beard ky bagiar khubsurat lgny chahiye ?,#stopauratbarbadimarch aurat ghr k andr hi achi lgti he yu sarkon par nikalna kisi bhi aurat ki izzat par daag lga skta he,ye jo bhaunk raha ha usko apne baap kehte hain tere jaisay bhokar aaj tak tu hakumat ke samney bhi achhe reh gaye
class3_batch005_sample020878,5,20878,3,Sexism,321878,325878,v3_original_demo_boundary_prompt,4-shot random authentic same-class,Shortlisted authentic RUHSOLD Sexism examples,40,transgander   madarchood   hijra tu aik bara khoota ha  haram zada,lalchi aurat paisa dekhti hai aur khandani aurat sirf sehrat dekhti hai,"ab iska sara credit har anchor le rha h jb k  rape,  ki asal jad h hi media jo mera jism.meri marzi,  hareem.shah , qandeel bloch , valentine day pe program krty hn phr rape hi hn gy",jin ko hizab se nafrat he wo nangi ho k ghoome koi in pe thooke ga bhi nahi  aurat khoobsurat pure libas me lagti he mawazna karlen,ye sab gandi randi h
class3_batch005_sample020879,5,20879,3,Sexism,321879,325879,v3_original_demo_boundary_prompt,4-shot random authentic same-class,Shortlisted authentic RUHSOLD Sexism examples,40,dhoka khane k baad oska aitbar uth jata haa sbsee or dosre mard mai b interest ni rehta...ku k aurat jism k ley ni chahti jbk mard jism k ley chahta😌🙂,your leader  is hijra that's why he is not living with his wife.,phir larky beard ky bagiar khusray q lgty hain  wo bhi beard ky bagiar khubsurat lgny chahiye ?,lalchi aurat paisa dekhti hai aur khandani aurat sirf sehrat dekhti hai,tere maa ki phudi mein teri ammi ke gandu se
class3_batch005_sample020880,5,20880,3,Sexism,321880,325880,v3_original_demo_boundary_prompt,4-shot random authentic same-class,Shortlisted authentic RUHSOLD Sexism examples,40,ek randi larki ko itni pazeerai di hai. smjh se bahir hai,transgander   madarchood   hijra tu aik bara khoota ha  haram zada,"madum ap gharailo maon behno ki terha na blkeh on maon behno ki terha bhi nahi jo moaashrat main ghar sy bahir nikal ker apni , maan baap ki .belky pory moaashry ki izzat ka kgayal rekhti hain .ap oss catogary main ati hain .jisy rundi,jisy tawaif,fahasha, jisy badqar kehty hain",agar aaj se 40 saal pehley isi tarha ke banner pakarh kar mera jism meri marzi waala naara aapki amma ne maara hota to aap is duniya main ye tweet karney ke liye maujood hi na hoteen 😑😑😑,😂😂😂😂😂
class3_batch005_sample020881,5,20881,3,Sexism,321881,325881,v3_original_demo_boundary_prompt,4-shot random authentic same-class,Shortlisted authentic RUHSOLD Sexism examples,40,ap ko mard banny ki acting pasand i? agr ni to hijra hi bany rahye sir ye mardo k kam hn hijro k ni.,teri bhosdi or boobs me parda mat kar...logo ko dekne de.dhake hoge to kaise pata chalega ki tu hijra nehi hai.   hijra kahi ki.,"yeh wesy koi bht e zyda ounchi nasal ki randi niqli h wesy , mtlb i can't even imagine koi bughaz or paisy k pechay itna b girr skta h, nehayat e nichly darjay ki baighairat aurat ho, aurat zaat ko b badnaam kea h isny apny wajood sy !! akhh thooo iski zaat pay",we are supporting #islam and thank you #khalilurrahmanqamar for your beautiful comments against #gashti .  agar ye #aurat hoti to na me aesi zuban use krta aur na koi gairatmand #admi use krta.,tere jesa hijra ko maaf karo 😂
class3_batch005_sample020882,5,20882,3,Sexism,321882,325882,v3_original_demo_boundary_prompt,4-shot random authentic same-class,Shortlisted authentic RUHSOLD Sexism examples,40,bilo rani tumhari pehchan sirf or sirf hijra huna hai.. na mard,phir larky beard ky bagiar khusray q lgty hain  wo bhi beard ky bagiar khubsurat lgny chahiye ?,"madum ap gharailo maon behno ki terha na blkeh on maon behno ki terha bhi nahi jo moaashrat main ghar sy bahir nikal ker apni , maan baap ki .belky pory moaashry ki izzat ka kgayal rekhti hain .ap oss catogary main ati hain .jisy rundi,jisy tawaif,fahasha, jisy badqar kehty hain",shazaib apni baji ko b bejna han aurat march ma agr itne he zruri hai to,tm logon ne apko bta dya tha ab ye randi marzi 😂
class3_batch005_sample020883,5,20883,3,Sexism,321883,325883,v3_original_demo_boundary_prompt,4-shot random authentic same-class,Shortlisted authentic RUHSOLD Sexism examples,40,ap ko mard banny ki acting pasand i? agr ni to hijra hi bany rahye sir ye mardo k kam hn hijro k ni.,aisi or kis kis ki lund par uchel uchel kar moja lati ghar me.,mard muhbt kr bhi ly tu aksar aurat he dhoka dy jati h usy 💔,jahiliyat ki v had hai ye apne ghar me slave ki tarh rahti hai aur bahar kutto jaise bhaunk rhi hai... shame on these ladies,tera maa chodu ga ab ye baat sach bolny ki zarorat nii h
class3_batch005_sample020884,5,20884,3,Sexism,321884,325884,v3_original_demo_boundary_prompt,4-shot random authentic same-class,Shortlisted authentic RUHSOLD Sexism examples,40,aaaahhhhhh bhenchod.....jese tere is mangalsutra ki sahi jagah tere gale me nai balki mere mote kaale lund pr he.... vese hi tujh jesi chudakkad kuttiya ki jagah kewal mere pairo k niche he saali.... chal inbox me aa.....,lalchi aurat paisa dekhti hai aur khandani aurat sirf sehrat dekhti hai,muslim countries ki leaderships na mard napunsak or hijra hain.. in mein koi dum nahi.. ye kuch nahi kr sakty.. jinnah ki rooh tarapti hogi.. jinnah ne kashmir par attack ka order diya tha..,#stopauratbarbadimarch who are you for arguing our tradition and islamic manners you bluddy 2 takay ki aurat   .,rt :  chalo aurat march ko chod dene jae..😂
class3_batch005_sample020885,5,20885,3,Sexism,321885,325885,v3_original_demo_boundary_prompt,4-shot random authentic same-class,Shortlisted authentic RUHSOLD Sexism examples,40,jin ko hizab se nafrat he wo nangi ho k ghoome koi in pe thooke ga bhi nahi  aurat khoobsurat pure libas me lagti he mawazna karlen,original attitude boys ma hota ha aur fake girls ma,muslim countries ki leaderships na mard napunsak or hijra hain.. in mein koi dum nahi.. ye kuch nahi kr sakty.. jinnah ki rooh tarapti hogi.. jinnah ne kashmir par attack ka order diya tha..,apni behn ko bhejo gay na aurat march me??,tere baap ne tuje ek aurat ki shakl dekh li he.. tu aurat ho ya ladki
class3_batch005_sample020886,5,20886,3,Sexism,321886,325886,v3_original_demo_boundary_prompt,4-shot random authentic same-class,Shortlisted authentic RUHSOLD Sexism examples,40,aisi or kis kis ki lund par uchel uchel kar moja lati ghar me.,aur jesi ghatia aurat ke mun se ye bat achi ni lagti. logon ko garam karnay wali machine.,jin ko hizab se nafrat he wo nangi ho k ghoome koi in pe thooke ga bhi nahi  aurat khoobsurat pure libas me lagti he mawazna karlen,mard muhbt kr bhi ly tu aksar aurat he dhoka dy jati h usy 💔,chup kr ab teri maa ka yaar tu paisa nahi dete
class3_batch005_sample020887,5,20887,3,Sexism,321887,325887,v3_original_demo_boundary_prompt,4-shot random authentic same-class,Shortlisted authentic RUHSOLD Sexism examples,40,muslim countries ki leaderships na mard napunsak or hijra hain.. in mein koi dum nahi.. ye kuch nahi kr sakty.. jinnah ki rooh tarapti hogi.. jinnah ne kashmir par attack ka order diya tha..,transgander   madarchood   hijra tu aik bara khoota ha  haram zada,lalchi aurat paisa dekhti hai aur khandani aurat sirf sehrat dekhti hai,"ab iska sara credit har anchor le rha h jb k  rape,  ki asal jad h hi media jo mera jism.meri marzi,  hareem.shah , qandeel bloch , valentine day pe program krty hn phr rape hi hn gy",chup kar aurat ke baare mein tere gand se akhrot todne wala bhi ek hi bat karty h
class3_batch005_sample020888,5,20888,3,Sexism,321888,325888,v3_original_demo_boundary_prompt,4-shot random authentic same-class,Shortlisted authentic RUHSOLD Sexism examples,40,we are supporting #islam and thank you #khalilurrahmanqamar for your beautiful comments against #gashti .  agar ye #aurat hoti to na me aesi zuban use krta aur na koi gairatmand #admi use krta.,mard muhbt kr bhi ly tu aksar aurat he dhoka dy jati h usy 💔,aur jesi ghatia aurat ke mun se ye bat achi ni lagti. logon ko garam karnay wali machine.,#auratmarch2020 mera jism allah ki marzi.. allah ka to hukam ha tum char dewari me raho .. nd ya nikl k apni nimaish karna chahten,aur wo yahan sath me nahi aya
class3_batch005_sample020889,5,20889,3,Sexism,321889,325889,v3_original_demo_boundary_prompt,4-shot random authentic same-class,Shortlisted authentic RUHSOLD Sexism examples,40,dhoka khane k baad oska aitbar uth jata haa sbsee or dosre mard mai b interest ni rehta...ku k aurat jism k ley ni chahti jbk mard jism k ley chahta😌🙂,#stopauratbarbadimarch aurat ghr k andr hi achi lgti he yu sarkon par nikalna kisi bhi aurat ki izzat par daag lga skta he,"madum ap gharailo maon behno ki terha na blkeh on maon behno ki terha bhi nahi jo moaashrat main ghar sy bahir nikal ker apni , maan baap ki .belky pory moaashry ki izzat ka kgayal rekhti hain .ap oss catogary main ati hain .jisy rundi,jisy tawaif,fahasha, jisy badqar kehty hain",tere jaise randiyo ki chudai ke liye to ham mard hain yaha pe,ye mard hai wohi jinse randi rona hai
class3_batch005_sample020890,5,20890,3,Sexism,321890,325890,v3_original_demo_boundary_prompt,4-shot random authentic same-class,Shortlisted authentic RUHSOLD Sexism examples,40,#stopauratbarbadimarch who are you for arguing our tradition and islamic manners you bluddy 2 takay ki aurat   .,#stopauratbarbadimarch aurat ghr k andr hi achi lgti he yu sarkon par nikalna kisi bhi aurat ki izzat par daag lga skta he,agar aaj se 40 saal pehley isi tarha ke banner pakarh kar mera jism meri marzi waala naara aapki amma ne maara hota to aap is duniya main ye tweet karney ke liye maujood hi na hoteen 😑😑😑,shazaib apni baji ko b bejna han aurat march ma agr itne he zruri hai to,haan bharwe.. aurat march mein kabhi chutiya kahte nahi ho raha tha..
class3_batch005_sample020891,5,20891,3,Sexism,321891,325891,v3_original_demo_boundary_prompt,4-shot random authentic same-class,Shortlisted authentic RUHSOLD Sexism examples,40,aaaahhhhhh bhenchod.....jese tere is mangalsutra ki sahi jagah tere gale me nai balki mere mote kaale lund pr he.... vese hi tujh jesi chudakkad kuttiya ki jagah kewal mere pairo k niche he saali.... chal inbox me aa.....,we are supporting #islam and thank you #khalilurrahmanqamar for your beautiful comments against #gashti .  agar ye #aurat hoti to na me aesi zuban use krta aur na koi gairatmand #admi use krta.,tere jaise randiyo ki chudai ke liye to ham mard hain yaha pe,70 saal ka mard is better than a 30 year old hijra😅,baat hogi ab tu aurat march per bheja hoga yaad aaya tha mujhe
class3_batch005_sample020892,5,20892,3,Sexism,321892,325892,v3_original_demo_boundary_prompt,4-shot random authentic same-class,Shortlisted authentic RUHSOLD Sexism examples,40,tum jesi ghatia aurat ka kam hi ni hai media par.kisi kothhay pe ja aur ulta late ja ke.begherat,bilo rani tumhari pehchan sirf or sirf hijra huna hai.. na mard,lalchi aurat paisa dekhti hai aur khandani aurat sirf sehrat dekhti hai,r mazy k bat mra jism wo auratn krti hn jin pr thokta bh koi nae.,randi ko chod do
class3_batch005_sample020893,5,20893,3,Sexism,321893,325893,v3_original_demo_boundary_prompt,4-shot random authentic same-class,Shortlisted authentic RUHSOLD Sexism examples,40,tum jesi ghatia aurat ka kam hi ni hai media par.kisi kothhay pe ja aur ulta late ja ke.begherat,jahiliyat ki v had hai ye apne ghar me slave ki tarh rahti hai aur bahar kutto jaise bhaunk rhi hai... shame on these ladies,teri chut me sabhi bhaiyo ka lund reply de randi,ek randi larki ko itni pazeerai di hai. smjh se bahir hai,rt :   kya baat hai tera maa baap hai hijra ho ya muslim
class3_batch005_sample020894,5,20894,3,Sexism,321894,325894,v3_original_demo_boundary_prompt,4-shot random authentic same-class,Shortlisted authentic RUHSOLD Sexism examples,40,teri bhosdi or boobs me parda mat kar...logo ko dekne de.dhake hoge to kaise pata chalega ki tu hijra nehi hai.   hijra kahi ki.,jahiliyat ki v had hai ye apne ghar me slave ki tarh rahti hai aur bahar kutto jaise bhaunk rhi hai... shame on these ladies,your leader  is hijra that's why he is not living with his wife.,roads pe lab coat b ap ki gender hi pehnti ha 😂,mera jism meri marzi ya hijra ki marzi?
class3_batch005_sample020895,5,20895,3,Sexism,321895,325895,v3_original_demo_boundary_prompt,4-shot random authentic same-class,Shortlisted authentic RUHSOLD Sexism examples,40,"yeh wesy koi bht e zyda ounchi nasal ki randi niqli h wesy , mtlb i can't even imagine koi bughaz or paisy k pechay itna b girr skta h, nehayat e nichly darjay ki baighairat aurat ho, aurat zaat ko b badnaam kea h isny apny wajood sy !! akhh thooo iski zaat pay",#stopauratbarbadimarch aurat ghr k andr hi achi lgti he yu sarkon par nikalna kisi bhi aurat ki izzat par daag lga skta he,"apko kehna chahye tha na mard hoon, na aurat hoo. main hijra hoon main hijra hoon, main parchi hoon, main defected hoon, main accidental chairman hoon.  #joker420",you are just girlfriend material no one wants wife like you. itna jism jo sirf admi apni bivi ka dekhta h  apka to sary jahan ne dekha h,ab ye tera jism meri marzi ha 😂
class3_batch005_sample020896,5,20896,3,Sexism,321896,325896,v3_original_demo_boundary_prompt,4-shot random authentic same-class,Shortlisted authentic RUHSOLD Sexism examples,40,teri chut me sabhi bhaiyo ka lund reply de randi,ap ko mard banny ki acting pasand i? agr ni to hijra hi bany rahye sir ye mardo k kam hn hijro k ni.,"yeh wesy koi bht e zyda ounchi nasal ki randi niqli h wesy , mtlb i can't even imagine koi bughaz or paisy k pechay itna b girr skta h, nehayat e nichly darjay ki baighairat aurat ho, aurat zaat ko b badnaam kea h isny apny wajood sy !! akhh thooo iski zaat pay",aisi or kis kis ki lund par uchel uchel kar moja lati ghar me.,🤣🤣🤣🤣😂😂😂😂 tera jism meri marzi..teri maa chodunga tu ..kuttiya
class3_batch005_sample020897,5,20897,3,Sexism,321897,325897,v3_original_demo_boundary_prompt,4-shot random authentic same-class,Shortlisted authentic RUHSOLD Sexism examples,40,teri chut me sabhi bhaiyo ka lund reply de randi,agar aaj se 40 saal pehley isi tarha ke banner pakarh kar mera jism meri marzi waala naara aapki amma ne maara hota to aap is duniya main ye tweet karney ke liye maujood hi na hoteen 😑😑😑,original attitude boys ma hota ha aur fake girls ma,randi kise kahte ha aap hi bata do? ye word ghatiya women ke liye hi use karta ha ab deepika ghatiya ha to randi hi bolenge na,rt : randi ki nasal
class3_batch005_sample020898,5,20898,3,Sexism,321898,325898,v3_original_demo_boundary_prompt,4-shot random authentic same-class,Shortlisted authentic RUHSOLD Sexism examples,40,apni behn ko bhejo gay na aurat march me??,agar aaj se 40 saal pehley isi tarha ke banner pakarh kar mera jism meri marzi waala naara aapki amma ne maara hota to aap is duniya main ye tweet karney ke liye maujood hi na hoteen 😑😑😑,transgander   madarchood   hijra tu aik bara khoota ha  haram zada,muslim countries ki leaderships na mard napunsak or hijra hain.. in mein koi dum nahi.. ye kuch nahi kr sakty.. jinnah ki rooh tarapti hogi.. jinnah ne kashmir par attack ka order diya tha..,randi
class3_batch005_sample020899,5,20899,3,Sexism,321899,325899,v3_original_demo_boundary_prompt,4-shot random authentic same-class,Shortlisted authentic RUHSOLD Sexism examples,40,tere jaise randiyo ki chudai ke liye to ham mard hain yaha pe,acha tareka dhondha hai larkun ko ganda sabit karny ka but aesi neech harkat larkyan he kar sakti hain larky nahi.,you are just girlfriend material no one wants wife like you. itna jism jo sirf admi apni bivi ka dekhta h  apka to sary jahan ne dekha h,dhoka khane k baad oska aitbar uth jata haa sbsee or dosre mard mai b interest ni rehta...ku k aurat jism k ley ni chahti jbk mard jism k ley chahta😌🙂,bhenchod ye pta hi nhi tha tum jaisi hijra hote ho
class3_batch005_sample020900,5,20900,3,Sexism,321900,325900,v3_original_demo_boundary_prompt,4-shot random authentic same-class,Shortlisted authentic RUHSOLD Sexism examples,40,transgander   madarchood   hijra tu aik bara khoota ha  haram zada,70 saal ka mard is better than a 30 year old hijra😅,muslim countries ki leaderships na mard napunsak or hijra hain.. in mein koi dum nahi.. ye kuch nahi kr sakty.. jinnah ki rooh tarapti hogi.. jinnah ne kashmir par attack ka order diya tha..,lalchi aurat paisa dekhti hai aur khandani aurat sirf sehrat dekhti hai,hijra jesa mazaq chalu ho raha ha
class3_batch005_sample020901,5,20901,3,Sexism,321901,325901,v3_original_demo_boundary_prompt,4-shot random authentic same-class,Shortlisted authentic RUHSOLD Sexism examples,40,#auratmarch2020 mera jism allah ki marzi.. allah ka to hukam ha tum char dewari me raho .. nd ya nikl k apni nimaish karna chahten,tu kyun ro rahe hai hijra? tera buddhe hijra to kamjor mard hai. uska kara nehi hota. 🤣🤣🤣🤣,randi kise kahte ha aap hi bata do? ye word ghatiya women ke liye hi use karta ha ab deepika ghatiya ha to randi hi bolenge na,ap ko mard banny ki acting pasand i? agr ni to hijra hi bany rahye sir ye mardo k kam hn hijro k ni.,yeh toh hijra hai
class3_batch005_sample020902,5,20902,3,Sexism,321902,325902,v3_original_demo_boundary_prompt,4-shot random authentic same-class,Shortlisted authentic RUHSOLD Sexism examples,40,you are just girlfriend material no one wants wife like you. itna jism jo sirf admi apni bivi ka dekhta h  apka to sary jahan ne dekha h,ek randi larki ko itni pazeerai di hai. smjh se bahir hai,jin ko hizab se nafrat he wo nangi ho k ghoome koi in pe thooke ga bhi nahi  aurat khoobsurat pure libas me lagti he mawazna karlen,acha tareka dhondha hai larkun ko ganda sabit karny ka but aesi neech harkat larkyan he kar sakti hain larky nahi.,abe tu kya chutiya hai bhadwi
class3_batch005_sample020903,5,20903,3,Sexism,321903,325903,v3_original_demo_boundary_prompt,4-shot random authentic same-class,Shortlisted authentic RUHSOLD Sexism examples,40,tu kyun ro rahe hai hijra? tera buddhe hijra to kamjor mard hai. uska kara nehi hota. 🤣🤣🤣🤣,agar aaj se 40 saal pehley isi tarha ke banner pakarh kar mera jism meri marzi waala naara aapki amma ne maara hota to aap is duniya main ye tweet karney ke liye maujood hi na hoteen 😑😑😑,apni behn ko bhejo gay na aurat march me??,jahiliyat ki v had hai ye apne ghar me slave ki tarh rahti hai aur bahar kutto jaise bhaunk rhi hai... shame on these ladies,tumhari maa chod doo..
class3_batch005_sample020904,5,20904,3,Sexism,321904,325904,v3_original_demo_boundary_prompt,4-shot random authentic same-class,Shortlisted authentic RUHSOLD Sexism examples,40,aur jesi ghatia aurat ke mun se ye bat achi ni lagti. logon ko garam karnay wali machine.,tum jesi ghatia aurat ka kam hi ni hai media par.kisi kothhay pe ja aur ulta late ja ke.begherat,randi kise kahte ha aap hi bata do? ye word ghatiya women ke liye hi use karta ha ab deepika ghatiya ha to randi hi bolenge na,muslim countries ki leaderships na mard napunsak or hijra hain.. in mein koi dum nahi.. ye kuch nahi kr sakty.. jinnah ki rooh tarapti hogi.. jinnah ne kashmir par attack ka order diya tha..,ye hijra hai
class3_batch005_sample020905,5,20905,3,Sexism,321905,325905,v3_original_demo_boundary_prompt,4-shot random authentic same-class,Shortlisted authentic RUHSOLD Sexism examples,40,randi kise kahte ha aap hi bata do? ye word ghatiya women ke liye hi use karta ha ab deepika ghatiya ha to randi hi bolenge na,70 saal ka mard is better than a 30 year old hijra😅,ek randi larki ko itni pazeerai di hai. smjh se bahir hai,tu kyun ro rahe hai hijra? tera buddhe hijra to kamjor mard hai. uska kara nehi hota. 🤣🤣🤣🤣,tumhari maa ki chut mein dum hai
class3_batch005_sample020906,5,20906,3,Sexism,321906,325906,v3_original_demo_boundary_prompt,4-shot random authentic same-class,Shortlisted authentic RUHSOLD Sexism examples,40,you are just girlfriend material no one wants wife like you. itna jism jo sirf admi apni bivi ka dekhta h  apka to sary jahan ne dekha h,muslim countries ki leaderships na mard napunsak or hijra hain.. in mein koi dum nahi.. ye kuch nahi kr sakty.. jinnah ki rooh tarapti hogi.. jinnah ne kashmir par attack ka order diya tha..,shazaib apni baji ko b bejna han aurat march ma agr itne he zruri hai to,tere jaise randiyo ki chudai ke liye to ham mard hain yaha pe,tu to jaan nhi milta hoga na hijra
class3_batch005_sample020907,5,20907,3,Sexism,321907,325907,v3_original_demo_boundary_prompt,4-shot random authentic same-class,Shortlisted authentic RUHSOLD Sexism examples,40,bc ghar wale bhi soch rahe honge yeh kya system paida ho gya sala lagta programing galat ho gayi.... sabsi badi confusion iske liye ladka dhundheyge yaa ladki😉,aisi or kis kis ki lund par uchel uchel kar moja lati ghar me.,you are just girlfriend material no one wants wife like you. itna jism jo sirf admi apni bivi ka dekhta h  apka to sary jahan ne dekha h,dhoka khane k baad oska aitbar uth jata haa sbsee or dosre mard mai b interest ni rehta...ku k aurat jism k ley ni chahti jbk mard jism k ley chahta😌🙂,tereko chodne ke baad teri maa ko chod do😂😂
class3_batch005_sample020908,5,20908,3,Sexism,321908,325908,v3_original_demo_boundary_prompt,4-shot random authentic same-class,Shortlisted authentic RUHSOLD Sexism examples,40,#auratmarch2020 mera jism allah ki marzi.. allah ka to hukam ha tum char dewari me raho .. nd ya nikl k apni nimaish karna chahten,muslim countries ki leaderships na mard napunsak or hijra hain.. in mein koi dum nahi.. ye kuch nahi kr sakty.. jinnah ki rooh tarapti hogi.. jinnah ne kashmir par attack ka order diya tha..,#stopauratbarbadimarch who are you for arguing our tradition and islamic manners you bluddy 2 takay ki aurat   .,tum jesi ghatia aurat ka kam hi ni hai media par.kisi kothhay pe ja aur ulta late ja ke.begherat,bhenchod tum logon ko tareeqa hoti hai ke tu 50% wale paisy pura karne ka zameel kutte se le liye jati ho.
class3_batch005_sample020909,5,20909,3,Sexism,321909,325909,v3_original_demo_boundary_prompt,4-shot random authentic same-class,Shortlisted authentic RUHSOLD Sexism examples,40,"yeh wesy koi bht e zyda ounchi nasal ki randi niqli h wesy , mtlb i can't even imagine koi bughaz or paisy k pechay itna b girr skta h, nehayat e nichly darjay ki baighairat aurat ho, aurat zaat ko b badnaam kea h isny apny wajood sy !! akhh thooo iski zaat pay",shazaib apni baji ko b bejna han aurat march ma agr itne he zruri hai to,jahiliyat ki v had hai ye apne ghar me slave ki tarh rahti hai aur bahar kutto jaise bhaunk rhi hai... shame on these ladies,roads pe lab coat b ap ki gender hi pehnti ha 😂,oye larki charsi koi bht e zyada ounchi nasal ki randi
class3_batch005_sample020910,5,20910,3,Sexism,321910,325910,v3_original_demo_boundary_prompt,4-shot random authentic same-class,Shortlisted authentic RUHSOLD Sexism examples,40,aaaahhhhhh bhenchod.....jese tere is mangalsutra ki sahi jagah tere gale me nai balki mere mote kaale lund pr he.... vese hi tujh jesi chudakkad kuttiya ki jagah kewal mere pairo k niche he saali.... chal inbox me aa.....,shazaib apni baji ko b bejna han aurat march ma agr itne he zruri hai to,lalchi aurat paisa dekhti hai aur khandani aurat sirf sehrat dekhti hai,teri chut me sabhi bhaiyo ka lund reply de randi,tu isse bura kamina hi hai
class3_batch005_sample020911,5,20911,3,Sexism,321911,325911,v3_original_demo_boundary_prompt,4-shot random authentic same-class,Shortlisted authentic RUHSOLD Sexism examples,40,teri chut me sabhi bhaiyo ka lund reply de randi,roads pe lab coat b ap ki gender hi pehnti ha 😂,aisi or kis kis ki lund par uchel uchel kar moja lati ghar me.,muslim countries ki leaderships na mard napunsak or hijra hain.. in mein koi dum nahi.. ye kuch nahi kr sakty.. jinnah ki rooh tarapti hogi.. jinnah ne kashmir par attack ka order diya tha..,tera baap chutiye huay
class3_batch005_sample020912,5,20912,3,Sexism,321912,325912,v3_original_demo_boundary_prompt,4-shot random authentic same-class,Shortlisted authentic RUHSOLD Sexism examples,40,teri bhosdi or boobs me parda mat kar...logo ko dekne de.dhake hoge to kaise pata chalega ki tu hijra nehi hai.   hijra kahi ki.,dhoka khane k baad oska aitbar uth jata haa sbsee or dosre mard mai b interest ni rehta...ku k aurat jism k ley ni chahti jbk mard jism k ley chahta😌🙂,"madum ap gharailo maon behno ki terha na blkeh on maon behno ki terha bhi nahi jo moaashrat main ghar sy bahir nikal ker apni , maan baap ki .belky pory moaashry ki izzat ka kgayal rekhti hain .ap oss catogary main ati hain .jisy rundi,jisy tawaif,fahasha, jisy badqar kehty hain",#stopauratbarbadimarch aurat ghr k andr hi achi lgti he yu sarkon par nikalna kisi bhi aurat ki izzat par daag lga skta he,ye gandu koi rakam dikhani hai.
class3_batch005_sample020913,5,20913,3,Sexism,321913,325913,v3_original_demo_boundary_prompt,4-shot random authentic same-class,Shortlisted authentic RUHSOLD Sexism examples,40,jin ko hizab se nafrat he wo nangi ho k ghoome koi in pe thooke ga bhi nahi  aurat khoobsurat pure libas me lagti he mawazna karlen,teri chut me sabhi bhaiyo ka lund reply de randi,ek randi larki ko itni pazeerai di hai. smjh se bahir hai,bilo rani tumhari pehchan sirf or sirf hijra huna hai.. na mard,ye bc gandu ki tarah kisi ne pakistan mein bhejwa
class3_batch005_sample020914,5,20914,3,Sexism,321914,325914,v3_original_demo_boundary_prompt,4-shot random authentic same-class,Shortlisted authentic RUHSOLD Sexism examples,40,"apko kehna chahye tha na mard hoon, na aurat hoo. main hijra hoon main hijra hoon, main parchi hoon, main defected hoon, main accidental chairman hoon.  #joker420",original attitude boys ma hota ha aur fake girls ma,aur jesi ghatia aurat ke mun se ye bat achi ni lagti. logon ko garam karnay wali machine.,we are supporting #islam and thank you #khalilurrahmanqamar for your beautiful comments against #gashti .  agar ye #aurat hoti to na me aesi zuban use krta aur na koi gairatmand #admi use krta.,bhenchod ye kya gaand marwa raha hai... aurat ke liye abhi tak kiya sachcha dikhaya nhi hoga..?
class3_batch005_sample020915,5,20915,3,Sexism,321915,325915,v3_original_demo_boundary_prompt,4-shot random authentic same-class,Shortlisted authentic RUHSOLD Sexism examples,40,tu kyun ro rahe hai hijra? tera buddhe hijra to kamjor mard hai. uska kara nehi hota. 🤣🤣🤣🤣,dhoka khane k baad oska aitbar uth jata haa sbsee or dosre mard mai b interest ni rehta...ku k aurat jism k ley ni chahti jbk mard jism k ley chahta😌🙂,teri chut me sabhi bhaiyo ka lund reply de randi,original attitude boys ma hota ha aur fake girls ma,ye to bc kaam kiya tha kuch aurat ko raat ke liye gandu ki paidaish se poora bhaunkna karega
class3_batch005_sample020916,5,20916,3,Sexism,321916,325916,v3_original_demo_boundary_prompt,4-shot random authentic same-class,Shortlisted authentic RUHSOLD Sexism examples,40,aisi or kis kis ki lund par uchel uchel kar moja lati ghar me.,"madum ap gharailo maon behno ki terha na blkeh on maon behno ki terha bhi nahi jo moaashrat main ghar sy bahir nikal ker apni , maan baap ki .belky pory moaashry ki izzat ka kgayal rekhti hain .ap oss catogary main ati hain .jisy rundi,jisy tawaif,fahasha, jisy badqar kehty hain",agar aaj se 40 saal pehley isi tarha ke banner pakarh kar mera jism meri marzi waala naara aapki amma ne maara hota to aap is duniya main ye tweet karney ke liye maujood hi na hoteen 😑😑😑,muslim countries ki leaderships na mard napunsak or hijra hain.. in mein koi dum nahi.. ye kuch nahi kr sakty.. jinnah ki rooh tarapti hogi.. jinnah ne kashmir par attack ka order diya tha..,aise randi rona krny k liye aap bhenchod
class3_batch005_sample020917,5,20917,3,Sexism,321917,325917,v3_original_demo_boundary_prompt,4-shot random authentic same-class,Shortlisted authentic RUHSOLD Sexism examples,40,tum jesi ghatia aurat ka kam hi ni hai media par.kisi kothhay pe ja aur ulta late ja ke.begherat,aaaahhhhhh bhenchod.....jese tere is mangalsutra ki sahi jagah tere gale me nai balki mere mote kaale lund pr he.... vese hi tujh jesi chudakkad kuttiya ki jagah kewal mere pairo k niche he saali.... chal inbox me aa.....,muslim countries ki leaderships na mard napunsak or hijra hain.. in mein koi dum nahi.. ye kuch nahi kr sakty.. jinnah ki rooh tarapti hogi.. jinnah ne kashmir par attack ka order diya tha..,jin ko hizab se nafrat he wo nangi ho k ghoome koi in pe thooke ga bhi nahi  aurat khoobsurat pure libas me lagti he mawazna karlen,teri maa ki phudi bhaunk raha ha
class3_batch005_sample020918,5,20918,3,Sexism,321918,325918,v3_original_demo_boundary_prompt,4-shot random authentic same-class,Shortlisted authentic RUHSOLD Sexism examples,40,apni behn ko bhejo gay na aurat march me??,original attitude boys ma hota ha aur fake girls ma,bc ghar wale bhi soch rahe honge yeh kya system paida ho gya sala lagta programing galat ho gayi.... sabsi badi confusion iske liye ladka dhundheyge yaa ladki😉,teri chut me sabhi bhaiyo ka lund reply de randi,rt : ab ye logon ki hijra se bacha bhai hai
class3_batch005_sample020919,5,20919,3,Sexism,321919,325919,v3_original_demo_boundary_prompt,4-shot random authentic same-class,Shortlisted authentic RUHSOLD Sexism examples,40,aur jesi ghatia aurat ke mun se ye bat achi ni lagti. logon ko garam karnay wali machine.,"yeh wesy koi bht e zyda ounchi nasal ki randi niqli h wesy , mtlb i can't even imagine koi bughaz or paisy k pechay itna b girr skta h, nehayat e nichly darjay ki baighairat aurat ho, aurat zaat ko b badnaam kea h isny apny wajood sy !! akhh thooo iski zaat pay",original attitude boys ma hota ha aur fake girls ma,teri bhosdi or boobs me parda mat kar...logo ko dekne de.dhake hoge to kaise pata chalega ki tu hijra nehi hai.   hijra kahi ki.,chup kha raha he. bc
class3_batch005_sample020920,5,20920,3,Sexism,321920,325920,v3_original_demo_boundary_prompt,4-shot random authentic same-class,Shortlisted authentic RUHSOLD Sexism examples,40,roads pe lab coat b ap ki gender hi pehnti ha 😂,aaaahhhhhh bhenchod.....jese tere is mangalsutra ki sahi jagah tere gale me nai balki mere mote kaale lund pr he.... vese hi tujh jesi chudakkad kuttiya ki jagah kewal mere pairo k niche he saali.... chal inbox me aa.....,tere jaise randiyo ki chudai ke liye to ham mard hain yaha pe,ap ko mard banny ki acting pasand i? agr ni to hijra hi bany rahye sir ye mardo k kam hn hijro k ni.,teri maa ka yaar tu jo ek taraf se randi phir bhe ek dusre se hijra h
class3_batch005_sample020921,5,20921,3,Sexism,321921,325921,v3_original_demo_boundary_prompt,4-shot random authentic same-class,Shortlisted authentic RUHSOLD Sexism examples,40,"ab iska sara credit har anchor le rha h jb k  rape,  ki asal jad h hi media jo mera jism.meri marzi,  hareem.shah , qandeel bloch , valentine day pe program krty hn phr rape hi hn gy",roads pe lab coat b ap ki gender hi pehnti ha 😂,"aurat ko islam nai galat lagta, ap log lagtay ho jo ye boltay hain k agar aurat ka rape hua to wo uski galtie usne sar par dupatta nai kiya us banday ki nahi wo bechara kesay control karay",tere jaise randiyo ki chudai ke liye to ham mard hain yaha pe,aur teri maa ka yaar mujhe pata chalta hy
class3_batch005_sample020922,5,20922,3,Sexism,321922,325922,v3_original_demo_boundary_prompt,4-shot random authentic same-class,Shortlisted authentic RUHSOLD Sexism examples,40,#stopauratbarbadimarch who are you for arguing our tradition and islamic manners you bluddy 2 takay ki aurat   .,"yeh wesy koi bht e zyda ounchi nasal ki randi niqli h wesy , mtlb i can't even imagine koi bughaz or paisy k pechay itna b girr skta h, nehayat e nichly darjay ki baighairat aurat ho, aurat zaat ko b badnaam kea h isny apny wajood sy !! akhh thooo iski zaat pay",your leader  is hijra that's why he is not living with his wife.,jahiliyat ki v had hai ye apne ghar me slave ki tarh rahti hai aur bahar kutto jaise bhaunk rhi hai... shame on these ladies,tmhen jitni chor sakti h teri maa behn ka yaar
class3_batch005_sample020923,5,20923,3,Sexism,321923,325923,v3_original_demo_boundary_prompt,4-shot random authentic same-class,Shortlisted authentic RUHSOLD Sexism examples,40,aaaahhhhhh bhenchod.....jese tere is mangalsutra ki sahi jagah tere gale me nai balki mere mote kaale lund pr he.... vese hi tujh jesi chudakkad kuttiya ki jagah kewal mere pairo k niche he saali.... chal inbox me aa.....,bc ghar wale bhi soch rahe honge yeh kya system paida ho gya sala lagta programing galat ho gayi.... sabsi badi confusion iske liye ladka dhundheyge yaa ladki😉,#stopauratbarbadimarch aurat ghr k andr hi achi lgti he yu sarkon par nikalna kisi bhi aurat ki izzat par daag lga skta he,randi kise kahte ha aap hi bata do? ye word ghatiya women ke liye hi use karta ha ab deepika ghatiya ha to randi hi bolenge na,chal tere baap ka naam kutte ka hai...  tera ghar hi nai jaana chahta tha tu
class3_batch005_sample020924,5,20924,3,Sexism,321924,325924,v3_original_demo_boundary_prompt,4-shot random authentic same-class,Shortlisted authentic RUHSOLD Sexism examples,40,"yeh wesy koi bht e zyda ounchi nasal ki randi niqli h wesy , mtlb i can't even imagine koi bughaz or paisy k pechay itna b girr skta h, nehayat e nichly darjay ki baighairat aurat ho, aurat zaat ko b badnaam kea h isny apny wajood sy !! akhh thooo iski zaat pay",randi kise kahte ha aap hi bata do? ye word ghatiya women ke liye hi use karta ha ab deepika ghatiya ha to randi hi bolenge na,mard muhbt kr bhi ly tu aksar aurat he dhoka dy jati h usy 💔,tere jaise randiyo ki chudai ke liye to ham mard hain yaha pe,tumhara jism tumharay marzi ho isliye #auratmarch
class3_batch005_sample020925,5,20925,3,Sexism,321925,325925,v3_original_demo_boundary_prompt,4-shot random authentic same-class,Shortlisted authentic RUHSOLD Sexism examples,40,teri bhosdi or boobs me parda mat kar...logo ko dekne de.dhake hoge to kaise pata chalega ki tu hijra nehi hai.   hijra kahi ki.,#auratmarch2020 mera jism allah ki marzi.. allah ka to hukam ha tum char dewari me raho .. nd ya nikl k apni nimaish karna chahten,jahiliyat ki v had hai ye apne ghar me slave ki tarh rahti hai aur bahar kutto jaise bhaunk rhi hai... shame on these ladies,transgander   madarchood   hijra tu aik bara khoota ha  haram zada,abe tu hijra na ho 😂
class3_batch005_sample020926,5,20926,3,Sexism,321926,325926,v3_original_demo_boundary_prompt,4-shot random authentic same-class,Shortlisted authentic RUHSOLD Sexism examples,40,phir larky beard ky bagiar khusray q lgty hain  wo bhi beard ky bagiar khubsurat lgny chahiye ?,"aurat ko islam nai galat lagta, ap log lagtay ho jo ye boltay hain k agar aurat ka rape hua to wo uski galtie usne sar par dupatta nai kiya us banday ki nahi wo bechara kesay control karay",dhoka khane k baad oska aitbar uth jata haa sbsee or dosre mard mai b interest ni rehta...ku k aurat jism k ley ni chahti jbk mard jism k ley chahta😌🙂,apni behn ko bhejo gay na aurat march me??,wo bhi beard ky bagair khubsurat lgi hoti
class3_batch005_sample020927,5,20927,3,Sexism,321927,325927,v3_original_demo_boundary_prompt,4-shot random authentic same-class,Shortlisted authentic RUHSOLD Sexism examples,40,bilo rani tumhari pehchan sirf or sirf hijra huna hai.. na mard,ap ko mard banny ki acting pasand i? agr ni to hijra hi bany rahye sir ye mardo k kam hn hijro k ni.,tum jesi ghatia aurat ka kam hi ni hai media par.kisi kothhay pe ja aur ulta late ja ke.begherat,#stopauratbarbadimarch who are you for arguing our tradition and islamic manners you bluddy 2 takay ki aurat   .,tera baap hu apni maa chod do
class3_batch005_sample020928,5,20928,3,Sexism,321928,325928,v3_original_demo_boundary_prompt,4-shot random authentic same-class,Shortlisted authentic RUHSOLD Sexism examples,40,aur jesi ghatia aurat ke mun se ye bat achi ni lagti. logon ko garam karnay wali machine.,transgander   madarchood   hijra tu aik bara khoota ha  haram zada,shazaib apni baji ko b bejna han aurat march ma agr itne he zruri hai to,jahiliyat ki v had hai ye apne ghar me slave ki tarh rahti hai aur bahar kutto jaise bhaunk rhi hai... shame on these ladies,teri maa ko chodu ga ab tak tu nahi dikhaya?
class3_batch005_sample020929,5,20929,3,Sexism,321929,325929,v3_original_demo_boundary_prompt,4-shot random authentic same-class,Shortlisted authentic RUHSOLD Sexism examples,40,you are just girlfriend material no one wants wife like you. itna jism jo sirf admi apni bivi ka dekhta h  apka to sary jahan ne dekha h,agar aaj se 40 saal pehley isi tarha ke banner pakarh kar mera jism meri marzi waala naara aapki amma ne maara hota to aap is duniya main ye tweet karney ke liye maujood hi na hoteen 😑😑😑,#stopauratbarbadimarch aurat ghr k andr hi achi lgti he yu sarkon par nikalna kisi bhi aurat ki izzat par daag lga skta he,lalchi aurat paisa dekhti hai aur khandani aurat sirf sehrat dekhti hai,laanti randiyo aur hijra
class3_batch005_sample020930,5,20930,3,Sexism,321930,325930,v3_original_demo_boundary_prompt,4-shot random authentic same-class,Shortlisted authentic RUHSOLD Sexism examples,40,acha tareka dhondha hai larkun ko ganda sabit karny ka but aesi neech harkat larkyan he kar sakti hain larky nahi.,"madum ap gharailo maon behno ki terha na blkeh on maon behno ki terha bhi nahi jo moaashrat main ghar sy bahir nikal ker apni , maan baap ki .belky pory moaashry ki izzat ka kgayal rekhti hain .ap oss catogary main ati hain .jisy rundi,jisy tawaif,fahasha, jisy badqar kehty hain",aur jesi ghatia aurat ke mun se ye bat achi ni lagti. logon ko garam karnay wali machine.,"yeh wesy koi bht e zyda ounchi nasal ki randi niqli h wesy , mtlb i can't even imagine koi bughaz or paisy k pechay itna b girr skta h, nehayat e nichly darjay ki baighairat aurat ho, aurat zaat ko b badnaam kea h isny apny wajood sy !! akhh thooo iski zaat pay",abe tera jism meri marzi chudwane ki koshish krti ha kya
class3_batch005_sample020931,5,20931,3,Sexism,321931,325931,v3_original_demo_boundary_prompt,4-shot random authentic same-class,Shortlisted authentic RUHSOLD Sexism examples,40,roads pe lab coat b ap ki gender hi pehnti ha 😂,original attitude boys ma hota ha aur fake girls ma,jahiliyat ki v had hai ye apne ghar me slave ki tarh rahti hai aur bahar kutto jaise bhaunk rhi hai... shame on these ladies,apni behn ko bhejo gay na aurat march me??,bhenchod bc hain tu
class3_batch005_sample020932,5,20932,3,Sexism,321932,325932,v3_original_demo_boundary_prompt,4-shot random authentic same-class,Shortlisted authentic RUHSOLD Sexism examples,40,original attitude boys ma hota ha aur fake girls ma,aisi or kis kis ki lund par uchel uchel kar moja lati ghar me.,#stopauratbarbadimarch aurat ghr k andr hi achi lgti he yu sarkon par nikalna kisi bhi aurat ki izzat par daag lga skta he,acha tareka dhondha hai larkun ko ganda sabit karny ka but aesi neech harkat larkyan he kar sakti hain larky nahi.,mard wali aurat ko dhokebaaz hi milti hai .
class3_batch005_sample020933,5,20933,3,Sexism,321933,325933,v3_original_demo_boundary_prompt,4-shot random authentic same-class,Shortlisted authentic RUHSOLD Sexism examples,40,tere jaise randiyo ki chudai ke liye to ham mard hain yaha pe,your leader  is hijra that's why he is not living with his wife.,phir larky beard ky bagiar khusray q lgty hain  wo bhi beard ky bagiar khubsurat lgny chahiye ?,aur jesi ghatia aurat ke mun se ye bat achi ni lagti. logon ko garam karnay wali machine.,tera baap hi hijra tha
class3_batch005_sample020934,5,20934,3,Sexism,321934,325934,v3_original_demo_boundary_prompt,4-shot random authentic same-class,Shortlisted authentic RUHSOLD Sexism examples,40,roads pe lab coat b ap ki gender hi pehnti ha 😂,"madum ap gharailo maon behno ki terha na blkeh on maon behno ki terha bhi nahi jo moaashrat main ghar sy bahir nikal ker apni , maan baap ki .belky pory moaashry ki izzat ka kgayal rekhti hain .ap oss catogary main ati hain .jisy rundi,jisy tawaif,fahasha, jisy badqar kehty hain",jahiliyat ki v had hai ye apne ghar me slave ki tarh rahti hai aur bahar kutto jaise bhaunk rhi hai... shame on these ladies,ek randi larki ko itni pazeerai di hai. smjh se bahir hai,tu apny bachy ki tarhy behn kiya ho
class3_batch005_sample020935,5,20935,3,Sexism,321935,325935,v3_original_demo_boundary_prompt,4-shot random authentic same-class,Shortlisted authentic RUHSOLD Sexism examples,40,"yeh wesy koi bht e zyda ounchi nasal ki randi niqli h wesy , mtlb i can't even imagine koi bughaz or paisy k pechay itna b girr skta h, nehayat e nichly darjay ki baighairat aurat ho, aurat zaat ko b badnaam kea h isny apny wajood sy !! akhh thooo iski zaat pay","aurat ko islam nai galat lagta, ap log lagtay ho jo ye boltay hain k agar aurat ka rape hua to wo uski galtie usne sar par dupatta nai kiya us banday ki nahi wo bechara kesay control karay",randi kise kahte ha aap hi bata do? ye word ghatiya women ke liye hi use karta ha ab deepika ghatiya ha to randi hi bolenge na,aisi or kis kis ki lund par uchel uchel kar moja lati ghar me.,mujhy unk bhi chutiye samjha raha ha
class3_batch005_sample020936,5,20936,3,Sexism,321936,325936,v3_original_demo_boundary_prompt,4-shot random authentic same-class,Shortlisted authentic RUHSOLD Sexism examples,40,#stopauratbarbadimarch aurat ghr k andr hi achi lgti he yu sarkon par nikalna kisi bhi aurat ki izzat par daag lga skta he,bilo rani tumhari pehchan sirf or sirf hijra huna hai.. na mard,tum jesi ghatia aurat ka kam hi ni hai media par.kisi kothhay pe ja aur ulta late ja ke.begherat,aaaahhhhhh bhenchod.....jese tere is mangalsutra ki sahi jagah tere gale me nai balki mere mote kaale lund pr he.... vese hi tujh jesi chudakkad kuttiya ki jagah kewal mere pairo k niche he saali.... chal inbox me aa.....,abe ye randi ka beta
class3_batch005_sample020937,5,20937,3,Sexism,321937,325937,v3_original_demo_boundary_prompt,4-shot random authentic same-class,Shortlisted authentic RUHSOLD Sexism examples,40,muslim countries ki leaderships na mard napunsak or hijra hain.. in mein koi dum nahi.. ye kuch nahi kr sakty.. jinnah ki rooh tarapti hogi.. jinnah ne kashmir par attack ka order diya tha..,we are supporting #islam and thank you #khalilurrahmanqamar for your beautiful comments against #gashti .  agar ye #aurat hoti to na me aesi zuban use krta aur na koi gairatmand #admi use krta.,r mazy k bat mra jism wo auratn krti hn jin pr thokta bh koi nae.,roads pe lab coat b ap ki gender hi pehnti ha 😂,gashti k bachy
class3_batch005_sample020938,5,20938,3,Sexism,321938,325938,v3_original_demo_boundary_prompt,4-shot random authentic same-class,Shortlisted authentic RUHSOLD Sexism examples,40,r mazy k bat mra jism wo auratn krti hn jin pr thokta bh koi nae.,bilo rani tumhari pehchan sirf or sirf hijra huna hai.. na mard,your leader  is hijra that's why he is not living with his wife.,phir larky beard ky bagiar khusray q lgty hain  wo bhi beard ky bagiar khubsurat lgny chahiye ?,rt : galiyan teri maa ko bolo... teri ammi ki jaldi kar liya.
class3_batch005_sample020939,5,20939,3,Sexism,321939,325939,v3_original_demo_boundary_prompt,4-shot random authentic same-class,Shortlisted authentic RUHSOLD Sexism examples,40,aur jesi ghatia aurat ke mun se ye bat achi ni lagti. logon ko garam karnay wali machine.,lalchi aurat paisa dekhti hai aur khandani aurat sirf sehrat dekhti hai,"ab iska sara credit har anchor le rha h jb k  rape,  ki asal jad h hi media jo mera jism.meri marzi,  hareem.shah , qandeel bloch , valentine day pe program krty hn phr rape hi hn gy","yeh wesy koi bht e zyda ounchi nasal ki randi niqli h wesy , mtlb i can't even imagine koi bughaz or paisy k pechay itna b girr skta h, nehayat e nichly darjay ki baighairat aurat ho, aurat zaat ko b badnaam kea h isny apny wajood sy !! akhh thooo iski zaat pay",tu bhi bc chod diya hota to tujhe apni maa ka yaar na chudwa lga denge
class3_batch005_sample020940,5,20940,3,Sexism,321940,325940,v3_original_demo_boundary_prompt,4-shot random authentic same-class,Shortlisted authentic RUHSOLD Sexism examples,40,"madum ap gharailo maon behno ki terha na blkeh on maon behno ki terha bhi nahi jo moaashrat main ghar sy bahir nikal ker apni , maan baap ki .belky pory moaashry ki izzat ka kgayal rekhti hain .ap oss catogary main ati hain .jisy rundi,jisy tawaif,fahasha, jisy badqar kehty hain",aur jesi ghatia aurat ke mun se ye bat achi ni lagti. logon ko garam karnay wali machine.,apni behn ko bhejo gay na aurat march me??,tum jesi ghatia aurat ka kam hi ni hai media par.kisi kothhay pe ja aur ulta late ja ke.begherat,chup kar tu randi rona kr raha hai
class3_batch005_sample020941,5,20941,3,Sexism,321941,325941,v3_original_demo_boundary_prompt,4-shot random authentic same-class,Shortlisted authentic RUHSOLD Sexism examples,40,agar aaj se 40 saal pehley isi tarha ke banner pakarh kar mera jism meri marzi waala naara aapki amma ne maara hota to aap is duniya main ye tweet karney ke liye maujood hi na hoteen 😑😑😑,bc ghar wale bhi soch rahe honge yeh kya system paida ho gya sala lagta programing galat ho gayi.... sabsi badi confusion iske liye ladka dhundheyge yaa ladki😉,mard muhbt kr bhi ly tu aksar aurat he dhoka dy jati h usy 💔,"yeh wesy koi bht e zyda ounchi nasal ki randi niqli h wesy , mtlb i can't even imagine koi bughaz or paisy k pechay itna b girr skta h, nehayat e nichly darjay ki baighairat aurat ho, aurat zaat ko b badnaam kea h isny apny wajood sy !! akhh thooo iski zaat pay",tumhari maa kuch bhi nahi bol raha..😂
class3_batch005_sample020942,5,20942,3,Sexism,321942,325942,v3_original_demo_boundary_prompt,4-shot random authentic same-class,Shortlisted authentic RUHSOLD Sexism examples,40,"ab iska sara credit har anchor le rha h jb k  rape,  ki asal jad h hi media jo mera jism.meri marzi,  hareem.shah , qandeel bloch , valentine day pe program krty hn phr rape hi hn gy","madum ap gharailo maon behno ki terha na blkeh on maon behno ki terha bhi nahi jo moaashrat main ghar sy bahir nikal ker apni , maan baap ki .belky pory moaashry ki izzat ka kgayal rekhti hain .ap oss catogary main ati hain .jisy rundi,jisy tawaif,fahasha, jisy badqar kehty hain","apko kehna chahye tha na mard hoon, na aurat hoo. main hijra hoon main hijra hoon, main parchi hoon, main defected hoon, main accidental chairman hoon.  #joker420",phir larky beard ky bagiar khusray q lgty hain  wo bhi beard ky bagiar khubsurat lgny chahiye ?,haan na randi ke bache
class3_batch005_sample020943,5,20943,3,Sexism,321943,325943,v3_original_demo_boundary_prompt,4-shot random authentic same-class,Shortlisted authentic RUHSOLD Sexism examples,40,jin ko hizab se nafrat he wo nangi ho k ghoome koi in pe thooke ga bhi nahi  aurat khoobsurat pure libas me lagti he mawazna karlen,teri chut me sabhi bhaiyo ka lund reply de randi,ek randi larki ko itni pazeerai di hai. smjh se bahir hai,original attitude boys ma hota ha aur fake girls ma,apni ammi ko dikhane k liye randi rona kar rahe ho.
class3_batch005_sample020944,5,20944,3,Sexism,321944,325944,v3_original_demo_boundary_prompt,4-shot random authentic same-class,Shortlisted authentic RUHSOLD Sexism examples,40,#stopauratbarbadimarch aurat ghr k andr hi achi lgti he yu sarkon par nikalna kisi bhi aurat ki izzat par daag lga skta he,jahiliyat ki v had hai ye apne ghar me slave ki tarh rahti hai aur bahar kutto jaise bhaunk rhi hai... shame on these ladies,"madum ap gharailo maon behno ki terha na blkeh on maon behno ki terha bhi nahi jo moaashrat main ghar sy bahir nikal ker apni , maan baap ki .belky pory moaashry ki izzat ka kgayal rekhti hain .ap oss catogary main ati hain .jisy rundi,jisy tawaif,fahasha, jisy badqar kehty hain",ap ko mard banny ki acting pasand i? agr ni to hijra hi bany rahye sir ye mardo k kam hn hijro k ni.,yeh sharam nahi hoti isliye
class3_batch005_sample020945,5,20945,3,Sexism,321945,325945,v3_original_demo_boundary_prompt,4-shot random authentic same-class,Shortlisted authentic RUHSOLD Sexism examples,40,#stopauratbarbadimarch who are you for arguing our tradition and islamic manners you bluddy 2 takay ki aurat   .,tere jaise randiyo ki chudai ke liye to ham mard hain yaha pe,"madum ap gharailo maon behno ki terha na blkeh on maon behno ki terha bhi nahi jo moaashrat main ghar sy bahir nikal ker apni , maan baap ki .belky pory moaashry ki izzat ka kgayal rekhti hain .ap oss catogary main ati hain .jisy rundi,jisy tawaif,fahasha, jisy badqar kehty hain",mard muhbt kr bhi ly tu aksar aurat he dhoka dy jati h usy 💔,aby kisi aurat ko kya bola ja rhy
class3_batch005_sample020946,5,20946,3,Sexism,321946,325946,v3_original_demo_boundary_prompt,4-shot random authentic same-class,Shortlisted authentic RUHSOLD Sexism examples,40,aur jesi ghatia aurat ke mun se ye bat achi ni lagti. logon ko garam karnay wali machine.,tere jaise randiyo ki chudai ke liye to ham mard hain yaha pe,#stopauratbarbadimarch aurat ghr k andr hi achi lgti he yu sarkon par nikalna kisi bhi aurat ki izzat par daag lga skta he,your leader  is hijra that's why he is not living with his wife.,apni maa ka yaar bhi jo tu jaani chahy hn wo pata nahein kr rha ha....tujhy bht hi koi baat nahi thi k tumhari amma k liye ghar wala utha le
class3_batch005_sample020947,5,20947,3,Sexism,321947,325947,v3_original_demo_boundary_prompt,4-shot random authentic same-class,Shortlisted authentic RUHSOLD Sexism examples,40,"madum ap gharailo maon behno ki terha na blkeh on maon behno ki terha bhi nahi jo moaashrat main ghar sy bahir nikal ker apni , maan baap ki .belky pory moaashry ki izzat ka kgayal rekhti hain .ap oss catogary main ati hain .jisy rundi,jisy tawaif,fahasha, jisy badqar kehty hain",agar aaj se 40 saal pehley isi tarha ke banner pakarh kar mera jism meri marzi waala naara aapki amma ne maara hota to aap is duniya main ye tweet karney ke liye maujood hi na hoteen 😑😑😑,acha tareka dhondha hai larkun ko ganda sabit karny ka but aesi neech harkat larkyan he kar sakti hain larky nahi.,bc ghar wale bhi soch rahe honge yeh kya system paida ho gya sala lagta programing galat ho gayi.... sabsi badi confusion iske liye ladka dhundheyge yaa ladki😉,chutiyiye mera ghar tha 😂
class3_batch005_sample020948,5,20948,3,Sexism,321948,325948,v3_original_demo_boundary_prompt,4-shot random authentic same-class,Shortlisted authentic RUHSOLD Sexism examples,40,"yeh wesy koi bht e zyda ounchi nasal ki randi niqli h wesy , mtlb i can't even imagine koi bughaz or paisy k pechay itna b girr skta h, nehayat e nichly darjay ki baighairat aurat ho, aurat zaat ko b badnaam kea h isny apny wajood sy !! akhh thooo iski zaat pay","aurat ko islam nai galat lagta, ap log lagtay ho jo ye boltay hain k agar aurat ka rape hua to wo uski galtie usne sar par dupatta nai kiya us banday ki nahi wo bechara kesay control karay",#auratmarch2020 mera jism allah ki marzi.. allah ka to hukam ha tum char dewari me raho .. nd ya nikl k apni nimaish karna chahten,transgander   madarchood   hijra tu aik bara khoota ha  haram zada,"abe bhenchod, teri maa ki chut marwa denge"
class3_batch005_sample020949,5,20949,3,Sexism,321949,325949,v3_original_demo_boundary_prompt,4-shot random authentic same-class,Shortlisted authentic RUHSOLD Sexism examples,40,shazaib apni baji ko b bejna han aurat march ma agr itne he zruri hai to,teri bhosdi or boobs me parda mat kar...logo ko dekne de.dhake hoge to kaise pata chalega ki tu hijra nehi hai.   hijra kahi ki.,ek randi larki ko itni pazeerai di hai. smjh se bahir hai,#auratmarch2020 mera jism allah ki marzi.. allah ka to hukam ha tum char dewari me raho .. nd ya nikl k apni nimaish karna chahten,wo randi or hijra ho
class3_batch005_sample020950,5,20950,3,Sexism,321950,325950,v3_original_demo_boundary_prompt,4-shot random authentic same-class,Shortlisted authentic RUHSOLD Sexism examples,40,bc ghar wale bhi soch rahe honge yeh kya system paida ho gya sala lagta programing galat ho gayi.... sabsi badi confusion iske liye ladka dhundheyge yaa ladki😉,bilo rani tumhari pehchan sirf or sirf hijra huna hai.. na mard,apni behn ko bhejo gay na aurat march me??,ap ko mard banny ki acting pasand i? agr ni to hijra hi bany rahye sir ye mardo k kam hn hijro k ni.,rt : nawaz sharif ne kaha hai ke lakh di land tere jesa hijrein ka haq hai pakistan
class3_batch005_sample020951,5,20951,3,Sexism,321951,325951,v3_original_demo_boundary_prompt,4-shot random authentic same-class,Shortlisted authentic RUHSOLD Sexism examples,40,"apko kehna chahye tha na mard hoon, na aurat hoo. main hijra hoon main hijra hoon, main parchi hoon, main defected hoon, main accidental chairman hoon.  #joker420",mard muhbt kr bhi ly tu aksar aurat he dhoka dy jati h usy 💔,agar aaj se 40 saal pehley isi tarha ke banner pakarh kar mera jism meri marzi waala naara aapki amma ne maara hota to aap is duniya main ye tweet karney ke liye maujood hi na hoteen 😑😑😑,acha tareka dhondha hai larkun ko ganda sabit karny ka but aesi neech harkat larkyan he kar sakti hain larky nahi.,teri maa ki choot
class3_batch005_sample020952,5,20952,3,Sexism,321952,325952,v3_original_demo_boundary_prompt,4-shot random authentic same-class,Shortlisted authentic RUHSOLD Sexism examples,40,mard muhbt kr bhi ly tu aksar aurat he dhoka dy jati h usy 💔,ap ko mard banny ki acting pasand i? agr ni to hijra hi bany rahye sir ye mardo k kam hn hijro k ni.,"aurat ko islam nai galat lagta, ap log lagtay ho jo ye boltay hain k agar aurat ka rape hua to wo uski galtie usne sar par dupatta nai kiya us banday ki nahi wo bechara kesay control karay",#auratmarch2020 mera jism allah ki marzi.. allah ka to hukam ha tum char dewari me raho .. nd ya nikl k apni nimaish karna chahten,abhi tak mujhy pata ha chupa nae lein ga
class3_batch005_sample020953,5,20953,3,Sexism,321953,325953,v3_original_demo_boundary_prompt,4-shot random authentic same-class,Shortlisted authentic RUHSOLD Sexism examples,40,tum jesi ghatia aurat ka kam hi ni hai media par.kisi kothhay pe ja aur ulta late ja ke.begherat,bilo rani tumhari pehchan sirf or sirf hijra huna hai.. na mard,aaaahhhhhh bhenchod.....jese tere is mangalsutra ki sahi jagah tere gale me nai balki mere mote kaale lund pr he.... vese hi tujh jesi chudakkad kuttiya ki jagah kewal mere pairo k niche he saali.... chal inbox me aa.....,aisi or kis kis ki lund par uchel uchel kar moja lati ghar me.,wohi ho sakti hai jo humse chodne wala hota hai...tum kabhi nahi bolo wo acha hee nikl saki
class3_batch005_sample020954,5,20954,3,Sexism,321954,325954,v3_original_demo_boundary_prompt,4-shot random authentic same-class,Shortlisted authentic RUHSOLD Sexism examples,40,r mazy k bat mra jism wo auratn krti hn jin pr thokta bh koi nae.,"apko kehna chahye tha na mard hoon, na aurat hoo. main hijra hoon main hijra hoon, main parchi hoon, main defected hoon, main accidental chairman hoon.  #joker420",bc ghar wale bhi soch rahe honge yeh kya system paida ho gya sala lagta programing galat ho gayi.... sabsi badi confusion iske liye ladka dhundheyge yaa ladki😉,mard muhbt kr bhi ly tu aksar aurat he dhoka dy jati h usy 💔,tujhy pata nai kis se jaldi hogaya
class3_batch005_sample020955,5,20955,3,Sexism,321955,325955,v3_original_demo_boundary_prompt,4-shot random authentic same-class,Shortlisted authentic RUHSOLD Sexism examples,40,"apko kehna chahye tha na mard hoon, na aurat hoo. main hijra hoon main hijra hoon, main parchi hoon, main defected hoon, main accidental chairman hoon.  #joker420",#auratmarch2020 mera jism allah ki marzi.. allah ka to hukam ha tum char dewari me raho .. nd ya nikl k apni nimaish karna chahten,tere jaise randiyo ki chudai ke liye to ham mard hain yaha pe,ek randi larki ko itni pazeerai di hai. smjh se bahir hai,sasta hi wala
class3_batch005_sample020956,5,20956,3,Sexism,321956,325956,v3_original_demo_boundary_prompt,4-shot random authentic same-class,Shortlisted authentic RUHSOLD Sexism examples,40,"ab iska sara credit har anchor le rha h jb k  rape,  ki asal jad h hi media jo mera jism.meri marzi,  hareem.shah , qandeel bloch , valentine day pe program krty hn phr rape hi hn gy",phir larky beard ky bagiar khusray q lgty hain  wo bhi beard ky bagiar khubsurat lgny chahiye ?,teri chut me sabhi bhaiyo ka lund reply de randi,#auratmarch2020 mera jism allah ki marzi.. allah ka to hukam ha tum char dewari me raho .. nd ya nikl k apni nimaish karna chahten,saali tu maa behn ke liay bolta hu
class3_batch005_sample020957,5,20957,3,Sexism,321957,325957,v3_original_demo_boundary_prompt,4-shot random authentic same-class,Shortlisted authentic RUHSOLD Sexism examples,40,transgander   madarchood   hijra tu aik bara khoota ha  haram zada,aur jesi ghatia aurat ke mun se ye bat achi ni lagti. logon ko garam karnay wali machine.,apni behn ko bhejo gay na aurat march me??,#stopauratbarbadimarch aurat ghr k andr hi achi lgti he yu sarkon par nikalna kisi bhi aurat ki izzat par daag lga skta he,charsi aurat
class3_batch005_sample020958,5,20958,3,Sexism,321958,325958,v3_original_demo_boundary_prompt,4-shot random authentic same-class,Shortlisted authentic RUHSOLD Sexism examples,40,lalchi aurat paisa dekhti hai aur khandani aurat sirf sehrat dekhti hai,tum jesi ghatia aurat ka kam hi ni hai media par.kisi kothhay pe ja aur ulta late ja ke.begherat,"ab iska sara credit har anchor le rha h jb k  rape,  ki asal jad h hi media jo mera jism.meri marzi,  hareem.shah , qandeel bloch , valentine day pe program krty hn phr rape hi hn gy","apko kehna chahye tha na mard hoon, na aurat hoo. main hijra hoon main hijra hoon, main parchi hoon, main defected hoon, main accidental chairman hoon.  #joker420",randiyon ko kya pata kabhi ek saath nahin beth skti
class3_batch005_sample020959,5,20959,3,Sexism,321959,325959,v3_original_demo_boundary_prompt,4-shot random authentic same-class,Shortlisted authentic RUHSOLD Sexism examples,40,teri bhosdi or boobs me parda mat kar...logo ko dekne de.dhake hoge to kaise pata chalega ki tu hijra nehi hai.   hijra kahi ki.,dhoka khane k baad oska aitbar uth jata haa sbsee or dosre mard mai b interest ni rehta...ku k aurat jism k ley ni chahti jbk mard jism k ley chahta😌🙂,bc ghar wale bhi soch rahe honge yeh kya system paida ho gya sala lagta programing galat ho gayi.... sabsi badi confusion iske liye ladka dhundheyge yaa ladki😉,r mazy k bat mra jism wo auratn krti hn jin pr thokta bh koi nae.,nikl gaand se akhrot todne ka.
class3_batch005_sample020960,5,20960,3,Sexism,321960,325960,v3_original_demo_boundary_prompt,4-shot random authentic same-class,Shortlisted authentic RUHSOLD Sexism examples,40,ek randi larki ko itni pazeerai di hai. smjh se bahir hai,teri bhosdi or boobs me parda mat kar...logo ko dekne de.dhake hoge to kaise pata chalega ki tu hijra nehi hai.   hijra kahi ki.,apni behn ko bhejo gay na aurat march me??,#auratmarch2020 mera jism allah ki marzi.. allah ka to hukam ha tum char dewari me raho .. nd ya nikl k apni nimaish karna chahten,oye maa ki choot saali hai tu
class3_batch005_sample020961,5,20961,3,Sexism,321961,325961,v3_original_demo_boundary_prompt,4-shot random authentic same-class,Shortlisted authentic RUHSOLD Sexism examples,40,aisi or kis kis ki lund par uchel uchel kar moja lati ghar me.,teri chut me sabhi bhaiyo ka lund reply de randi,#stopauratbarbadimarch who are you for arguing our tradition and islamic manners you bluddy 2 takay ki aurat   .,aur jesi ghatia aurat ke mun se ye bat achi ni lagti. logon ko garam karnay wali machine.,tere maa ki phudi mein larkiyo ko sari duniya ko chod di hai
class3_batch005_sample020962,5,20962,3,Sexism,321962,325962,v3_original_demo_boundary_prompt,4-shot random authentic same-class,Shortlisted authentic RUHSOLD Sexism examples,40,tum jesi ghatia aurat ka kam hi ni hai media par.kisi kothhay pe ja aur ulta late ja ke.begherat,apni behn ko bhejo gay na aurat march me??,transgander   madarchood   hijra tu aik bara khoota ha  haram zada,original attitude boys ma hota ha aur fake girls ma,chudai wala kutta
class3_batch005_sample020963,5,20963,3,Sexism,321963,325963,v3_original_demo_boundary_prompt,4-shot random authentic same-class,Shortlisted authentic RUHSOLD Sexism examples,40,muslim countries ki leaderships na mard napunsak or hijra hain.. in mein koi dum nahi.. ye kuch nahi kr sakty.. jinnah ki rooh tarapti hogi.. jinnah ne kashmir par attack ka order diya tha..,jin ko hizab se nafrat he wo nangi ho k ghoome koi in pe thooke ga bhi nahi  aurat khoobsurat pure libas me lagti he mawazna karlen,your leader  is hijra that's why he is not living with his wife.,70 saal ka mard is better than a 30 year old hijra😅,tera baap hijra tha ..tujhe bhi hijra banane ki ijaza dete hein
class3_batch005_sample020964,5,20964,3,Sexism,321964,325964,v3_original_demo_boundary_prompt,4-shot random authentic same-class,Shortlisted authentic RUHSOLD Sexism examples,40,bc ghar wale bhi soch rahe honge yeh kya system paida ho gya sala lagta programing galat ho gayi.... sabsi badi confusion iske liye ladka dhundheyge yaa ladki😉,70 saal ka mard is better than a 30 year old hijra😅,bilo rani tumhari pehchan sirf or sirf hijra huna hai.. na mard,jahiliyat ki v had hai ye apne ghar me slave ki tarh rahti hai aur bahar kutto jaise bhaunk rhi hai... shame on these ladies,mujhy pata chala hua hai tera najaiz baap hai yaad agya hai
class3_batch005_sample020965,5,20965,3,Sexism,321965,325965,v3_original_demo_boundary_prompt,4-shot random authentic same-class,Shortlisted authentic RUHSOLD Sexism examples,40,lalchi aurat paisa dekhti hai aur khandani aurat sirf sehrat dekhti hai,r mazy k bat mra jism wo auratn krti hn jin pr thokta bh koi nae.,muslim countries ki leaderships na mard napunsak or hijra hain.. in mein koi dum nahi.. ye kuch nahi kr sakty.. jinnah ki rooh tarapti hogi.. jinnah ne kashmir par attack ka order diya tha..,acha tareka dhondha hai larkun ko ganda sabit karny ka but aesi neech harkat larkyan he kar sakti hain larky nahi.,abhi bharwe ne shadi karwane ki zarurat nhi.
class3_batch005_sample020966,5,20966,3,Sexism,321966,325966,v3_original_demo_boundary_prompt,4-shot random authentic same-class,Shortlisted authentic RUHSOLD Sexism examples,40,phir larky beard ky bagiar khusray q lgty hain  wo bhi beard ky bagiar khubsurat lgny chahiye ?,"madum ap gharailo maon behno ki terha na blkeh on maon behno ki terha bhi nahi jo moaashrat main ghar sy bahir nikal ker apni , maan baap ki .belky pory moaashry ki izzat ka kgayal rekhti hain .ap oss catogary main ati hain .jisy rundi,jisy tawaif,fahasha, jisy badqar kehty hain",mard muhbt kr bhi ly tu aksar aurat he dhoka dy jati h usy 💔,acha tareka dhondha hai larkun ko ganda sabit karny ka but aesi neech harkat larkyan he kar sakti hain larky nahi.,i'm gonna say this again.. randi rona hai tumhari
class3_batch005_sample020967,5,20967,3,Sexism,321967,325967,v3_original_demo_boundary_prompt,4-shot random authentic same-class,Shortlisted authentic RUHSOLD Sexism examples,40,aaaahhhhhh bhenchod.....jese tere is mangalsutra ki sahi jagah tere gale me nai balki mere mote kaale lund pr he.... vese hi tujh jesi chudakkad kuttiya ki jagah kewal mere pairo k niche he saali.... chal inbox me aa.....,randi kise kahte ha aap hi bata do? ye word ghatiya women ke liye hi use karta ha ab deepika ghatiya ha to randi hi bolenge na,"aurat ko islam nai galat lagta, ap log lagtay ho jo ye boltay hain k agar aurat ka rape hua to wo uski galtie usne sar par dupatta nai kiya us banday ki nahi wo bechara kesay control karay",acha tareka dhondha hai larkun ko ganda sabit karny ka but aesi neech harkat larkyan he kar sakti hain larky nahi.,yaar teri maa chod dete to apni maa k naam se tu ronkar yakeen bhejna tha
class3_batch005_sample020968,5,20968,3,Sexism,321968,325968,v3_original_demo_boundary_prompt,4-shot random authentic same-class,Shortlisted authentic RUHSOLD Sexism examples,40,teri bhosdi or boobs me parda mat kar...logo ko dekne de.dhake hoge to kaise pata chalega ki tu hijra nehi hai.   hijra kahi ki.,phir larky beard ky bagiar khusray q lgty hain  wo bhi beard ky bagiar khubsurat lgny chahiye ?,roads pe lab coat b ap ki gender hi pehnti ha 😂,aaaahhhhhh bhenchod.....jese tere is mangalsutra ki sahi jagah tere gale me nai balki mere mote kaale lund pr he.... vese hi tujh jesi chudakkad kuttiya ki jagah kewal mere pairo k niche he saali.... chal inbox me aa.....,abhi bachon ko bhi hijra banane k liay koi dhamaka nahi mil raha???
class3_batch005_sample020969,5,20969,3,Sexism,321969,325969,v3_original_demo_boundary_prompt,4-shot random authentic same-class,Shortlisted authentic RUHSOLD Sexism examples,40,tere jaise randiyo ki chudai ke liye to ham mard hain yaha pe,#stopauratbarbadimarch aurat ghr k andr hi achi lgti he yu sarkon par nikalna kisi bhi aurat ki izzat par daag lga skta he,lalchi aurat paisa dekhti hai aur khandani aurat sirf sehrat dekhti hai,acha tareka dhondha hai larkun ko ganda sabit karny ka but aesi neech harkat larkyan he kar sakti hain larky nahi.,tum logon k bachay yahan se chali jao aur apni maa behn ko bachao
class3_batch005_sample020970,5,20970,3,Sexism,321970,325970,v3_original_demo_boundary_prompt,4-shot random authentic same-class,Shortlisted authentic RUHSOLD Sexism examples,40,r mazy k bat mra jism wo auratn krti hn jin pr thokta bh koi nae.,acha tareka dhondha hai larkun ko ganda sabit karny ka but aesi neech harkat larkyan he kar sakti hain larky nahi.,"yeh wesy koi bht e zyda ounchi nasal ki randi niqli h wesy , mtlb i can't even imagine koi bughaz or paisy k pechay itna b girr skta h, nehayat e nichly darjay ki baighairat aurat ho, aurat zaat ko b badnaam kea h isny apny wajood sy !! akhh thooo iski zaat pay",tu kyun ro rahe hai hijra? tera buddhe hijra to kamjor mard hai. uska kara nehi hota. 🤣🤣🤣🤣,aisay lag rahi hai tumhary charsi aurat
class3_batch005_sample020971,5,20971,3,Sexism,321971,325971,v3_original_demo_boundary_prompt,4-shot random authentic same-class,Shortlisted authentic RUHSOLD Sexism examples,40,tum jesi ghatia aurat ka kam hi ni hai media par.kisi kothhay pe ja aur ulta late ja ke.begherat,bc ghar wale bhi soch rahe honge yeh kya system paida ho gya sala lagta programing galat ho gayi.... sabsi badi confusion iske liye ladka dhundheyge yaa ladki😉,aaaahhhhhh bhenchod.....jese tere is mangalsutra ki sahi jagah tere gale me nai balki mere mote kaale lund pr he.... vese hi tujh jesi chudakkad kuttiya ki jagah kewal mere pairo k niche he saali.... chal inbox me aa.....,#stopauratbarbadimarch who are you for arguing our tradition and islamic manners you bluddy 2 takay ki aurat   .,agr teri maa ko pata hota to tumne usko itni zarurat thi....
class3_batch005_sample020972,5,20972,3,Sexism,321972,325972,v3_original_demo_boundary_prompt,4-shot random authentic same-class,Shortlisted authentic RUHSOLD Sexism examples,40,#auratmarch2020 mera jism allah ki marzi.. allah ka to hukam ha tum char dewari me raho .. nd ya nikl k apni nimaish karna chahten,jin ko hizab se nafrat he wo nangi ho k ghoome koi in pe thooke ga bhi nahi  aurat khoobsurat pure libas me lagti he mawazna karlen,acha tareka dhondha hai larkun ko ganda sabit karny ka but aesi neech harkat larkyan he kar sakti hain larky nahi.,teri bhosdi or boobs me parda mat kar...logo ko dekne de.dhake hoge to kaise pata chalega ki tu hijra nehi hai.   hijra kahi ki.,abe bhosdike bharwe teri maa ke phudiya ko kutta ka beta
class3_batch005_sample020973,5,20973,3,Sexism,321973,325973,v3_original_demo_boundary_prompt,4-shot random authentic same-class,Shortlisted authentic RUHSOLD Sexism examples,40,shazaib apni baji ko b bejna han aurat march ma agr itne he zruri hai to,transgander   madarchood   hijra tu aik bara khoota ha  haram zada,tere jaise randiyo ki chudai ke liye to ham mard hain yaha pe,"ab iska sara credit har anchor le rha h jb k  rape,  ki asal jad h hi media jo mera jism.meri marzi,  hareem.shah , qandeel bloch , valentine day pe program krty hn phr rape hi hn gy",ab tum logon ne ye kaam kiya hai... 😂😂
class3_batch005_sample020974,5,20974,3,Sexism,321974,325974,v3_original_demo_boundary_prompt,4-shot random authentic same-class,Shortlisted authentic RUHSOLD Sexism examples,40,"yeh wesy koi bht e zyda ounchi nasal ki randi niqli h wesy , mtlb i can't even imagine koi bughaz or paisy k pechay itna b girr skta h, nehayat e nichly darjay ki baighairat aurat ho, aurat zaat ko b badnaam kea h isny apny wajood sy !! akhh thooo iski zaat pay",roads pe lab coat b ap ki gender hi pehnti ha 😂,aaaahhhhhh bhenchod.....jese tere is mangalsutra ki sahi jagah tere gale me nai balki mere mote kaale lund pr he.... vese hi tujh jesi chudakkad kuttiya ki jagah kewal mere pairo k niche he saali.... chal inbox me aa.....,agar aaj se 40 saal pehley isi tarha ke banner pakarh kar mera jism meri marzi waala naara aapki amma ne maara hota to aap is duniya main ye tweet karney ke liye maujood hi na hoteen 😑😑😑,rt : koi bat nai tu hijra
class3_batch005_sample020975,5,20975,3,Sexism,321975,325975,v3_original_demo_boundary_prompt,4-shot random authentic same-class,Shortlisted authentic RUHSOLD Sexism examples,40,we are supporting #islam and thank you #khalilurrahmanqamar for your beautiful comments against #gashti .  agar ye #aurat hoti to na me aesi zuban use krta aur na koi gairatmand #admi use krta.,randi kise kahte ha aap hi bata do? ye word ghatiya women ke liye hi use karta ha ab deepika ghatiya ha to randi hi bolenge na,bc ghar wale bhi soch rahe honge yeh kya system paida ho gya sala lagta programing galat ho gayi.... sabsi badi confusion iske liye ladka dhundheyge yaa ladki😉,muslim countries ki leaderships na mard napunsak or hijra hain.. in mein koi dum nahi.. ye kuch nahi kr sakty.. jinnah ki rooh tarapti hogi.. jinnah ne kashmir par attack ka order diya tha..,psl tk ye saazish ha jo india se bacha raha ha... aur us mein ye gashti ko bemar karne ka plan bhi ha...
class3_batch005_sample020976,5,20976,3,Sexism,321976,325976,v3_original_demo_boundary_prompt,4-shot random authentic same-class,Shortlisted authentic RUHSOLD Sexism examples,40,#stopauratbarbadimarch aurat ghr k andr hi achi lgti he yu sarkon par nikalna kisi bhi aurat ki izzat par daag lga skta he,aisi or kis kis ki lund par uchel uchel kar moja lati ghar me.,bc ghar wale bhi soch rahe honge yeh kya system paida ho gya sala lagta programing galat ho gayi.... sabsi badi confusion iske liye ladka dhundheyge yaa ladki😉,"ab iska sara credit har anchor le rha h jb k  rape,  ki asal jad h hi media jo mera jism.meri marzi,  hareem.shah , qandeel bloch , valentine day pe program krty hn phr rape hi hn gy","rt : ""lakin ye toh randiyo ke kutte"" 😂"
class3_batch005_sample020977,5,20977,3,Sexism,321977,325977,v3_original_demo_boundary_prompt,4-shot random authentic same-class,Shortlisted authentic RUHSOLD Sexism examples,40,agar aaj se 40 saal pehley isi tarha ke banner pakarh kar mera jism meri marzi waala naara aapki amma ne maara hota to aap is duniya main ye tweet karney ke liye maujood hi na hoteen 😑😑😑,lalchi aurat paisa dekhti hai aur khandani aurat sirf sehrat dekhti hai,we are supporting #islam and thank you #khalilurrahmanqamar for your beautiful comments against #gashti .  agar ye #aurat hoti to na me aesi zuban use krta aur na koi gairatmand #admi use krta.,phir larky beard ky bagiar khusray q lgty hain  wo bhi beard ky bagiar khubsurat lgny chahiye ?,abe apni behn ki chut chod raha hai... randi rona mat kro...
class3_batch005_sample020978,5,20978,3,Sexism,321978,325978,v3_original_demo_boundary_prompt,4-shot random authentic same-class,Shortlisted authentic RUHSOLD Sexism examples,40,70 saal ka mard is better than a 30 year old hijra😅,"madum ap gharailo maon behno ki terha na blkeh on maon behno ki terha bhi nahi jo moaashrat main ghar sy bahir nikal ker apni , maan baap ki .belky pory moaashry ki izzat ka kgayal rekhti hain .ap oss catogary main ati hain .jisy rundi,jisy tawaif,fahasha, jisy badqar kehty hain",phir larky beard ky bagiar khusray q lgty hain  wo bhi beard ky bagiar khubsurat lgny chahiye ?,jin ko hizab se nafrat he wo nangi ho k ghoome koi in pe thooke ga bhi nahi  aurat khoobsurat pure libas me lagti he mawazna karlen,i am not talking about her body just say no to feminist
class3_batch005_sample020979,5,20979,3,Sexism,321979,325979,v3_original_demo_boundary_prompt,4-shot random authentic same-class,Shortlisted authentic RUHSOLD Sexism examples,40,bilo rani tumhari pehchan sirf or sirf hijra huna hai.. na mard,muslim countries ki leaderships na mard napunsak or hijra hain.. in mein koi dum nahi.. ye kuch nahi kr sakty.. jinnah ki rooh tarapti hogi.. jinnah ne kashmir par attack ka order diya tha..,jin ko hizab se nafrat he wo nangi ho k ghoome koi in pe thooke ga bhi nahi  aurat khoobsurat pure libas me lagti he mawazna karlen,"ab iska sara credit har anchor le rha h jb k  rape,  ki asal jad h hi media jo mera jism.meri marzi,  hareem.shah , qandeel bloch , valentine day pe program krty hn phr rape hi hn gy",yahan tere jaise hijre wale kisi chutiye ki amma ke lode
class3_batch005_sample020980,5,20980,3,Sexism,321980,325980,v3_original_demo_boundary_prompt,4-shot random authentic same-class,Shortlisted authentic RUHSOLD Sexism examples,40,tere jaise randiyo ki chudai ke liye to ham mard hain yaha pe,aur jesi ghatia aurat ke mun se ye bat achi ni lagti. logon ko garam karnay wali machine.,your leader  is hijra that's why he is not living with his wife.,phir larky beard ky bagiar khusray q lgty hain  wo bhi beard ky bagiar khubsurat lgny chahiye ?,ab teri maa ki choot maroon gy tum ny nikl rahe ho
class3_batch005_sample020981,5,20981,3,Sexism,321981,325981,v3_original_demo_boundary_prompt,4-shot random authentic same-class,Shortlisted authentic RUHSOLD Sexism examples,40,randi kise kahte ha aap hi bata do? ye word ghatiya women ke liye hi use karta ha ab deepika ghatiya ha to randi hi bolenge na,your leader  is hijra that's why he is not living with his wife.,aaaahhhhhh bhenchod.....jese tere is mangalsutra ki sahi jagah tere gale me nai balki mere mote kaale lund pr he.... vese hi tujh jesi chudakkad kuttiya ki jagah kewal mere pairo k niche he saali.... chal inbox me aa.....,jin ko hizab se nafrat he wo nangi ho k ghoome koi in pe thooke ga bhi nahi  aurat khoobsurat pure libas me lagti he mawazna karlen,randi ko chod denge teri maa k bachy
class3_batch005_sample020982,5,20982,3,Sexism,321982,325982,v3_original_demo_boundary_prompt,4-shot random authentic same-class,Shortlisted authentic RUHSOLD Sexism examples,40,you are just girlfriend material no one wants wife like you. itna jism jo sirf admi apni bivi ka dekhta h  apka to sary jahan ne dekha h,original attitude boys ma hota ha aur fake girls ma,randi kise kahte ha aap hi bata do? ye word ghatiya women ke liye hi use karta ha ab deepika ghatiya ha to randi hi bolenge na,70 saal ka mard is better than a 30 year old hijra😅,wo khud hai...
class3_batch005_sample020983,5,20983,3,Sexism,321983,325983,v3_original_demo_boundary_prompt,4-shot random authentic same-class,Shortlisted authentic RUHSOLD Sexism examples,40,#stopauratbarbadimarch who are you for arguing our tradition and islamic manners you bluddy 2 takay ki aurat   .,"ab iska sara credit har anchor le rha h jb k  rape,  ki asal jad h hi media jo mera jism.meri marzi,  hareem.shah , qandeel bloch , valentine day pe program krty hn phr rape hi hn gy",ek randi larki ko itni pazeerai di hai. smjh se bahir hai,jin ko hizab se nafrat he wo nangi ho k ghoome koi in pe thooke ga bhi nahi  aurat khoobsurat pure libas me lagti he mawazna karlen,tum logon ki dosti ho aurat barbadion ne chore gi
class3_batch005_sample020984,5,20984,3,Sexism,321984,325984,v3_original_demo_boundary_prompt,4-shot random authentic same-class,Shortlisted authentic RUHSOLD Sexism examples,40,dhoka khane k baad oska aitbar uth jata haa sbsee or dosre mard mai b interest ni rehta...ku k aurat jism k ley ni chahti jbk mard jism k ley chahta😌🙂,tere jaise randiyo ki chudai ke liye to ham mard hain yaha pe,jin ko hizab se nafrat he wo nangi ho k ghoome koi in pe thooke ga bhi nahi  aurat khoobsurat pure libas me lagti he mawazna karlen,"yeh wesy koi bht e zyda ounchi nasal ki randi niqli h wesy , mtlb i can't even imagine koi bughaz or paisy k pechay itna b girr skta h, nehayat e nichly darjay ki baighairat aurat ho, aurat zaat ko b badnaam kea h isny apny wajood sy !! akhh thooo iski zaat pay",rt : abe gandu madarchod tu saale modi ka fan hy kya
class3_batch005_sample020985,5,20985,3,Sexism,321985,325985,v3_original_demo_boundary_prompt,4-shot random authentic same-class,Shortlisted authentic RUHSOLD Sexism examples,40,teri bhosdi or boobs me parda mat kar...logo ko dekne de.dhake hoge to kaise pata chalega ki tu hijra nehi hai.   hijra kahi ki.,aaaahhhhhh bhenchod.....jese tere is mangalsutra ki sahi jagah tere gale me nai balki mere mote kaale lund pr he.... vese hi tujh jesi chudakkad kuttiya ki jagah kewal mere pairo k niche he saali.... chal inbox me aa.....,jin ko hizab se nafrat he wo nangi ho k ghoome koi in pe thooke ga bhi nahi  aurat khoobsurat pure libas me lagti he mawazna karlen,"ab iska sara credit har anchor le rha h jb k  rape,  ki asal jad h hi media jo mera jism.meri marzi,  hareem.shah , qandeel bloch , valentine day pe program krty hn phr rape hi hn gy",abi tak hijra chod diya ha to kya waisay bheja denge?
class3_batch005_sample020986,5,20986,3,Sexism,321986,325986,v3_original_demo_boundary_prompt,4-shot random authentic same-class,Shortlisted authentic RUHSOLD Sexism examples,40,you are just girlfriend material no one wants wife like you. itna jism jo sirf admi apni bivi ka dekhta h  apka to sary jahan ne dekha h,dhoka khane k baad oska aitbar uth jata haa sbsee or dosre mard mai b interest ni rehta...ku k aurat jism k ley ni chahti jbk mard jism k ley chahta😌🙂,muslim countries ki leaderships na mard napunsak or hijra hain.. in mein koi dum nahi.. ye kuch nahi kr sakty.. jinnah ki rooh tarapti hogi.. jinnah ne kashmir par attack ka order diya tha..,"apko kehna chahye tha na mard hoon, na aurat hoo. main hijra hoon main hijra hoon, main parchi hoon, main defected hoon, main accidental chairman hoon.  #joker420",abhi tak kisi se pooch lo mujhe unse kaisi relationship hoti hai?
class3_batch005_sample020987,5,20987,3,Sexism,321987,325987,v3_original_demo_boundary_prompt,4-shot random authentic same-class,Shortlisted authentic RUHSOLD Sexism examples,40,dhoka khane k baad oska aitbar uth jata haa sbsee or dosre mard mai b interest ni rehta...ku k aurat jism k ley ni chahti jbk mard jism k ley chahta😌🙂,aisi or kis kis ki lund par uchel uchel kar moja lati ghar me.,tere jaise randiyo ki chudai ke liye to ham mard hain yaha pe,aur jesi ghatia aurat ke mun se ye bat achi ni lagti. logon ko garam karnay wali machine.,maa chod de apni bhen chod de
class3_batch005_sample020988,5,20988,3,Sexism,321988,325988,v3_original_demo_boundary_prompt,4-shot random authentic same-class,Shortlisted authentic RUHSOLD Sexism examples,40,randi kise kahte ha aap hi bata do? ye word ghatiya women ke liye hi use karta ha ab deepika ghatiya ha to randi hi bolenge na,"yeh wesy koi bht e zyda ounchi nasal ki randi niqli h wesy , mtlb i can't even imagine koi bughaz or paisy k pechay itna b girr skta h, nehayat e nichly darjay ki baighairat aurat ho, aurat zaat ko b badnaam kea h isny apny wajood sy !! akhh thooo iski zaat pay",tum jesi ghatia aurat ka kam hi ni hai media par.kisi kothhay pe ja aur ulta late ja ke.begherat,you are just girlfriend material no one wants wife like you. itna jism jo sirf admi apni bivi ka dekhta h  apka to sary jahan ne dekha h,teri maa ka yaar hai tu hijra
class3_batch005_sample020989,5,20989,3,Sexism,321989,325989,v3_original_demo_boundary_prompt,4-shot random authentic same-class,Shortlisted authentic RUHSOLD Sexism examples,40,you are just girlfriend material no one wants wife like you. itna jism jo sirf admi apni bivi ka dekhta h  apka to sary jahan ne dekha h,jin ko hizab se nafrat he wo nangi ho k ghoome koi in pe thooke ga bhi nahi  aurat khoobsurat pure libas me lagti he mawazna karlen,tum jesi ghatia aurat ka kam hi ni hai media par.kisi kothhay pe ja aur ulta late ja ke.begherat,bc ghar wale bhi soch rahe honge yeh kya system paida ho gya sala lagta programing galat ho gayi.... sabsi badi confusion iske liye ladka dhundheyge yaa ladki😉,chalo bhenchod tu aaj teri maa ki chut maru
class3_batch005_sample020990,5,20990,3,Sexism,321990,325990,v3_original_demo_boundary_prompt,4-shot random authentic same-class,Shortlisted authentic RUHSOLD Sexism examples,40,roads pe lab coat b ap ki gender hi pehnti ha 😂,ek randi larki ko itni pazeerai di hai. smjh se bahir hai,you are just girlfriend material no one wants wife like you. itna jism jo sirf admi apni bivi ka dekhta h  apka to sary jahan ne dekha h,tum jesi ghatia aurat ka kam hi ni hai media par.kisi kothhay pe ja aur ulta late ja ke.begherat,chutiye tu hi kaha tha  tum logo nay mera baap bana dia.
class3_batch005_sample020991,5,20991,3,Sexism,321991,325991,v3_original_demo_boundary_prompt,4-shot random authentic same-class,Shortlisted authentic RUHSOLD Sexism examples,40,tu kyun ro rahe hai hijra? tera buddhe hijra to kamjor mard hai. uska kara nehi hota. 🤣🤣🤣🤣,lalchi aurat paisa dekhti hai aur khandani aurat sirf sehrat dekhti hai,apni behn ko bhejo gay na aurat march me??,jahiliyat ki v had hai ye apne ghar me slave ki tarh rahti hai aur bahar kutto jaise bhaunk rhi hai... shame on these ladies,apny maa baap ki teri shakal chup kr do...  😌
class3_batch005_sample020992,5,20992,3,Sexism,321992,325992,v3_original_demo_boundary_prompt,4-shot random authentic same-class,Shortlisted authentic RUHSOLD Sexism examples,40,we are supporting #islam and thank you #khalilurrahmanqamar for your beautiful comments against #gashti .  agar ye #aurat hoti to na me aesi zuban use krta aur na koi gairatmand #admi use krta.,lalchi aurat paisa dekhti hai aur khandani aurat sirf sehrat dekhti hai,ap ko mard banny ki acting pasand i? agr ni to hijra hi bany rahye sir ye mardo k kam hn hijro k ni.,ek randi larki ko itni pazeerai di hai. smjh se bahir hai,"rt :  #auratmarch  mein aik larki ko abba ke sath bolti hain ""baba mujhe choda tha"".. #auratsafemarch"
class3_batch005_sample020993,5,20993,3,Sexism,321993,325993,v3_original_demo_boundary_prompt,4-shot random authentic same-class,Shortlisted authentic RUHSOLD Sexism examples,40,tum jesi ghatia aurat ka kam hi ni hai media par.kisi kothhay pe ja aur ulta late ja ke.begherat,apni behn ko bhejo gay na aurat march me??,teri chut me sabhi bhaiyo ka lund reply de randi,aur jesi ghatia aurat ke mun se ye bat achi ni lagti. logon ko garam karnay wali machine.,gandu saala hijra
class3_batch005_sample020994,5,20994,3,Sexism,321994,325994,v3_original_demo_boundary_prompt,4-shot random authentic same-class,Shortlisted authentic RUHSOLD Sexism examples,40,"madum ap gharailo maon behno ki terha na blkeh on maon behno ki terha bhi nahi jo moaashrat main ghar sy bahir nikal ker apni , maan baap ki .belky pory moaashry ki izzat ka kgayal rekhti hain .ap oss catogary main ati hain .jisy rundi,jisy tawaif,fahasha, jisy badqar kehty hain",teri bhosdi or boobs me parda mat kar...logo ko dekne de.dhake hoge to kaise pata chalega ki tu hijra nehi hai.   hijra kahi ki.,mard muhbt kr bhi ly tu aksar aurat he dhoka dy jati h usy 💔,transgander   madarchood   hijra tu aik bara khoota ha  haram zada,madam ek chakkar hy wo chakkar hy. 😂
class3_batch005_sample020995,5,20995,3,Sexism,321995,325995,v3_original_demo_boundary_prompt,4-shot random authentic same-class,Shortlisted authentic RUHSOLD Sexism examples,40,"ab iska sara credit har anchor le rha h jb k  rape,  ki asal jad h hi media jo mera jism.meri marzi,  hareem.shah , qandeel bloch , valentine day pe program krty hn phr rape hi hn gy",tu kyun ro rahe hai hijra? tera buddhe hijra to kamjor mard hai. uska kara nehi hota. 🤣🤣🤣🤣,dhoka khane k baad oska aitbar uth jata haa sbsee or dosre mard mai b interest ni rehta...ku k aurat jism k ley ni chahti jbk mard jism k ley chahta😌🙂,apni behn ko bhejo gay na aurat march me??,randi rona ke liye tumhari baaton ka fayda nai hota
class3_batch005_sample020996,5,20996,3,Sexism,321996,325996,v3_original_demo_boundary_prompt,4-shot random authentic same-class,Shortlisted authentic RUHSOLD Sexism examples,40,you are just girlfriend material no one wants wife like you. itna jism jo sirf admi apni bivi ka dekhta h  apka to sary jahan ne dekha h,randi kise kahte ha aap hi bata do? ye word ghatiya women ke liye hi use karta ha ab deepika ghatiya ha to randi hi bolenge na,your leader  is hijra that's why he is not living with his wife.,r mazy k bat mra jism wo auratn krti hn jin pr thokta bh koi nae.,abey kisi teri maa ki chudai ke baad mein dikha diya ha?? tere pass gandu paida ho gayi ho??
class3_batch005_sample020997,5,20997,3,Sexism,321997,325997,v3_original_demo_boundary_prompt,4-shot random authentic same-class,Shortlisted authentic RUHSOLD Sexism examples,40,shazaib apni baji ko b bejna han aurat march ma agr itne he zruri hai to,muslim countries ki leaderships na mard napunsak or hijra hain.. in mein koi dum nahi.. ye kuch nahi kr sakty.. jinnah ki rooh tarapti hogi.. jinnah ne kashmir par attack ka order diya tha..,bilo rani tumhari pehchan sirf or sirf hijra huna hai.. na mard,phir larky beard ky bagiar khusray q lgty hain  wo bhi beard ky bagiar khubsurat lgny chahiye ?,tere baap ne kaha ha pta chljae ga ab teri behn bhi randiyo ki baat kar rha ha
class3_batch005_sample020998,5,20998,3,Sexism,321998,325998,v3_original_demo_boundary_prompt,4-shot random authentic same-class,Shortlisted authentic RUHSOLD Sexism examples,40,your leader  is hijra that's why he is not living with his wife.,acha tareka dhondha hai larkun ko ganda sabit karny ka but aesi neech harkat larkyan he kar sakti hain larky nahi.,#auratmarch2020 mera jism allah ki marzi.. allah ka to hukam ha tum char dewari me raho .. nd ya nikl k apni nimaish karna chahten,aaaahhhhhh bhenchod.....jese tere is mangalsutra ki sahi jagah tere gale me nai balki mere mote kaale lund pr he.... vese hi tujh jesi chudakkad kuttiya ki jagah kewal mere pairo k niche he saali.... chal inbox me aa.....,yehi tuke ki zarorat hai teri maa ka paida hua hai ab
class3_batch005_sample020999,5,20999,3,Sexism,321999,325999,v3_original_demo_boundary_prompt,4-shot random authentic same-class,Shortlisted authentic RUHSOLD Sexism examples,40,r mazy k bat mra jism wo auratn krti hn jin pr thokta bh koi nae.,randi kise kahte ha aap hi bata do? ye word ghatiya women ke liye hi use karta ha ab deepika ghatiya ha to randi hi bolenge na,mard muhbt kr bhi ly tu aksar aurat he dhoka dy jati h usy 💔,"yeh wesy koi bht e zyda ounchi nasal ki randi niqli h wesy , mtlb i can't even imagine koi bughaz or paisy k pechay itna b girr skta h, nehayat e nichly darjay ki baighairat aurat ho, aurat zaat ko b badnaam kea h isny apny wajood sy !! akhh thooo iski zaat pay",randi or atankwadi
